Cell	nGene	nUMI	percent.mito	sample	subtype	phase	cluster	recurrence
foreman_1239_ACGCAGCGTCCGTCAG	1938	4093	0.0676930596285435	1239	PFA1	G1	UEC-1	primary
foreman_1239_ACGGGTCGTATATGAG	558	917	0.04798255179934569	1239	PFA1	S	UEC-1	primary
foreman_723_AGAATAGAGCCACGCT	758	1729	0.04048582995951417	723	PFA1	S	UEC-1	primary
foreman_723_CAGATCATCAGCAACT	847	1552	0.04381443298969072	723	PFA1	S	UEC-1	primary
foreman_723_CGAGAAGCAACCGCCA	2231	5621	0.02384341637010676	723	PFA1	G1	UEC-1	primary
foreman_723_CTCATTATCAGCTCGG	870	1953	0.19866871479774706	723	PFA1	G1	UEC-1	primary
foreman_723_GATCGTAAGTACGCGA	704	1341	0.23862788963460105	723	PFA1	G2M	UEC-1	primary
foreman_723_GTCATTTTCATGTCTT	971	1876	0.09861407249466951	723	PFA1	G1	UEC-1	primary
foreman_723_GTGAAGGGTACCATCA	669	1735	0.008645533141210375	723	PFA1	G1	UEC-1	primary
foreman_723_TACACGACAGCTGGCT	358	632	0.20411392405063292	723	PFA1	S	UEC-1	primary
foreman_723_TACTCATGTGGACGAT	1739	4829	0.05450777202072539	723	PFA1	G1	UEC-1	primary
foreman_723_TACTCGCAGATGCCTT	621	1284	0.15109034267912771	723	PFA1	G1	UEC-1	primary
foreman_723_TATCTCAGTAGCGCAA	604	1338	0.12331838565022421	723	PFA1	G1	UEC-1	primary
foreman_723_CGGTTAACACCACCAG	717	1761	0.06076093128904032	723	PFA1	G2M	UEC-1	primary
foreman_723_GGGCATCTCGCATGGC	449	818	0.28728606356968217	723	PFA1	G1	UEC-1	primary
foreman_723_CATCCACCAATGGAGC	344	836	0.22727272727272727	723	PFA1	G1	UEC-1	primary
foreman_723_GTAGTCAGTGCACGAA	662	1041	0.09125840537944284	723	PFA1	G1	UEC-1	primary
foreman_723_GTTCTCGTCGTATCAG	1067	1984	0.08618951612903226	723	PFA1	G1	UEC-1	primary
foreman_723_AACCATGTCTGTTTGT	469	747	0.22623828647925034	723	PFA1	G1	UEC-1	primary
foreman_723_ACGATACCAGACACTT	532	1105	0.1592760180995475	723	PFA1	S	UEC-1	primary
foreman_723_ACTGAGTGTACCATCA	409	597	0.16415410385259632	723	PFA1	S	UEC-1	primary
foreman_723_ACGCCAGAGTCGTTTG	251	1005	0.03781094527363184	723	PFA1	G1	UEC-1	primary
foreman_723_CCTTACGAGAGTCTGG	665	1244	0.03295819935691318	723	PFA1	G1	UEC-1	primary
foreman_723_GCTTGAACAACTTGAC	802	1818	0.010456796917996699	723	PFA1	G1	UEC-1	primary
foreman_723_TACAGTGCAGATGGGT	669	1460	0.10753424657534247	723	PFA1	S	UEC-1	primary
foreman_727_CCACCTAAGATGTGTA	871	2554	0.139389193422083	727	PFA2	G1	UEC-1	primary
foreman_727_CCTTCGATCAAGGCTT	891	1776	0.24155405405405406	727	PFA2	G1	UEC-1	primary
foreman_727_GATCGCGAGTCGATAA	965	1990	0.11909547738693467	727	PFA2	G1	UEC-1	primary
foreman_727_GCGACCATCTGGGCCA	1058	2065	0.20387409200968523	727	PFA2	G2M	UEC-1	primary
foreman_727_ATTCTACAGTTTGCGT	665	1238	0.12197092084006463	727	PFA2	G2M	UEC-1	primary
foreman_727_CTTTGCGTCTCTGCTG	810	1764	0.17800453514739228	727	PFA2	G1	UEC-1	primary
foreman_727_GCATGTACATTATCTC	1246	2837	0.1617906238984843	727	PFA2	G1	UEC-1	primary
foreman_727_TGGCGCACATCTATGG	1127	3374	0.13697005632967685	727	PFA2	G1	UEC-1	primary
foreman_727_TGACAACCATGCATGT	539	964	0.18568464730290457	727	PFA2	S	UEC-1	primary
foreman_781_AAGGAGCTCATCTGCC	2836	8373	0.07918308849874597	781	PFA1	G1	UEC-1	primary
foreman_781_GACCAATCATGGTAGG	935	2435	0.13593429158110884	781	PFA1	G1	UEC-1	primary
foreman_781_GGGATGAGTCATCCCT	3188	8733	0.044319743472285844	781	PFA1	G1	UEC-1	primary
foreman_781_GCATGTAGTCCCGACA	584	1242	0.2971014492753623	781	PFA1	G1	UEC-1	primary
foreman_781_GTACTTTTCGCAAACT	593	1239	0.29136400322841	781	PFA1	G1	UEC-1	primary
foreman_781_TTTGGTTCACCGTTGG	1103	2629	0.18143780905287182	781	PFA1	S	UEC-1	primary
foreman_781_ACTGATGGTAACGCGA	449	614	0.14169381107491857	781	PFA1	G1	UEC-1	primary
foreman_839_CAGATCACATATACGC	1945	5210	0.14299424184261036	839	PFA1	S	UEC-1	primary
foreman_839_CTAGAGTAGATTACCC	1901	4570	0.07439824945295405	839	PFA1	G1	UEC-1	primary
foreman_839_AGGTCATGTGCAACGA	3685	13183	0.09883941439732989	839	PFA1	S	UEC-1	primary
foreman_839_AGCTCCTCATCGGACC	556	1005	0.09253731343283582	839	PFA1	S	UEC-1	primary
foreman_839_CTCACACTCGATGAGG	675	1439	0.2743732590529248	839	PFA1	G1	UEC-1	primary
foreman_848_AAACGGGGTTGGGACA	1012	1937	0.14403717088280846	848	PFA1	G1	UEC-1	primary
foreman_848_AAAGCAATCTGCAAGT	713	1231	0.11941510966693746	848	PFA1	G1	UEC-1	primary
foreman_848_AACTTTCCAGCCAGAA	680	1090	0.08440366972477065	848	PFA1	S	UEC-1	primary
foreman_848_AAGACCTCAGGCGATA	1065	2522	0.24742268041237114	848	PFA1	G1	UEC-1	primary
foreman_848_AAGCCGCAGCCATCGC	1091	1985	0.163727959697733	848	PFA1	G2M	UEC-1	primary
foreman_848_ACACCGGGTCCAGTGC	681	1416	0.2867231638418079	848	PFA1	G1	UEC-1	primary
foreman_848_ACACTGACAAAGTGCG	936	1576	0.17195431472081218	848	PFA1	S	UEC-1	primary
foreman_848_ACATCAGGTCGCTTTC	947	1669	0.046734571599760334	848	PFA1	G1	UEC-1	primary
foreman_848_ACGAGGAAGTCCGGTC	558	826	0.08595641646489104	848	PFA1	S	UEC-1	primary
foreman_848_ACTGCTCGTTCCACTC	3730	11185	0.06285765379113019	848	PFA1	G1	UEC-1	primary
foreman_848_ACTGCTCTCAGTCCCT	1129	2493	0.1945447252306458	848	PFA1	G1	UEC-1	primary
foreman_848_AGGCCACAGCGATCCC	497	761	0.13272010512483573	848	PFA1	G1	UEC-1	primary
foreman_848_ATCCGAAAGCCAGTAG	697	1436	0.2724738675958188	848	PFA1	G1	UEC-1	primary
foreman_848_ATTATCCAGCAGCCTC	1024	2189	0.14664230242119689	848	PFA1	G2M	UEC-1	primary
foreman_848_CAACTAGGTATAAACG	1535	3579	0.11986588432523052	848	PFA1	G2M	UEC-1	primary
foreman_848_CAGCAGCAGCCCAATT	901	1674	0.06989247311827956	848	PFA1	G1	UEC-1	primary
foreman_848_CCAGCGATCACATACG	1562	3554	0.11648846370287	848	PFA1	S	UEC-1	primary
foreman_848_CCTTCCCGTCGAATCT	1415	3697	0.047065187990262373	848	PFA1	G1	UEC-1	primary
foreman_848_CGATGTATCCAGGGCT	603	1253	0.25059856344772546	848	PFA1	G1	UEC-1	primary
foreman_848_CGCCAAGGTTTGACAC	728	1224	0.11437908496732026	848	PFA1	G1	UEC-1	primary
foreman_848_CGGAGTCTCACTCTTA	569	846	0.054373522458628844	848	PFA1	G1	UEC-1	primary
foreman_848_CGTCACTAGCACCGCT	708	1248	0.11858974358974358	848	PFA1	S	UEC-1	primary
foreman_848_CGTCCATGTCATATGC	662	1128	0.12244897959183673	848	PFA1	S	UEC-1	primary
foreman_848_CGTGAGCTCGAGCCCA	1848	4012	0.06729810568295115	848	PFA1	G1	UEC-1	primary
foreman_848_CGTTAGAAGAATCTCC	1031	1805	0.1484764542936288	848	PFA1	G1	UEC-1	primary
foreman_848_CGTTGGGGTCAGCTAT	680	1433	0.21717877094972068	848	PFA1	S	UEC-1	primary
foreman_848_CTACATTAGACTAGGC	460	663	0.18401206636500755	848	PFA1	S	UEC-1	primary
foreman_848_CTCATTATCAAAGTAG	699	1118	0.057245080500894455	848	PFA1	S	UEC-1	primary
foreman_848_CTCTAATGTAGCCTCG	602	1027	0.0759493670886076	848	PFA1	G1	UEC-1	primary
foreman_848_GAACCTATCTTTACAC	2337	6083	0.05063291139240506	848	PFA1	G1	UEC-1	primary
foreman_848_GACACGCCACGCTTTC	730	1643	0.2525867315885575	848	PFA1	G1	UEC-1	primary
foreman_848_GACTAACGTATCACCA	579	1100	0.17454545454545456	848	PFA1	G1	UEC-1	primary
foreman_848_GACTAACTCTAACTGG	2778	6704	0.08026256899895569	848	PFA1	G1	UEC-1	primary
foreman_848_GATTCAGCACATCTTT	527	860	0.09651162790697675	848	PFA1	G1	UEC-1	primary
foreman_848_GCATGCGAGCTACCTA	440	638	0.08307210031347963	848	PFA1	G1	UEC-1	primary
foreman_848_GCGGGTTGTGATAAGT	758	1445	0.1986159169550173	848	PFA1	G1	UEC-1	primary
foreman_848_GCTGCAGTCACGCGGT	629	985	0.10558375634517767	848	PFA1	G2M	UEC-1	primary
foreman_848_GCTGGGTAGCTAACTC	963	2211	0.26910900045228403	848	PFA1	S	UEC-1	primary
foreman_848_GGCAATTTCTTAGCCC	883	1446	0.043568464730290454	848	PFA1	G1	UEC-1	primary
foreman_848_GTAACTGAGCCAACAG	526	1037	0.1909353905496625	848	PFA1	G1	UEC-1	primary
foreman_848_GTCTCGTTCGAGCCCA	1506	3156	0.07921419518377694	848	PFA1	S	UEC-1	primary
foreman_848_GTTTCTAGTTCACGGC	2406	6114	0.0745829244357213	848	PFA1	S	UEC-1	primary
foreman_848_TACAGTGAGATGCCTT	908	1559	0.08915971776779986	848	PFA1	G1	UEC-1	primary
foreman_848_TAGTTGGGTTCCACAA	1433	3529	0.0708415981864551	848	PFA1	G1	UEC-1	primary
foreman_848_TCAGGATTCTGAAAGA	364	591	0.19627749576988154	848	PFA1	G1	UEC-1	primary
foreman_848_TCATTACGTCTCAACA	858	1490	0.06442953020134229	848	PFA1	G1	UEC-1	primary
foreman_848_TCGCGAGTCGAACTGT	714	1614	0.2459727385377943	848	PFA1	S	UEC-1	primary
foreman_848_TCTATTGTCCGTAGGC	3408	10907	0.06152012469056569	848	PFA1	S	UEC-1	primary
foreman_848_TCTCATAAGAGACTAT	2126	4889	0.08795254653303335	848	PFA1	G1	UEC-1	primary
foreman_848_TGCTACCCACCGCTAG	2431	5953	0.06635309927767512	848	PFA1	G1	UEC-1	primary
foreman_848_TGCTACCTCAGGCCCA	442	661	0.03177004538577912	848	PFA1	G2M	UEC-1	primary
foreman_848_TGCTGCTAGCGTGTCC	579	1000	0.165	848	PFA1	G1	UEC-1	primary
foreman_848_TGCTGCTCAATCTACG	853	1544	0.11463730569948187	848	PFA1	G1	UEC-1	primary
foreman_848_TTGACTTAGGCATTGG	3173	9148	0.060019678583142014	848	PFA1	S	UEC-1	primary
foreman_848_TTTATGCCAATAGCAA	2936	9249	0.050491945075143256	848	PFA1	G1	UEC-1	primary
foreman_848_CTTAACTTCAGCCTAA	663	1718	0.24155995343422584	848	PFA1	G1	UEC-1	primary
foreman_848_GTGCTTCAGCCGTCGT	567	878	0.11617312072892938	848	PFA1	G1	UEC-1	primary
foreman_848_TTCTTAGAGCTAGCCC	644	1116	0.08064516129032258	848	PFA1	S	UEC-1	primary
foreman_848_AAATGCCGTTCGCTAA	516	841	0.1581450653983353	848	PFA1	G1	UEC-1	primary
foreman_848_AGGGAGTCACATTAGC	467	744	0.2271505376344086	848	PFA1	G2M	UEC-1	primary
foreman_848_ATAACGCTCGGATGTT	1044	2108	0.1859582542694497	848	PFA1	G2M	UEC-1	primary
foreman_848_CATGACAGTTAAGACA	601	889	0.11361079865016872	848	PFA1	G2M	UEC-1	primary
foreman_848_GTAACGTCACCAGTTA	680	1023	0.07233626588465299	848	PFA1	G1	UEC-1	primary
foreman_848_AAAGTAGCACGACGAA	481	741	0.10661268556005399	848	PFA1	S	UEC-1	primary
foreman_848_AACGTTGAGTGACTCT	600	892	0.1266816143497758	848	PFA1	G1	UEC-1	primary
foreman_848_AACGTTGGTCGGCTCA	504	731	0.13953488372093023	848	PFA1	G2M	UEC-1	primary
foreman_848_ACACCGGGTCTGATCA	927	1473	0.06924643584521385	848	PFA1	G1	UEC-1	primary
foreman_848_ACTGAGTCAAGGGTCA	510	936	0.16025641025641027	848	PFA1	S	UEC-1	primary
foreman_848_ACTGAGTCACTTAACG	440	626	0.08146964856230032	848	PFA1	G1	UEC-1	primary
foreman_848_ACTGCTCCAAGCCATT	1060	1944	0.11779835390946503	848	PFA1	S	UEC-1	primary
foreman_848_AGAGTGGAGTCCTCCT	513	749	0.1882510013351135	848	PFA1	G1	UEC-1	primary
foreman_848_AGCCTAAGTAGGGACT	570	918	0.2113289760348584	848	PFA1	S	UEC-1	primary
foreman_848_AGGCCGTAGCAGACTG	868	1498	0.15086782376502003	848	PFA1	S	UEC-1	primary
foreman_848_AGTCTTTTCTGGTTCC	703	1225	0.06372549019607843	848	PFA1	S	UEC-1	primary
foreman_848_ATCCACCAGGAACTGC	475	722	0.13573407202216067	848	PFA1	G1	UEC-1	primary
foreman_848_ATCCACCCAAGAGGCT	1440	2674	0.06509539842873176	848	PFA1	G1	UEC-1	primary
foreman_848_ATTATCCTCCGCGGTA	1191	2193	0.06566347469220246	848	PFA1	G1	UEC-1	primary
foreman_848_ATTGGTGTCGCTGATA	707	1521	0.18606180144641682	848	PFA1	G1	UEC-1	primary
foreman_848_CACCACTTCTGGGCCA	1028	2652	0.26621417797888386	848	PFA1	G2M	UEC-1	primary
foreman_848_CACCTTGCATTGTGCA	562	1264	0.1393507521773555	848	PFA1	S	UEC-1	primary
foreman_848_CAGAATCAGTGGGATC	796	1315	0.10646387832699619	848	PFA1	S	UEC-1	primary
foreman_848_CAGCGACCAGGGTACA	801	1284	0.10124610591900311	848	PFA1	G1	UEC-1	primary
foreman_848_CATTATCCAGCCACCA	625	999	0.0960960960960961	848	PFA1	G1	UEC-1	primary
foreman_848_CCCTCCTCAATAACGA	548	873	0.050400916380297825	848	PFA1	S	UEC-1	primary
foreman_848_CCCTCCTTCATCACCC	518	818	0.023227383863080684	848	PFA1	S	UEC-1	primary
foreman_848_CCTCTGACAGGTTTCA	560	907	0.08930540242557883	848	PFA1	G1	UEC-1	primary
foreman_848_CCTTTCTGTCCGAATT	555	833	0.05402160864345738	848	PFA1	G1	UEC-1	primary
foreman_848_CGCTGGATCATCTGTT	565	817	0.07588739290085679	848	PFA1	G2M	UEC-1	primary
foreman_848_CGCTTCATCCTCAACC	636	1115	0.06995515695067264	848	PFA1	S	UEC-1	primary
foreman_848_CGGACTGTCGGAAACG	413	540	0.05555555555555555	848	PFA1	G1	UEC-1	primary
foreman_848_CTCCTAGCACGTCTCT	426	849	0.10482921083627797	848	PFA1	S	UEC-1	primary
foreman_848_CTCTGGTCACACCGCA	562	878	0.03530751708428246	848	PFA1	G1	UEC-1	primary
foreman_848_GAAACTCCACGTCAGC	1245	2371	0.14972585407001265	848	PFA1	G1	UEC-1	primary
foreman_848_GAAATGATCCTCAATT	965	1601	0.08057464084946908	848	PFA1	G1	UEC-1	primary
foreman_848_GACCTGGTCAGTTGAC	1501	2947	0.15100101798439092	848	PFA1	G2M	UEC-1	primary
foreman_848_GACTACATCTTAACCT	994	1768	0.12386877828054299	848	PFA1	S	UEC-1	primary
foreman_848_GAGCAGACACAGAGGT	572	1190	0.20672268907563024	848	PFA1	S	UEC-1	primary
foreman_848_GCACTCTGTGACAAAT	768	1204	0.08554817275747509	848	PFA1	S	UEC-1	primary
foreman_848_GCTCTGTAGGTGTTAA	501	721	0.12205270457697642	848	PFA1	G2M	UEC-1	primary
foreman_848_GGGCACTTCAGTTGAC	703	1158	0.09844559585492228	848	PFA1	G1	UEC-1	primary
foreman_848_GTGTTAGAGACCGGAT	404	536	0.09888059701492537	848	PFA1	G1	UEC-1	primary
foreman_848_GTTCGGGGTCATGCCG	841	1349	0.15122312824314307	848	PFA1	S	UEC-1	primary
foreman_848_GTTCTCGTCGGTCTAA	664	1006	0.13134328358208955	848	PFA1	G1	UEC-1	primary
foreman_848_TAAGCGTAGTACACCT	582	1147	0.15605928509154315	848	PFA1	S	UEC-1	primary
foreman_848_TACCTTAGTCTAGTCA	634	1105	0.1085972850678733	848	PFA1	S	UEC-1	primary
foreman_848_TAGCCGGCAGCTGGCT	664	952	0.04936974789915966	848	PFA1	G1	UEC-1	primary
foreman_848_TATGCCCCAATCTACG	535	791	0.039190897597977246	848	PFA1	G1	UEC-1	primary
foreman_848_TATTACCAGCGATAGC	830	1338	0.17488789237668162	848	PFA1	G1	UEC-1	primary
foreman_848_TCAGATGTCCACGTTC	1008	2243	0.0521622826571556	848	PFA1	G1	UEC-1	primary
foreman_848_TCAGCAAGTGGTACAG	911	1332	0.03155522163786627	848	PFA1	G1	UEC-1	primary
foreman_848_TCCACACAGCAGACTG	495	684	0.04678362573099415	848	PFA1	G1	UEC-1	primary
foreman_848_TCGTACCAGTGGAGTC	429	598	0.10702341137123746	848	PFA1	G1	UEC-1	primary
foreman_848_TCGTACCGTGTAACGG	1163	2091	0.10999521759923482	848	PFA1	G1	UEC-1	primary
foreman_848_TCTCTAACATCGTCGG	470	687	0.049490538573508006	848	PFA1	S	UEC-1	primary
foreman_848_TCTTTCCGTCTAACGT	592	933	0.07609860664523044	848	PFA1	S	UEC-1	primary
foreman_848_TGACGGCTCCCTAATT	372	500	0.046	848	PFA1	G1	UEC-1	primary
foreman_848_TGAGAGGGTAGTACCT	1048	1927	0.1401141670991178	848	PFA1	G1	UEC-1	primary
foreman_848_TGCACCTGTTCCGTCT	546	943	0.12195121951219512	848	PFA1	G2M	UEC-1	primary
foreman_848_TGCGCAGGTTATGCGT	1010	1787	0.12150055991041434	848	PFA1	G1	UEC-1	primary
foreman_848_TGCTGCTAGCCTCGTG	1558	3087	0.08163265306122448	848	PFA1	G1	UEC-1	primary
foreman_848_TTCGAAGGTGTTGGGA	403	571	0.09281961471103327	848	PFA1	G2M	UEC-1	primary
foreman_848_TTCTCAATCAACGCTA	931	1548	0.10601163542340013	848	PFA1	G1	UEC-1	primary
foreman_848_AAAGCAAGTTACGCGC	426	587	0.04599659284497445	848	PFA1	G1	UEC-1	primary
foreman_848_AAAGCAAGTTAGATGA	356	531	0.1977401129943503	848	PFA1	G1	UEC-1	primary
foreman_848_AACACGTGTGTGACGA	645	1137	0.13368513632365875	848	PFA1	G1	UEC-1	primary
foreman_848_AACCGCGTCAGAGACG	611	842	0.08432304038004751	848	PFA1	G1	UEC-1	primary
foreman_848_ACAGCTAAGAAGCCCA	588	864	0.028935185185185185	848	PFA1	S	UEC-1	primary
foreman_848_ACATACGTCATCACCC	474	699	0.04005722460658083	848	PFA1	G1	UEC-1	primary
foreman_848_AGGGAGTTCCCAGGTG	557	820	0.08658536585365853	848	PFA1	S	UEC-1	primary
foreman_848_ATCCGAAAGTACTTGC	536	829	0.1158021712907117	848	PFA1	G1	UEC-1	primary
foreman_848_ATCGAGTAGTTCGATC	441	610	0.14098360655737704	848	PFA1	S	UEC-1	primary
foreman_848_ATGAGGGGTTACGTCA	738	1190	0.11008403361344538	848	PFA1	G1	UEC-1	primary
foreman_848_CAAGAAAGTGCTAGCC	622	967	0.12202688728024819	848	PFA1	G1	UEC-1	primary
foreman_848_CACACAAAGGTGGGTT	548	838	0.060859188544152745	848	PFA1	G1	UEC-1	primary
foreman_848_CACAGTACATCTGGTA	477	853	0.23329425556858147	848	PFA1	S	UEC-1	primary
foreman_848_CAGCTGGTCTGGTTCC	772	1269	0.1750788643533123	848	PFA1	G1	UEC-1	primary
foreman_848_CAGGTGCAGATATACG	539	775	0.12129032258064516	848	PFA1	S	UEC-1	primary
foreman_848_CCACCTAGTGTCAATC	659	1052	0.09315589353612168	848	PFA1	G1	UEC-1	primary
foreman_848_CCTATTAAGTGTACCT	565	869	0.14844649021864212	848	PFA1	G1	UEC-1	primary
foreman_848_CCTTTCTGTACCATCA	707	1263	0.07442596991290577	848	PFA1	G1	UEC-1	primary
foreman_848_CGAACATTCATTTGGG	662	1161	0.17226528854435832	848	PFA1	G1	UEC-1	primary
foreman_848_CGATCGGAGAGGTAGA	866	1528	0.09096858638743456	848	PFA1	G1	UEC-1	primary
foreman_848_CGCCAAGAGTACGCCC	770	1188	0.07828282828282829	848	PFA1	G1	UEC-1	primary
foreman_848_CGGTTAATCATGTCTT	698	1214	0.16062602965403625	848	PFA1	G1	UEC-1	primary
foreman_848_CTCGTCATCCGAAGAG	441	678	0.13126843657817108	848	PFA1	G1	UEC-1	primary
foreman_848_GAATAAGAGTGACATA	656	1131	0.14854111405835543	848	PFA1	G1	UEC-1	primary
foreman_848_GATCTAGGTCAAGCGA	568	840	0.14642857142857144	848	PFA1	G1	UEC-1	primary
foreman_848_GCCAAATAGCCCAATT	654	1131	0.09106984969053934	848	PFA1	G1	UEC-1	primary
foreman_848_GCCTCTAAGTACACCT	812	1539	0.06172839506172839	848	PFA1	G2M	UEC-1	primary
foreman_848_GGCTGGTAGCGTTTAC	431	571	0.028021015761821366	848	PFA1	G2M	UEC-1	primary
foreman_848_GTCCTCAAGGGAACGG	650	958	0.11586638830897704	848	PFA1	G1	UEC-1	primary
foreman_848_GTCCTCAAGTTTCCTT	610	1176	0.06972789115646258	848	PFA1	S	UEC-1	primary
foreman_848_GTGCTTCGTTGGGACA	382	506	0.13636363636363635	848	PFA1	G1	UEC-1	primary
foreman_848_GTTCATTGTTCGCTAA	422	588	0.022108843537414966	848	PFA1	G2M	UEC-1	primary
foreman_848_TAAGTGCTCTGTCTAT	482	717	0.061366806136680614	848	PFA1	G2M	UEC-1	primary
foreman_848_TACAGTGTCTGCCAGG	607	1101	0.07447774750227067	848	PFA1	G1	UEC-1	primary
foreman_848_TACCTATTCTCTGAGA	596	1016	0.14960629921259844	848	PFA1	G1	UEC-1	primary
foreman_848_TACCTTAAGGAATCGC	455	670	0.06417910447761194	848	PFA1	G1	UEC-1	primary
foreman_848_TAGTGGTAGTGTACCT	470	672	0.07589285714285714	848	PFA1	G1	UEC-1	primary
foreman_848_TCAGATGCATTGCGGC	621	1175	0.16680851063829788	848	PFA1	G1	UEC-1	primary
foreman_848_TCAGGTAGTTTCGCTC	628	1136	0.0880281690140845	848	PFA1	S	UEC-1	primary
foreman_848_TCTATTGCAGCGTTCG	417	583	0.08919382504288165	848	PFA1	G1	UEC-1	primary
foreman_848_TCTGAGAGTCGGCACT	659	1209	0.11910669975186104	848	PFA1	G1	UEC-1	primary
foreman_848_TGAGGGAGTACACCGC	685	1095	0.1095890410958904	848	PFA1	G2M	UEC-1	primary
foreman_848_TTAGGACTCGCCCTTA	578	954	0.14675052410901468	848	PFA1	G1	UEC-1	primary
foreman_848_TTAGTTCAGAAACCGC	663	1058	0.0661625708884688	848	PFA1	S	UEC-1	primary
foreman_859_CCGTACTCAGCCTTGG	948	1696	0.09262536873156342	859	PFA1	G1	UEC-1	primary
foreman_859_TCGCGTTAGGTGATTA	1577	3091	0.04629329880220136	859	PFA1	G1	UEC-1	primary
foreman_871_AATCGGTGTCTTGCGG	1455	3258	0.19005219527172246	871	PFA1	G1	UEC-1	primary
foreman_897_ACATCAGCAATGCCAT	1532	3291	0.13764813126709208	897	PFA2	G1	UEC-1	primary
foreman_897_ACGCAGCTCACCAGGC	694	1303	0.10437452033768227	897	PFA2	G1	UEC-1	primary
foreman_897_CAGAATCAGTCCGTAT	1178	2626	0.25971058644325973	897	PFA2	G1	UEC-1	primary
foreman_897_CGTCTACTCCCGGATG	720	1388	0.1786743515850144	897	PFA2	G2M	UEC-1	primary
foreman_897_CGTTCTGTCGACGGAA	1469	3403	0.12253893623273582	897	PFA2	G1	UEC-1	primary
foreman_897_GACACGCCAATGTAAG	971	2016	0.1349206349206349	897	PFA2	G1	UEC-1	primary
foreman_897_GCCAAATAGCAGATCG	1905	4288	0.14762126865671643	897	PFA2	G1	UEC-1	primary
foreman_897_GGGTCTGCATCCGCGA	1172	2556	0.10219263899765074	897	PFA2	G1	UEC-1	primary
foreman_897_TGTGGTATCTCCGGTT	1103	2283	0.08848007008322382	897	PFA2	G1	UEC-1	primary
foreman_897_TTCTCCTAGTCGCCGT	1002	1721	0.05755813953488372	897	PFA2	S	UEC-1	primary
foreman_897_GATGAAAGTGTGACCC	2050	4401	0.0190865712338105	897	PFA2	G1	UEC-1	primary
foreman_911_ACTATCTGTGAAAGAG	1170	2210	0.10321412403802625	911	PFA2	G1	UEC-1	primary
foreman_911_ATGGGAGTCCGAACGC	2055	4154	0.09174091018540814	911	PFA2	S	UEC-1	primary
foreman_911_CAAGTTGCACAACGTT	1563	3339	0.14675052410901468	911	PFA2	G1	UEC-1	primary
foreman_911_CGTGAGCAGCATGGCA	836	2146	0.18097014925373134	911	PFA2	G1	UEC-1	primary
foreman_911_GCGACCAAGCGCTTAT	1058	2387	0.16966904063678256	911	PFA2	G1	UEC-1	primary
foreman_911_GCTCTGTTCGCGGATC	802	1717	0.168899242865463	911	PFA2	G1	UEC-1	primary
foreman_911_TGGCCAGCAGGACGTA	1607	2795	0.10196779964221825	911	PFA2	G2M	UEC-1	primary
foreman_911_TAGTGGTTCTTCAACT	1050	2290	0.1620795107033639	911	PFA2	G1	UEC-1	primary
foreman_928_AGTGAGGAGCTTATCG	1073	1939	0.09798865394533264	928	PFA1	S	UEC-1	primary
foreman_928_CAGTAACAGTTAGGTA	524	994	0.1096579476861167	928	PFA1	G2M	UEC-1	primary
foreman_928_CCATTCGGTCATACTG	767	2272	0.11712901805372083	928	PFA1	G2M	UEC-1	primary
foreman_928_CGAGCACTCTGGGCCA	1745	3554	0.04586381541924592	928	PFA1	G1	UEC-1	primary
foreman_928_CTCGTCAAGTTCGATC	915	2606	0.1343570057581574	928	PFA1	G1	UEC-1	primary
foreman_928_GCGCAACTCGCATGAT	515	757	0.06340819022457067	928	PFA1	G1	UEC-1	primary
foreman_928_GCGCAGTAGAAACCGC	1066	1994	0.1720160481444333	928	PFA1	G1	UEC-1	primary
foreman_928_GGGTTGCAGTTACCCA	924	2221	0.15128320576316975	928	PFA1	G1	UEC-1	primary
foreman_928_GGGTTGCGTTGTGGCC	1156	2579	0.19511249030256012	928	PFA1	G1	UEC-1	primary
foreman_928_GTCCTCAGTTTAGCTG	513	1459	0.08156271418779987	928	PFA1	G1	UEC-1	primary
foreman_928_TGCGCAGAGATCCTGT	1928	4329	0.050392972723069814	928	PFA1	G1	UEC-1	primary
foreman_928_TTTCCTCGTCACAAGG	725	1581	0.0620253164556962	928	PFA1	G1	UEC-1	primary
foreman_928_CTGATAGAGATGTTAG	257	359	0.16434540389972144	928	PFA1	G1	UEC-1	primary
foreman_928_GCATGATTCCTATTCA	255	356	0.03932584269662921	928	PFA1	G2M	UEC-1	primary
foreman_930_AGGTCCGGTCAGAGGT	875	1839	0.16639477977161501	930	PFA2	G1	UEC-1	primary
foreman_930_ATGGGAGTCCACGTGG	1420	3010	0.10963455149501661	930	PFA2	G1	UEC-1	primary
foreman_930_CAGAATCCAATAACGA	684	1439	0.11813759555246699	930	PFA2	G1	UEC-1	primary
foreman_930_TTGGCAATCGTCCGTT	1863	4364	0.07791017415215398	930	PFA2	G1	UEC-1	primary
foreman_930_GTGAAGGCACCATCCT	1165	2446	0.12183156173344235	930	PFA2	G1	UEC-1	primary
foreman_930_TCGTAGATCTGCGTAA	341	500	0.026	930	PFA2	G2M	UEC-1	primary
foreman_930_AGGTCATGTGCAACGA	334	544	0.08639705882352941	930	PFA2	S	UEC-1	primary
foreman_965_AAGCCGCAGGCAATTA	681	1145	0.05327510917030567	965	PFA2	G1	UEC-1	primary
foreman_965_ACTGAACCACAACTGT	1592	3514	0.0697211155378486	965	PFA2	G1	UEC-1	primary
foreman_965_ACTTTCATCTTTACGT	1104	2538	0.136327817178881	965	PFA2	S	UEC-1	primary
foreman_965_AGGTCATTCCAGAGGA	1394	2452	0.03262642740619902	965	PFA2	G1	UEC-1	primary
foreman_965_ATGTGTGGTGCAGTAG	1370	2711	0.12061969752858724	965	PFA2	S	UEC-1	primary
foreman_965_CACACTCCAGGGTATG	2438	6022	0.042019598073409735	965	PFA2	G1	UEC-1	primary
foreman_965_CAGATCAGTCCAACTA	2629	6678	0.062443845462713386	965	PFA2	G1	UEC-1	primary
foreman_965_CAGCTGGGTGCGGTAA	2100	4599	0.05719878207916485	965	PFA2	G1	UEC-1	primary
foreman_965_CCAATCCAGTGAACGC	1106	2233	0.12046574115539632	965	PFA2	G1	UEC-1	primary
foreman_965_CCTCAGTCAGGACGTA	1733	3858	0.08037334716100596	965	PFA2	G1	UEC-1	primary
foreman_965_CCTCTGACACAGGCCT	1613	3261	0.049064704078503524	965	PFA2	G1	UEC-1	primary
foreman_965_CGAATGTGTTGGAGGT	3004	8505	0.030922986478542035	965	PFA2	G1	UEC-1	primary
foreman_965_CGAGCCAAGGCGATAC	981	1640	0.11341463414634147	965	PFA2	G1	UEC-1	primary
foreman_965_CGCTTCAAGATGTGTA	1016	2173	0.13805798435342845	965	PFA2	G1	UEC-1	primary
foreman_965_CGTCACTTCTCATTCA	824	1491	0.06304493628437291	965	PFA2	G1	UEC-1	primary
foreman_965_CGTCAGGCATTAACCG	959	1793	0.08700501952035694	965	PFA2	G2M	UEC-1	primary
foreman_965_CGTGTCTAGTGTGGCA	1267	2297	0.050522648083623695	965	PFA2	G1	UEC-1	primary
foreman_965_CGTTGGGCACCTTGTC	2224	4911	0.0847077988189778	965	PFA2	G1	UEC-1	primary
foreman_965_CTCGGGATCGTACGGC	1704	3549	0.034657650042265425	965	PFA2	G1	UEC-1	primary
foreman_965_CTGAAGTGTCCGAGTC	1079	2032	0.09990157480314961	965	PFA2	G1	UEC-1	primary
foreman_965_CTTTGCGAGCTGCCCA	1079	2846	0.12508784258608574	965	PFA2	G2M	UEC-1	primary
foreman_965_GAATAAGAGATGTTAG	665	1449	0.087646652864044175	965	PFA2	G1	UEC-1	primary
foreman_965_GGCAATTGTCTTCTCG	2542	6367	0.02607602890355011	965	PFA2	G1	UEC-1	primary
foreman_965_GTACGTACAACACCTA	1190	2266	0.045454545454545456	965	PFA2	G1	UEC-1	primary
foreman_965_GTCTTCGTCATCGCTC	1275	2317	0.014242555028053518	965	PFA2	G1	UEC-1	primary
foreman_965_GTTCGGGGTCACCTAA	767	1777	0.10016882386043895	965	PFA2	S	UEC-1	primary
foreman_965_TAAGCGTCAAGTCTAC	2355	5321	0.05695488721804511	965	PFA2	G1	UEC-1	primary
foreman_965_TAAGCGTCAGCTCCGA	947	1753	0.11351968054763263	965	PFA2	G1	UEC-1	primary
foreman_965_TATCTCAGTTCGAATC	3112	8984	0.07168299198575245	965	PFA2	G1	UEC-1	primary
foreman_965_TCGTAGAAGAACTGTA	2357	5571	0.06481149012567325	965	PFA2	G1	UEC-1	primary
foreman_965_TCTGGAAAGGTAGCCA	1353	2527	0.08072813612979818	965	PFA2	G1	UEC-1	primary
foreman_965_TGACGGCCAATCCAAC	832	1851	0.1998919502971367	965	PFA2	G1	UEC-1	primary
foreman_965_TGCCAAAAGACAAGCC	985	1814	0.10088202866593164	965	PFA2	G1	UEC-1	primary
foreman_965_TGCCCTATCCACGTGG	2216	5705	0.030324276950043822	965	PFA2	S	UEC-1	primary
foreman_965_TTAGGCAAGCAAATCA	972	2203	0.10268059972739664	965	PFA2	G2M	UEC-1	primary
foreman_965_TTCCCAGGTTGCGTTA	1395	3050	0.11708756969498196	965	PFA2	S	UEC-1	primary
foreman_965_GTCTTCGTCTTGAGAC	391	558	0.18458781362007168	965	PFA2	S	UEC-1	primary
foreman_965_GCGCAACGTCTAAAGA	593	1204	0.19186046511627908	965	PFA2	G1	UEC-1	primary
foreman_965_GGTGAAGTCAACACCA	1937	4714	0.028638099278744167	965	PFA2	G1	UEC-1	primary
foreman_965_TAGGCATAGCTGTCTA	2042	4428	0.03726287262872629	965	PFA2	G1	UEC-1	primary
foreman_965_CAGAGAGTCTTGTATC	575	1037	0.1677917068466731	965	PFA2	G2M	UEC-1	primary
foreman_965_CCGGTAGGTGTTCGAT	410	538	0.011152416356877323	965	PFA2	G1	UEC-1	primary
foreman_965_GAAACTCAGGTGATAT	1024	2094	0.07115568290353391	965	PFA2	G1	UEC-1	primary
foreman_965_GACTACACATCCTAGA	482	725	0.07172413793103448	965	PFA2	G1	UEC-1	primary
foreman_965_TATGCCCAGTACGTTC	3218	12789	0.26655719759168034	965	PFA2	G1	TEC	primary
foreman_965_ACGATACAGGAGTAGA	663	1146	0.07766143106457242	965	PFA2	G1	UEC-1	primary
foreman_965_AGTGGGAAGATCTGCT	897	1727	0.17902665121668598	965	PFA2	S	UEC-1	primary
foreman_965_CACCACTAGCCAGAAC	1205	2088	0.097747963584092	965	PFA2	G1	UEC-1	primary
foreman_965_CCTCTGAGTCCGAGTC	919	2435	0.2940451745379877	965	PFA2	G1	UEC-1	primary
foreman_965_CTCGAAAAGTCGTACT	1064	1941	0.13807315816589386	965	PFA2	S	UEC-1	primary
foreman_965_GAGGTGAAGTGTCCAT	952	1565	0.079923273657289	965	PFA2	G2M	UEC-1	primary
foreman_965_GCGCCAACAGATGAGC	1101	2074	0.16345226615236258	965	PFA2	G2M	UEC-1	primary
foreman_965_GGACAGAGTGGTTTCA	1574	3273	0.08649144254278729	965	PFA2	G2M	UEC-1	primary
foreman_965_GGCTGGTGTACCGTTA	1029	1941	0.17413704276146316	965	PFA2	S	UEC-1	primary
foreman_965_GGTATTGAGGAGTAGA	1497	3642	0.24656781987918727	965	PFA2	G1	UEC-1	primary
foreman_965_TGACAACTCCCTCTTT	1173	2015	0.05260545905707196	965	PFA2	G1	UEC-1	primary
foreman_965_TTTGCGCTCCACGTGG	1412	3151	0.21619047619047618	965	PFA2	G1	UEC-1	primary
foreman_965_AACTCCCCATGTCCTC	451	584	0.059931506849315065	965	PFA2	G1	UEC-1	primary
foreman_965_CGAGCACTCTTGACGA	1065	2361	0.17838983050847457	965	PFA2	G1	UEC-1	primary
foreman_965_CGGACGTGTCGCTTCT	361	506	0.021739130434782608	965	PFA2	G2M	UEC-1	primary
foreman_965_GGCAATTAGAATTGTG	349	519	0.1329479768786127	965	PFA2	S	UEC-1	primary
foreman_965_GGTGCGTCAATAAGCA	653	1425	0.14957865168539325	965	PFA2	G2M	UEC-1	primary
foreman_965_TATCAGGAGCAAATCA	715	1530	0.07652060170045781	965	PFA2	G2M	UEC-1	primary
foreman_965_TGAGCCGCAGTCAGCC	584	926	0.06803455723542116	965	PFA2	G2M	UEC-1	primary
foreman_965_TCAACGAGTTGTCGCG	369	696	0.1882183908045977	965	PFA2	G1	UEC-1	primary
foreman_987_AGCGTCGCAGGAATCG	1643	3724	0.20252484555466022	987	PFA2	G1	UEC-1	primary
foreman_987_ATTATCCCAGTATACC	1626	2845	0.12794376098418278	987	PFA2	G1	UEC-1	primary
foreman_987_GTCTCACAGACGTCCC	1175	1973	0.17435377597567156	987	PFA2	G1	UEC-1	primary
foreman_987_TCGACGGGTCCATAGT	1735	3625	0.2643487858719647	987	PFA2	G1	UEC-1	primary
foreman_987_TCTCTGGGTACGGGAT	1006	2030	0.2438423645320197	987	PFA2	G2M	UEC-1	primary
foreman_987_CTATAGGGTTCCGCGA	769	1152	0.1440972222222222	987	PFA2	S	UEC-1	primary
foreman_987_GTCGAATGTCACTCTC	616	1061	0.21226415094339623	987	PFA2	G1	UEC-1	primary
foreman_987_AATGACCGTATAGCTC	1510	3044	0.1773981603153745	987	PFA2	G1	UEC-1	primary
foreman_987_ACACTGAAGGATACCG	1554	3542	0.2639751552795031	987	PFA2	G1	UEC-1	primary
foreman_987_ACGTACATCCTTTGAT	1028	1810	0.1712707182320442	987	PFA2	G1	UEC-1	primary
foreman_987_ACTCTCGCACTACCCT	1406	3060	0.25326797385620914	987	PFA2	G1	UEC-1	primary
foreman_987_ATGCGATTCCGGACTG	2268	5447	0.16893132574366507	987	PFA2	G1	UEC-1	primary
foreman_987_CAGCGTGCAGACAAGC	2355	5564	0.2113587347232207	987	PFA2	G1	UEC-1	primary
foreman_987_CCTCTAGCAAGCGGAT	3204	9337	0.2158311910882605	987	PFA2	G2M	UEC-1	primary
foreman_987_CGATGGCCAAGCCCAC	1139	2186	0.2516010978956999	987	PFA2	G2M	UEC-1	primary
foreman_987_CTATAGGTCTCGTCAC	1678	3711	0.19401778496362165	987	PFA2	G1	UEC-1	primary
foreman_987_CTCAGTCAGTAACCTC	1393	2512	0.07603503184713375	987	PFA2	G1	UEC-1	primary
foreman_987_CTGATCCCACGTACAT	2359	5720	0.2194055944055944	987	PFA2	G1	UEC-1	primary
foreman_987_CTGGCAGAGTATGACA	2044	5246	0.20041952707856597	987	PFA2	G1	UEC-1	primary
foreman_987_CTGTCGTCAACACGAG	1371	2340	0.1658119658119658	987	PFA2	G1	UEC-1	primary
foreman_987_CTTACCGAGGAATGTT	1855	3701	0.16076736017292623	987	PFA2	G1	UEC-1	primary
foreman_987_GAGAGGTCAAGACGAC	2593	5666	0.09002647837599294	987	PFA2	S	UEC-1	primary
foreman_987_GATGAGGTCTCATTAC	1822	3605	0.20782463928967815	987	PFA2	G1	UEC-1	primary
foreman_987_GATTGGTTCAGAGTTC	1916	4324	0.24098057354301572	987	PFA2	G1	UEC-1	primary
foreman_987_GCCAGGTTCACCGGGT	1780	4460	0.27152466367713	987	PFA2	G1	UEC-1	primary
foreman_987_GCTTCACGTGCGGTAA	2096	4530	0.20181055420622654	987	PFA2	G1	UEC-1	primary
foreman_987_GCTTTCGAGATTACCC	1439	2895	0.16966136834830683	987	PFA2	G1	UEC-1	primary
foreman_987_GGAGCAATCCCTCGTA	2775	6605	0.186222558667676	987	PFA2	G1	UEC-1	primary
foreman_987_GGGAGATCACTTGTGA	1831	4165	0.23697478991596638	987	PFA2	G1	UEC-1	primary
foreman_987_GGGCTCAGTAGCTTTG	2066	5224	0.23468606431852987	987	PFA2	G1	UEC-1	primary
foreman_987_GGTAATCCACTTGAAC	1927	3896	0.15528747433264886	987	PFA2	S	UEC-1	primary
foreman_987_TGTTGAGCAAAGCTAA	1574	3831	0.2760511882998172	987	PFA2	G1	UEC-1	primary
foreman_987_AGGCCACGTAGTGCGA	380	596	0.24161073825503357	987	PFA2	G2M	UEC-1	primary
foreman_1010_AACACACGTTCGTGCG	2668	6943	0.07506123037026365	1010	PFA1	G1	UEC-1	primary
foreman_1010_AACAGGGCATCACGGC	4473	16691	0.03906764934987117	1010	PFA1	G1	UEC-1	primary
foreman_1010_AACCTGACAATGTCTG	2824	6246	0.1176941553242594	1010	PFA1	G2M	UEC-1	primary
foreman_1010_ACAAGCTCATGCCGGT	1948	5292	0.15384615384615385	1010	PFA1	G1	UEC-1	primary
foreman_1010_AGCCAGCTCCAAGGGA	2024	5641	0.10322809506917346	1010	PFA1	G1	UEC-1	primary
foreman_1010_AGGAGGTGTTCCGCAG	1957	5723	0.16040538179276603	1010	PFA1	G1	UEC-1	primary
foreman_1010_CAGCACGGTTAGGACG	3536	13480	0.051487499072631504	1010	PFA1	G1	UEC-1	primary
foreman_1010_CATGAGTAGTGCACAG	2883	7473	0.11109623878998795	1010	PFA1	G1	UEC-1	primary
foreman_1010_CGACAGCTCAATCCAG	3280	8624	0.043947124304267164	1010	PFA1	G1	UEC-1	primary
foreman_1010_CGCGTGAAGACCATTC	2783	6356	0.07128245476003148	1010	PFA1	G1	UEC-1	primary
foreman_1010_GACTCAACAGCTATAC	3530	13822	0.06309696092619392	1010	PFA1	G1	UEC-1	primary
foreman_1010_GGCTTTCGTACGATTC	5267	20266	0.05990624228966198	1010	PFA1	G1	UEC-1	primary
foreman_1010_GGGAGATAGCAGCAGT	1721	4346	0.2766398158803222	1010	PFA1	G1	UEC-1	primary
foreman_1010_GTTCCGTAGCCTCAAT	3877	12670	0.06101507617017918	1010	PFA1	G1	UEC-1	primary
foreman_1010_TCAGCCTCAGTCGCAC	2419	7118	0.041865692610283785	1010	PFA1	G1	UEC-1	primary
foreman_1010_TCTCCGAAGTCCCGAC	5877	26399	0.06584580412956999	1010	PFA1	G1	UEC-1	primary
foreman_1010_TGATCTTGTACGGATG	3859	14001	0.05864285714285714	1010	PFA1	G1	UEC-1	primary
foreman_1010_CGTCCATTCTCCACTG	4492	15644	0.07077100115074798	1010	PFA1	S	UEC-1	primary
foreman_1010_CGAAGTTTCGGAGATG	792	1718	0.29586488060570765	1010	PFA1	G1	UEC-1	primary
foreman_1010_AATCACGAGAGGGTCT	5038	20109	0.06405410781778396	1010	PFA1	G1	UEC-1	primary
foreman_1010_AGTCACAAGACGCCCT	3112	9436	0.10493368700265251	1010	PFA1	G1	UEC-1	primary
foreman_1010_TACGTCCTCAGAGCAG	685	1141	0.05959684487291849	1010	PFA1	S	UEC-1	primary
foreman_1010_TCATCATTCCATTTCA	2384	6304	0.07344543147208121	1010	PFA1	S	UEC-1	primary
foreman_1010_CATGCAATCCCATAAG	1682	4315	0.2306978900996986	1010	PFA1	G2M	UEC-1	primary
foreman_1010_GGAGCAAGTCAGACTT	579	852	0.107981220657277	1010	PFA1	S	UEC-1	primary
foreman_1010_TATATCCTCATGAGAA	1843	4181	0.23008849557522124	1010	PFA1	G2M	UEC-1	primary
foreman_1010_CCTGTTGCATGATCTG	2177	6013	0.038935108153078206	1010	PFA1	G1	UEC-1	primary
foreman_1048_AAAGGATGTGTCTTGA	4256	15894	0.11803196174657103	1048	PFA1	S	UEC-1	primary
foreman_1048_AACAGGGCAATGCAAA	1639	3968	0.023185483870967742	1048	PFA1	S	UEC-1	primary
foreman_1048_AACGGGAAGATAGTCA	4587	16647	0.19206969059777712	1048	PFA1	G1	UEC-1	primary
foreman_1048_AAGCGAGGTTGTGGCC	3167	9847	0.08073524931451204	1048	PFA1	G1	UEC-1	primary
foreman_1048_AAGTACCGTATCAGGG	2017	5057	0.05715981012658228	1048	PFA1	G1	UEC-1	primary
foreman_1048_AATCACGGTCTAGATC	2003	5613	0.12453233564938536	1048	PFA1	S	UEC-1	primary
foreman_1048_AATCGACTCTATCACT	3310	10480	0.13169195533924993	1048	PFA1	S	UEC-1	primary
foreman_1048_AATCGTGAGGTTAGTA	2055	5280	0.08562227694639137	1048	PFA1	G1	UEC-1	primary
foreman_1048_ACATGCATCGAGAGCA	2940	8237	0.09190239164744446	1048	PFA1	G1	UEC-1	primary
foreman_1048_ACATTTCTCATACGGT	3239	9882	0.08378870673952642	1048	PFA1	G1	UEC-1	primary
foreman_1048_ACCCTCACACTCATAG	4730	15569	0.0697629601079206	1048	PFA1	G1	UEC-1	primary
foreman_1048_AGAAATGTCTCTCGAC	3311	9045	0.07584300718629076	1048	PFA1	G1	UEC-1	primary
foreman_1048_AGAACCTAGTCAGCGA	2026	4892	0.08442354865085855	1048	PFA1	S	UEC-1	primary
foreman_1048_AGAAGCGAGGACATCG	3239	10296	0.07837995337995338	1048	PFA1	G1	UEC-1	primary
foreman_1048_AGAGCCCTCTATCGCC	3031	9962	0.08934845899006123	1048	PFA1	G1	UEC-1	primary
foreman_1048_AGCATCAAGTCAGGGT	1026	2305	0.2595486111111111	1048	PFA1	G2M	UEC-1	primary
foreman_1048_AGCCACGGTAGAGGAA	4280	12696	0.10082709728239464	1048	PFA1	G1	UEC-1	primary
foreman_1048_AGCCAGCAGTTGTCGT	3272	9174	0.10574512155238198	1048	PFA1	G1	UEC-1	primary
foreman_1048_AGGTTGTAGGCTTAAA	1796	3972	0.08736153071500503	1048	PFA1	G1	UEC-1	primary
foreman_1048_AGTAACCGTGTCGATT	3953	14328	0.13449190396426577	1048	PFA1	G2M	UEC-1	primary
foreman_1048_AGTCAACGTTGTGGCC	4060	12600	0.08968965790935789	1048	PFA1	G1	UEC-1	primary
foreman_1048_AGTGATCCAGCCCAGT	1516	2759	0.11960855382384922	1048	PFA1	G2M	UEC-1	primary
foreman_1048_ATAGAGAAGCAGCCCT	1585	3120	0.14487179487179488	1048	PFA1	G1	UEC-1	primary
foreman_1048_ATCGGATTCACTAGCA	2905	6314	0.039752929996832435	1048	PFA1	G1	UEC-1	primary
foreman_1048_ATTCACTAGGTTAAAC	3874	12752	0.07834679632969963	1048	PFA1	S	UEC-1	primary
foreman_1048_CAACAGTGTCGCCACA	3001	11326	0.11672258520218966	1048	PFA1	G1	UEC-1	primary
foreman_1048_CAACGATTCACCTTAT	5334	19684	0.10155972158715643	1048	PFA1	G1	UEC-1	primary
foreman_1048_CACTAAGCAGCGAACA	2978	7818	0.0629397467058974	1048	PFA1	G1	UEC-1	primary
foreman_1048_CACTGAAGTTTCGTAG	2265	6860	0.06967930029154519	1048	PFA1	S	UEC-1	primary
foreman_1048_CAGGTATGTGCATTTG	1697	3225	0.14325581395348838	1048	PFA1	G1	UEC-1	primary
foreman_1048_CATAAGCTCCTCTTTC	5412	16979	0.07563173705601696	1048	PFA1	G1	UEC-1	primary
foreman_1048_CATGAGTGTATCTCGA	4430	14735	0.11749932120553896	1048	PFA1	S	UEC-1	primary
foreman_1048_CCACAAACAACAGATA	1302	2455	0.1515274949083503	1048	PFA1	G2M	UEC-1	primary
foreman_1048_CCCTCTCGTGCCTGAC	5122	23614	0.17041460212594758	1048	PFA1	G1	UEC-1	primary
foreman_1048_CCGATCTGTGGTAATA	1789	3794	0.03373748023194518	1048	PFA1	G1	UEC-1	primary
foreman_1048_CCGGTAGGTACAGAAT	1355	2449	0.04246631278072683	1048	PFA1	G2M	UEC-1	primary
foreman_1048_CCTCAACCAAACCATC	3124	10396	0.05454020777222009	1048	PFA1	S	UEC-1	primary
foreman_1048_CCTCTCCAGTAGTCCT	2211	5078	0.08133123276880662	1048	PFA1	G1	UEC-1	primary
foreman_1048_CCTCTCCTCTCTTCAA	3244	10933	0.15065861690450055	1048	PFA1	S	UEC-1	primary
foreman_1048_CCTCTCCTCTTACACT	592	776	0.003865979381443299	1048	PFA1	S	UEC-1	primary
foreman_1048_CCTGTTGGTGCGGATA	3298	10214	0.13394693038284539	1048	PFA1	G1	UEC-1	primary
foreman_1048_CCTTCAGAGCACCCAC	4150	15426	0.08058346839546192	1048	PFA1	G1	UEC-1	primary
foreman_1048_CCTTCAGGTCCTGGTG	1593	2871	0.10205503308951584	1048	PFA1	S	UEC-1	primary
foreman_1048_CGACAGCTCCCAGTGG	3439	9378	0.16154830454254637	1048	PFA1	S	UEC-1	primary
foreman_1048_CGAGTGCCAGTAGAAT	3267	9432	0.13478260869565217	1048	PFA1	S	UEC-1	primary
foreman_1048_CGGAATTTCTCATTGT	4085	11147	0.08630898977211555	1048	PFA1	S	UEC-1	primary
foreman_1048_CGGACACTCCTATTTG	3722	13015	0.061625941293991085	1048	PFA1	G1	UEC-1	primary
foreman_1048_CGTGTCTGTGGGCTTC	2093	5220	0.06973180076628352	1048	PFA1	G1	UEC-1	primary
foreman_1048_CTCTGGTGTGTCATGT	2681	7065	0.14396942242355606	1048	PFA1	S	UEC-1	primary
foreman_1048_CTTTCAAGTTGTCTAG	2579	5728	0.08138316451274887	1048	PFA1	G1	UEC-1	primary
foreman_1048_GAGAGGTCAAACTAGA	2398	5209	0.07643556750528135	1048	PFA1	G1	UEC-1	primary
foreman_1048_GAGGGATAGGTCGACA	1519	3392	0.11527122641509434	1048	PFA1	S	UEC-1	primary
foreman_1048_GAGGGATGTCGACGCT	3317	8331	0.15153698366954851	1048	PFA1	G2M	UEC-1	primary
foreman_1048_GAGTCTAGTAGAATAC	2744	6228	0.08782915863840719	1048	PFA1	G1	UEC-1	primary
foreman_1048_GATCACATCATCTACT	4005	12703	0.048728646776352046	1048	PFA1	G1	UEC-1	primary
foreman_1048_GATCGTAAGGTCGCCT	3323	8677	0.08908608966232569	1048	PFA1	S	UEC-1	primary
foreman_1048_GATGACTAGCGTCAGA	2677	7053	0.09061259217243335	1048	PFA1	S	UEC-1	primary
foreman_1048_GATGACTGTCTGCAAT	3285	10292	0.06791682860474155	1048	PFA1	G1	UEC-1	primary
foreman_1048_GATTCTTCACAAGCAG	4790	19202	0.11483178835537965	1048	PFA1	G1	UEC-1	primary
foreman_1048_GCACTAAAGGATGCGT	2531	7539	0.12468497148162887	1048	PFA1	G1	UEC-1	primary
foreman_1048_GCAGTTACAGCTGTTA	3676	11006	0.23675361265109515	1048	PFA1	S	UEC-1	primary
foreman_1048_GCCAACGTCGGACGTC	2379	5445	0.1443791329904482	1048	PFA1	G2M	UEC-1	primary
foreman_1048_GCGATCGCAAATTGCC	1436	2791	0.05481906126836259	1048	PFA1	G1	UEC-1	primary
foreman_1048_GCGGATCTCAAGCCGC	1365	3015	0.13797678275290215	1048	PFA1	G1	UEC-1	primary
foreman_1048_GGAAGTGGTCCATACA	5593	20886	0.09891793545915925	1048	PFA1	G1	UEC-1	primary
foreman_1048_GGAGAACAGAGGCTGT	2743	8286	0.12504526252263126	1048	PFA1	S	UEC-1	primary
foreman_1048_GGCTGTGCAGTTACCA	2261	6574	0.09096440523273501	1048	PFA1	G1	UEC-1	primary
foreman_1048_GTAATGCCAAATCGGG	5658	23341	0.08238721562915043	1048	PFA1	S	UEC-1	primary
foreman_1048_GTATTGGGTTAGGCCC	2772	8640	0.13055555555555556	1048	PFA1	S	UEC-1	primary
foreman_1048_GTCACGGAGATGGCAC	1989	4421	0.11334841628959276	1048	PFA1	G1	UEC-1	primary
foreman_1048_GTCCACTCACCTGTCT	6202	23972	0.07184279694605532	1048	PFA1	G1	UEC-1	primary
foreman_1048_GTCGCGAGTATGGAAT	2180	5660	0.14063604240282684	1048	PFA1	S	UEC-1	primary
foreman_1048_GTGATGTTCGAAGCAG	3429	10416	0.11426925292874976	1048	PFA1	G1	UEC-1	primary
foreman_1048_GTGGAAGCACACGCCA	2521	6830	0.07013177159590044	1048	PFA1	G1	UEC-1	primary
foreman_1048_GTGTTAGCAATTGCGT	3031	8881	0.08872874676275194	1048	PFA1	S	UEC-1	primary
foreman_1048_GTTACGACAATGCAAA	6454	29035	0.06310495677034894	1048	PFA1	S	UEC-1	primary
foreman_1048_GTTAGACGTCCAGTTA	3107	10539	0.08805389505645697	1048	PFA1	S	UEC-1	primary
foreman_1048_GTTCATTCATCGGAGA	2247	4957	0.1652208997377446	1048	PFA1	G2M	UEC-1	primary
foreman_1048_GTTGCGGAGAATGTTG	2952	7914	0.0876926964872378	1048	PFA1	G1	UEC-1	primary
foreman_1048_GTTGCGGTCGGACGTC	2704	6950	0.1970067635631026	1048	PFA1	G1	UEC-1	primary
foreman_1048_TAACTTCGTGGATACG	3154	7489	0.1140491452991453	1048	PFA1	G1	UEC-1	primary
foreman_1048_TACACCCAGGTCCAGA	2833	6800	0.06588235294117648	1048	PFA1	S	UEC-1	primary
foreman_1048_TACACCCGTCCGATCG	2030	4133	0.039922574401161384	1048	PFA1	G1	UEC-1	primary
foreman_1048_TACCCGTTCAAACCTG	3512	9650	0.040829015544041454	1048	PFA1	G2M	UEC-1	primary
foreman_1048_TACCGGGCAATGAACA	1633	4928	0.1038961038961039	1048	PFA1	G1	UEC-1	primary
foreman_1048_TACCTCGAGTAGCTCT	3477	10263	0.03400565136899542	1048	PFA1	G1	UEC-1	primary
foreman_1048_TACGGTAGTCCAGCCA	2471	5822	0.12555822741326006	1048	PFA1	S	UEC-1	primary
foreman_1048_TACGGTATCCTACAAG	4285	13152	0.06797962132157251	1048	PFA1	G1	UEC-1	primary
foreman_1048_TATCTTGCATAACAGA	1469	2602	0.12144504227517294	1048	PFA1	S	UEC-1	primary
foreman_1048_TATTGCTTCATTCTTG	2898	6519	0.0530756250958736	1048	PFA1	G1	UEC-1	primary
foreman_1048_TCACAAGCAAAGGCAC	2263	5568	0.07740660919540229	1048	PFA1	S	UEC-1	primary
foreman_1048_TCATCATAGGGCGAGA	1312	2902	0.23198896932092383	1048	PFA1	S	UEC-1	primary
foreman_1048_TCATGAGAGAAGATCT	1710	3135	0.1419910657306956	1048	PFA1	G2M	UEC-1	primary
foreman_1048_TCATGAGGTAGCGCCT	3666	11980	0.07153589315525877	1048	PFA1	G1	UEC-1	primary
foreman_1048_TCATTCATCATGAGGG	4343	13761	0.13160380786280068	1048	PFA1	S	UEC-1	primary
foreman_1048_TCCGAAATCATTTGCT	2579	6778	0.07553850693419888	1048	PFA1	S	UEC-1	primary
foreman_1048_TCCGATCGTGGGTCAA	2440	5801	0.12549560420617134	1048	PFA1	G1	UEC-1	primary
foreman_1048_TCCTGCACATACTGAC	1981	4541	0.0960140938119357	1048	PFA1	G1	UEC-1	primary
foreman_1048_TCGACGGGTACTGTTG	1728	3130	0.016618728028124002	1048	PFA1	S	UEC-1	primary
foreman_1048_TCGATTTAGATTACCC	2146	6094	0.08434525763045618	1048	PFA1	G1	UEC-1	primary
foreman_1048_TCGGTCTTCCGAAATC	2224	5168	0.062113003095975235	1048	PFA1	G1	UEC-1	primary
foreman_1048_TCTATACCAGAGTCTT	2881	8105	0.05960755275823769	1048	PFA1	G2M	UEC-1	primary
foreman_1048_TCTATCACATCCGTTC	1773	3967	0.10965465086967481	1048	PFA1	G2M	UEC-1	primary
foreman_1048_TCTTGCGAGATAGGGA	1670	4329	0.20679297597042515	1048	PFA1	G1	UEC-1	primary
foreman_1048_TGAGGTTGTCGAACAG	2660	8981	0.11045540585680882	1048	PFA1	S	UEC-1	primary
foreman_1048_TGGGTTACACCAGTAT	1497	3385	0.17894114167406092	1048	PFA1	S	UEC-1	primary
foreman_1048_TGGTTAGTCATCTGTT	2969	7475	0.044414715719063545	1048	PFA1	G1	UEC-1	primary
foreman_1048_TGTGATGCAACCGTGC	2145	4811	0.07773851590106007	1048	PFA1	G1	UEC-1	primary
foreman_1048_TGTGGCGCAGCGACAA	2229	6174	0.0594428247489472	1048	PFA1	G1	UEC-1	primary
foreman_1048_TGTTGGAGTCCTGGGT	6067	27413	0.06716526815031011	1048	PFA1	G1	UEC-1	primary
foreman_1048_TTACAGGGTTGCTCAA	2572	5729	0.12061441787397452	1048	PFA1	G1	UEC-1	primary
foreman_1048_TTAGGGTGTACGATTC	3252	9608	0.07140626626418237	1048	PFA1	G1	UEC-1	primary
foreman_1048_TTCACGCCACACGTGC	3269	8996	0.08237909949972207	1048	PFA1	G1	UEC-1	primary
foreman_1048_TTCCGGTCATCTCGTC	1593	3391	0.03479799469183132	1048	PFA1	G2M	UEC-1	primary
foreman_1048_TTCCTAAAGATACGAT	3088	8293	0.07863000482392668	1048	PFA1	S	UEC-1	primary
foreman_1048_TTCTAGTCAGCTGTCG	3105	8443	0.06265545422243278	1048	PFA1	S	UEC-1	primary
foreman_1048_TTCTTGACAGACAAGC	1779	4131	0.038256658595641646	1048	PFA1	G2M	UEC-1	primary
foreman_1048_TTGACCCTCAAATGAG	2441	6917	0.12013878849212087	1048	PFA1	G1	UEC-1	primary
foreman_1048_TTGCTGCCATCACGGC	2607	6213	0.12602607436021246	1048	PFA1	G1	UEC-1	primary
foreman_1048_TTGTTCATCGTCACCT	4612	14903	0.106093141860153	1048	PFA1	S	UEC-1	primary
foreman_1048_TTTACCACACCATATG	2957	8652	0.05998613037447989	1048	PFA1	S	UEC-1	primary
foreman_1048_TTTATGCGTCATAAAG	2533	5802	0.02602550844536367	1048	PFA1	G2M	UEC-1	primary
foreman_1048_TTTCACAGTGAATTAG	2321	5235	0.0836676217765043	1048	PFA1	G1	UEC-1	primary
foreman_1048_TTTCGATAGCTTAAGA	2507	7262	0.08015424872607078	1048	PFA1	G1	UEC-1	primary
foreman_1048_GAAGCGACATCGAGCC	5334	18970	0.08961518186610437	1048	PFA1	S	UEC-1	primary
foreman_1048_TCATCCGTCGACCCAG	4586	15722	0.08453660708606323	1048	PFA1	G2M	UEC-1	primary
foreman_1048_AGAGCAGGTGTCCGGT	1119	2579	0.2657098525989139	1048	PFA1	G1	UEC-1	primary
foreman_1048_CCGGTAGGTGTAGCAG	474	878	0.05011389521640091	1048	PFA1	S	UEC-1	primary
foreman_1048_AACAACCAGATCCGAG	3421	11481	0.12317073170731707	1048	PFA1	S	UEC-1	primary
foreman_1048_AGCGATTCAGCGATTT	1880	5646	0.040566873339238266	1048	PFA1	S	UEC-1	primary
foreman_1048_AGCGCTGGTATAGCTC	5585	26854	0.09708774020557127	1048	PFA1	G1	UEC-1	primary
foreman_1048_ATCAGGTTCCCGTTGT	494	686	0.004373177842565598	1048	PFA1	G1	UEC-1	primary
foreman_1048_ATTCCATTCGACTCCT	2858	6788	0.11196228638774308	1048	PFA1	G1	UEC-1	primary
foreman_1048_CACGGGTTCGGTGTAT	1866	5179	0.093279258400927	1048	PFA1	G1	UEC-1	primary
foreman_1048_GAAGAATCACTTCTCG	1306	3224	0.05955334987593052	1048	PFA1	S	UEC-1	primary
foreman_1048_GATGATCAGCACCTGC	2269	5043	0.10866547689867143	1048	PFA1	G1	UEC-1	primary
foreman_1048_GCACATATCGAAACAA	2256	7050	0.012624113475177305	1048	PFA1	G1	UEC-1	primary
foreman_1048_GTCATGAAGGGTACGT	2862	9452	0.06146847228099873	1048	PFA1	G1	UEC-1	primary
foreman_1048_GTCGTTCAGCTATCCA	1517	3109	0.106465101318752	1048	PFA1	G1	UEC-1	primary
foreman_1048_GTTCTATGTAATGCTC	2031	5642	0.1726338177951081	1048	PFA1	G1	UEC-1	primary
foreman_1048_TCAGCAAGTTCAGGTT	2940	8349	0.09534075937237993	1048	PFA1	G2M	UEC-1	primary
foreman_1048_TCTATCAGTGTCTTGA	2508	7683	0.077984637417003	1048	PFA1	G1	UEC-1	primary
foreman_1048_TGTCCACCACCGTACG	896	1740	0.2660919540229885	1048	PFA1	G1	UEC-1	primary
foreman_1048_TGTTCATCAGGCATGA	2195	6142	0.06546165119687347	1048	PFA1	G1	UEC-1	primary
foreman_1048_GCTACCTAGACGGTCA	1759	4226	0.14931377188831046	1048	PFA1	G2M	UEC-1	primary
foreman_1048_AGTTAGCGTATTTCGG	2933	10570	0.10321665089877011	1048	PFA1	G1	UEC-1	primary
foreman_1048_ATCTCTAAGACATGCG	946	2531	0.21967601738443304	1048	PFA1	G1	UEC-1	primary
foreman_1048_ATTCACTGTCATTCCC	3366	11732	0.08322674170717148	1048	PFA1	S	UEC-1	primary
foreman_1048_CAACCAACAGGAACCA	1403	3123	0.04002561639449247	1048	PFA1	G1	UEC-1	primary
foreman_1048_CAAGGGAGTTGTGCAT	1104	2364	0.2876480541455161	1048	PFA1	S	UEC-1	primary
foreman_1048_CACTAAGTCCGCACTT	1529	3853	0.05580067479885803	1048	PFA1	S	UEC-1	primary
foreman_1048_CAGTTCCGTACTGACT	405	514	0.06614785992217899	1048	PFA1	G1	UEC-1	primary
foreman_1048_CTGGTCTGTTGGGTAG	1444	3213	0.14285714285714285	1048	PFA1	G2M	UEC-1	primary
foreman_1048_CTTAGGATCATTGAGC	1245	2494	0.054931836407377706	1048	PFA1	S	UEC-1	primary
foreman_1048_CTTCTAAGTTCGTTCC	2161	6315	0.028028503562945367	1048	PFA1	G1	UEC-1	primary
foreman_1048_GACTCTCCACAGCCAC	3208	9697	0.0488810972465711	1048	PFA1	S	UEC-1	primary
foreman_1048_GAGGGATCATGTGGTT	1803	4106	0.17393422655298416	1048	PFA1	S	UEC-1	primary
foreman_1048_GTGATGTTCCGTGTCT	3382	13557	0.1116028619901158	1048	PFA1	G1	UEC-1	primary
foreman_1048_GTTCATTCAGGCGATA	2298	6774	0.11914956444706924	1048	PFA1	G2M	UEC-1	primary
foreman_1048_TAACGACTCAAGGTGG	2755	8042	0.0385476249689132	1048	PFA1	S	UEC-1	primary
foreman_1048_TGATGGTCAGAATCGG	3244	11075	0.07793028715911143	1048	PFA1	S	UEC-1	primary
foreman_1048_TGGATCAGTGCGTGCT	2304	6159	0.07016404092902387	1048	PFA1	S	UEC-1	primary
foreman_1048_TTACCATAGCTCATAC	709	944	0.0413135593220339	1048	PFA1	G2M	UEC-1	primary
foreman_1048_ATTCATCCAAATTGCC	2494	5755	0.05146036161335188	1048	PFA1	G1	UEC-1	primary
foreman_1048_TACTTACGTCGATTAC	890	1571	0.1648631444939529	1048	PFA1	S	UEC-1	primary
foreman_1048_TCTCACGCAAGAGTAT	1988	4607	0.14285714285714285	1048	PFA1	S	UEC-1	primary
foreman_1048_TGTACAGGTCCGAAGA	958	1779	0.24901630129286115	1048	PFA1	S	UEC-1	primary
foreman_1067_GTGTCCTTCGCCTATC	728	1275	0.156078431372549	1067	PFB	G2M	UEC-1	primary
foreman_1067_TCCTTCTCAATTAGGA	811	1652	0.1579903147699758	1067	PFB	S	UEC-1	primary
foreman_1101_AAGGCAGTCTGGAGCC	630	1088	0.05514705882352941	1101	PFA2	G1	UEC-1	primary
foreman_1101_ACACCAACACTCGACG	2451	5555	0.03636363636363636	1101	PFA2	G1	UEC-1	primary
foreman_1101_ACGATACAGTGTACTC	1271	2346	0.0767590618336887	1101	PFA2	G1	UEC-1	primary
foreman_1101_ACGCCAGCACGCGAAA	538	967	0.09100310237849017	1101	PFA2	S	UEC-1	primary
foreman_1101_ACGTCAACAGCTGCTG	1065	1721	0.04125508425334108	1101	PFA2	G1	UEC-1	primary
foreman_1101_ACTGAACGTGTGCCTG	914	1741	0.05686387133831131	1101	PFA2	S	UEC-1	primary
foreman_1101_ACTGCTCCAAACAACA	841	1692	0.13719692489651095	1101	PFA2	G2M	UEC-1	primary
foreman_1101_AGATCTGCAGTAAGAT	1041	1910	0.09267015706806282	1101	PFA2	G2M	UEC-1	primary
foreman_1101_AGCCTAACACCCTATC	574	1046	0.11100478468899522	1101	PFA2	G2M	UEC-1	primary
foreman_1101_AGGGAGTGTATATGAG	968	1890	0.1397564849126522	1101	PFA2	G1	UEC-1	primary
foreman_1101_AGGTCATGTTCCCTTG	773	1567	0.1244416081684748	1101	PFA2	G1	UEC-1	primary
foreman_1101_AGTAGTCCACCAGGTC	729	1584	0.14583333333333334	1101	PFA2	G2M	UEC-1	primary
foreman_1101_AGTAGTCGTCTGATTG	607	1002	0.11676646706586827	1101	PFA2	G1	UEC-1	primary
foreman_1101_ATAAGAGCATCGGAAG	854	1731	0.14038128249566725	1101	PFA2	S	UEC-1	primary
foreman_1101_ATCATGGCACATCTTT	935	1961	0.0913265306122449	1101	PFA2	G1	UEC-1	primary
foreman_1101_ATTTCTGTCGAGCCCA	1093	1916	0.055845511482254695	1101	PFA2	S	UEC-1	primary
foreman_1101_CAGCATATCCTTGACC	1041	1849	0.08062770562770563	1101	PFA2	S	UEC-1	primary
foreman_1101_CAGCTGGCAGTGGGAT	907	1556	0.11632390745501285	1101	PFA2	G2M	UEC-1	primary
foreman_1101_CCCATACTCTGTCTAT	794	1527	0.10740013097576949	1101	PFA2	G1	UEC-1	primary
foreman_1101_CCGTGGAAGCCACCTG	1025	1947	0.09347714432460195	1101	PFA2	G2M	UEC-1	primary
foreman_1101_CGATCGGAGTACGCCC	651	1186	0.12731871838111297	1101	PFA2	G1	UEC-1	primary
foreman_1101_CGCTATCAGTCTCGGC	878	1480	0.12702702702702703	1101	PFA2	G1	UEC-1	primary
foreman_1101_CGGCTAGGTGTCTGAT	911	1730	0.1138728323699422	1101	PFA2	G1	UEC-1	primary
foreman_1101_CGTCAGGGTGAGGGTT	598	985	0.0649746192893401	1101	PFA2	S	UEC-1	primary
foreman_1101_CTCGAGGGTTATCACG	821	1658	0.14414957780458384	1101	PFA2	G1	UEC-1	primary
foreman_1101_CTGCTGTTCCTTTCTC	1081	2078	0.08902791145332051	1101	PFA2	G1	UEC-1	primary
foreman_1101_GAAGCAGTCACATACG	561	968	0.07851239669421488	1101	PFA2	G1	UEC-1	primary
foreman_1101_GAATGAAAGCTCCCAG	785	1472	0.08084239130434782	1101	PFA2	G2M	UEC-1	primary
foreman_1101_GACTGCGGTCTCTTAT	943	1741	0.07926479035037334	1101	PFA2	G1	UEC-1	primary
foreman_1101_GCTGCGAGTAGGAGTC	767	1499	0.1827885256837892	1101	PFA2	G1	UEC-1	primary
foreman_1101_GGGACCTTCTGAAAGA	934	1583	0.0739102969046115	1101	PFA2	G1	UEC-1	primary
foreman_1101_GTCACGGTCAGTCAGT	727	1336	0.08832335329341318	1101	PFA2	G1	UEC-1	primary
foreman_1101_GTTCATTTCAGTTTGG	675	1252	0.09345047923322684	1101	PFA2	G1	UEC-1	primary
foreman_1101_TACACGATCTGACCTC	813	1424	0.11938202247191011	1101	PFA2	G1	UEC-1	primary
foreman_1101_TGAGAGGTCACAAACC	888	1560	0.09294871794871795	1101	PFA2	S	UEC-1	primary
foreman_1101_TGGGAAGAGGGCACTA	472	752	0.096	1101	PFA2	S	UEC-1	primary
foreman_1101_TGTGGTATCCAACCAA	1061	1905	0.06719160104986877	1101	PFA2	G1	UEC-1	primary
foreman_1101_TTCTTAGGTTCTGTTT	1126	2315	0.09287257019438445	1101	PFA2	G1	UEC-1	primary
foreman_1101_AGCTTGACAGATGAGC	487	1006	0.22487562189054727	1101	PFA2	G1	UEC-1	primary
foreman_1101_GGTGAAGTCAGAGACG	423	948	0.2542194092827004	1101	PFA2	G1	UEC-1	primary
foreman_1101_GGATTACGTGGTCCGT	887	1517	0.08371786420566908	1101	PFA2	S	UEC-1	primary
foreman_1101_GTAGTCAGTCCGTGAC	1337	2233	0.05866547245857591	1101	PFA2	S	UEC-1	primary
foreman_1101_GTTCATTTCTCTGAGA	1018	2216	0.08803611738148984	1101	PFA2	G1	UEC-1	primary
foreman_1101_ACGAGCCGTAACGACG	531	872	0.1651376146788991	1101	PFA2	G1	UEC-1	primary
foreman_1101_CTGTTTATCGCAAGCC	637	1241	0.19419822723609992	1101	PFA2	G1	UEC-1	primary
foreman_1101_GACTGCGTCCTTTACA	793	1676	0.10083532219570406	1101	PFA2	G2M	UEC-1	primary
foreman_1101_GGCGTGTAGCTAACTC	772	1194	0.0829145728643216	1101	PFA2	G2M	UEC-1	primary
foreman_1101_TTAGGACCACAACGCC	696	1375	0.10909090909090909	1101	PFA2	G1	UEC-1	primary
foreman_1101_ACGGAGATCTAGAGTC	590	1015	0.15172413793103448	1101	PFA2	G2M	UEC-1	primary
foreman_1101_CGAACATAGACTGGGT	1070	2031	0.09453471196454949	1101	PFA2	G2M	UEC-1	primary
foreman_1101_CGCTATCGTCACCCAG	1171	2589	0.17156105100463678	1101	PFA2	G1	UEC-1	primary
foreman_1101_TGCGCAGAGACCGGAT	553	1003	0.17647058823529413	1101	PFA2	S	UEC-1	primary
foreman_1101_ACACCAATCAACACCA	808	1778	0.09336332958380203	1101	PFA2	G1	UEC-1	primary
foreman_1101_ACGAGGAGTCGCGGTT	984	1727	0.15353418308227115	1101	PFA2	G1	UEC-1	primary
foreman_1101_ACTGCTCCATCAGTCA	933	1717	0.11357018054746651	1101	PFA2	G1	UEC-1	primary
foreman_1101_AGACGTTGTCTCGTTC	485	1097	0.09936189608021878	1101	PFA2	G1	UEC-1	primary
foreman_1101_AGCGTATCAACGATGG	624	1184	0.08108108108108109	1101	PFA2	G1	UEC-1	primary
foreman_1101_AGGGATGAGGACAGCT	658	1254	0.18660287081339713	1101	PFA2	S	UEC-1	primary
foreman_1101_AGGTCCGAGTTCGCGC	787	1459	0.16038382453735436	1101	PFA2	S	UEC-1	primary
foreman_1101_ATCTGCCGTTTGTTTC	918	1842	0.16992399565689467	1101	PFA2	G1	UEC-1	primary
foreman_1101_CAAGATCTCGGAAACG	773	1434	0.16875871687587168	1101	PFA2	G1	UEC-1	primary
foreman_1101_CACTCCAGTGTCCTCT	590	1020	0.07156862745098039	1101	PFA2	S	UEC-1	primary
foreman_1101_CGAGCCATCGGAAACG	1292	2299	0.134029590948651	1101	PFA2	G1	UEC-1	primary
foreman_1101_CGGCTAGTCTCGTTTA	704	1218	0.10180623973727422	1101	PFA2	G1	UEC-1	primary
foreman_1101_GAAACTCAGGGATGGG	548	979	0.20531154239019409	1101	PFA2	G2M	UEC-1	primary
foreman_1101_GAACATCAGGATCGCA	596	1337	0.06581899775617053	1101	PFA2	G1	UEC-1	primary
foreman_1101_GATCGTATCAAGGTAA	986	1803	0.12257348863006101	1101	PFA2	G1	UEC-1	primary
foreman_1101_GCGCCAATCCGCGTTT	847	1752	0.08333333333333333	1101	PFA2	G1	UEC-1	primary
foreman_1101_GCTTGAAGTGCACCAC	640	1199	0.11602671118530884	1101	PFA2	G1	UEC-1	primary
foreman_1101_GGACATTGTCCGCTGA	725	1365	0.1443223443223443	1101	PFA2	G1	UEC-1	primary
foreman_1101_GGCGACTTCCTCGCAT	747	1423	0.07167955024595925	1101	PFA2	G1	UEC-1	primary
foreman_1101_GGCTCGAGTAAATACG	536	902	0.1008869179600887	1101	PFA2	G2M	UEC-1	primary
foreman_1101_GGTATTGCATCATCCC	735	1600	0.11632270168855535	1101	PFA2	G1	UEC-1	primary
foreman_1101_GTAGGCCCAAATTGCC	651	1317	0.14578587699316628	1101	PFA2	G1	UEC-1	primary
foreman_1101_GTATTCTAGCGTGAAC	751	1502	0.17376830892143807	1101	PFA2	G2M	UEC-1	primary
foreman_1101_GTTCTCGCAGCTGGCT	845	1742	0.1314580941446613	1101	PFA2	G2M	UEC-1	primary
foreman_1101_TAAGCGTAGGCATTGG	892	1718	0.18684516880093133	1101	PFA2	G1	UEC-1	primary
foreman_1101_TACCTATCAAGCGCTC	596	1197	0.11528822055137844	1101	PFA2	G1	UEC-1	primary
foreman_1101_TATGCCCTCACCACCT	1257	2529	0.08896797153024912	1101	PFA2	G1	UEC-1	primary
foreman_1101_TCACAAGTCATCGATG	474	775	0.09161290322580645	1101	PFA2	G1	UEC-1	primary
foreman_1101_TGTCCCAGTCCGTCAG	644	1051	0.14176974310180782	1101	PFA2	G1	UEC-1	primary
foreman_1101_TGCCAAAGTGACTACT	581	1235	0.10040485829959514	1101	PFA2	S	UEC-1	primary
foreman_1185_ACGTTCCTCGGTCTAA	1071	2157	0.15391747797867408	1185	ST-YAP	G1	UEC-1	primary
foreman_1185_AAGGAATCACAGCATT	1775	3849	0.20654715510522215	1185	ST-YAP	G1	UEC-1	primary
foreman_1185_ACGTCCTGTCGTGCCA	1875	3644	0.15669593852908892	1185	ST-YAP	G1	UEC-1	primary
foreman_1185_AGACTCAGTAAGAACT	973	2184	0.2586996336996337	1185	ST-YAP	G1	UEC-1	primary
foreman_1185_ATGAAAGCATCATCTT	860	1666	0.2581032412965186	1185	ST-YAP	G1	UEC-1	primary
foreman_1185_CAGCGTGAGACTGAGC	1473	3103	0.2578150177247825	1185	ST-YAP	G1	UEC-1	primary
foreman_1185_CGAGAAGTCACACCCT	1155	2180	0.20642201834862386	1185	ST-YAP	G1	UEC-1	primary
foreman_1185_CTAGACACAACGGGTA	1155	2304	0.18098958333333334	1185	ST-YAP	G1	UEC-1	primary
foreman_1185_CTGGTCTCACGGATCC	1012	2467	0.29034874290348744	1185	ST-YAP	S	UEC-1	primary
foreman_1185_CTGTCGTTCGAACCTA	3106	8399	0.1176330515537564	1185	ST-YAP	G1	UEC-1	primary
foreman_1185_CTTGATTTCTTGTGCC	869	1824	0.16127262753702687	1185	ST-YAP	G1	UEC-1	primary
foreman_1185_GCCATTCGTACCGCGT	1527	3207	0.22669161209853445	1185	ST-YAP	G1	UEC-1	primary
foreman_1185_GCTTTCGCAAAGTGTA	991	1743	0.16580608146873207	1185	ST-YAP	S	UEC-1	primary
foreman_1185_GGGCGTTGTCAACACT	1506	2598	0.049653579676674366	1185	ST-YAP	G1	UEC-1	primary
foreman_1185_GTGCTTCGTTTGTTGG	852	1868	0.23942153186930906	1185	ST-YAP	G1	UEC-1	primary
foreman_1185_GTGGAGACAGTTGTTG	1027	1876	0.16098081023454158	1185	ST-YAP	G1	UEC-1	primary
foreman_1185_GTTATGGAGGGCTAAC	2133	4487	0.18765322041453086	1185	ST-YAP	G1	UEC-1	primary
foreman_1185_GTTCATTTCGGATTAC	1326	2306	8.676789587852494e-4	1185	ST-YAP	G1	UEC-1	primary
foreman_1185_TAACACGAGGCACTAG	1321	3578	0.29681386249301284	1185	ST-YAP	G1	UEC-1	primary
foreman_1185_TAAGCCAGTGTTAACC	1306	2179	0.03304268012849931	1185	ST-YAP	G1	UEC-1	primary
foreman_1185_TAGGTTGCATGGGTTT	1358	2925	0.2358974358974359	1185	ST-YAP	G1	UEC-1	primary
foreman_1185_TCACGCTAGACGGAAA	1178	3313	0.299728342891639	1185	ST-YAP	G1	UEC-1	primary
foreman_1185_TCCTCTTTCCAGTTCC	1447	3198	0.23358348968105067	1185	ST-YAP	G1	UEC-1	primary
foreman_1185_TGCGATAAGAGAGTTT	2490	6325	0.2558102766798419	1185	ST-YAP	G1	UEC-1	primary
foreman_1185_TGGGAAGAGTACTGGG	1136	1763	0.11514463981849121	1185	ST-YAP	G1	UEC-1	primary
foreman_1185_TTACCGCAGAATAACC	1498	3336	0.17865707434052758	1185	ST-YAP	G1	UEC-1	primary
foreman_1185_TTGAGTGCACTGGATT	1655	3139	0.17871933736858872	1185	ST-YAP	S	UEC-1	primary
foreman_1386_GGAACTTGTCCAGTTA	1749	4074	0.013991163475699559	1386	ST-RELA	G1	UEC-1	recurrence
foreman_1386_AGACGTTAGGCCCTTG	2204	9132	0.011281489594742606	1386	ST-RELA	G1	UEC-1	recurrence
foreman_1386_CCATTCGAGAGAACAG	2568	6952	0.035817031070195626	1386	ST-RELA	G1	UEC-1	recurrence
foreman_1386_CGAGAAGGTGCTAGCC	1957	4634	0.036261601554068636	1386	ST-RELA	S	UEC-1	recurrence
foreman_1386_CTCCTAGTCTTCATGT	2775	7546	0.03631544068919815	1386	ST-RELA	G1	UEC-1	recurrence
foreman_1386_CCTTCCCCACGGCCAT	2502	7600	0.023157894736842106	1386	ST-RELA	G1	UEC-1	recurrence
foreman_1386_GTGGGTCAGCCAGAAC	2450	6958	0.032480597872951995	1386	ST-RELA	G1	UEC-1	recurrence
foreman_1386_GTGTTAGGTGTGACCC	1957	4974	0.049256131885806194	1386	ST-RELA	G1	UEC-1	recurrence
foreman_1329_GCATGCGCAACACCCG	789	2572	0.10497667185069985	1329	ST-RELA	S	UEC-1	recurrence
foreman_1329_GGCTGGTTCCGTAGGC	727	1577	0.07292327203551047	1329	ST-RELA	G1	UEC-1	recurrence
foreman_1329_TAAGCGTGTAGCTCCG	936	2208	0.1358695652173913	1329	ST-RELA	S	UEC-1	recurrence
foreman_1329_TCCACACCAAGCGAGT	2821	9193	0.02447780678851175	1329	ST-RELA	G1	UEC-1	recurrence
foreman_1329_TCGCGTTTCTATCCTA	3972	14600	0.09260908281389137	1329	ST-RELA	S	UEC-1	recurrence
foreman_1329_CCCAATCCAACTGGCC	803	1950	0.14615384615384616	1329	ST-RELA	S	UEC-1	recurrence
foreman_1329_TCTCTAACACTGCCAG	412	987	0.22998986828774062	1329	ST-RELA	S	UEC-1	recurrence
foreman_1329_AGATCTGTCAGTCCCT	3149	13715	0.025373678454247175	1329	ST-RELA	S	UEC-1	recurrence
foreman_1329_GAAGCAGCAGTCAGCC	402	914	0.08424507658643327	1329	ST-RELA	S	UEC-1	recurrence
foreman_1329_GACGTTATCTACGAGT	2813	9398	0.025752899861657977	1329	ST-RELA	S	UEC-1	recurrence
foreman_1329_GCATGCGTCGGCATCG	501	1634	0.05385556915544676	1329	ST-RELA	S	UEC-1	recurrence
foreman_1329_GGAAAGCTCACTTACT	709	1336	0.11976047904191617	1329	ST-RELA	G1	UEC-1	recurrence
foreman_1329_GATCAGTTCCGCAGTG	908	1880	0.05053191489361702	1329	ST-RELA	S	UEC-1	recurrence
foreman_1329_GTGCTTCCAGCGTTCG	2779	11843	0.021447268428607617	1329	ST-RELA	G1	UEC-1	recurrence
foreman_1329_GTTCATTCATCCCACT	2493	7770	0.02471042471042471	1329	ST-RELA	G1	UEC-1	recurrence
foreman_1329_CCTACACCATATACGC	1560	3893	0.07680452093501156	1329	ST-RELA	S	UEC-1	recurrence
foreman_1329_CGTTCTGAGCACAGGT	1103	2680	0.1828358208955224	1329	ST-RELA	S	UEC-1	recurrence
foreman_1329_CTCAGAAGTGCACGAA	1027	2032	0.09202755905511811	1329	ST-RELA	S	UEC-1	recurrence
foreman_1329_CTCGAGGGTTATTCTC	3599	11132	0.05533596837944664	1329	ST-RELA	S	UEC-1	recurrence
foreman_1329_GGCCGATTCTTGCAAG	2703	8436	0.036510194404931244	1329	ST-RELA	S	UEC-1	recurrence
foreman_1329_GGTGCGTGTTAGATGA	2894	9298	0.03324010327022375	1329	ST-RELA	S	UEC-1	recurrence
foreman_1329_TACTCGCCAATGAATG	3594	11343	0.07679421618762124	1329	ST-RELA	G1	UEC-1	recurrence
foreman_1329_TATGCCCAGTACACCT	2563	6696	0.031067961165048542	1329	ST-RELA	S	UEC-1	recurrence
foreman_1329_TCATTACAGGGTATCG	1348	2792	0.0773916159082766	1329	ST-RELA	G1	UEC-1	recurrence
foreman_1329_TGGGAAGTCTACTATC	3367	10473	0.04697794328272701	1329	ST-RELA	S	UEC-1	recurrence
foreman_1329_AACTTTCAGAATTCCC	2786	8469	0.026806802078412847	1329	ST-RELA	S	UEC-1	recurrence
foreman_1329_ACCGTAACATGGAATA	3082	8108	0.04563394178589048	1329	ST-RELA	S	UEC-1	recurrence
foreman_1329_AGGGAGTGTTAAGACA	3041	9413	0.009244501115715651	1329	ST-RELA	G1	UEC-1	recurrence
foreman_1329_CAACTAGGTTTCCACC	2619	9040	0.0459070796460177	1329	ST-RELA	G1	UEC-1	recurrence
foreman_1329_CACCAGGAGACTTGAA	550	1129	0.06731620903454384	1329	ST-RELA	S	UEC-1	recurrence
foreman_1329_CATATGGCATAACCTG	2158	5788	0.04942111629514429	1329	ST-RELA	S	UEC-1	recurrence
foreman_1329_CCACCTATCGCAAGCC	2739	9878	0.038072093965168086	1329	ST-RELA	G1	UEC-1	recurrence
foreman_1329_CCTATTACATGGAATA	720	1606	0.11021170610211706	1329	ST-RELA	G1	UEC-1	recurrence
foreman_1329_CGAATGTGTAAGCACG	1753	4672	0.06678082191780822	1329	ST-RELA	G1	UEC-1	recurrence
foreman_1329_CGAGCACCACTAGTAC	1102	2442	0.17977067977067976	1329	ST-RELA	G2M	UEC-1	recurrence
foreman_1329_CTGTTTATCCACGAAT	2952	7770	0.051866151866151865	1329	ST-RELA	S	UEC-1	recurrence
foreman_1329_GAATGAACAGCCAGAA	1320	2767	0.11926273942898447	1329	ST-RELA	G1	UEC-1	recurrence
foreman_1329_TAAACCGTCAGCAACT	1977	5907	0.15492719268540467	1329	ST-RELA	S	UEC-1	recurrence
foreman_1329_TACAGTGGTGTGTGCC	1387	3351	0.02208955223880597	1329	ST-RELA	G1	UEC-1	recurrence
foreman_870_AAAGCAAGTATAAACG	3390	8397	0.052280576396332025	870	ST-RELA	S	UEC-1	primary
foreman_870_CTCGGGACATTGGCGC	2623	5957	0.045660567399697836	870	ST-RELA	G1	UEC-1	primary
foreman_870_CTTCTCTTCGCGTTTC	3349	8361	0.04270334928229665	870	ST-RELA	G1	UEC-1	primary
foreman_870_GGGCACTCACCAGATT	3200	7929	0.039727582292849034	870	ST-RELA	S	UEC-1	primary
foreman_870_GTAGTCACAGTATAAG	4602	15096	0.0543888704869162	870	ST-RELA	S	UEC-1	primary
foreman_870_TTATGCTGTAAATGTG	3597	10696	0.09837291939405274	870	ST-RELA	G1	UEC-1	primary
foreman_870_TGATTTCCACGCGAAA	4208	12454	0.07115322839704465	870	ST-RELA	G2M	UEC-1	primary
foreman_870_AGATTGCGTTCCACTC	1137	2494	0.14474739374498796	870	ST-RELA	G1	UEC-1	primary
foreman_870_ATCATGGTCTGTACGA	725	1549	0.20335700451904454	870	ST-RELA	G1	UEC-1	primary
foreman_870_CAGCGACAGTCAAGGC	2518	5372	0.06254653760238273	870	ST-RELA	G1	UEC-1	primary
foreman_870_CTGTGCTAGTAGGTGC	2108	4308	0.07406547480845135	870	ST-RELA	S	UEC-1	primary
foreman_870_GATGAAATCGTCCGTT	3091	7070	0.041024190125901826	870	ST-RELA	S	UEC-1	primary
foreman_870_TGCGCAGGTCTCTTAT	2605	5767	0.04074908964799723	870	ST-RELA	G1	UEC-1	primary
foreman_870_AAGGCAGTCGCCGTGA	2648	7382	0.11270658358168519	870	ST-RELA	G1	UEC-1	primary
foreman_870_ACCCACTGTGCAACGA	2737	8201	0.08852578953786124	870	ST-RELA	G1	UEC-1	primary
foreman_870_ATTTCTGGTGCAACTT	1776	3457	0.06971362452993925	870	ST-RELA	G1	UEC-1	primary
foreman_1158_2_CGATCGGCAGGGAATC	1715	3830	0.20600522193211487	1158	ST-RELA	G1	UEC-1	recurrence
foreman_1158_2_CTGCAGGCAATAGAGT	1309	2682	0.174496644295302	1158	ST-RELA	S	UEC-1	recurrence
foreman_1158_2_ATGGGTTCAGATACTC	3023	8272	0.10700036271309395	1158	ST-RELA	G1	UEC-1	recurrence
foreman_1158_2_ATCGGATTCACGTAGT	3053	7429	0.11980078072418898	1158	ST-RELA	G1	UEC-1	recurrence
foreman_1158_2_ATTTACCAGGAGGTTC	2204	4837	0.1970229481083316	1158	ST-RELA	G1	UEC-1	recurrence
foreman_1158_2_CCGTAGGAGGCTGTAG	3059	8484	0.10761433286185762	1158	ST-RELA	G1	UEC-1	recurrence
foreman_1158_2_CTAAGTGCATTGACAC	3638	9711	0.09382080329557158	1158	ST-RELA	G1	UEC-1	recurrence
foreman_1158_2_CTACTATAGTGTGTTC	2736	6361	0.13268354032384846	1158	ST-RELA	G1	UEC-1	recurrence
foreman_1158_2_GAGGGATTCCTAGAGT	2889	7806	0.1274660517550602	1158	ST-RELA	G1	UEC-1	recurrence
foreman_1347_AAACGCTTCGAATGCT	3029	8205	0.14113345521023765	1347	PFA1	S	UEC-1	primary
foreman_1347_AAAGTGAAGCTGTTAC	2809	7453	0.11860995572252785	1347	PFA1	G1	UEC-1	primary
foreman_1347_AAATGGACAACGGCCT	2941	8108	0.11557912914765017	1347	PFA1	G1	UEC-1	primary
foreman_1347_AACAAAGTCGAAGAAT	4064	12840	0.13731599034192693	1347	PFA1	S	UEC-1	primary
foreman_1347_AACAACCTCCGCAAAT	2871	7077	0.19485657764589515	1347	PFA1	G2M	UEC-1	primary
foreman_1347_AACCACACACTGGAAG	4761	17453	0.14072079298687903	1347	PFA1	S	UEC-1	primary
foreman_1347_AACCATGGTAGATTGA	4123	14799	0.16657656440059468	1347	PFA1	S	UEC-1	primary
foreman_1347_AACCATGGTGCCCTTT	6603	31601	0.1784493670886076	1347	PFA1	S	UEC-1	primary
foreman_1347_AACCTGATCCATCACC	4083	14461	0.16756569847856154	1347	PFA1	G1	UEC-1	primary
foreman_1347_AACTTCTTCCTCACGT	4344	13637	0.12532081836180978	1347	PFA1	G1	UEC-1	primary
foreman_1347_AAGAACATCATTCTTG	3772	11644	0.12813466162830642	1347	PFA1	G1	UEC-1	primary
foreman_1347_AAGATAGCAGACACAG	2774	8199	0.16001951457494817	1347	PFA1	G1	UEC-1	primary
foreman_1347_AAGCATCGTGGATCAG	3640	12306	0.11457825450999512	1347	PFA1	G1	UEC-1	primary
foreman_1347_AAGCATCTCATTCGTT	3340	10126	0.12729606952399763	1347	PFA1	G2M	UEC-1	primary
foreman_1347_AAGCCATAGGGAGGGT	3413	10879	0.20691240003676808	1347	PFA1	G1	UEC-1	primary
foreman_1347_AAGCCATGTAAGATTG	2960	8846	0.17514699231117142	1347	PFA1	G1	UEC-1	primary
foreman_1347_AAGCCATTCACTGCTC	3881	12304	0.13328998699609884	1347	PFA1	G1	UEC-1	primary
foreman_1347_AAGCCATTCCAACTAG	2828	7542	0.10873889404588251	1347	PFA1	S	UEC-1	primary
foreman_1347_AAGCGTTGTGCCTTCT	4002	13300	0.17	1347	PFA1	G1	UEC-1	primary
foreman_1347_AAGGAATGTGTAAACA	4572	15880	0.14968513853904283	1347	PFA1	S	UEC-1	primary
foreman_1347_AAGTGAACATTGTCGA	3439	11510	0.163249348392702	1347	PFA1	G1	UEC-1	primary
foreman_1347_AAGTTCGCACAGAGCA	3836	13073	0.21127514725005736	1347	PFA1	S	UEC-1	primary
foreman_1347_AATGGCTCACGATAGG	2357	6147	0.0714169513583862	1347	PFA1	G1	UEC-1	primary
foreman_1347_ACAAAGACAAGCGAAC	3731	12879	0.17043248699433186	1347	PFA1	G1	UEC-1	primary
foreman_1347_ACAAAGAGTTAAACAG	3741	12047	0.14302315929276999	1347	PFA1	S	UEC-1	primary
foreman_1347_ACACGCGCACACGGTC	3253	9934	0.14475538554459433	1347	PFA1	G1	UEC-1	primary
foreman_1347_ACAGCCGAGCGACTAG	3841	13282	0.12505646739948803	1347	PFA1	S	UEC-1	primary
foreman_1347_ACATCCCAGACTTCGT	4188	15233	0.14278211777062955	1347	PFA1	S	UEC-1	primary
foreman_1347_ACCAACAAGCCTTTCC	3078	8535	0.17049449261776423	1347	PFA1	G1	UEC-1	primary
foreman_1347_ACCTGAAAGTCCCGAC	4161	13051	0.09133399739483565	1347	PFA1	S	UEC-1	primary
foreman_1347_ACGATCAAGACTACCT	3461	10569	0.10492951083356987	1347	PFA1	G1	UEC-1	primary
foreman_1347_ACGGGTCGTGGCACTC	3634	10429	0.12178749520521673	1347	PFA1	G1	UEC-1	primary
foreman_1347_ACGGTCGAGTGGATAT	2894	10258	0.1931363946573072	1347	PFA1	G1	UEC-1	primary
foreman_1347_ACGTACATCCGAAATC	1805	4167	0.09599232061435085	1347	PFA1	G1	UEC-1	primary
foreman_1347_ACTACGACAGTCCGTG	3947	14078	0.16806364540417673	1347	PFA1	S	UEC-1	primary
foreman_1347_ACTCCCATCACAACCA	3905	10970	0.1289204959883297	1347	PFA1	G1	UEC-1	primary
foreman_1347_ACTCCCATCTCAGGCG	3475	11416	0.1250875963559916	1347	PFA1	G1	UEC-1	primary
foreman_1347_ACTCTCGCAAATGGTA	2200	5177	0.14757581610971604	1347	PFA1	G1	UEC-1	primary
foreman_1347_ACTCTCGGTCGTTGGC	2763	7726	0.18112377006732264	1347	PFA1	G1	UEC-1	primary
foreman_1347_ACTGCAAGTCTTGTCC	1857	4835	0.2467425025853154	1347	PFA1	S	UEC-1	primary
foreman_1347_AGAAGTATCAGTAGGG	3249	9963	0.16260162601626016	1347	PFA1	S	UEC-1	primary
foreman_1347_AGACACTCAGCTGTAT	2818	8056	0.0670391061452514	1347	PFA1	G1	UEC-1	primary
foreman_1347_AGACACTGTGGTCTGC	3456	9443	0.15132902679233295	1347	PFA1	S	UEC-1	primary
foreman_1347_AGAGCAGTCGTTCTCG	7570	42985	0.12204257299057811	1347	PFA1	S	PFA-sc6	primary
foreman_1347_AGATGAATCCTTATAC	2488	5499	0.05712206658177187	1347	PFA1	S	UEC-1	primary
foreman_1347_AGCCACGTCAACCCGG	2971	7547	0.08466940506161388	1347	PFA1	S	UEC-1	primary
foreman_1347_AGCGCCAAGACTTCAC	1912	4390	0.21708428246013667	1347	PFA1	G1	UEC-1	primary
foreman_1347_AGCTACATCATCCTGC	3800	12299	0.1779295763194275	1347	PFA1	S	UEC-1	primary
foreman_1347_AGGAAATGTATGAAAC	4485	15913	0.13731774761186527	1347	PFA1	G1	UEC-1	primary
foreman_1347_AGGAGGTAGGCTGAAC	3099	7567	0.1879460745440127	1347	PFA1	G1	UEC-1	primary
foreman_1347_AGGATAACATCTAGAC	3193	10098	0.11358684888096653	1347	PFA1	G1	UEC-1	primary
foreman_1347_AGGCATTTCGCTAGCG	3034	9246	0.20099524015577672	1347	PFA1	S	UEC-1	primary
foreman_1347_AGGCATTTCTCTCGAC	2482	7156	0.106763555058692	1347	PFA1	G2M	UEC-1	primary
foreman_1347_AGGTCATTCGCATAGT	4382	15110	0.1258273762245168	1347	PFA1	G1	UEC-1	primary
foreman_1347_AGGTCATTCTATTCGT	3158	9743	0.10633275171918301	1347	PFA1	S	UEC-1	primary
foreman_1347_AGGTCTAGTTACCTGA	5469	23767	0.1460551230801599	1347	PFA1	S	UEC-1	primary
foreman_1347_AGTACCAAGAAATCCA	4625	16081	0.16828358208955224	1347	PFA1	S	UEC-1	primary
foreman_1347_AGTACCAGTTCCTAAG	3066	9004	0.11984893924247474	1347	PFA1	G1	UEC-1	primary
foreman_1347_AGTAGCTAGAAGCTGC	3582	12206	0.17901032279206947	1347	PFA1	S	UEC-1	primary
foreman_1347_AGTAGCTGTAGAGACC	2188	5781	0.24891887216744507	1347	PFA1	G1	UEC-1	primary
foreman_1347_AGTCACACACTCCTGT	2663	7233	0.21457210009677866	1347	PFA1	G2M	UEC-1	primary
foreman_1347_AGTGTTGCACTAGGCC	3208	9976	0.13732959101844427	1347	PFA1	G1	UEC-1	primary
foreman_1347_ATACCTTTCGTTCGCT	3518	10030	0.09423613881132828	1347	PFA1	S	UEC-1	primary
foreman_1347_ATAGACCCATCGTTCC	3232	8761	0.12501427103550633	1347	PFA1	S	UEC-1	primary
foreman_1347_ATAGGCTCACTTGGCG	4053	14860	0.2191264553469278	1347	PFA1	G1	UEC-1	primary
foreman_1347_ATCACGAAGTCTACCA	2009	4061	0.04112287613888205	1347	PFA1	G1	UEC-1	primary
foreman_1347_ATCAGGTTCAACACGT	3715	12364	0.16428051443824315	1347	PFA1	G1	UEC-1	primary
foreman_1347_ATCAGGTTCTTCCGTG	3821	12405	0.1252821670428894	1347	PFA1	G1	UEC-1	primary
foreman_1347_ATCGATGCAATTCTTC	3728	11449	0.15858453473132372	1347	PFA1	S	UEC-1	primary
foreman_1347_ATCGTCCGTGGCTAGA	3504	11930	0.1666387259010897	1347	PFA1	S	UEC-1	primary
foreman_1347_ATCTCTATCATGGATC	3320	10943	0.19245179566846385	1347	PFA1	S	UEC-1	primary
foreman_1347_ATCTTCAGTACCCGAC	8362	50615	0.14289666073898438	1347	PFA1	G2M	PFA-sc6	primary
foreman_1347_ATGAAAGAGGGACTGT	4130	15755	0.19390669628689305	1347	PFA1	G1	UEC-1	primary
foreman_1347_ATGAGTCCAACACTAC	3260	10432	0.1268213190184049	1347	PFA1	G1	UEC-1	primary
foreman_1347_ATGCCTCTCTCCGAAA	4156	12734	0.10062843676355067	1347	PFA1	S	UEC-1	primary
foreman_1347_ATTACCTTCTCGCTCA	7801	45781	0.04694907478207677	1347	PFA1	G1	PFA-sc6	primary
foreman_1347_ATTATCCGTATACGGG	2694	7343	0.10078997548351948	1347	PFA1	S	UEC-1	primary
foreman_1347_ATTCAGGCATAGAGGC	2667	7921	0.20035349072086858	1347	PFA1	G2M	UEC-1	primary
foreman_1347_ATTCATCGTTATTCTC	2712	7155	0.15709294199860238	1347	PFA1	G1	UEC-1	primary
foreman_1347_ATTCGTTTCAGACAAA	3786	13244	0.1474741372800725	1347	PFA1	G1	UEC-1	primary
foreman_1347_ATTCTACCAATGAGCG	3493	10767	0.19262561530602768	1347	PFA1	G1	UEC-1	primary
foreman_1347_ATTGGGTGTAGGCAGT	4523	16829	0.16818208831045345	1347	PFA1	S	UEC-1	primary
foreman_1347_ATTGGGTGTGGACAGT	2897	7965	0.1490269930947897	1347	PFA1	S	UEC-1	primary
foreman_1347_ATTGGGTGTTGCATAC	6429	29179	0.1322662462297779	1347	PFA1	S	UEC-1	primary
foreman_1347_ATTGTTCGTGTCATCA	1915	3957	0.0717896865520728	1347	PFA1	G1	UEC-1	primary
foreman_1347_CAACAACCACATTCTT	2800	7341	0.2525541479362485	1347	PFA1	G1	UEC-1	primary
foreman_1347_CAACAACGTCGCAACC	3117	9433	0.16696703063712498	1347	PFA1	G1	UEC-1	primary
foreman_1347_CAACGATCACTCCACT	2521	6617	0.14903264812575576	1347	PFA1	S	UEC-1	primary
foreman_1347_CAACGGCTCTGCCCTA	4049	14117	0.19565063398739108	1347	PFA1	G1	UEC-1	primary
foreman_1347_CAAGCTATCTCCCTAG	4492	17292	0.17228616043028164	1347	PFA1	G1	UEC-1	primary
foreman_1347_CAAGGGATCGCATTGA	4709	17333	0.1670994172292424	1347	PFA1	G1	UEC-1	primary
foreman_1347_CACCGTTTCTACGGGC	3825	13671	0.14314973301148418	1347	PFA1	G1	UEC-1	primary
foreman_1347_CACGTTCGTAGAGACC	1746	3866	0.1107087428867046	1347	PFA1	G1	UEC-1	primary
foreman_1347_CACTGAACAAAGAGTT	3720	12041	0.19250892782991447	1347	PFA1	G1	UEC-1	primary
foreman_1347_CAGATACGTGTCCATA	6006	29457	0.17972569255839219	1347	PFA1	G1	UEC-1	primary
foreman_1347_CAGCAATGTAGAGATT	3102	8297	0.06496323972520188	1347	PFA1	G1	UEC-1	primary
foreman_1347_CAGCAATGTCAAGCCC	4382	16701	0.10957427698940184	1347	PFA1	S	UEC-1	primary
foreman_1347_CAGCACGCATCTTTCA	2892	7984	0.12678526685041344	1347	PFA1	G1	UEC-1	primary
foreman_1347_CAGCGTGCATATAGCC	3762	11211	0.13569453118030153	1347	PFA1	S	UEC-1	primary
foreman_1347_CAGGCCACAGGGAATC	4888	17414	0.15781312812266698	1347	PFA1	G1	UEC-1	primary
foreman_1347_CATACCCGTCCTGTTC	6187	28095	0.13351605324980423	1347	PFA1	S	UEC-1	primary
foreman_1347_CATCCCAGTAGGTACG	2336	6798	0.10504634397528322	1347	PFA1	S	UEC-1	primary
foreman_1347_CATCGTCTCATTGCTT	3518	10348	0.24913026671820643	1347	PFA1	G1	UEC-1	primary
foreman_1347_CATGAGTCAGTGCGCT	2004	5617	0.22346866096866097	1347	PFA1	S	UEC-1	primary
foreman_1347_CATGCTCGTAACACCT	3340	9598	0.13577159529019486	1347	PFA1	S	UEC-1	primary
foreman_1347_CATGGTAAGAACCCGA	3959	13357	0.17279329190686532	1347	PFA1	S	UEC-1	primary
foreman_1347_CCACAAAAGCGCAATG	3626	13583	0.16093646469852022	1347	PFA1	G1	UEC-1	primary
foreman_1347_CCCGGAATCCACCTCA	3697	11628	0.11550700954674464	1347	PFA1	G1	UEC-1	primary
foreman_1347_CCCTCAAGTGTTCAGT	4038	12811	0.15396627108057465	1347	PFA1	S	UEC-1	primary
foreman_1347_CCCTCTCGTCCAGTTA	3917	12092	0.1515051273569302	1347	PFA1	G1	UEC-1	primary
foreman_1347_CCGGACATCTGTACAG	3828	11990	0.13302752293577982	1347	PFA1	G1	UEC-1	primary
foreman_1347_CCGGGTAAGGTAGACC	3472	11806	0.24191089276638997	1347	PFA1	G1	UEC-1	primary
foreman_1347_CCGGTAGAGCCATCCG	2396	7236	0.23023770038695412	1347	PFA1	G1	UEC-1	primary
foreman_1347_CCGTAGGAGAGGGCGA	4851	18057	0.13545993243617432	1347	PFA1	G1	UEC-1	primary
foreman_1347_CCGTGAGAGAGGGTAA	5646	24096	0.17460053953102303	1347	PFA1	S	UEC-1	primary
foreman_1347_CCGTTCAGTCCAAGAG	3932	15696	0.23426350662589196	1347	PFA1	S	UEC-1	primary
foreman_1347_CCTCAACAGGGTTAGC	2742	6377	0.07920326223337516	1347	PFA1	S	UEC-1	primary
foreman_1347_CCTCACAAGCAGTACG	2527	5662	0.04009184033910279	1347	PFA1	S	UEC-1	primary
foreman_1347_CCTCATGGTTAGCTAC	5164	19338	0.11987381703470032	1347	PFA1	G1	UEC-1	primary
foreman_1347_CCTCCAACACAGTCAT	3257	9988	0.15211295814139797	1347	PFA1	G1	UEC-1	primary
foreman_1347_CCTCCTCTCTACTGCC	2342	5656	0.12393917963224894	1347	PFA1	G1	UEC-1	primary
foreman_1347_CCTCTCCAGGTCATTC	4326	13040	0.12177914110429448	1347	PFA1	S	UEC-1	primary
foreman_1347_CCTGTTGGTGCATACT	3479	10930	0.12097364568081992	1347	PFA1	G1	UEC-1	primary
foreman_1347_CGAGTTAGTCTGATAC	2471	6499	0.11482222564260428	1347	PFA1	G1	UEC-1	primary
foreman_1347_CGATGCGCAGACGGAT	3235	10023	0.16643384553981241	1347	PFA1	S	UEC-1	primary
foreman_1347_CGGAACCAGTATGAAC	4219	15548	0.1278621044507332	1347	PFA1	G1	UEC-1	primary
foreman_1347_CGGAACCTCTTCACAT	5620	23009	0.12544008345286217	1347	PFA1	G1	UEC-1	primary
foreman_1347_CGGAATTTCTCAGTCC	4236	14501	0.12337931034482759	1347	PFA1	S	UEC-1	primary
foreman_1347_CGGCAGTAGAGTACCG	2692	8073	0.19868698129567694	1347	PFA1	G1	UEC-1	primary
foreman_1347_CGTCCATAGGCATCTT	5637	24114	0.1298938287989383	1347	PFA1	G1	UEC-1	primary
foreman_1347_CGTGATACACTGGAAG	4402	15962	0.19986216402481047	1347	PFA1	G1	UEC-1	primary
foreman_1347_CGTGTCTCAGGATGAC	2356	6355	0.23335955940204564	1347	PFA1	G1	UEC-1	primary
foreman_1347_CTAGGTATCTCTGCCA	3143	11337	0.0891848976711362	1347	PFA1	G1	UEC-1	primary
foreman_1347_CTCAAGAGTCTCGACG	3929	15134	0.21147237642083003	1347	PFA1	G2M	UEC-1	primary
foreman_1347_CTCAATTGTCGCTTGG	5050	22191	0.1704821991888238	1347	PFA1	G1	UEC-1	primary
foreman_1347_CTCAGGGCATGACGAG	3972	14591	0.20875882393256118	1347	PFA1	G1	UEC-1	primary
foreman_1347_CTCAGTCAGTGGTCAG	3794	12733	0.12055289405481819	1347	PFA1	G1	UEC-1	primary
foreman_1347_CTCATCGCAGGTGTGA	3780	12479	0.09632953999038307	1347	PFA1	G1	UEC-1	primary
foreman_1347_CTCATGCGTGGGAGAG	1320	2863	0.26039846207619716	1347	PFA1	S	UEC-1	primary
foreman_1347_CTCCCTCCAGGCATTT	1837	3668	0.05179934569247546	1347	PFA1	S	UEC-1	primary
foreman_1347_CTCCTTTTCAGCTGAT	3081	8761	0.14484647871247575	1347	PFA1	S	UEC-1	primary
foreman_1347_CTGAATGAGGGAGGGT	2683	7882	0.21111393047449886	1347	PFA1	G1	UEC-1	primary
foreman_1347_CTGAGCGAGAGAGCGG	2908	7400	0.08527027027027027	1347	PFA1	S	UEC-1	primary
foreman_1347_CTGCATCCACGGCACT	6012	27236	0.18719247998824998	1347	PFA1	S	UEC-1	primary
foreman_1347_CTGCGAGAGTGTACAA	3868	12544	0.11846301020408163	1347	PFA1	S	UEC-1	primary
foreman_1347_CTGCTCAAGCTGGCTC	2811	7318	0.08719420527538609	1347	PFA1	S	UEC-1	primary
foreman_1347_CTTCAATGTAGGCAAC	3262	11069	0.1697840426493178	1347	PFA1	G1	UEC-1	primary
foreman_1347_CTTCCGAGTTAATGAG	2971	8029	0.08993522670652715	1347	PFA1	G1	UEC-1	primary
foreman_1347_CTTCCTTAGATGCTGG	1861	4090	0.12200488997555012	1347	PFA1	G1	UEC-1	primary
foreman_1347_CTTCCTTAGGGAGAAT	4619	17287	0.13549320219843794	1347	PFA1	G1	UEC-1	primary
foreman_1347_CTTCCTTGTTGCGTAT	4904	17755	0.12460567823343849	1347	PFA1	S	UEC-1	primary
foreman_1347_CTTGATTCACTTGACA	4513	16142	0.10605872878205923	1347	PFA1	S	UEC-1	primary
foreman_1347_GAAACCTCATGGAGAC	4381	15957	0.15141639508648785	1347	PFA1	S	UEC-1	primary
foreman_1347_GAACACTGTAGGAGTC	1642	3744	0.2016559829059829	1347	PFA1	G1	UEC-1	primary
foreman_1347_GAAGGGTGTGTGAGCA	4816	17166	0.16184095543256627	1347	PFA1	G1	UEC-1	primary
foreman_1347_GAAGTAACAACACGTT	3940	14655	0.18459123788726628	1347	PFA1	G1	UEC-1	primary
foreman_1347_GAATAGACAGCATACT	4444	15055	0.16150677650810524	1347	PFA1	G1	UEC-1	primary
foreman_1347_GAATCACTCCCGAACG	3200	10453	0.15756242227111833	1347	PFA1	G1	UEC-1	primary
foreman_1347_GACTCAATCCCGAGGT	3030	7961	0.12652343259203416	1347	PFA1	G1	UEC-1	primary
foreman_1347_GACTGATAGACATCAA	3387	9971	0.22026078234704113	1347	PFA1	G1	UEC-1	primary
foreman_1347_GAGATGGGTCGAAGCA	4404	15878	0.16418944451442247	1347	PFA1	G1	UEC-1	primary
foreman_1347_GAGTTACCAGGCCTGT	6134	26729	0.09657623947614594	1347	PFA1	G1	UEC-1	primary
foreman_1347_GAGTTACTCCATTTCA	4418	16094	0.11327202684230148	1347	PFA1	G1	UEC-1	primary
foreman_1347_GAGTTGTTCCAGCAAT	953	1651	0.22073984232868404	1347	PFA1	G2M	UEC-1	primary
foreman_1347_GATCATGGTCAGGTAG	2849	8254	0.07547855585170826	1347	PFA1	G1	UEC-1	primary
foreman_1347_GATTCGATCAAGTCTG	2707	7898	0.1278804760698911	1347	PFA1	G1	UEC-1	primary
foreman_1347_GATTCTTTCTTCGACC	3241	9628	0.18363107602825093	1347	PFA1	G1	UEC-1	primary
foreman_1347_GATTTCTGTCGTGATT	3375	10253	0.0848532136935531	1347	PFA1	G1	UEC-1	primary
foreman_1347_GATTTCTGTTGTAGCT	2385	5374	0.22962411611462596	1347	PFA1	G1	UEC-1	primary
foreman_1347_GCAACATAGATGCTGG	2199	6731	0.23610698365527488	1347	PFA1	G1	UEC-1	primary
foreman_1347_GCACGTGGTCTACGAT	4374	18822	0.2844845908607864	1347	PFA1	G1	UEC-1	primary
foreman_1347_GCAGCTGAGTTGGGAC	3161	10270	0.10303856641994547	1347	PFA1	S	UEC-1	primary
foreman_1347_GCAGCTGTCTAGACAC	7680	43055	0.13060646180289412	1347	PFA1	S	UEC-1	primary
foreman_1347_GCATTAGTCGCGCCAA	5080	21104	0.12992797573919637	1347	PFA1	G1	UEC-1	primary
foreman_1347_GCCATTCTCCTCCACA	4873	16955	0.15400495458298927	1347	PFA1	G1	UEC-1	primary
foreman_1347_GCCATTCTCGGAATTC	5100	22154	0.15712738105985374	1347	PFA1	G1	UEC-1	primary
foreman_1347_GCGTGCAAGAAGCTGC	1853	4590	0.0934640522875817	1347	PFA1	G1	UEC-1	primary
foreman_1347_GCGTTTCAGACGAAGA	7909	51947	0.17624071150810458	1347	PFA1	S	PFA-sc6	primary
foreman_1347_GCTACAAGTTGCATAC	5985	26947	0.10751929928741093	1347	PFA1	G1	UEC-1	primary
foreman_1347_GCTACAATCTGAGCAT	2083	4666	0.1133733390484355	1347	PFA1	G2M	UEC-1	primary
foreman_1347_GGAAGTGTCCGCACTT	3107	9842	0.10171730515191546	1347	PFA1	G1	UEC-1	primary
foreman_1347_GGAATCTCAAATGAAC	2181	5813	0.20901427834164804	1347	PFA1	G1	UEC-1	primary
foreman_1347_GGCGTCAAGAGCAGCT	3252	9940	0.20698329643791508	1347	PFA1	G1	UEC-1	primary
foreman_1347_GGCTTGGTCAGCACCG	2975	8161	0.13907609361597845	1347	PFA1	G1	UEC-1	primary
foreman_1347_GGCTTTCAGTCATGCT	3861	14328	0.14454215522054717	1347	PFA1	G1	UEC-1	primary
foreman_1347_GGGATCCTCAGGTGTT	3779	10844	0.2199372925119882	1347	PFA1	G1	UEC-1	primary
foreman_1347_GGGATGAGTACCCACG	823	1582	0.1706700379266751	1347	PFA1	S	UEC-1	primary
foreman_1347_GGGATGATCCCATTTA	6289	29483	0.17390272030391427	1347	PFA1	G1	UEC-1	primary
foreman_1347_GGGCCATAGCAGAAAG	2886	7766	0.20821529745042494	1347	PFA1	S	UEC-1	primary
foreman_1347_GGGCGTTAGAAGAACG	2756	7360	0.2326086956521739	1347	PFA1	G1	UEC-1	primary
foreman_1347_GGGTCACGTTAGCTAC	3786	14096	0.21835981838819524	1347	PFA1	G1	UEC-1	primary
foreman_1347_GGGTCTGGTCATAACC	3156	8760	0.1193058568329718	1347	PFA1	S	UEC-1	primary
foreman_1347_GGTAGAGCACAATGCT	2923	9078	0.2018065653227583	1347	PFA1	S	UEC-1	primary
foreman_1347_GGTGGCTAGCAATAAC	5731	26525	0.2011762931684512	1347	PFA1	S	UEC-1	primary
foreman_1347_GGTGGCTGTCATTGCA	2821	8696	0.155757506039342	1347	PFA1	G1	UEC-1	primary
foreman_1347_GGTGTTAAGTCACACT	4321	13678	0.13298727884193595	1347	PFA1	G1	UEC-1	primary
foreman_1347_GTAGGTTGTTATAGAG	1890	4237	0.2556053811659193	1347	PFA1	G1	UEC-1	primary
foreman_1347_GTATTGGCAGGCGATA	3437	10053	0.14970655525713716	1347	PFA1	S	UEC-1	primary
foreman_1347_GTCAAACAGCCTCTTC	4914	16040	0.14271463308186297	1347	PFA1	G1	UEC-1	primary
foreman_1347_GTCAAACCAGACCTGC	2543	6452	0.11779293242405456	1347	PFA1	G1	UEC-1	primary
foreman_1347_GTCAAGTTCGGAATGG	4991	18424	0.15405493431766365	1347	PFA1	G1	UEC-1	primary
foreman_1347_GTCATCCTCTGCATGA	6442	30949	0.11936922380921605	1347	PFA1	G1	UEC-1	primary
foreman_1347_GTCATGAGTTTGGAGG	3191	8918	0.23808455758663227	1347	PFA1	G1	UEC-1	primary
foreman_1347_GTCATGATCTCATAGG	2611	6618	0.12299788455726805	1347	PFA1	G1	UEC-1	primary
foreman_1347_GTCATTTAGGGTGAGG	1699	3620	0.16132596685082873	1347	PFA1	G1	UEC-1	primary
foreman_1347_GTCATTTTCTGGAGAG	4965	19832	0.22762341788109525	1347	PFA1	G1	UEC-1	primary
foreman_1347_GTCCTCACATGGGCAA	3206	7752	0.1109391124871001	1347	PFA1	S	UEC-1	primary
foreman_1347_GTCCTCAGTAACGATA	3281	11043	0.12063032059409527	1347	PFA1	G1	UEC-1	primary
foreman_1347_GTCTAGAAGCAATTCC	3572	12179	0.1695680735752997	1347	PFA1	G1	UEC-1	primary
foreman_1347_GTCTAGAGTGTGACCC	4700	17403	0.10408045977011494	1347	PFA1	G1	UEC-1	primary
foreman_1347_GTCTCACAGCAGCAGT	2924	8612	0.15466790524849047	1347	PFA1	G1	UEC-1	primary
foreman_1347_GTCTTTACAGGACGAT	3452	11487	0.16479498563593628	1347	PFA1	G1	UEC-1	primary
foreman_1347_GTGAGGAGTGCATCTA	2735	7563	0.09546476266031997	1347	PFA1	G1	UEC-1	primary
foreman_1347_GTGATGTGTTTCTATC	2183	5571	0.13767725722491475	1347	PFA1	G1	UEC-1	primary
foreman_1347_GTGCTGGAGGCTCTAT	3344	9293	0.17400193694178415	1347	PFA1	G1	UEC-1	primary
foreman_1347_GTTACAGCACTAACGT	4549	18198	0.17320584679635126	1347	PFA1	G1	UEC-1	primary
foreman_1347_GTTACCCTCCTTCTGG	2904	7966	0.18581293157564344	1347	PFA1	G1	UEC-1	primary
foreman_1347_GTTAGTGGTGTTCGTA	4106	14628	0.14781895255025299	1347	PFA1	G1	UEC-1	primary
foreman_1347_GTTCTATGTGAGTAAT	4198	16077	0.21770230764446102	1347	PFA1	G2M	UEC-1	primary
foreman_1347_GTTCTATGTTGGGTAG	3988	13449	0.16856271841772622	1347	PFA1	G1	UEC-1	primary
foreman_1347_GTTGCTCTCTATCACT	4719	16857	0.15969626861244587	1347	PFA1	G1	UEC-1	primary
foreman_1347_GTTGTAGAGTGGAATT	2755	8149	0.2801914580265096	1347	PFA1	S	UEC-1	primary
foreman_1347_GTTGTAGTCGCTTGAA	4041	14511	0.18723726827923645	1347	PFA1	G1	UEC-1	primary
foreman_1347_GTTGTGAAGAAAGCGA	4129	12116	0.2116384647131655	1347	PFA1	S	UEC-1	primary
foreman_1347_GTTTGGACACCCTCTA	2192	4851	0.15976087404658834	1347	PFA1	G2M	UEC-1	primary
foreman_1347_TAACTTCCACACCTAA	4227	12913	0.12731355997831642	1347	PFA1	G1	UEC-1	primary
foreman_1347_TAAGCACCATCATCTT	2604	6955	0.19194823867721064	1347	PFA1	G1	UEC-1	primary
foreman_1347_TAAGCGTAGTAGCTCT	3889	12975	0.1734237706181594	1347	PFA1	G1	UEC-1	primary
foreman_1347_TAAGTCGCACAGCTTA	3698	13571	0.23476530837815932	1347	PFA1	G1	UEC-1	primary
foreman_1347_TACAACGGTCTATGAC	3613	11951	0.12492678436950883	1347	PFA1	G1	UEC-1	primary
foreman_1347_TACCGGGCAGGACATG	6157	23928	0.14645155897350162	1347	PFA1	G1	UEC-1	primary
foreman_1347_TACCGGGGTAGTACGG	2912	8874	0.24673128944995493	1347	PFA1	S	UEC-1	primary
foreman_1347_TACCTCGAGGTTTACC	2665	7220	0.20667682504502008	1347	PFA1	S	UEC-1	primary
foreman_1347_TACCTGCTCTCCTACG	6406	31696	0.1615712257453857	1347	PFA1	G1	UEC-1	primary
foreman_1347_TACGGGCAGCTGACTT	4227	16157	0.18618469918296607	1347	PFA1	G1	UEC-1	primary
foreman_1347_TACGGTATCGCTAATG	4121	15096	0.1332803391626921	1347	PFA1	G1	UEC-1	primary
foreman_1347_TACGTCCCAGTGACCC	4450	16545	0.11285740192226319	1347	PFA1	G1	UEC-1	primary
foreman_1347_TAGACCAGTGAGAGGG	2078	5304	0.19230769230769232	1347	PFA1	G1	UEC-1	primary
foreman_1347_TAGCACACAAATGGAT	939	1870	0.016577540106951873	1347	PFA1	G1	UEC-1	primary
foreman_1347_TAGGGTTGTTGAGTCT	2923	9325	0.19380094380094381	1347	PFA1	G1	UEC-1	primary
foreman_1347_TAGGTTGAGCCGAACA	3583	11354	0.18381187246785274	1347	PFA1	S	UEC-1	primary
foreman_1347_TATACCTTCTAACGGT	3277	12143	0.27878438478010215	1347	PFA1	G1	UEC-1	primary
foreman_1347_TATCTGTGTCTAGATC	5146	18965	0.13593461639862905	1347	PFA1	G1	UEC-1	primary
foreman_1347_TATGTTCTCATCGCCT	3432	10490	0.1642673276766136	1347	PFA1	G2M	UEC-1	primary
foreman_1347_TCAAGACTCACAAGGG	5663	29072	0.2990265212754979	1347	PFA1	G1	UEC-1	primary
foreman_1347_TCAAGTGGTAGTCTGT	3039	8051	0.1022233262948702	1347	PFA1	S	UEC-1	primary
foreman_1347_TCAATCTTCTCTCTTC	2807	7553	0.13466631355932204	1347	PFA1	G2M	UEC-1	primary
foreman_1347_TCACGCTCACGTCTCT	3360	10503	0.13653241930876892	1347	PFA1	S	UEC-1	primary
foreman_1347_TCACGGGAGCGTATGG	4684	19397	0.1777594473372171	1347	PFA1	S	UEC-1	primary
foreman_1347_TCACTATAGGGCCTCT	3468	9976	0.15487169206094628	1347	PFA1	G1	UEC-1	primary
foreman_1347_TCACTATGTGGGAGAG	3134	9983	0.14895322047480716	1347	PFA1	S	UEC-1	primary
foreman_1347_TCACTCGCACACCGCA	4969	18959	0.17189725196476607	1347	PFA1	G1	UEC-1	primary
foreman_1347_TCAGCAATCCTACGGG	5531	23068	0.13574091736755398	1347	PFA1	G1	UEC-1	primary
foreman_1347_TCAGGTATCTTTCTAG	3598	11406	0.15597054182009468	1347	PFA1	G1	UEC-1	primary
foreman_1347_TCAGTGAAGGCTGTAG	3165	9247	0.1104141883854223	1347	PFA1	G1	UEC-1	primary
foreman_1347_TCAGTGAAGGGTTTCT	3395	10138	0.12773722627737227	1347	PFA1	S	UEC-1	primary
foreman_1347_TCAGTTTAGTAAATGC	3326	9169	0.09270367542807285	1347	PFA1	S	UEC-1	primary
foreman_1347_TCATACTAGAAGTCCG	4545	15645	0.19533397251518056	1347	PFA1	S	UEC-1	primary
foreman_1347_TCATACTTCGAGCTGC	4728	18281	0.17364188412932874	1347	PFA1	S	UEC-1	primary
foreman_1347_TCATCATTCGAGCCTG	4168	15480	0.16919697654887267	1347	PFA1	G1	UEC-1	primary
foreman_1347_TCATGAGGTGTTACAC	5470	21813	0.1884655939118874	1347	PFA1	G1	UEC-1	primary
foreman_1347_TCATTCAGTCTCAAGT	3466	9810	0.1507645259938838	1347	PFA1	G1	UEC-1	primary
foreman_1347_TCCAGAAGTGGATTTC	2585	7489	0.09427159834423822	1347	PFA1	G1	UEC-1	primary
foreman_1347_TCCCATGCACGCTGTG	6055	32899	0.18803574685391208	1347	PFA1	G1	UEC-1	primary
foreman_1347_TCCCATGCAGGAAGTC	6569	33526	0.11812432883904068	1347	PFA1	S	UEC-1	primary
foreman_1347_TCCGGGAGTCTCGGGT	2989	9403	0.17047750717856003	1347	PFA1	S	UEC-1	primary
foreman_1347_TCCTCGACACTAGTAC	2330	6165	0.16758598312783907	1347	PFA1	S	UEC-1	primary
foreman_1347_TCCTCGACATTGCCTC	3249	8280	0.07741545893719806	1347	PFA1	G2M	UEC-1	primary
foreman_1347_TCCTCTTGTTATCCAG	3528	10916	0.17775334432838555	1347	PFA1	G1	UEC-1	primary
foreman_1347_TCCTTCTGTAGTGTGG	2902	8471	0.15889505371266674	1347	PFA1	G1	UEC-1	primary
foreman_1347_TCCTTTCTCGGTAGGA	4959	17640	0.20959238052043766	1347	PFA1	S	UEC-1	primary
foreman_1347_TCGAACATCAGGGATG	2660	7855	0.1522597071928708	1347	PFA1	G1	UEC-1	primary
foreman_1347_TCGAAGTCAGCGATTT	3152	9186	0.12910951447855432	1347	PFA1	G1	UEC-1	primary
foreman_1347_TCGACGGGTTTACGAC	3031	8581	0.16198578254282717	1347	PFA1	G1	UEC-1	primary
foreman_1347_TCGCTCAGTGACAACG	2422	6902	0.23442480440452043	1347	PFA1	G1	UEC-1	primary
foreman_1347_TCGCTTGGTCTAACTG	4062	13668	0.14054726368159204	1347	PFA1	G1	UEC-1	primary
foreman_1347_TCGGATATCCAGTTCC	3064	8269	0.09990324141267537	1347	PFA1	G1	UEC-1	primary
foreman_1347_TCGTGCTAGGTAATCA	3743	10895	0.11344653510784763	1347	PFA1	S	UEC-1	primary
foreman_1347_TCGTGGGTCTAGAACC	782	1221	0.09336609336609336	1347	PFA1	G2M	UEC-1	primary
foreman_1347_TCTAACTGTCGCATCG	4727	16821	0.1592057547113727	1347	PFA1	S	UEC-1	primary
foreman_1347_TCTACATTCAGTCAGT	3723	11773	0.16192337099651685	1347	PFA1	G1	UEC-1	primary
foreman_1347_TCTCACGTCGGCGATC	6350	26719	0.05551396271617878	1347	PFA1	G1	UEC-1	primary
foreman_1347_TCTCAGCTCTTACACT	4547	16163	0.10159005135185299	1347	PFA1	G1	UEC-1	primary
foreman_1347_TCTCTGGCACTAGTAC	1767	4087	0.12677435144395496	1347	PFA1	G1	UEC-1	primary
foreman_1347_TCTGGCTGTGGCCTCA	3474	11358	0.14756119035041382	1347	PFA1	S	UEC-1	primary
foreman_1347_TCTGTCGGTATGCTAC	2687	7961	0.14972993342544907	1347	PFA1	G1	UEC-1	primary
foreman_1347_TCTGTCGTCACGAGGA	1841	4320	0.17295670294049548	1347	PFA1	G1	UEC-1	primary
foreman_1347_TGAATCGAGCTCGTGC	3172	10343	0.19095040123755197	1347	PFA1	S	UEC-1	primary
foreman_1347_TGACGCGTCGGACCAC	4335	16287	0.12820040523116596	1347	PFA1	G1	UEC-1	primary
foreman_1347_TGATTCTAGGACAAGA	1869	4463	0.20640968175705962	1347	PFA1	S	UEC-1	primary
foreman_1347_TGCATGAGTGAGATTA	3309	10703	0.17658600392413343	1347	PFA1	G1	UEC-1	primary
foreman_1347_TGCGATAGTACGAAAT	902	1609	0.2543532338308458	1347	PFA1	S	UEC-1	primary
foreman_1347_TGCTGAAAGACGCAGT	3438	14058	0.2908159635768656	1347	PFA1	S	UEC-1	primary
foreman_1347_TGGAGAGCAATCTCTT	8412	57284	0.1359565665206082	1347	PFA1	G1	UEC-1	primary
foreman_1347_TGGATGTAGCGCTTCG	4922	18809	0.16844791832828201	1347	PFA1	S	UEC-1	primary
foreman_1347_TGGGATTAGGGTTAGC	3958	13056	0.12997855392156862	1347	PFA1	S	UEC-1	primary
foreman_1347_TGTAGACCACAATTCG	4052	13839	0.12052893995230869	1347	PFA1	G1	UEC-1	primary
foreman_1347_TGTGTGAGTCACTCTC	3048	9884	0.16643059490084985	1347	PFA1	G1	UEC-1	primary
foreman_1347_TGTTCCGGTGTTCGTA	3409	10138	0.12260800946932333	1347	PFA1	G1	UEC-1	primary
foreman_1347_TTACGTTGTGTGAGCA	3499	11044	0.15700833031510322	1347	PFA1	G1	UEC-1	primary
foreman_1347_TTAGGGTTCACACCCT	2634	7351	0.2156756021227378	1347	PFA1	G1	UEC-1	primary
foreman_1347_TTATTGCAGACGCAGT	3341	10125	0.07497036744369814	1347	PFA1	G1	UEC-1	primary
foreman_1347_TTCAATCCATCCGGCA	3696	11475	0.06056644880174292	1347	PFA1	G1	UEC-1	primary
foreman_1347_TTCATTGAGTACAGCG	2868	8203	0.1633548701694502	1347	PFA1	G1	UEC-1	primary
foreman_1347_TTCCGGTAGATGGCGT	7812	46619	0.14872256901988545	1347	PFA1	G1	UEC-1	primary
foreman_1347_TTCCGTGTCACTCGAA	4424	17493	0.18168305511090785	1347	PFA1	G1	UEC-1	primary
foreman_1347_TTCGATTTCTCTGCTG	3607	10883	0.14490489754663236	1347	PFA1	S	UEC-1	primary
foreman_1347_TTCTAACCACCTTCCA	4223	14731	0.18444097481501595	1347	PFA1	G1	UEC-1	primary
foreman_1347_TTCTTCCCATTGCAAC	2848	7682	0.1612861234053632	1347	PFA1	G1	UEC-1	primary
foreman_1347_TTGCGTCCATCTAACG	3134	8059	0.19270380940563345	1347	PFA1	S	UEC-1	primary
foreman_1347_TTGCGTCTCGTTACCC	3373	9282	0.06108597285067873	1347	PFA1	S	UEC-1	primary
foreman_1347_TTGGGCGGTTCCAAAC	2803	8727	0.2066002062564455	1347	PFA1	G1	UEC-1	primary
foreman_1347_TTGGTTTGTTCCGTTC	3162	8979	0.11593718676912797	1347	PFA1	G2M	UEC-1	primary
foreman_1347_TTGTGTTTCCCTTGTG	2573	6910	0.2182344428364689	1347	PFA1	S	UEC-1	primary
foreman_1347_TTGTTGTCATCTTCGC	3505	9890	0.10141557128412539	1347	PFA1	G1	UEC-1	primary
foreman_1347_TTTCATGCACAGTCGC	4274	16213	0.12533152408561032	1347	PFA1	G1	UEC-1	primary
foreman_1347_TTTGTTGCATACAGCT	3947	11990	0.16559606240093436	1347	PFA1	S	UEC-1	primary
foreman_1347_TTTGTTGGTGACACAG	3525	11285	0.2010811768876285	1347	PFA1	G1	UEC-1	primary
foreman_1347_ACTTATCGTTTATGCG	998	1459	0.037011651816312545	1347	PFA1	S	UEC-1	primary
foreman_1347_CACGTTCAGGACGGAG	638	1148	0.003484320557491289	1347	PFA1	S	UEC-1	primary
foreman_1347_CCGAACGCACAGACGA	1619	5017	0.12577237392864263	1347	PFA1	G1	UEC-1	primary
foreman_1347_TACGCTCAGACTCTAC	1335	3580	0.2511173184357542	1347	PFA1	G2M	UEC-1	primary
foreman_1347_ACAGCCGCAGTACTAC	1874	4587	0.2077610638761718	1347	PFA1	G1	UEC-1	primary
foreman_1347_ACGGGTCAGCCTTTCC	3381	12135	0.09451998351874742	1347	PFA1	G1	UEC-1	primary
foreman_1347_AGCGCCATCCGTCACT	2294	5748	0.22633959638135004	1347	PFA1	S	UEC-1	primary
foreman_1347_AGTTCGACAGCTGCCA	2292	6344	0.14094277155919913	1347	PFA1	G1	UEC-1	primary
foreman_1347_CAACAGTCACTCCACT	5308	20630	0.1247697527872031	1347	PFA1	G1	UEC-1	primary
foreman_1347_CATGCCTCAGCACACC	6780	34885	0.09809936072012154	1347	PFA1	G1	UEC-1	primary
foreman_1347_CCACTTGGTCTTGGTA	2389	5621	0.07028469750889679	1347	PFA1	G1	UEC-1	primary
foreman_1347_CGATGGCTCACCATAG	2000	5088	0.057979559748427674	1347	PFA1	G1	UEC-1	primary
foreman_1347_CTAAGTGCACCCTATC	3739	12671	0.13203377791808066	1347	PFA1	G1	UEC-1	primary
foreman_1347_CTGTCGTAGCATAGGC	1301	2648	0.2194108761329305	1347	PFA1	G1	UEC-1	primary
foreman_1347_GACCCTTCAGGTTCCG	2589	7094	0.13123766563292924	1347	PFA1	S	UEC-1	primary
foreman_1347_GACTATGTCAAACCCA	3315	9035	0.11037307649728773	1347	PFA1	S	UEC-1	primary
foreman_1347_GAGGCAAAGAGTCGAC	2964	9236	0.11640498105035192	1347	PFA1	G1	UEC-1	primary
foreman_1347_GAGTTACTCTCAGTCC	3083	9763	0.10398524741317489	1347	PFA1	G1	UEC-1	primary
foreman_1347_GGGATCCGTGTACGCC	392	506	0.06719367588932806	1347	PFA1	G1	UEC-1	primary
foreman_1347_GTCACTCTCTTGTTAC	2588	6997	0.21283590623213264	1347	PFA1	G1	UEC-1	primary
foreman_1347_TCCTCCCCAGCACCCA	7155	35308	0.13094833446634943	1347	PFA1	G1	UEC-1	primary
foreman_1347_TTAGGGTAGGGAGTTC	3455	10607	0.041014520082971906	1347	PFA1	G1	UEC-1	primary
foreman_1347_ACCCAAAGTACGACTT	2399	7102	0.2618980568853844	1347	PFA1	G1	UEC-1	primary
foreman_1347_ATCCCTGCACTGGAAG	3414	12361	0.1884304207119741	1347	PFA1	S	UEC-1	primary
foreman_1347_ATCCCTGTCCACGTAA	1849	5705	0.1600350569675723	1347	PFA1	G1	UEC-1	primary
foreman_1347_ATCTTCATCTCACGAA	3820	14451	0.2739792387543253	1347	PFA1	G1	UEC-1	primary
foreman_1347_CCATCACAGGTTGAGC	4066	15320	0.2873368146214099	1347	PFA1	G1	UEC-1	primary
foreman_1347_CCTAACCAGACCTTTG	3383	11869	0.16759352881698686	1347	PFA1	G1	UEC-1	primary
foreman_1347_CGTCAAATCAAGCTGT	4096	16197	0.26105211163250186	1347	PFA1	S	UEC-1	primary
foreman_1347_GGCTGTGAGCGACATG	4063	14800	0.16905405405405405	1347	PFA1	S	UEC-1	primary
foreman_1347_GTAGAGGCAGCGACAA	4143	15461	0.1761205614125865	1347	PFA1	G2M	UEC-1	primary
foreman_1347_GTAGAGGTCCGTTGGG	2202	6648	0.2686522262334537	1347	PFA1	G1	UEC-1	primary
foreman_1347_GTCATCCCATCTCCCA	1994	6309	0.21017593913456967	1347	PFA1	G1	UEC-1	primary
foreman_1347_GTGTAACTCGATGCAT	3916	15102	0.18429243096483677	1347	PFA1	S	UEC-1	primary
foreman_1347_GTTGTCCGTGTTCAGT	4938	19562	0.22615274511808608	1347	PFA1	S	UEC-1	primary
foreman_1347_TACCGAAGTCCTGGGT	2161	6200	0.13370967741935483	1347	PFA1	S	UEC-1	primary
foreman_1347_TCGCTCAAGCGTCAAG	4931	19656	0.15323565323565325	1347	PFA1	G1	UEC-1	primary
foreman_1347_TTAGGGTCAGCGTTGC	3125	10465	0.21433349259436216	1347	PFA1	G1	UEC-1	primary
foreman_1347_TTGGGCGCAACGTATC	3933	15614	0.23409978863767372	1347	PFA1	G1	UEC-1	primary
foreman_1347_AGTAACCAGTACCCTA	5158	20541	0.22418577479187965	1347	PFA1	S	UEC-1	primary
foreman_1347_CAGTGCGAGCTGTGCC	4401	13653	0.12555856713793861	1347	PFA1	G1	UEC-1	primary
foreman_1347_CATTGCCGTACACTCA	6532	32884	0.2021105130310495	1347	PFA1	G1	UEC-1	primary
foreman_1239_AGCAGCCCAGCTCCGA	3594	10765	0.05240174672489083	1239	PFA1	G1	TEC	primary
foreman_1239_CATATTCCAACGATGG	1421	2526	0.0502970297029703	1239	PFA1	G1	TEC	primary
foreman_1239_CCTATTAGTTTGTGTG	1997	4594	0.038972349227084695	1239	PFA1	S	TEC	primary
foreman_1239_CGCGGTATCTTTCCTC	712	1136	0.15404929577464788	1239	PFA1	G1	TEC	primary
foreman_1239_GGAAAGCCAGGACGTA	2484	6359	0.01163704985060544	1239	PFA1	G1	TEC	primary
foreman_1239_GTTCATTGTAGCAAAT	2073	5006	0.04694366759888134	1239	PFA1	G1	TEC	primary
foreman_1239_TCTGGAATCAAAGACA	1395	2623	0.0686760778328882	1239	PFA1	G1	TEC	primary
foreman_723_ACAGCTACACACATGT	1901	4259	0.10122123062470643	723	PFA1	G1	TEC	primary
foreman_723_AGGGTGAGTTCCCTTG	1302	2491	0.14773183460457648	723	PFA1	S	TEC	primary
foreman_723_ATAACGCGTAGGCTGA	1051	1653	0.07384987893462469	723	PFA1	S	TEC	primary
foreman_723_ATCATGGCATCGGAAG	2515	5927	0.0440357685169563	723	PFA1	G1	TEC	primary
foreman_723_CGATGGCGTGGCGAAT	1377	2417	0.0244104261481175	723	PFA1	G1	TEC	primary
foreman_723_CGATTGACATCTCCCA	782	1699	0.18952324896998235	723	PFA1	G2M	TEC	primary
foreman_723_CGGACTGAGGATTCGG	1898	4257	0.04182330827067669	723	PFA1	G2M	TEC	primary
foreman_723_CTCACACGTGTGTGCC	821	1244	0.04421221864951769	723	PFA1	S	TEC	primary
foreman_723_CTCGAAAAGTCATCCA	1510	3016	0.05537135278514589	723	PFA1	G1	TEC	primary
foreman_723_CTTAGGACAATGGAGC	1130	2033	0.06794682422451995	723	PFA1	G1	TEC	primary
foreman_723_GCTGCGATCTTGCAAG	2585	6497	0.028012929044174233	723	PFA1	G1	TEC	primary
foreman_723_GTGCATAAGGTGATAT	3317	9271	0.18457389428263216	723	PFA1	G1	TEC	primary
foreman_723_TAGACCATCTTGCAAG	877	1882	0.20191285866099895	723	PFA1	G1	TEC	primary
foreman_723_TCGCGAGAGCCTCGTG	971	1936	0.18388429752066116	723	PFA1	G1	TEC	primary
foreman_723_TGCTACCAGATGCCTT	1524	2890	0.052941176470588235	723	PFA1	S	TEC	primary
foreman_723_AACCATGTCTCGCATC	2265	5079	0.034258712344949795	723	PFA1	S	TEC	primary
foreman_723_AAGCCGCCACAGGTTT	3488	9412	0.0624734381640459	723	PFA1	G1	TEC	primary
foreman_723_GGTGTTATCGCTTAGA	1823	3671	0.15608825932988288	723	PFA1	G1	TEC	primary
foreman_723_GTCTTCGAGTGTCTCA	1332	2423	0.07139909203466777	723	PFA1	G1	TEC	primary
foreman_723_TACTTGTAGGCCCTCA	1847	3743	0.08495858936681806	723	PFA1	G1	TEC	primary
foreman_727_AGTAGTCGTTCCACAA	481	917	0.28789531079607417	727	PFA2	S	TEC	primary
foreman_727_AGTGGGACAAGGTTTC	1195	2511	0.13699721226602948	727	PFA2	S	TEC	primary
foreman_727_ATAAGAGTCACTCTTA	1594	3300	0.1087878787878788	727	PFA2	G1	TEC	primary
foreman_727_ATCCACCGTTCAGCGC	954	1398	0.05507868383404864	727	PFA2	G1	TEC	primary
foreman_727_ATCCACCTCTATCGCC	3026	8521	0.04906679187698087	727	PFA2	G1	TEC	primary
foreman_727_ATCTGCCGTACATGTC	4279	14958	0.029616258858136114	727	PFA2	S	TEC	primary
foreman_727_ATGCGATTCTTGGGTA	2111	4557	0.05332455562870309	727	PFA2	G1	TEC	primary
foreman_727_ATTGGTGAGCGGCTTC	2306	4797	0.07462997706900146	727	PFA2	G1	TEC	primary
foreman_727_CACAAACCAAGTAGTA	1879	4632	0.06303972366148532	727	PFA2	G1	TEC	primary
foreman_727_CACAAACCAATGGACG	558	1111	0.2502250225022502	727	PFA2	G1	TEC	primary
foreman_727_CACTCCAAGAGACGAA	1657	4029	0.09456440804169769	727	PFA2	G1	TEC	primary
foreman_727_CATCGGGAGAAGCCCA	2008	4755	0.12828601472134596	727	PFA2	G1	TEC	primary
foreman_727_CATGACATCTGACCTC	1204	2802	0.06531049250535331	727	PFA2	G1	TEC	primary
foreman_727_CCGTACTCAGACACTT	1868	4556	0.09923161361141603	727	PFA2	G1	TEC	primary
foreman_727_CGCCAAGTCGACCAGC	1133	2424	0.06806930693069307	727	PFA2	G1	TEC	primary
foreman_727_CGTCCATTCCGCATAA	1378	2918	0.157642220699109	727	PFA2	G1	TEC	primary
foreman_727_CTGAAGTAGTGTCCAT	1296	2320	0.06637931034482758	727	PFA2	S	TEC	primary
foreman_727_CTGATAGGTGTTAAGA	1970	4011	0.07930174563591022	727	PFA2	G2M	TEC	primary
foreman_727_GATCGTAGTTCAGTAC	2525	5945	0.06627417998317914	727	PFA2	S	TEC	primary
foreman_727_GCAATCAAGCGTAATA	728	1414	0.24769992922859166	727	PFA2	G1	TEC	primary
foreman_727_GTTAAGCTCGTGTAGT	1628	3252	0.06303813038130382	727	PFA2	G1	TEC	primary
foreman_727_TAAGTGCAGGCGACAT	1607	3946	0.10821084642676128	727	PFA2	G1	TEC	primary
foreman_727_TAGAGCTGTCAGTGGA	849	1505	0.1840531561461794	727	PFA2	G2M	TEC	primary
foreman_727_TAGCCGGTCTTCGAGA	871	1681	0.07555026769779893	727	PFA2	G1	TEC	primary
foreman_727_TATCTCATCTGATTCT	1656	3755	0.0892619237942979	727	PFA2	G1	TEC	primary
foreman_727_TCAGATGCATTGGGCC	1146	2947	0.11846571622539036	727	PFA2	G2M	TEC	primary
foreman_727_TCAGCAAAGTTAACGA	1254	2672	0.04752994011976048	727	PFA2	G1	TEC	primary
foreman_727_TCAGGATGTGCTCTTC	1528	3702	0.15937331172339275	727	PFA2	G1	TEC	primary
foreman_727_TCGAGGCGTGAAGGCT	3457	10866	0.049144119271120924	727	PFA2	G1	TEC	primary
foreman_727_TCGGTAACACCAGATT	1216	2685	0.11992551210428305	727	PFA2	G1	TEC	primary
foreman_727_TTAGGACAGAATGTTG	1205	2266	0.1147396293027361	727	PFA2	S	TEC	primary
foreman_727_TTGGCAATCTTCATGT	976	1737	0.1335636154289004	727	PFA2	S	TEC	primary
foreman_727_GATGCTAGTGCAGACA	616	1027	0.14410905550146055	727	PFA2	G2M	TEC	primary
foreman_727_TAAGTGCAGACTACAA	800	1334	0.08395802098950525	727	PFA2	G1	TEC	primary
foreman_727_CCATTCGAGGTGTGGT	2088	4540	0.021370345891165456	727	PFA2	G1	TEC	primary
foreman_727_CGTCAGGGTCAGCTAT	1410	2543	0.07353519465198584	727	PFA2	G2M	TEC	primary
foreman_727_TTCTCCTGTACTTCTT	1950	4828	0.07953603976801989	727	PFA2	G1	TEC	primary
foreman_727_TTTGTCACAGACTCGC	3031	8343	0.05130049142994127	727	PFA2	G1	TEC	primary
foreman_727_TAGTTGGCACAGAGGT	635	1296	0.1427469135802469	727	PFA2	G1	TEC	primary
foreman_781_AAAGCAAAGGCCCTCA	1036	2058	0.08746355685131195	781	PFA1	G1	TEC	primary
foreman_781_AAATGCCGTAGAGTGC	1383	2718	0.1287711552612215	781	PFA1	G1	TEC	primary
foreman_781_AACCGCGGTAAGGGAA	616	1127	0.18456078083407276	781	PFA1	G1	TEC	primary
foreman_781_AACCGCGGTGGGTATG	1278	2612	0.16736882420528534	781	PFA1	S	TEC	primary
foreman_781_AAGTCTGAGGCATGTG	1201	2102	0.07326355851569934	781	PFA1	G1	TEC	primary
foreman_781_AATCCAGGTCGGATCC	1033	1829	0.16293056314926188	781	PFA1	G1	TEC	primary
foreman_781_AGATCTGTCCGAAGAG	1969	4157	0.07075812274368232	781	PFA1	G1	TEC	primary
foreman_781_ATAGACCTCAAGAAGT	835	1823	0.1727921009325288	781	PFA1	G2M	TEC	primary
foreman_781_ATGGGAGGTATTCTCT	815	1355	0.2059040590405904	781	PFA1	G1	TEC	primary
foreman_781_ATTGGACAGTGCCAGA	1414	2611	0.19777692602529706	781	PFA1	S	TEC	primary
foreman_781_CACCAGGTCACAGGCC	2449	7691	0.07593290859446106	781	PFA1	G1	TEC	primary
foreman_781_CATCAGAGTCGTCTTC	1946	5049	0.20844065781652465	781	PFA1	S	TEC	primary
foreman_781_CCCAGTTTCCAAACTG	1068	1960	0.07048008171603677	781	PFA1	G1	TEC	primary
foreman_781_CCTACCACAATCACAC	2662	7468	0.06373861810391002	781	PFA1	G1	TEC	primary
foreman_781_CCTTACGAGTGAATTG	1301	2344	0.07935153583617748	781	PFA1	G1	TEC	primary
foreman_781_CGATTGAAGAGCCTAG	976	2291	0.22872108249672632	781	PFA1	G1	TEC	primary
foreman_781_CGGCTAGAGTACGTAA	954	1968	0.17073170731707318	781	PFA1	S	TEC	primary
foreman_781_CTAGCCTTCTAACCGA	598	1225	0.2220408163265306	781	PFA1	G2M	TEC	primary
foreman_781_CTCACACCACAACTGT	2000	4332	0.06257215423689678	781	PFA1	S	TEC	primary
foreman_781_CTGAAGTCAGTCAGCC	2083	4413	0.09768812330009066	781	PFA1	G1	TEC	primary
foreman_781_CTGCGGACAAGGACAC	915	1562	0.07106274007682459	781	PFA1	G1	TEC	primary
foreman_781_GACTACAAGTACATGA	1158	2195	0.16355353075170842	781	PFA1	S	TEC	primary
foreman_781_GATCTAGGTTCCCGAG	1020	2441	0.28308070462925033	781	PFA1	S	TEC	primary
foreman_781_GGACAGACATGGGAAC	1246	2265	0.06802120141342756	781	PFA1	G1	TEC	primary
foreman_781_GGCAATTCAGAGTGTG	2107	5123	0.08590394377196407	781	PFA1	G1	TEC	primary
foreman_781_GTAACGTCAGCTGTTA	1146	2454	0.24572127139364303	781	PFA1	G1	TEC	primary
foreman_781_GTAGTCAAGTACGTTC	1872	4184	0.11711281070745698	781	PFA1	G1	TEC	primary
foreman_781_GTCACAACAGCGAACA	1087	1804	0.03270509977827051	781	PFA1	G1	TEC	primary
foreman_781_GTCACGGTCCTGTAGA	2916	8267	0.06495705818313778	781	PFA1	G1	TEC	primary
foreman_781_GTGCGGTCACATGACT	1838	4044	0.10336300692383778	781	PFA1	G1	TEC	primary
foreman_781_TACGGTATCACTGGGC	2047	4282	0.07309668379262027	781	PFA1	G1	TEC	primary
foreman_781_TCGAGGCAGCTAGTGG	1638	2964	0.06140350877192982	781	PFA1	G1	TEC	primary
foreman_781_TGCCAAAGTTCCCGAG	1144	2458	0.14727420667209112	781	PFA1	G1	TEC	primary
foreman_781_TTCTACAGTGCTTCTC	1154	2080	0.05961538461538462	781	PFA1	G1	TEC	primary
foreman_781_TTTACTGCATGCCCGA	1188	2148	0.12011173184357542	781	PFA1	G1	TEC	primary
foreman_781_AGCTCCTCATTGCGGC	1650	3055	0.021931260229132568	781	PFA1	G2M	TEC	primary
foreman_781_CATTCGCTCTGAGTGT	1862	3581	0.10785135512713048	781	PFA1	G1	TEC	primary
foreman_781_TCGAGGCGTTCCAACA	2109	4243	0.1456859971711457	781	PFA1	G1	TEC	primary
foreman_839_CATCGAACAGGTCCAC	2652	6658	0.09163286765810424	839	PFA1	S	TEC	primary
foreman_848_ACACCAATCATGTCCC	3355	9992	0.04574574574574575	848	PFA1	G1	TEC	primary
foreman_848_ACATCAGGTCGGGTCT	1677	3056	0.12467277486910995	848	PFA1	S	TEC	primary
foreman_848_ACGGGCTTCAGTACGT	501	776	0.18427835051546393	848	PFA1	G1	TEC	primary
foreman_848_ACTGAACGTTAAGAAC	2200	4825	0.0773217247097844	848	PFA1	G1	TEC	primary
foreman_848_AGGTCATCAAGGACAC	2666	7593	0.06822971548998946	848	PFA1	G1	TEC	primary
foreman_848_ATAAGAGAGACCCACC	1378	2692	0.10326894502228826	848	PFA1	S	TEC	primary
foreman_848_ATCACGATCGTAGATC	1623	3733	0.06832797427652733	848	PFA1	G1	TEC	primary
foreman_848_ATGAGGGGTGGTCTCG	2295	4990	0.05531062124248497	848	PFA1	S	TEC	primary
foreman_848_ATTACTCTCTATCCTA	2349	5251	0.05827461435916968	848	PFA1	G1	TEC	primary
foreman_848_CAACTAGCAAAGTGCG	958	1823	0.25068568294020843	848	PFA1	G2M	TEC	primary
foreman_848_CACACTCCATCCGCGA	1254	2257	0.12937527691626052	848	PFA1	G1	TEC	primary
foreman_848_CACCACTTCGTATCAG	1466	2937	0.047683923705722074	848	PFA1	G1	TEC	primary
foreman_848_CAGAATCTCGCATGGC	1109	1906	0.13431269674711438	848	PFA1	G1	TEC	primary
foreman_848_CATATTCTCGATAGAA	1682	3563	0.13191131069323603	848	PFA1	G1	TEC	primary
foreman_848_CATCGAAGTACAGCAG	3049	8468	0.08633518365418684	848	PFA1	S	TEC	primary
foreman_848_CATTATCTCGTCGTTC	1614	3561	0.06374613872507723	848	PFA1	G2M	TEC	primary
foreman_848_CCTTCGAGTGAGCGAT	3308	8312	0.09085439229843562	848	PFA1	G1	TEC	primary
foreman_848_CGATCGGCATATGAGA	933	1696	0.16342182890855458	848	PFA1	G1	TEC	primary
foreman_848_CGATTGACATCATCCC	3603	10317	0.10458466608510227	848	PFA1	G1	TEC	primary
foreman_848_CTAATGGAGACTCGGA	2206	4678	0.06904660111158614	848	PFA1	G1	TEC	primary
foreman_848_CTAATGGTCACGCATA	3581	10482	0.11811850014311612	848	PFA1	G1	TEC	primary
foreman_848_CTAGTGAAGCAAATCA	1672	3612	0.11212624584717608	848	PFA1	G1	TEC	primary
foreman_848_CTCGTCACAACAACCT	1207	2553	0.1809635722679201	848	PFA1	G1	TEC	primary
foreman_848_CTCGTCACAACCGCCA	2537	5790	0.06529625151148731	848	PFA1	G1	TEC	primary
foreman_848_CTCTGGTTCCAACCAA	2826	7487	0.11621693828479829	848	PFA1	G1	TEC	primary
foreman_848_GACCTGGCAAAGCAAT	1632	3179	0.1100975149418056	848	PFA1	S	TEC	primary
foreman_848_GGAGCAATCTCACATT	2221	5082	0.09427278094863216	848	PFA1	S	TEC	primary
foreman_848_GGGCATCGTGACAAAT	2507	5907	0.04909429490435077	848	PFA1	G1	TEC	primary
foreman_848_TATTACCAGCCAGGAT	1813	4197	0.14248272575649273	848	PFA1	S	TEC	primary
foreman_848_TCAACGAAGACAGAGA	689	1263	0.18462757527733756	848	PFA1	S	TEC	primary
foreman_848_TCGGGACTCAACACTG	1222	2429	0.1391519143680527	848	PFA1	G1	TEC	primary
foreman_848_TGCTACCTCTGCGGCA	2390	5586	0.04403866809881848	848	PFA1	G1	TEC	primary
foreman_848_TGTGGTACATGGATGG	1631	3465	0.10505050505050505	848	PFA1	G1	TEC	primary
foreman_848_TGTGTTTTCAGTTGAC	1848	3855	0.06459143968871596	848	PFA1	G2M	TEC	primary
foreman_848_TTGCGTCTCCTTGCCA	2545	7216	0.13655899071121586	848	PFA1	G1	TEC	primary
foreman_848_TTTGGTTGTGATGATA	1199	2469	0.1535034426893479	848	PFA1	G1	TEC	primary
foreman_848_TAGTTGGGTTGTCGCG	783	1203	0.12967581047381546	848	PFA1	G2M	TEC	primary
foreman_848_AAAGATGGTGGCAAAC	665	1184	0.2688081149619611	848	PFA1	G1	TEC	primary
foreman_848_AAATGCCAGGAGCGAG	2254	5170	0.102321083172147	848	PFA1	G1	TEC	primary
foreman_848_AACCGCGGTTCCGTCT	1433	2703	0.09877913429522753	848	PFA1	G1	TEC	primary
foreman_848_AACTCTTTCTTCGGTC	791	1309	0.08861726508785332	848	PFA1	G1	TEC	primary
foreman_848_AAGGTTCAGGTGTGGT	2339	5519	0.08425439391194058	848	PFA1	G1	TEC	primary
foreman_848_AATCCAGGTAAGGGCT	1342	2408	0.13662790697674418	848	PFA1	G2M	TEC	primary
foreman_848_ACCTTTAGTGTCCTCT	2709	5901	0.05117776648025758	848	PFA1	G1	TEC	primary
foreman_848_ACTGCTCAGCACAGGT	699	1336	0.24850299401197604	848	PFA1	S	TEC	primary
foreman_848_ACTGCTCTCGTCTGAA	1987	4327	0.11141932501155802	848	PFA1	G1	TEC	primary
foreman_848_AGGGTGATCAGCGACC	2414	4934	0.04803404945277665	848	PFA1	G1	TEC	primary
foreman_848_ATCACGATCAGGTTCA	1280	2257	0.06335844040762073	848	PFA1	G1	TEC	primary
foreman_848_ATGGGAGAGGTGCTTT	2651	6657	0.09135987978963185	848	PFA1	G1	TEC	primary
foreman_848_CACATTTAGGCTATCT	698	1025	0.10146341463414635	848	PFA1	G1	TEC	primary
foreman_848_CCACCTATCTGGAGCC	481	665	0.08721804511278196	848	PFA1	S	TEC	primary
foreman_848_CCATTCGCACGCATCG	1725	3296	0.059484066767830045	848	PFA1	G1	TEC	primary
foreman_848_CCGTTCAAGATATGCA	1341	2293	0.1264718709114697	848	PFA1	S	TEC	primary
foreman_848_CCTTCCCGTCCCGACA	1223	2310	0.151580770896492	848	PFA1	G1	TEC	primary
foreman_848_CGAATGTAGCTCCCAG	2320	5476	0.08601168736303871	848	PFA1	G1	TEC	primary
foreman_848_CGATCGGCAAGCCTAT	3011	8003	0.11034741314671333	848	PFA1	G1	TEC	primary
foreman_848_CGGACGTCAGGAATCG	583	803	0.0921544209215442	848	PFA1	G1	TEC	primary
foreman_848_CTTCTCTAGGACTGGT	2939	8680	0.05023041474654378	848	PFA1	S	TEC	primary
foreman_848_GAACCTATCACAAACC	2400	5355	0.0707749766573296	848	PFA1	G1	TEC	primary
foreman_848_GACCAATCATCCCATC	1169	2215	0.17607223476297967	848	PFA1	G2M	TEC	primary
foreman_848_GAGCAGAAGAAACCGC	2075	4604	0.060599478714161596	848	PFA1	G1	TEC	primary
foreman_848_GATCGATTCGTCTGCT	2303	4712	0.04393039049235993	848	PFA1	G1	TEC	primary
foreman_848_GCACTCTGTTCCCTTG	2084	4255	0.06603995299647474	848	PFA1	G1	TEC	primary
foreman_848_GCATGATGTAGGCTGA	4153	12780	0.11957117145316536	848	PFA1	G1	TEC	primary
foreman_848_GCTTCCAAGGCTCAGA	2482	5953	0.133086876155268	848	PFA1	G1	TEC	primary
foreman_848_GGCAATTGTCAACATC	1607	3386	0.09125812167749557	848	PFA1	G1	TEC	primary
foreman_848_GGTGCGTAGTGAACGC	987	1889	0.18114406779661016	848	PFA1	G1	TEC	primary
foreman_848_GTATTCTCACTATCTT	1563	3334	0.1113111311131113	848	PFA1	S	TEC	primary
foreman_848_TAAGCGTCAATGGATA	1253	2339	0.19837537409149208	848	PFA1	G1	TEC	primary
foreman_848_TACACGAAGCTAACTC	827	1288	0.11033411033411034	848	PFA1	G1	TEC	primary
foreman_848_TACCTATAGCGTGTCC	3299	8640	0.028935185185185185	848	PFA1	S	TEC	primary
foreman_848_TACCTTAGTTCCACTC	1120	2319	0.18714963346269944	848	PFA1	G1	TEC	primary
foreman_848_TAGTTGGCACATGTGT	647	954	0.07450157397691501	848	PFA1	G1	TEC	primary
foreman_848_TATGCCCTCAGGTAAA	993	1763	0.1514463981849121	848	PFA1	S	TEC	primary
foreman_848_TATTACCTCAGAGACG	1310	2197	0.0810195721438325	848	PFA1	S	TEC	primary
foreman_848_TCACAAGCAATCCAAC	2341	4894	0.04801798120147119	848	PFA1	G1	TEC	primary
foreman_848_TCGGGACAGTATGACA	729	1149	0.09051348999129678	848	PFA1	G1	TEC	primary
foreman_848_TCGTACCCAGCTGGCT	919	1590	0.1471698113207547	848	PFA1	G1	TEC	primary
foreman_848_TCGTAGACAGGACCCT	743	1522	0.22798948751642575	848	PFA1	S	TEC	primary
foreman_848_TGAAAGATCTAAGCCA	3636	9899	0.0741638880468829	848	PFA1	G1	TEC	primary
foreman_848_TGACGGCAGGGTCGAT	2774	6723	0.0734791015915514	848	PFA1	S	TEC	primary
foreman_848_TTCTACACAGGTCGTC	1012	1759	0.14724275156338829	848	PFA1	G1	TEC	primary
foreman_848_TTCTCCTCATGCTGGC	841	1546	0.09831824062095731	848	PFA1	G1	TEC	primary
foreman_848_TTGAACGGTCATGCCG	1469	2668	0.10869565217391304	848	PFA1	G1	TEC	primary
foreman_848_TTGACTTTCACTGGGC	2609	5795	0.07733471431037459	848	PFA1	S	TEC	primary
foreman_848_TTGCGTCAGTAAGTAC	2131	4950	0.06343434343434344	848	PFA1	G1	TEC	primary
foreman_859_ACCAGTAAGTGCGATG	2343	5780	0.0629757785467128	859	PFA1	G1	TEC	primary
foreman_859_AGGCCGTAGAACTCGG	2663	7216	0.07969507969507969	859	PFA1	S	TEC	primary
foreman_859_AGGGTGAAGTGGGATC	1548	2928	0.020833333333333332	859	PFA1	S	TEC	primary
foreman_859_ATCTACTTCATGCATG	1209	2109	0.09625414888572784	859	PFA1	G1	TEC	primary
foreman_859_CAGCATAGTCCTCTTG	2712	7031	0.0662873399715505	859	PFA1	G1	TEC	primary
foreman_859_CATTATCTCGGAGCAA	1748	3490	0.024068767908309457	859	PFA1	G1	TEC	primary
foreman_859_GATCGTAAGGAATGGA	2970	8567	0.05684603711917824	859	PFA1	G1	TEC	primary
foreman_859_TACTTGTGTCTAAAGA	2051	4378	0.06922549691569568	859	PFA1	G1	TEC	primary
foreman_859_TTCGGTCTCGGACAAG	1254	2115	0.07943262411347518	859	PFA1	G1	TEC	primary
foreman_859_TTCTCAAGTCGCTTTC	1382	2667	0.03562054743157105	859	PFA1	G1	TEC	primary
foreman_859_TTCTCAATCCCAACGG	1885	4428	0.049695053083352154	859	PFA1	G1	TEC	primary
foreman_859_TTCTCCTGTAGATTAG	708	1215	0.16049382716049382	859	PFA1	G1	TEC	primary
foreman_859_TTTATGCCAAGGTTCT	1939	4305	0.03368176538908246	859	PFA1	G1	TEC	primary
foreman_859_ACGAGGATCACTGGGC	2894	7725	0.07133609528741584	859	PFA1	G1	TEC	primary
foreman_859_ACGCCAGCAAAGTGCG	1069	1681	0.03331350386674598	859	PFA1	G1	TEC	primary
foreman_859_CACCACTTCAAACCGT	3024	7647	0.0630312540865699	859	PFA1	G1	TEC	primary
foreman_897_AAAGCAAAGGACATTA	2889	7029	0.04282868525896414	897	PFA2	G1	TEC	primary
foreman_897_AGCATACCATAAGACA	1260	2482	0.15517936316001613	897	PFA2	G1	TEC	primary
foreman_897_AGGGATGTCACAAACC	3708	9028	0.04131590607000443	897	PFA2	G1	TEC	primary
foreman_897_AGTGAGGCAAGGACAC	2907	6364	0.03001257071024513	897	PFA2	G1	TEC	primary
foreman_897_ATAGACCGTATCTGCA	3001	7961	0.06959798994974874	897	PFA2	G1	TEC	primary
foreman_897_ATTCTACTCCTTTCGG	5380	22913	0.09423009776536313	897	PFA2	S	TEC	primary
foreman_897_ATTGGACAGAGACTTA	4174	12645	0.06849098386586523	897	PFA2	G1	TEC	primary
foreman_897_ATTGGACGTACTCTCC	1570	3689	0.16029292107404394	897	PFA2	G1	TEC	primary
foreman_897_CAGAGAGTCCACGTTC	2759	6786	0.046124373710580605	897	PFA2	G1	TEC	primary
foreman_897_CAGCAGCTCCGCAGTG	1194	2068	0.04017424975798645	897	PFA2	G1	TEC	primary
foreman_897_CGAGCCAGTCCATGAT	3356	10090	0.053815659068384536	897	PFA2	G1	TEC	primary
foreman_897_CGCGTTTTCTTGTCAT	1440	2732	0.07540263543191801	897	PFA2	S	TEC	primary
foreman_897_CTAACTTAGGACTGGT	1152	2148	0.05540037243947858	897	PFA2	G1	TEC	primary
foreman_897_CTAATGGAGTTAACGA	1204	2215	0.049209932279909704	897	PFA2	G1	TEC	primary
foreman_897_CTCGTACAGTGGCACA	2567	6029	0.04529616724738676	897	PFA2	S	TEC	primary
foreman_897_CTGATCCGTAGCGTCC	1834	3175	0.032125984251968505	897	PFA2	G1	TEC	primary
foreman_897_GACACGCCAAGTCTGT	1296	2382	0.036943744752308987	897	PFA2	G1	TEC	primary
foreman_897_GAGCAGACAACTTGAC	2174	4348	0.09107635694572216	897	PFA2	G1	TEC	primary
foreman_897_GCATGATTCCTATTCA	4800	19527	0.03426200962818806	897	PFA2	G1	TEC	primary
foreman_897_GCGAGAACAGTATAAG	2409	5161	0.05560937802751405	897	PFA2	G1	TEC	primary
foreman_897_GCTGCAGTCAATAAGG	2277	4775	0.1175115207373272	897	PFA2	G1	TEC	primary
foreman_897_GGAAAGCGTTATGTGC	2971	7182	0.06880222841225626	897	PFA2	G1	TEC	primary
foreman_897_GGGTCTGTCACCGTAA	2421	5489	0.06541545189504373	897	PFA2	G1	TEC	primary
foreman_897_TAAGTGCGTCAAAGCG	1248	2226	0.11006289308176101	897	PFA2	G1	TEC	primary
foreman_897_TACGGTAGTGACGCCT	4009	11895	0.03396670590213553	897	PFA2	G1	TEC	primary
foreman_897_TATTACCAGGGTGTTG	1946	3792	0.024789029535864978	897	PFA2	S	TEC	primary
foreman_897_TCGGGACTCAGCAACT	4701	14532	0.05739848589125946	897	PFA2	G1	TEC	primary
foreman_897_TGCTACCAGTCACGCC	1565	2764	0.06186685962373372	897	PFA2	G1	TEC	primary
foreman_897_TGGTTAGGTGGTAACG	1312	2263	0.0547945205479452	897	PFA2	S	TEC	primary
foreman_897_TTGACTTAGTGACATA	1848	3968	0.09727822580645161	897	PFA2	G1	TEC	primary
foreman_897_TTGGCAAGTGAGTGAC	877	1807	0.21040974529346623	897	PFA2	G1	TEC	primary
foreman_897_ATGCGATGTAGGACAC	2264	5086	0.09714847590953786	897	PFA2	G2M	TEC	primary
foreman_897_GTCACGGAGGCCATAG	2279	5253	0.08547496668570341	897	PFA2	G2M	TEC	primary
foreman_897_TCGCGTTCACTTAACG	1170	2294	0.17611159546643418	897	PFA2	S	TEC	primary
foreman_897_ACACCAACACCAACCG	2718	6179	0.060051796697960506	897	PFA2	G1	TEC	primary
foreman_897_CAAGAAACATCGATTG	2427	5407	0.018494544109487702	897	PFA2	G1	TEC	primary
foreman_897_CACATAGAGTGTGGCA	1330	2363	0.12452350698856417	897	PFA2	G1	TEC	primary
foreman_897_CCACCTAGTAGCTCCG	1146	1980	0.14444444444444443	897	PFA2	G1	TEC	primary
foreman_897_CCACTACCAAGGACAC	2145	4492	0.0730186999109528	897	PFA2	G1	TEC	primary
foreman_897_CCGGTAGAGAGTCGGT	1815	3576	0.16470917225950782	897	PFA2	G1	TEC	primary
foreman_897_CGCTTCATCTGGTGTA	1212	2228	0.11131059245960502	897	PFA2	S	TEC	primary
foreman_897_GTACTTTTCAGTTGAC	1108	2164	0.15157116451016636	897	PFA2	G1	TEC	primary
foreman_897_TGACTAGAGAGTACCG	1408	2632	0.1196808510638298	897	PFA2	G1	TEC	primary
foreman_897_TGACTAGGTCCGACGT	1084	2339	0.20820863616930313	897	PFA2	G1	TEC	primary
foreman_911_ATAGACCTCACATACG	1004	2152	0.09437470943747095	911	PFA2	G1	TEC	primary
foreman_911_CGCTTCATCTGTCTCG	1998	3720	0.06559139784946237	911	PFA2	G2M	TEC	primary
foreman_911_CGTTCTGCAGCCACCA	1137	2589	0.13093858632676708	911	PFA2	G1	TEC	primary
foreman_911_GAGTCCGCACGACTCG	1519	3075	0.07284552845528455	911	PFA2	S	TEC	primary
foreman_911_GTATTCTAGGAATGGA	1441	2899	0.13832355984822353	911	PFA2	G2M	TEC	primary
foreman_911_GTGCAGCAGGAGTAGA	2001	4964	0.18214789441869836	911	PFA2	G1	TEC	primary
foreman_911_GTTCATTAGATCCGAG	1489	2883	0.09958362248438585	911	PFA2	G1	TEC	primary
foreman_911_TTGACTTGTAGCTAAA	685	1262	0.11568938193343899	911	PFA2	G1	TEC	primary
foreman_928_TCGTAGATCTGCGTAA	3473	9938	0.03350774803783457	928	PFA1	G1	TEC	primary
foreman_930_CTAAGACAGAGTGAGA	1549	3000	0.10703567855951984	930	PFA2	G1	TEC	primary
foreman_930_GGTGAAGGTTCAGGCC	3422	8791	0.04697986577181208	930	PFA2	G1	TEC	primary
foreman_930_TAGTGGTGTATGGTTC	1184	2399	0.12130054189245519	930	PFA2	G1	TEC	primary
foreman_930_TGACTTTAGATCCCAT	1907	4043	0.10588817417120237	930	PFA2	G1	TEC	primary
foreman_930_TGCGCAGTCGTTGCCT	1294	2365	0.09302325581395349	930	PFA2	G1	TEC	primary
foreman_930_TGGTTAGTCTCGCATC	803	1618	0.13358070500927643	930	PFA2	G2M	TEC	primary
foreman_930_AGCGTATTCAGTCCCT	2221	4703	0.022751435254093132	930	PFA2	G1	TEC	primary
foreman_930_CCACTACAGTGGTAGC	1929	3833	0.04696060527002348	930	PFA2	G1	TEC	primary
foreman_930_CGTCTACCACGACTCG	2386	4809	0.06924516531503432	930	PFA2	G1	TEC	primary
foreman_930_GCACTCTAGGATATAC	4135	11463	0.07241950964139254	930	PFA2	G1	TEC	primary
foreman_930_TGTGGTAGTGTGTGCC	1849	3858	0.10137412496759139	930	PFA2	G1	TEC	primary
foreman_965_AAACCTGCATGCTAGT	1391	2699	0.06520933679140423	965	PFA2	G1	TEC	primary
foreman_965_AAACGGGGTTCACCTC	1431	2626	0.016755521706016754	965	PFA2	G2M	TEC	primary
foreman_965_AACCATGAGTGTACGG	816	1536	0.14778645833333334	965	PFA2	G1	TEC	primary
foreman_965_AACCATGTCGAGAACG	1937	3539	0.05737704918032787	965	PFA2	G1	TEC	primary
foreman_965_AAGGCAGAGCATGGCA	1344	2640	0.10227272727272728	965	PFA2	G1	TEC	primary
foreman_965_AATCGGTCATAGGATA	1599	3172	0.021437578814627996	965	PFA2	G2M	TEC	primary
foreman_965_ACATGGTGTCATCCCT	779	1558	0.1567116249197174	965	PFA2	G1	TEC	primary
foreman_965_ACGAGCCGTCCGTTAA	1485	2651	0.057336854017351946	965	PFA2	G1	TEC	primary
foreman_965_ACGCAGCGTTCAACCA	2242	5022	0.09099960175228992	965	PFA2	G1	TEC	primary
foreman_965_ACTGAGTGTCGCGGTT	1703	3320	0.0822289156626506	965	PFA2	G1	TEC	primary
foreman_965_ACTTACTGTATTCGTG	1235	2716	0.10603829160530191	965	PFA2	G1	TEC	primary
foreman_965_AGAGCTTTCCCATTTA	1484	2878	0.0778318276580959	965	PFA2	G1	TEC	primary
foreman_965_AGGGTGAAGCTAGCCC	1405	2277	0.043478260869565216	965	PFA2	G1	TEC	primary
foreman_965_AGTCTTTAGGATCGCA	1119	1999	0.026513256628314157	965	PFA2	S	TEC	primary
foreman_965_AGTCTTTAGTGGGTTG	2702	6798	0.03000882612533098	965	PFA2	G1	TEC	primary
foreman_965_AGTGAGGTCTTTACAC	1474	2836	0.02892416225749559	965	PFA2	G1	TEC	primary
foreman_965_ATCACGACATGCCTTC	2808	7789	0.05649717514124294	965	PFA2	G2M	TEC	primary
foreman_965_ATCATCTCATCGATTG	2205	4288	0.04618614415675298	965	PFA2	G1	TEC	primary
foreman_965_CAACCTCCATAGGATA	2125	4317	0.055130877924484595	965	PFA2	G1	TEC	primary
foreman_965_CAAGAAAAGTGGTCCC	965	1506	0.04053156146179402	965	PFA2	G1	TEC	primary
foreman_965_CACCACTCAGACGCTC	2703	6648	0.04528358658041222	965	PFA2	S	TEC	primary
foreman_965_CACCACTGTGAGTGAC	2211	5135	0.08549172346640702	965	PFA2	G1	TEC	primary
foreman_965_CACCAGGTCCGCATAA	2454	5616	0.05093499554764025	965	PFA2	G1	TEC	primary
foreman_965_CAGATCAGTTCTCATT	2551	5978	0.039819307344821815	965	PFA2	G1	TEC	primary
foreman_965_CAGCATAAGCATCATC	1731	3617	0.020741150442477877	965	PFA2	S	TEC	primary
foreman_965_CAGGTGCGTTGTCTTT	1894	4118	0.027683341427877612	965	PFA2	G1	TEC	primary
foreman_965_CATTATCGTACCATCA	1586	3001	0.019660113295568143	965	PFA2	G1	TEC	primary
foreman_965_CCACGGAGTCATACTG	2438	6133	0.04516549812489809	965	PFA2	G2M	TEC	primary
foreman_965_CCAGCGATCACTTCAT	1721	3463	0.055170421721548235	965	PFA2	S	TEC	primary
foreman_965_CCATTCGTCTGGTTCC	1535	2852	0.06416549789621319	965	PFA2	G1	TEC	primary
foreman_965_CCCAATCTCAGCATGT	1602	3058	0.03696434412823029	965	PFA2	G1	TEC	primary
foreman_965_CCCAATCTCTTAACCT	1753	3285	0.09591961023142509	965	PFA2	G2M	TEC	primary
foreman_965_CCGTACTTCTAACCGA	3568	9026	0.030578329270994905	965	PFA2	G1	TEC	primary
foreman_965_CCTAAAGCAGATAATG	2349	5702	0.0317432479831638	965	PFA2	S	TEC	primary
foreman_965_CCTACACAGACGACGT	2449	5372	0.037602382725241995	965	PFA2	G1	TEC	primary
foreman_965_CCTTTCTAGTCAAGCG	1840	4066	0.07673389080177079	965	PFA2	G1	TEC	primary
foreman_965_CGAACATAGACAAGCC	1084	2021	0.13112320633349828	965	PFA2	G2M	TEC	primary
foreman_965_CGAACATTCGGACAAG	1166	1967	0.05592272496187087	965	PFA2	G1	TEC	primary
foreman_965_CGAGCCAGTCGGGTCT	1143	2055	0.04817518248175182	965	PFA2	G2M	TEC	primary
foreman_965_CGAGCCATCGTCGTTC	835	1473	0.031228784792939578	965	PFA2	G1	TEC	primary
foreman_965_CGATGTACAAGCTGTT	1059	1809	0.038695411829740185	965	PFA2	G2M	TEC	primary
foreman_965_CGCGGTATCAAACAAG	1267	2305	0.054663774403470713	965	PFA2	G1	TEC	primary
foreman_965_CGGAGCTGTCAGAGGT	893	1504	0.11569148936170212	965	PFA2	G1	TEC	primary
foreman_965_CGGAGTCTCCAGAAGG	1880	3380	0.03017751479289941	965	PFA2	G1	TEC	primary
foreman_965_CTACACCCATCATCCC	1014	1608	0.01554726368159204	965	PFA2	G1	TEC	primary
foreman_965_CTACGTCAGTACACCT	819	1279	0.053166536356528536	965	PFA2	G1	TEC	primary
foreman_965_CTACGTCGTTACTGAC	1367	2195	0.03052391799544419	965	PFA2	S	TEC	primary
foreman_965_CTCGGGAGTCCCGACA	1746	3761	0.15075777718691838	965	PFA2	S	TEC	primary
foreman_965_CTCGGGAGTCCTCCAT	1259	2110	0.015639810426540283	965	PFA2	S	TEC	primary
foreman_965_CTGATCCTCGGAGGTA	1635	2953	0.05384354893328818	965	PFA2	G1	TEC	primary
foreman_965_CTGGTCTTCGCCTGAG	2534	5901	0.028300288086764956	965	PFA2	G1	TEC	primary
foreman_965_CTGTTTACAATGTAAG	927	1654	0.14993954050785974	965	PFA2	G1	TEC	primary
foreman_965_CTTAGGACATTTGCTT	1383	2560	0.057421875	965	PFA2	G1	TEC	primary
foreman_965_CTTCTCTAGGATGTAT	2571	6055	0.06490503715937242	965	PFA2	G1	TEC	primary
foreman_965_CTTTGCGCACCAACCG	712	1137	0.03781882145998241	965	PFA2	G1	TEC	primary
foreman_965_GAATGAACATTCTTAC	1901	4245	0.10459363957597173	965	PFA2	S	TEC	primary
foreman_965_GAATGAAGTGAGCGAT	2473	5840	0.032882342866929266	965	PFA2	G1	TEC	primary
foreman_965_GAGCAGAAGTATGACA	1422	2565	0.06198830409356725	965	PFA2	G2M	TEC	primary
foreman_965_GATCTAGTCTCTGAGA	1969	4530	0.05056303819827777	965	PFA2	G1	TEC	primary
foreman_965_GCAATCAGTTGGAGGT	2636	6383	0.12141626194579351	965	PFA2	G1	TEC	primary
foreman_965_GCCAAATAGCCGGTAA	2552	5979	0.0866365612978759	965	PFA2	G1	TEC	primary
foreman_965_GCCTCTAAGCTGTCTA	1405	2996	0.0911214953271028	965	PFA2	G2M	TEC	primary
foreman_965_GCTGCGAGTAAGTAGT	1286	2136	0.05571161048689138	965	PFA2	G1	TEC	primary
foreman_965_GGAATAAAGTACCGGA	1204	2089	0.05887984681665869	965	PFA2	G2M	TEC	primary
foreman_965_GGACATTTCACATGCA	1247	2179	0.0445158329508949	965	PFA2	G1	TEC	primary
foreman_965_GGTGCGTAGCACAGGT	2511	5600	0.04287245444801715	965	PFA2	G2M	TEC	primary
foreman_965_GTACGTAGTTAAGATG	1392	2389	0.03181247383842612	965	PFA2	G1	TEC	primary
foreman_965_GTCCTCATCTTGAGGT	1190	2116	0.01606805293005671	965	PFA2	G1	TEC	primary
foreman_965_GTCTCGTGTTAAGGGC	1535	2854	0.07252978276103714	965	PFA2	S	TEC	primary
foreman_965_GTGCATAAGCACAGGT	1310	2375	0.061078348778433024	965	PFA2	S	TEC	primary
foreman_965_GTGCGGTCAATGTAAG	1431	2761	0.013400941687794278	965	PFA2	G1	TEC	primary
foreman_965_GTGTTAGCACAGGTTT	1243	2468	0.05834683954619125	965	PFA2	G1	TEC	primary
foreman_965_TAAGCGTCAGTCAGCC	2159	4844	0.039430222956234516	965	PFA2	G1	TEC	primary
foreman_965_TACGGGCTCTCTGCTG	1784	3563	0.03592478248666854	965	PFA2	G1	TEC	primary
foreman_965_TCACAAGTCCAGAAGG	2479	5956	0.07706514439220953	965	PFA2	G1	TEC	primary
foreman_965_TCCACACAGGTAAACT	1666	3395	0.045668827342368885	965	PFA2	G1	TEC	primary
foreman_965_TCTGAGAAGAGGGCTT	781	1232	0.1038961038961039	965	PFA2	G1	TEC	primary
foreman_965_TCTGGAACATATACGC	2481	5514	0.03862894450489663	965	PFA2	G1	TEC	primary
foreman_965_TGAGGGATCGGAATCT	2547	5854	0.04373825388689561	965	PFA2	G1	TEC	primary
foreman_965_TGCTACCCACAGCCCA	1239	2312	0.01125054089138901	965	PFA2	G1	TEC	primary
foreman_965_TGGGCGTCACCACGTG	1476	2645	0.017391304347826087	965	PFA2	G1	TEC	primary
foreman_965_TGTATTCGTTTGGCGC	2585	5639	0.04752615712005675	965	PFA2	S	TEC	primary
foreman_965_TGTATTCTCTCGCTTG	2844	7591	0.03214756258234519	965	PFA2	G1	TEC	primary
foreman_965_TGTGGTAAGATGGGTC	1672	3343	0.07059527370625188	965	PFA2	G1	TEC	primary
foreman_965_TGTGGTAGTGTATGGG	1476	2747	0.00691663633054241	965	PFA2	G1	TEC	primary
foreman_965_TTAACTCAGTCCGTAT	1692	3451	0.0455072463768116	965	PFA2	G1	TEC	primary
foreman_965_TTAGGACAGCGCCTCA	1323	2477	0.03229713362939039	965	PFA2	G1	TEC	primary
foreman_965_TTATGCTCATCGACGC	1365	2492	0.05738362760834671	965	PFA2	G1	TEC	primary
foreman_965_TTATGCTTCTGCGACG	1186	1986	0.04682779456193353	965	PFA2	G2M	TEC	primary
foreman_965_TTCCCAGGTTCTGGTA	1520	2859	0.019587268275620847	965	PFA2	G1	TEC	primary
foreman_965_TTCGAAGGTGTCGCTG	846	1274	0.12794348508634223	965	PFA2	G2M	TEC	primary
foreman_965_TTCGAAGTCGAGCCCA	2207	4947	0.015969274307661208	965	PFA2	G1	TEC	primary
foreman_965_TTGCGTCCAGCTGCAC	703	1048	0.03625954198473282	965	PFA2	G2M	TEC	primary
foreman_965_TTTCCTCAGTCTCAAC	3222	9438	0.06526806526806526	965	PFA2	S	TEC	primary
foreman_965_TTTGCGCCAGCTGCTG	1489	2809	0.08223567105731577	965	PFA2	G1	TEC	primary
foreman_965_TTTGGTTGTATGAATG	877	1352	0.028846153846153848	965	PFA2	G1	TEC	primary
foreman_965_TTTGGTTGTTGATTCG	2235	4989	0.029264381639607137	965	PFA2	G1	TEC	primary
foreman_965_CGGCTAGGTTATGTGC	2190	5535	0.05711187420928972	965	PFA2	G1	TEC	primary
foreman_965_CCTATTACAGACGCCT	1453	4030	0.07096774193548387	965	PFA2	G1	TEC	primary
foreman_965_GCTTGAAGTACAGTTC	844	1412	0.02762039660056657	965	PFA2	G2M	TEC	primary
foreman_965_AACGTTGAGGGCTCTC	1207	2093	0.051600573339703776	965	PFA2	G1	TEC	primary
foreman_965_AACGTTGTCATCTGCC	1066	1713	0.12200817279626386	965	PFA2	S	TEC	primary
foreman_965_ACACCAATCAGAGCTT	1487	3197	0.12887081639036596	965	PFA2	G1	TEC	primary
foreman_965_ACAGCTATCGTCCGTT	2396	5428	0.039425202652910836	965	PFA2	S	TEC	primary
foreman_965_ACGAGCCAGGTTACCT	1452	2877	0.0910670837678137	965	PFA2	G2M	TEC	primary
foreman_965_ACGTCAATCCTCATTA	1646	3440	0.10116279069767442	965	PFA2	G1	TEC	primary
foreman_965_AGATTGCGTGATGCCC	1418	2850	0.10105263157894737	965	PFA2	G1	TEC	primary
foreman_965_AGCTCTCTCCGCAGTG	1112	2146	0.014445479962721343	965	PFA2	G2M	TEC	primary
foreman_965_ATCGAGTCACGCCAGT	1102	1932	0.011904761904761904	965	PFA2	G1	TEC	primary
foreman_965_CAACCTCCACGAAATA	1795	3817	0.09562483625884202	965	PFA2	G2M	TEC	primary
foreman_965_CAAGGCCAGAGGTTGC	1493	2645	0.055597579425113466	965	PFA2	S	TEC	primary
foreman_965_CACAGTAAGCCTTGAT	2386	5449	0.08625435859790788	965	PFA2	G1	TEC	primary
foreman_965_CACATTTTCATCGATG	1762	3248	0.06190329534955343	965	PFA2	G1	TEC	primary
foreman_965_CACCACTTCGGAGGTA	1976	3628	0.06286186931348221	965	PFA2	G1	TEC	primary
foreman_965_CAGCTAATCGCCTGAG	1350	2488	0.10610932475884244	965	PFA2	G2M	TEC	primary
foreman_965_CAGTAACCATGTAGTC	1215	1956	0.06850715746421268	965	PFA2	G1	TEC	primary
foreman_965_CATATGGGTACAGCAG	3493	9190	0.056147986942328615	965	PFA2	G1	TEC	primary
foreman_965_CCATGTCCACATGGGA	1066	1987	0.10669350780070458	965	PFA2	G2M	TEC	primary
foreman_965_CCTACCAAGCTAGCCC	866	1358	0.025036818851251842	965	PFA2	G2M	TEC	primary
foreman_965_CCTTCCCAGGCATGGT	1284	2172	0.0501841620626151	965	PFA2	G2M	TEC	primary
foreman_965_CCTTCGAGTCGCATAT	1538	2845	0.06502636203866433	965	PFA2	G1	TEC	primary
foreman_965_CGCGTTTAGCCCAGCT	1475	2968	0.2085579514824798	965	PFA2	G1	TEC	primary
foreman_965_CGCGTTTCAAAGGCGT	2033	3989	0.08673853096014039	965	PFA2	G1	TEC	primary
foreman_965_CGGACTGTCTACCAGA	1067	1976	0.08046558704453441	965	PFA2	G1	TEC	primary
foreman_965_CGGTTAAAGAGCTTCT	2828	6565	0.11226199543031226	965	PFA2	S	TEC	primary
foreman_965_CGTCACTGTACTTAGC	1767	3504	0.1327054794520548	965	PFA2	G1	TEC	primary
foreman_965_CTACACCCATCCTAGA	1507	2767	0.09649439826526925	965	PFA2	G1	TEC	primary
foreman_965_CTAGAGTAGAGACTAT	3925	10610	0.034024505183788877	965	PFA2	G1	TEC	primary
foreman_965_CTCGTACAGGGCATGT	1879	3745	0.07850467289719626	965	PFA2	G1	TEC	primary
foreman_965_CTCTGGTGTCTCACCT	1756	3432	0.10288545613523754	965	PFA2	G1	TEC	primary
foreman_965_CTGCCTAAGTCTCGGC	1184	2328	0.18470790378006874	965	PFA2	G1	TEC	primary
foreman_965_CTGCGGAGTGAGTGAC	1419	2833	0.19202259089304624	965	PFA2	S	TEC	primary
foreman_965_CTGTTTACATAACCTG	1604	3173	0.1134572959344469	965	PFA2	G1	TEC	primary
foreman_965_CTTAGGATCTGCAGTA	1822	3856	0.0741701244813278	965	PFA2	G1	TEC	primary
foreman_965_GAGGTGATCCGCGGTA	1488	2798	0.05754110078627591	965	PFA2	G2M	TEC	primary
foreman_965_GAGTCCGTCAGCTCTC	1423	2762	0.0890658942795076	965	PFA2	G1	TEC	primary
foreman_965_GATCGTACATCTACGA	1451	2607	0.06523407521105141	965	PFA2	G1	TEC	primary
foreman_965_GATTCAGGTACGAAAT	1330	2177	0.043658088235294115	965	PFA2	G1	TEC	primary
foreman_965_GCACATAGTCTGGTCG	1526	2797	0.07472291741151234	965	PFA2	G2M	TEC	primary
foreman_965_GCATACATCCGCAGTG	2274	5128	0.08794851794071763	965	PFA2	G1	TEC	primary
foreman_965_GCCAAATAGTCCTCCT	2873	6600	0.08924242424242425	965	PFA2	G1	TEC	primary
foreman_965_GCGACCAAGGCAGGTT	1603	3216	0.07991293532338309	965	PFA2	G1	TEC	primary
foreman_965_GCGACCATCCTGTAGA	1729	3417	0.04420374707259953	965	PFA2	S	TEC	primary
foreman_965_GCTGGGTAGAGTAATC	1661	2799	0.04930332261521972	965	PFA2	G1	TEC	primary
foreman_965_GGAAAGCAGAATGTTG	1439	2854	0.08969866853538892	965	PFA2	G1	TEC	primary
foreman_965_GGAACTTCATAGAAAC	1800	4341	0.1704676341856715	965	PFA2	G1	TEC	primary
foreman_965_GGATTACTCGCCAAAT	3275	8462	0.08274231678486997	965	PFA2	G1	TEC	primary
foreman_965_GGCCGATCAGCATGAG	2736	6516	0.03360957642725598	965	PFA2	G1	TEC	primary
foreman_965_GGTGCGTTCCTATGTT	1204	2368	0.12801013941698353	965	PFA2	G1	TEC	primary
foreman_965_GTGTGCGAGTCAAGGC	1260	2145	0.026119402985074626	965	PFA2	S	TEC	primary
foreman_965_TAAACCGAGGTGCACA	843	1275	0.04862745098039216	965	PFA2	G1	TEC	primary
foreman_965_TCGCGAGAGCCACTAT	943	1741	0.12758620689655173	965	PFA2	G1	TEC	primary
foreman_965_TCGTACCAGCCAGAAC	1658	3335	0.07676161919040479	965	PFA2	G1	TEC	primary
foreman_965_TGAAAGAGTTTAGCTG	2166	4839	0.07584211613969828	965	PFA2	S	TEC	primary
foreman_965_TGAGCATAGCCCGAAA	1509	2875	0.0751304347826087	965	PFA2	G1	TEC	primary
foreman_965_TTAGGCACACCAGGTC	1629	2798	0.06864497676081516	965	PFA2	G1	TEC	primary
foreman_987_ATGCGATGTAGCGATG	2162	4489	0.09801737580752952	987	PFA2	G1	TEC	primary
foreman_987_CCAATTTCAACCACAT	5040	15065	0.03644692292372038	987	PFA2	G1	TEC	primary
foreman_987_TCTGCCACATATAGCC	3532	9571	0.20275919732441472	987	PFA2	G1	TEC	primary
foreman_987_AAAGTGAGTTCGGCTG	2875	5943	0.1004712218108381	987	PFA2	G1	TEC	primary
foreman_987_AAGCGTTAGTCATCGT	2236	4672	0.20770877944325483	987	PFA2	S	TEC	primary
foreman_987_AAGTCGTAGGTAGTCG	2576	5423	0.1952793656647612	987	PFA2	G1	TEC	primary
foreman_987_AATCGACGTGCATTAC	3451	8274	0.1835772161083565	987	PFA2	G1	TEC	primary
foreman_987_ACCCTCAAGGCATGGT	3122	8510	0.21400869667410977	987	PFA2	G1	TEC	primary
foreman_987_AGACTCACATTGACAC	1719	3698	0.19497025419145483	987	PFA2	G1	TEC	primary
foreman_987_AGGGTGAGTAACATGA	2848	6217	0.14862473861991315	987	PFA2	G1	TEC	primary
foreman_987_AGGGTTTCACCGCTAG	1163	1790	0.12067039106145251	987	PFA2	G1	TEC	primary
foreman_987_AGGTTACCACTGCATA	1529	2481	0.08504635227730754	987	PFA2	G2M	TEC	primary
foreman_987_ATCCCTGAGAGTCACG	2935	7138	0.20425889604931352	987	PFA2	G1	TEC	primary
foreman_987_ATCCGTCCACAAACGG	2630	6086	0.16370808678500987	987	PFA2	G1	TEC	primary
foreman_987_ATGACCATCCGGCAGT	1602	3446	0.19007544979686594	987	PFA2	G1	TEC	primary
foreman_987_ATTCATCCATTGAAGA	3141	7099	0.14074387151310228	987	PFA2	G1	TEC	primary
foreman_987_ATTCTACCAAGATGTA	1936	4357	0.17121872848290107	987	PFA2	S	TEC	primary
foreman_987_ATTTCACGTTAGTCGT	2709	6253	0.14105229489844875	987	PFA2	G1	TEC	primary
foreman_987_CAACAACAGCTGGTGA	3467	8273	0.14800483675937123	987	PFA2	G1	TEC	primary
foreman_987_CAACCAACAATGCAGG	2811	6986	0.21767148789918372	987	PFA2	G1	TEC	primary
foreman_987_CAATACGCAATAGGGC	2502	5074	0.11489948758376034	987	PFA2	G2M	TEC	primary
foreman_987_CAGATACGTTGCGGAA	4031	9961	0.15073307893151236	987	PFA2	G1	TEC	primary
foreman_987_CAGGTATAGACCAAGC	3352	7197	0.09698485480061136	987	PFA2	G1	TEC	primary
foreman_987_CATCCCATCTCCTGCA	3382	7918	0.11685194542698332	987	PFA2	G1	TEC	primary
foreman_987_CATCCGTCAACTACGT	3035	7231	0.20287650394136358	987	PFA2	G2M	TEC	primary
foreman_987_CATTCATTCTCGACGG	3641	8783	0.1403848343390641	987	PFA2	G1	TEC	primary
foreman_987_CCCATTGTCATGCCCT	4075	10489	0.1042044046143579	987	PFA2	G1	TEC	primary
foreman_987_CCTAACCAGCATCTTG	3091	6906	0.11383055756698045	987	PFA2	G1	TEC	primary
foreman_987_CCTAACCCACTCAAGT	1849	3571	0.07672920750490059	987	PFA2	G1	TEC	primary
foreman_987_CCTATCGCACGAGGAT	2521	6229	0.17209825012040456	987	PFA2	G1	TEC	primary
foreman_987_CGAGTGCAGCCTTCTC	2635	5656	0.08010610079575597	987	PFA2	G1	TEC	primary
foreman_987_CGATGGCTCATACGAC	4110	9802	0.14007345439706181	987	PFA2	G1	TEC	primary
foreman_987_CTACCTGCAAATTAGG	2549	5896	0.14079728583545378	987	PFA2	G1	TEC	primary
foreman_987_CTATCCGTCAGCAATC	3317	7199	0.1337685789693013	987	PFA2	G1	TEC	primary
foreman_987_CTCATCGAGGGATCAC	2939	5942	0.11950850025248275	987	PFA2	G1	TEC	primary
foreman_987_CTGCATCGTGATAGAT	1845	4044	0.20974523868414544	987	PFA2	G1	TEC	primary
foreman_987_CTGTAGACACAACGAG	1646	3035	0.1630971993410214	987	PFA2	G1	TEC	primary
foreman_987_CTTCCGACAGCTTTCC	2862	6421	0.1911512696681726	987	PFA2	G1	TEC	primary
foreman_987_GAAATGACATACCAGT	3390	8571	0.1263710618436406	987	PFA2	G1	TEC	primary
foreman_987_GAACTGTTCGCATTGA	2355	4774	0.09279430247172182	987	PFA2	G1	TEC	primary
foreman_987_GAAGCCCAGAAGGGAT	2855	6660	0.13258258258258257	987	PFA2	G2M	TEC	primary
foreman_987_GAGGCAACAAGAATGT	3725	9553	0.12480368547796042	987	PFA2	S	TEC	primary
foreman_987_GCTACAACAGTCTCTC	1853	3721	0.21848965331900028	987	PFA2	G1	TEC	primary
foreman_987_GCTTCACGTGTGTCGC	2504	5527	0.15619909502262444	987	PFA2	G1	TEC	primary
foreman_987_GGGAGATGTTCGGCCA	2765	6156	0.22502030869212022	987	PFA2	G1	TEC	primary
foreman_987_GGGATCCAGCAGTCTT	2298	4616	0.17829289428076256	987	PFA2	G1	TEC	primary
foreman_987_GGGCGTTCAAGCTGTT	2636	5592	0.19030584868538722	987	PFA2	G1	TEC	primary
foreman_987_GGGTCTGAGGCCATAG	1693	3299	0.07002121855107608	987	PFA2	G1	TEC	primary
foreman_987_GTATTTCTCTCTTCAA	1825	3044	0.11242603550295859	987	PFA2	G1	TEC	primary
foreman_987_GTCACGGCAGCTGTTA	2737	6750	0.15498592384056897	987	PFA2	G1	TEC	primary
foreman_987_GTCACTCTCACCCTGT	3401	8500	0.11299435028248588	987	PFA2	G1	TEC	primary
foreman_987_GTCATCCCAGAGCTAG	2549	5157	0.0954043048283886	987	PFA2	G1	TEC	primary
foreman_987_GTCATGAAGAAGCGAA	3335	7720	0.18657683337652242	987	PFA2	G1	TEC	primary
foreman_987_GTGCAGCAGCAGCCTC	2284	6420	0.23624746766401744	987	PFA2	G1	TEC	primary
foreman_987_GTGGTTACATCCCACT	3341	7743	0.09119090674244382	987	PFA2	G1	TEC	primary
foreman_987_GTGTTCCTCTTCCGTG	1605	3341	0.14127506734510625	987	PFA2	G1	TEC	primary
foreman_987_GTTACAGAGCTTCATG	1832	3456	0.15224312590448624	987	PFA2	S	TEC	primary
foreman_987_GTTCTATGTTTACTTC	1872	3700	0.12027027027027028	987	PFA2	G1	TEC	primary
foreman_987_TAGGAGGAGGAACGTC	2355	5276	0.21986353297952996	987	PFA2	G1	TEC	primary
foreman_987_TATCTTGGTGTCACAT	2162	4572	0.21412948381452318	987	PFA2	G1	TEC	primary
foreman_987_TCGTGCTCAGGCTTGC	2383	4830	0.13043478260869565	987	PFA2	G1	TEC	primary
foreman_987_TGATCAGGTAGAGTTA	1566	2500	0.0328	987	PFA2	G1	TEC	primary
foreman_987_TGGAGGAGTTTACGTG	3581	9344	0.17210746013057904	987	PFA2	G1	TEC	primary
foreman_987_TGGGCGTTCGTAACAC	2439	5660	0.17111543220788403	987	PFA2	S	TEC	primary
foreman_987_TTCTAGTGTCAACGCC	2962	7324	0.19978151030998226	987	PFA2	G1	TEC	primary
foreman_987_TTGCTGCCAGGTGGAT	5137	15290	0.061743737327490354	987	PFA2	G1	TEC	primary
foreman_987_TTTCATGAGACGAGCT	854	1342	0.1885245901639344	987	PFA2	G1	TEC	primary
foreman_987_TTTCATGGTAATCAGA	2571	5744	0.22231894150417827	987	PFA2	G1	TEC	primary
foreman_1010_AAACGAAAGGTCACCC	3409	11682	0.04700744926791677	1010	PFA1	G1	TEC	primary
foreman_1010_AAAGTGAGTGATACAA	3276	8065	0.12053571428571429	1010	PFA1	G1	TEC	primary
foreman_1010_AACAAAGTCTCGACGG	2084	4559	0.061224489795918366	1010	PFA1	S	TEC	primary
foreman_1010_AACAAGAAGAGCAGCT	2385	5100	0.10413806628750735	1010	PFA1	G2M	TEC	primary
foreman_1010_ACTATGGGTACCCACG	3994	11495	0.17896293718461806	1010	PFA1	G1	TEC	primary
foreman_1010_AGACACTAGACTGAGC	2609	6501	0.22827257345023844	1010	PFA1	G1	TEC	primary
foreman_1010_ATCCACCAGAAGTCTA	4806	17030	0.09260672969640026	1010	PFA1	G1	TEC	primary
foreman_1010_CAATGACCATAGAATG	2426	5871	0.18095075822116205	1010	PFA1	S	TEC	primary
foreman_1010_CACAGGCTCAAATGCC	2153	4646	0.1425495262704565	1010	PFA1	G1	TEC	primary
foreman_1010_CAGTTCCCATTGGGAG	3756	12040	0.1668882978723404	1010	PFA1	G1	TEC	primary
foreman_1010_CGAGAAGTCGGTGTTA	4567	13181	0.11263757115749526	1010	PFA1	G1	TEC	primary
foreman_1010_CGATCGGGTTCTCCTG	4338	14706	0.10118319053447572	1010	PFA1	G1	TEC	primary
foreman_1010_CTCGAGGAGCGCCGTT	3209	10717	0.055804404628592756	1010	PFA1	G1	TEC	primary
foreman_1010_CTGTATTTCTAGTGTG	5541	17557	0.06511707400444368	1010	PFA1	G1	TEC	primary
foreman_1010_CTTCGGTCAGCGTTGC	4590	13253	0.04082094620086018	1010	PFA1	G1	TEC	primary
foreman_1010_GAGCTGCTCTCGTGAA	2868	5884	0.10181879993200747	1010	PFA1	S	TEC	primary
foreman_1010_GATAGAAAGAGTTGAT	2069	4429	0.12756829984195078	1010	PFA1	G1	TEC	primary
foreman_1010_GCTGCAGGTCTTGAGT	3072	9583	0.1322408934349233	1010	PFA1	G1	TEC	primary
foreman_1010_GTAATGCTCGGAGTGA	1878	3992	0.1818637274549098	1010	PFA1	S	TEC	primary
foreman_1010_GTGACGCGTGATGTAA	2484	5885	0.2608769544527532	1010	PFA1	G2M	TEC	primary
foreman_1010_GTTCCGTCATCCTGTC	3755	9677	0.04209764170459247	1010	PFA1	G1	TEC	primary
foreman_1010_TAGACTGAGGTAAAGG	1577	3317	0.1989749773892071	1010	PFA1	G1	TEC	primary
foreman_1010_TCACGGGGTTTAGTCG	5989	22668	0.07575891281327216	1010	PFA1	G2M	TEC	primary
foreman_1010_TCAGTCCGTCCCGTGA	4348	13738	0.07417922399359395	1010	PFA1	G1	TEC	primary
foreman_1010_TCCAGAATCAACCCGG	3963	12401	0.1085396339004919	1010	PFA1	G1	TEC	primary
foreman_1010_TCGAACATCCTGTAGA	1744	3731	0.02198391420911528	1010	PFA1	S	TEC	primary
foreman_1010_TCGTAGAAGGCACTAG	2418	6629	0.08418829209414605	1010	PFA1	S	TEC	primary
foreman_1010_TGAATGCAGCAGGTCA	3447	10700	0.1184444236701879	1010	PFA1	G1	TEC	primary
foreman_1010_TGAGGAGTCGGTAGAG	1839	4320	0.19398148148148148	1010	PFA1	G1	TEC	primary
foreman_1010_TGGGCGTTCACCTGGG	3531	10333	0.09090029041626331	1010	PFA1	G1	TEC	primary
foreman_1010_TTGGGCGTCAATCTCT	4993	14117	0.10689997166336072	1010	PFA1	G2M	TEC	primary
foreman_1010_ATTACTCCAATTGAGA	2848	6986	0.08319014891179839	1010	PFA1	S	TEC	primary
foreman_1048_AACAACCAGCATGAAT	3248	8791	0.06268486916951081	1048	PFA1	S	TEC	primary
foreman_1048_AATCGACAGAGTACCG	2421	5580	0.0935483870967742	1048	PFA1	G2M	TEC	primary
foreman_1048_ACCGTTCAGCTCTATG	3734	8861	0.0736937140277621	1048	PFA1	S	TEC	primary
foreman_1048_ACGATCATCTCCCTAG	1838	3730	0.1096514745308311	1048	PFA1	S	TEC	primary
foreman_1048_ACGTACAGTAGACAAT	2269	5366	0.0887066716362281	1048	PFA1	G1	TEC	primary
foreman_1048_ACGTTCCGTAGCGCCT	1357	2555	0.10924040720438528	1048	PFA1	S	TEC	primary
foreman_1048_AGAACCTCATGTACGT	5676	19840	0.15237663188668785	1048	PFA1	S	TEC	primary
foreman_1048_AGACAAAAGTGAGGTC	3104	8633	0.0580331286922275	1048	PFA1	G2M	TEC	primary
foreman_1048_AGAGAATCAGACCGCT	1718	3801	0.03393843725335438	1048	PFA1	G2M	TEC	primary
foreman_1048_AGAGCAGGTACTAACC	4746	17454	0.08662770711584737	1048	PFA1	S	TEC	primary
foreman_1048_AGCATCAGTCTGTGTA	1377	1992	0.020582329317269075	1048	PFA1	G1	TEC	primary
foreman_1048_AGCCACGAGCGTTGTT	3469	9884	0.10068811981380288	1048	PFA1	G1	TEC	primary
foreman_1048_AGGTAGGAGTGTCATC	4655	16361	0.08251329380844692	1048	PFA1	S	TEC	primary
foreman_1048_AGTAACCGTCCCTAAA	1807	3994	0.19629444166249374	1048	PFA1	S	TEC	primary
foreman_1048_CATTTCAGTGATGGCA	2123	4499	0.14292064903311846	1048	PFA1	G1	TEC	primary
foreman_1048_CCCATTGCATCTGTTT	3161	6948	0.1008923431203224	1048	PFA1	S	TEC	primary
foreman_1048_CCTAAGAAGGGCAACT	2890	7304	0.06709571409009996	1048	PFA1	S	TEC	primary
foreman_1048_CGGGACTCACATCCCT	2320	5861	0.15662856167889438	1048	PFA1	G1	TEC	primary
foreman_1048_CGTAAGTGTCAACCAT	1843	3987	0.1018309505894156	1048	PFA1	S	TEC	primary
foreman_1048_CTAACTTGTCATCGGC	3917	11263	0.08621914402415201	1048	PFA1	G1	TEC	primary
foreman_1048_CTATCTATCTCGCGTT	3079	8486	0.12857984678845022	1048	PFA1	S	TEC	primary
foreman_1048_CTTACCGTCCAACTGA	5522	20092	0.08113489298158287	1048	PFA1	G1	TEC	primary
foreman_1048_CTTCAATTCAAGGACG	2402	4941	0.12834008097165991	1048	PFA1	G1	TEC	primary
foreman_1048_GAGCCTGTCGGCTTCT	2109	4476	0.11044042029957522	1048	PFA1	G1	TEC	primary
foreman_1048_GCCAGGTGTCCTCAGG	2476	5488	0.08181486880466472	1048	PFA1	G2M	TEC	primary
foreman_1048_GGAGGATGTCCGCAGT	2439	5344	0.1158308383233533	1048	PFA1	G1	TEC	primary
foreman_1048_GGAGGTAAGTAATCCC	3296	8651	0.120591975950977	1048	PFA1	G1	TEC	primary
foreman_1048_GGCACGTTCAACCTCC	4172	11748	0.06776198178258279	1048	PFA1	G1	TEC	primary
foreman_1048_GGGTCACCAAACCGGA	2940	8348	0.11643507426928605	1048	PFA1	G2M	TEC	primary
foreman_1048_GGTAATCCACCAGCCA	2354	5755	0.20225890529973936	1048	PFA1	G1	TEC	primary
foreman_1048_GGTTAACTCTCAATCT	3072	6810	0.07988252569750368	1048	PFA1	G2M	TEC	primary
foreman_1048_GGTTGTACACTGAATC	1472	2495	0.0012024048096192384	1048	PFA1	G1	TEC	primary
foreman_1048_GTCTTTATCACGGTCG	2807	7024	0.11065223583024779	1048	PFA1	S	TEC	primary
foreman_1048_GTTATGGAGAGGTATT	1093	1964	0.20875763747454176	1048	PFA1	G2M	TEC	primary
foreman_1048_TAAGCGTGTAGCACGA	3144	9134	0.10247427195095249	1048	PFA1	S	TEC	primary
foreman_1048_TCAAGCACAAAGACTA	4198	14018	0.08296475959480668	1048	PFA1	G1	TEC	primary
foreman_1048_TCAGGTAGTGAACTAA	3451	9261	0.1042004103228593	1048	PFA1	S	TEC	primary
foreman_1048_TCATATCAGATCCCGC	3536	8849	0.05888336347197107	1048	PFA1	G1	TEC	primary
foreman_1048_TCCATGCAGCACCTGC	3679	10695	0.1712949976624591	1048	PFA1	S	TEC	primary
foreman_1048_TCCATGCAGCGCGTTC	3042	8549	0.12328927359925138	1048	PFA1	G1	TEC	primary
foreman_1048_TCCTAATAGCGATGGT	3776	10412	0.0813562578042455	1048	PFA1	S	TEC	primary
foreman_1048_TCCTCGAGTCCGGACT	3660	9928	0.0757453666398066	1048	PFA1	G2M	TEC	primary
foreman_1048_TCGACCTGTATTTCTC	5028	18119	0.08362773239125634	1048	PFA1	S	TEC	primary
foreman_1048_TGGGCTGCAACCGCTG	894	1303	0.010752688172043012	1048	PFA1	G1	TEC	primary
foreman_1048_TTACGCCAGCACTAAA	1141	1862	0.04994629430719656	1048	PFA1	G1	TEC	primary
foreman_1048_TTCACCGAGTTAGTAG	1892	4458	0.14625392552714223	1048	PFA1	G1	TEC	primary
foreman_1048_TTCCTTCCACTCAAGT	3542	9075	0.12167970902678277	1048	PFA1	S	TEC	primary
foreman_1048_TATTGCTTCCTGGTCT	5927	20768	0.0837628245267569	1048	PFA1	G2M	TEC	primary
foreman_1048_GTCTAGATCCGTCAAA	2364	5321	0.2537117083255027	1048	PFA1	G2M	TEC	primary
foreman_1048_CCCAACTAGCTTCGTA	557	690	0.04492753623188406	1048	PFA1	S	TEC	primary
foreman_1101_AAACGGGTCGTAGATC	801	1565	0.07667731629392971	1101	PFA2	G2M	TEC	primary
foreman_1101_AACACGTCATCCAACA	2997	6314	0.03643275780136227	1101	PFA2	G1	TEC	primary
foreman_1101_AACGTTGGTCTACCTC	3076	8106	0.029364589759407773	1101	PFA2	G1	TEC	primary
foreman_1101_AACTCCCCACTATCTT	709	1133	0.13503971756398941	1101	PFA2	G2M	TEC	primary
foreman_1101_AAGCCGCAGTGGAGTC	2358	4721	0.03791569582715527	1101	PFA2	G1	TEC	primary
foreman_1101_ACGCCGACAACCGCCA	1320	2596	0.10747303543913714	1101	PFA2	G1	TEC	primary
foreman_1101_ACTATCTCACGCCAGT	1140	2157	0.08356545961002786	1101	PFA2	S	TEC	primary
foreman_1101_ACTGAACCACCCTATC	2960	6573	0.023737066342057214	1101	PFA2	S	TEC	primary
foreman_1101_ACTGATGGTATAGTAG	888	1552	0.023195876288659795	1101	PFA2	S	TEC	primary
foreman_1101_ACTTACTTCGTAGGTT	1276	2412	0.074212271973466	1101	PFA2	G1	TEC	primary
foreman_1101_AGAATAGCAGCTGCTG	2289	4891	0.0488652627274586	1101	PFA2	G1	TEC	primary
foreman_1101_AGAGCGAAGGAGTAGA	1798	3264	0.05575980392156863	1101	PFA2	G1	TEC	primary
foreman_1101_AGAGTGGTCTCGCTTG	1281	2155	0.01160092807424594	1101	PFA2	G1	TEC	primary
foreman_1101_AGATTGCAGTGAACGC	2725	6529	0.02543281752719473	1101	PFA2	G1	TEC	primary
foreman_1101_AGCATACCATCAGTAC	1673	3070	0.04755700325732899	1101	PFA2	S	TEC	primary
foreman_1101_AGCGTCGTCGGCTTGG	1666	2870	0.00662020905923345	1101	PFA2	G1	TEC	primary
foreman_1101_AGCTTGACACCTGGTG	1024	2004	0.05089820359281437	1101	PFA2	S	TEC	primary
foreman_1101_AGGGAGTTCACCATAG	2057	3782	0.054732945531464836	1101	PFA2	G1	TEC	primary
foreman_1101_AGTGTCACAGATGGCA	1533	2620	0.10725190839694657	1101	PFA2	G1	TEC	primary
foreman_1101_ATCATCTCACCAGCAC	3000	7427	0.041745219499057365	1101	PFA2	G1	TEC	primary
foreman_1101_ATGCGATGTAAGAGAG	971	1613	0.09795412275263485	1101	PFA2	G1	TEC	primary
foreman_1101_CACCACTAGTGTGGCA	2864	6387	0.03115703773289494	1101	PFA2	G1	TEC	primary
foreman_1101_CAGAATCTCTACTCAT	3132	7548	0.023453027693123095	1101	PFA2	S	TEC	primary
foreman_1101_CAGCGACCACTACAGT	1237	2554	0.07948316366483947	1101	PFA2	G2M	TEC	primary
foreman_1101_CAGTAACTCTTGTACT	1525	2795	0.04830053667262969	1101	PFA2	G2M	TEC	primary
foreman_1101_CAGTCCTAGAGCTATA	1993	3800	0.07236842105263158	1101	PFA2	G1	TEC	primary
foreman_1101_CATCCACAGATAGCAT	1913	3192	0.03477443609022556	1101	PFA2	G1	TEC	primary
foreman_1101_CCACTACGTCTAAACC	1367	2499	0.05202080832332933	1101	PFA2	G1	TEC	primary
foreman_1101_CCATGTCCATTAGGCT	2351	5195	0.04815100154083205	1101	PFA2	S	TEC	primary
foreman_1101_CCCAATCGTAGCGATG	1070	1867	0.07391537225495447	1101	PFA2	G1	TEC	primary
foreman_1101_CCCAGTTTCAAGAAGT	756	1366	0.09443631039531479	1101	PFA2	G1	TEC	primary
foreman_1101_CCGGGATAGGTCGGAT	539	777	0.07850707850707851	1101	PFA2	S	TEC	primary
foreman_1101_CCGTACTGTCTGCAAT	1084	1911	0.0847723704866562	1101	PFA2	S	TEC	primary
foreman_1101_CCGTGGATCCAGGGCT	1216	2174	0.12373505059797608	1101	PFA2	G1	TEC	primary
foreman_1101_CCGTTCAGTTCGGGCT	2001	4075	0.0390279823269514	1101	PFA2	S	TEC	primary
foreman_1101_CCTACACAGACAGACC	1250	2203	0.05628688152519292	1101	PFA2	G1	TEC	primary
foreman_1101_CCTACCAAGTCAAGCG	2921	7323	0.027861240098333788	1101	PFA2	S	TEC	primary
foreman_1101_CCTACCATCTAACCGA	2582	5684	0.037480204117543554	1101	PFA2	G1	TEC	primary
foreman_1101_CCTCAGTCAAGCGATG	2760	6218	0.04407270387646775	1101	PFA2	G1	TEC	primary
foreman_1101_CCTTACGCAAACCTAC	2907	6943	0.017283594987757455	1101	PFA2	G1	TEC	primary
foreman_1101_CGCCAAGAGGATTCGG	2080	4411	0.033099070505554294	1101	PFA2	G2M	TEC	primary
foreman_1101_CGCGGTAGTGAGCGAT	2351	5214	0.023786687128333015	1101	PFA2	G1	TEC	primary
foreman_1101_CGCTTCACACTGTGTA	1795	3192	0.05169172932330827	1101	PFA2	G1	TEC	primary
foreman_1101_CGGACTGGTCATTAGC	1499	2851	0.04875482286916871	1101	PFA2	G1	TEC	primary
foreman_1101_CGGAGCTAGCTTCGCG	947	1594	0.0821831869510665	1101	PFA2	G1	TEC	primary
foreman_1101_CGGTTAATCTCTTATG	3071	6830	0.04289897510980966	1101	PFA2	G1	TEC	primary
foreman_1101_CGTAGGCCACGGTAAG	2084	4014	0.06626806178375685	1101	PFA2	G1	TEC	primary
foreman_1101_CGTAGGCTCAGTGCAT	954	1687	0.07829181494661921	1101	PFA2	S	TEC	primary
foreman_1101_CGTCCATAGATGAGAG	889	1497	0.1289245156980628	1101	PFA2	G1	TEC	primary
foreman_1101_CGTCCATCATCAGTCA	1847	3387	0.06585942114589487	1101	PFA2	G2M	TEC	primary
foreman_1101_CGTGTAAGTTCTCATT	2583	6320	0.021518987341772152	1101	PFA2	G1	TEC	primary
foreman_1101_CGTTGGGCACGCGAAA	731	1478	0.19688768606224627	1101	PFA2	G1	TEC	primary
foreman_1101_CTACATTAGGCTCAGA	1611	2859	0.07834907310248339	1101	PFA2	G1	TEC	primary
foreman_1101_CTCGGAGGTCAACATC	1904	3431	0.05276967930029155	1101	PFA2	G1	TEC	primary
foreman_1101_CTCGGGATCCACGCAG	2670	6700	0.056575608299746234	1101	PFA2	G1	TEC	primary
foreman_1101_CTCTACGAGACGCAAC	2077	3860	0.049740932642487044	1101	PFA2	G1	TEC	primary
foreman_1101_CTCTGGTCATTCGACA	1104	1813	0.10810810810810811	1101	PFA2	G1	TEC	primary
foreman_1101_CTCTGGTTCAACCAAC	1713	3119	0.07053542802180186	1101	PFA2	G1	TEC	primary
foreman_1101_CTGAAACCATCGGACC	2796	5827	0.05132166151733608	1101	PFA2	G1	TEC	primary
foreman_1101_CTGATAGCAATGGAGC	2252	4547	0.027490653177919506	1101	PFA2	G1	TEC	primary
foreman_1101_CTGCCTATCATGCTCC	663	1459	0.07059629883481837	1101	PFA2	G2M	TEC	primary
foreman_1101_CTGGTCTAGTCGTTTG	851	1523	0.23193166885676741	1101	PFA2	G1	TEC	primary
foreman_1101_CTTTGCGGTGGGTATG	910	1429	0.1462561231630511	1101	PFA2	G1	TEC	primary
foreman_1101_GAAACTCTCCAAAGTC	2556	5508	0.10096241147630289	1101	PFA2	G1	TEC	primary
foreman_1101_GAAATGAAGCGTTTAC	863	1505	0.12956810631229235	1101	PFA2	G1	TEC	primary
foreman_1101_GAATGAAAGCAGGCTA	2124	4032	0.06028280823616969	1101	PFA2	G1	TEC	primary
foreman_1101_GACAGAGTCACTCTTA	1571	3000	0.03767922640880293	1101	PFA2	G2M	TEC	primary
foreman_1101_GACGTGCAGCTTCGCG	1447	2501	0.05357856857257097	1101	PFA2	G1	TEC	primary
foreman_1101_GACTACATCACATGCA	2858	6747	0.04981467753891772	1101	PFA2	G1	TEC	primary
foreman_1101_GACTGCGCACAGGAGT	1595	2915	0.09056603773584905	1101	PFA2	G1	TEC	primary
foreman_1101_GACTGCGGTCAGAAGC	2274	4642	0.03533721180780004	1101	PFA2	G1	TEC	primary
foreman_1101_GAGTCCGCAAAGAATC	2139	3885	0.04145211122554068	1101	PFA2	G1	TEC	primary
foreman_1101_GAGTCCGTCATACGGT	1842	3592	0.08379732739420935	1101	PFA2	G1	TEC	primary
foreman_1101_GATCTAGCAAGAGGCT	898	1856	0.10129310344827586	1101	PFA2	G1	TEC	primary
foreman_1101_GATGCTATCATAGCAC	1756	3141	0.05635148042024833	1101	PFA2	G1	TEC	primary
foreman_1101_GATGCTATCTAACTCT	1303	2709	0.09154669619785899	1101	PFA2	G2M	TEC	primary
foreman_1101_GCAATCACACAGGTTT	797	1398	0.10458452722063037	1101	PFA2	G1	TEC	primary
foreman_1101_GCACATACATATACGC	906	1582	0.1390644753476612	1101	PFA2	G1	TEC	primary
foreman_1101_GCAGCCACATATACGC	2276	4541	0.025335977087464198	1101	PFA2	S	TEC	primary
foreman_1101_GCATGCGCACCAGTTA	1637	3011	0.13251411491198936	1101	PFA2	S	TEC	primary
foreman_1101_GCATGCGCAGATGGCA	1370	2331	0.07124463519313305	1101	PFA2	G1	TEC	primary
foreman_1101_GCATGTAAGCAGATCG	770	1170	0.10085470085470086	1101	PFA2	G1	TEC	primary
foreman_1101_GCATGTAGTCTAAACC	1586	3130	0.09456869009584665	1101	PFA2	G1	TEC	primary
foreman_1101_GCGACCAGTCTTTCAT	2469	5288	0.04803328290468986	1101	PFA2	G1	TEC	primary
foreman_1101_GCGCCAAGTGAGGGTT	1595	2686	0.06887565152643335	1101	PFA2	G1	TEC	primary
foreman_1101_GCGGGTTCATTTCAGG	1332	2403	0.0599250936329588	1101	PFA2	G1	TEC	primary
foreman_1101_GCTTCCACACCATGTA	743	1450	0.07793103448275862	1101	PFA2	G2M	TEC	primary
foreman_1101_GCTTGAAGTGGAAAGA	1406	2294	0.044463818657367045	1101	PFA2	G2M	TEC	primary
foreman_1101_GGAAAGCGTTACCGAT	2243	4845	0.06172584640792733	1101	PFA2	G1	TEC	primary
foreman_1101_GGCCGATGTGCCTTGG	1587	3062	0.0868713259307642	1101	PFA2	G2M	TEC	primary
foreman_1101_GGCGTGTAGTCGTTTG	1726	3298	0.03395997574287447	1101	PFA2	G1	TEC	primary
foreman_1101_GGGCACTAGCTATGCT	1666	3499	0.10231494712775079	1101	PFA2	S	TEC	primary
foreman_1101_GGTGCGTAGAGCCTAG	2263	4544	0.026194144838212634	1101	PFA2	G1	TEC	primary
foreman_1101_GGTGTTACAAGCCTAT	2783	6562	0.019661636945587563	1101	PFA2	G1	TEC	primary
foreman_1101_GTCGTAAAGTGCGTGA	2528	5581	0.026876903780684466	1101	PFA2	G2M	TEC	primary
foreman_1101_GTCGTAAGTCAAAGCG	2640	5464	0.047218155197657395	1101	PFA2	G1	TEC	primary
foreman_1101_GTGCATATCAAACCAC	4520	12549	0.06288355782258707	1101	PFA2	G1	TEC	primary
foreman_1101_GTGCTTCCAATCTACG	2497	5510	0.026134301270417423	1101	PFA2	G1	TEC	primary
foreman_1101_TAAGAGACAATAACGA	865	1475	0.10508474576271186	1101	PFA2	G1	TEC	primary
foreman_1101_TAAGTGCGTGAGGCTA	848	1598	0.14965560425798372	1101	PFA2	S	TEC	primary
foreman_1101_TACTTACCACAACGTT	3438	10044	0.02748182813900229	1101	PFA2	G1	TEC	primary
foreman_1101_TAGGCATGTGTGGTTT	4103	10772	0.05068696620868919	1101	PFA2	G1	TEC	primary
foreman_1101_TCAACGAGTCACTTCC	1673	3140	0.02961783439490446	1101	PFA2	G1	TEC	primary
foreman_1101_TCGCGAGGTAAGTGTA	1325	2313	0.07868568958063121	1101	PFA2	G1	TEC	primary
foreman_1101_TCGGTAATCAACACAC	2746	6050	0.10743801652892562	1101	PFA2	G1	TEC	primary
foreman_1101_TCGTAGACAAACAACA	2176	4417	0.035778985507246376	1101	PFA2	G1	TEC	primary
foreman_1101_TCGTAGATCGGAGGTA	1491	2517	0.028628230616302187	1101	PFA2	G1	TEC	primary
foreman_1101_TGAAAGACAGTTCATG	1336	2282	0.07800175284837861	1101	PFA2	G1	TEC	primary
foreman_1101_TGCCCTATCACGATGT	2270	5754	0.03249913103927703	1101	PFA2	G2M	TEC	primary
foreman_1101_TGCCCTATCCTGTACC	1259	2058	0.037900874635568516	1101	PFA2	G1	TEC	primary
foreman_1101_TGCTACCCATGCTAGT	2872	6732	0.030897207367795602	1101	PFA2	G2M	TEC	primary
foreman_1101_TGCTGCTCAAGTAGTA	2027	4122	0.04002911208151383	1101	PFA2	G1	TEC	primary
foreman_1101_TGCTGCTTCCGAAGAG	1940	3775	0.07019867549668875	1101	PFA2	G1	TEC	primary
foreman_1101_TGGACGCGTACCGGCT	1577	2587	0.09586393505991496	1101	PFA2	G1	TEC	primary
foreman_1101_TGGTTAGTCCTCCTAG	1637	3204	0.07149547299406805	1101	PFA2	S	TEC	primary
foreman_1101_TGTGGTAAGATGGCGT	637	1030	0.1524271844660194	1101	PFA2	G1	TEC	primary
foreman_1101_TTAGGACAGTGGAGAA	2323	4402	0.03225806451612903	1101	PFA2	G2M	TEC	primary
foreman_1101_TTAGTTCCATGCATGT	3314	8381	0.03078391600047727	1101	PFA2	S	TEC	primary
foreman_1101_TTATGCTGTAAATGAC	931	1696	0.06426886792452831	1101	PFA2	G1	TEC	primary
foreman_1101_TTCGAAGAGTGGGTTG	1793	3145	0.06679389312977099	1101	PFA2	G2M	TEC	primary
foreman_1101_TTCGAAGTCTACTTAC	1203	2308	0.09662045060658579	1101	PFA2	G2M	TEC	primary
foreman_1101_TTCGGTCCAGCTGCTG	1826	3635	0.0968363136176066	1101	PFA2	G1	TEC	primary
foreman_1101_TTTGCGCAGACGACGT	986	1753	0.09811751283513977	1101	PFA2	G1	TEC	primary
foreman_1101_AAAGATGTCACGCATA	3260	7811	0.03968762002304443	1101	PFA2	G1	TEC	primary
foreman_1101_AATCCAGGTGCCTGGT	810	1570	0.08789808917197452	1101	PFA2	G1	TEC	primary
foreman_1101_ATCATGGGTATATGAG	1079	1708	0.07908611599297012	1101	PFA2	S	TEC	primary
foreman_1101_CATATGGGTCTGATTG	1330	2169	0.07607192254495158	1101	PFA2	G1	TEC	primary
foreman_1101_CCACCTATCGCTGATA	2801	6609	0.03510364654259343	1101	PFA2	G1	TEC	primary
foreman_1101_CCACTACGTACTCGCG	2055	3715	0.0420032310177706	1101	PFA2	G1	TEC	primary
foreman_1101_CGCCAAGGTTGTCGCG	3376	8775	0.03202279202279202	1101	PFA2	G1	TEC	primary
foreman_1101_CGGGTCATCTTTAGTC	1458	2579	0.06048856145792943	1101	PFA2	S	TEC	primary
foreman_1101_CTCTGGTTCGTCACGG	1630	2955	0.03282571912013536	1101	PFA2	S	TEC	primary
foreman_1101_CTGATAGGTTCAGTAC	2956	6193	0.042797157622739015	1101	PFA2	G1	TEC	primary
foreman_1101_CTTACCGTCTTATCTG	2604	5805	0.03531438415159346	1101	PFA2	G1	TEC	primary
foreman_1101_GATGAAAGTGAAATCA	994	1823	0.1492046077893582	1101	PFA2	G1	TEC	primary
foreman_1101_GCATGATCAGCTTAAC	3379	8658	0.05371375765276655	1101	PFA2	G1	TEC	primary
foreman_1101_GGACAGACAGATGGCA	525	745	0.07919463087248323	1101	PFA2	S	TEC	primary
foreman_1101_GTTACAGTCCCATTAT	1311	2248	0.056074766355140186	1101	PFA2	G2M	TEC	primary
foreman_1101_TAGACCACACATTAGC	1333	2339	0.07909362975630611	1101	PFA2	G1	TEC	primary
foreman_1101_TCAGGTAAGACTACAA	2032	4065	0.044034440344403444	1101	PFA2	G1	TEC	primary
foreman_1101_TCCACACTCATCGGAT	2693	6252	0.025911708253358926	1101	PFA2	G1	TEC	primary
foreman_1101_TCGTAGATCACAGGCC	781	1382	0.05579710144927536	1101	PFA2	G1	TEC	primary
foreman_1101_TGACAACCATCCTTGC	798	1409	0.0773598296664301	1101	PFA2	G1	TEC	primary
foreman_1101_TGCTACCCAGATCTGT	1507	3076	0.1264629388816645	1101	PFA2	G1	TEC	primary
foreman_1101_TGTATTCTCCTGTACC	2167	4504	0.030202087497224073	1101	PFA2	G1	TEC	primary
foreman_1101_TTAGTTCGTTTGACTG	1378	2703	0.08065112837587865	1101	PFA2	G1	TEC	primary
foreman_1101_TTGTAGGAGACTGGGT	1230	2059	0.0747935891209325	1101	PFA2	S	TEC	primary
foreman_1101_GCTGGGTTCCCAAGTA	793	1585	0.07449494949494949	1101	PFA2	G1	TEC	primary
foreman_1185_GAAGCCCCAACTACGT	3069	6421	0.01277059648029902	1185	ST-YAP	G1	TEC	primary
foreman_1185_GCTACAACAACCGGAA	3432	8446	0.09224393132030788	1185	ST-YAP	G1	TEC	primary
foreman_1185_GGAGAACGTCCTCCTA	3143	8622	0.17698909765715612	1185	ST-YAP	G1	TEC	primary
foreman_1185_GTAAGTCGTCCAGCGT	3120	6207	0.035766070565490575	1185	ST-YAP	S	TEC	primary
foreman_1185_GTAATGCGTGACTCTA	2220	4713	0.07236842105263158	1185	ST-YAP	S	TEC	primary
foreman_1185_GTAGCTATCCGCAGTG	2215	4667	0.16798800085708163	1185	ST-YAP	G2M	TEC	primary
foreman_1185_GTGAGTTCAACCACAT	3279	7667	0.11725577148819616	1185	ST-YAP	G1	TEC	primary
foreman_1185_GTGTTCCCACGTTCGG	1405	2362	0.13293818797629128	1185	ST-YAP	G2M	TEC	primary
foreman_1185_GTTACGACATACATCG	3101	7515	0.041655576257652385	1185	ST-YAP	G1	TEC	primary
foreman_1185_TAACGACTCGCGTGAC	2932	6956	0.1604370327774583	1185	ST-YAP	G1	TEC	primary
foreman_1185_TAAGCGTAGTGCTACT	3409	7241	0.03866869216958983	1185	ST-YAP	G1	TEC	primary
foreman_1185_TAGAGTCGTCAAGCGA	2017	4479	0.2565304755525787	1185	ST-YAP	G1	TEC	primary
foreman_1185_TAGTGCACAGGTACGA	4758	15357	0.06668837512211007	1185	ST-YAP	G1	TEC	primary
foreman_1185_TCAAGCACATACAGCT	1999	3493	0.08760377898654452	1185	ST-YAP	G1	TEC	primary
foreman_1185_TCAGTCCCAGGATCTT	3802	10804	0.10552624271035824	1185	ST-YAP	G1	TEC	primary
foreman_1185_TGTGAGTGTATGTCAC	2135	4204	0.19814462416745957	1185	ST-YAP	G1	TEC	primary
foreman_1185_TGTGTGAGTCCACTTC	2236	4600	0.17891304347826087	1185	ST-YAP	G1	TEC	primary
foreman_1185_TTCGGTCGTTCGGGTC	2952	6473	0.1019619959833153	1185	ST-YAP	G1	TEC	primary
foreman_870_ACTTACTGTACCGAGA	2572	5600	0.044642857142857144	870	ST-RELA	G1	TEC	primary
foreman_870_CTCATTAAGTTATCGC	3913	10525	0.05558194774346793	870	ST-RELA	G2M	TEC	primary
foreman_870_TGGGCGTGTAAGTGTA	4166	11996	0.059441433930804505	870	ST-RELA	G1	TEC	primary
foreman_870_AAGGCAGGTTCAGGCC	2267	4322	0.04142559592686878	870	ST-RELA	S	TEC	primary
foreman_870_CCTATTACATGTTCCC	5324	19201	0.04150825477839696	870	ST-RELA	G1	TEC	primary
foreman_870_GAACCTAAGACTGTAA	2734	6475	0.037231577321180286	870	ST-RELA	S	TEC	primary
foreman_870_GAGTCCGAGCGGCTTC	3388	8235	0.07455980570734669	870	ST-RELA	G1	TEC	primary
foreman_1347_AATGGAATCGAGTGAG	6723	28173	0.09424585566717547	1347	PFA1	S	TEC	primary
foreman_1347_ACGGTCGGTCCTACGG	2472	4533	0.10458958517210945	1347	PFA1	G1	TEC	primary
foreman_1347_ACTCTCGTCGGTCGGT	5072	17947	0.16922048253189947	1347	PFA1	S	TEC	primary
foreman_1347_ATGTCTTAGCACTCCG	1808	3987	0.24303987960872836	1347	PFA1	G2M	TEC	primary
foreman_1347_GATAGCTCAAGACTGG	4058	13319	0.27599669644868235	1347	PFA1	S	TEC	primary
foreman_1347_GATTCTTCACTTCTCG	4301	14825	0.14356068272279565	1347	PFA1	G1	TEC	primary
foreman_1347_AAGCGTTCACCAGTAT	2655	6241	0.13699727607755166	1347	PFA1	S	TEC	primary
foreman_1239_ACGGGCTCACTTACGA	323	561	0.24777183600713013	1239	PFA1	G1	MEC	primary
foreman_1239_ACGGGCTGTAAATGTG	1757	4813	0.019534497090606815	1239	PFA1	G1	MEC	primary
foreman_1239_ATCCGAAGTATGAATG	1758	4957	0.048416380875529554	1239	PFA1	G1	MEC	primary
foreman_1239_GTTTCTACACCTTGTC	1919	4661	0.028963741686333404	1239	PFA1	G1	MEC	primary
foreman_1239_TCATTTGAGCTGTTCA	1382	3379	0.042616158626812665	1239	PFA1	G2M	MEC	primary
foreman_1239_TTGACTTTCCCTAATT	346	613	0.09951060358890701	1239	PFA1	G1	MEC	primary
foreman_723_AACGTTGTCACAATGC	325	505	0.12673267326732673	723	PFA1	G1	MEC	primary
foreman_723_CGGAGTCGTACCGTTA	2562	7451	0.029664429530201344	723	PFA1	G1	MEC	primary
foreman_723_CTGCCTAAGGTTACCT	2048	7916	0.041182415361293585	723	PFA1	G1	MEC	primary
foreman_723_GCATGCGCAGAGTGTG	545	1889	0.008999470619375331	723	PFA1	G1	MEC	primary
foreman_723_ATTGGTGCATTGGCGC	542	1035	0.07439613526570048	723	PFA1	G1	MEC	primary
foreman_723_CCTCTGAGTCAAACTC	453	790	0.04683544303797468	723	PFA1	G2M	MEC	primary
foreman_723_TTCTTAGCAATAAGCA	597	901	0.05549389567147614	723	PFA1	G1	MEC	primary
foreman_723_TTGTAGGAGCCAACAG	631	1050	0.04	723	PFA1	G2M	MEC	primary
foreman_727_ACGGCCAAGGCCATAG	899	2079	0.07215007215007214	727	PFA2	G1	MEC	primary
foreman_727_ATCACGAAGGCAGTCA	879	1888	0.12294647588765235	727	PFA2	G1	MEC	primary
foreman_727_CATTCGCCAGATTGCT	704	1376	0.20451237263464336	727	PFA2	G1	MEC	primary
foreman_727_GCAAACTGTTGTGGAG	3795	13726	0.04794171220400729	727	PFA2	G1	MEC	primary
foreman_727_TTCTACACATCAGTAC	5497	23590	0.030269628624724435	727	PFA2	G1	MEC	primary
foreman_727_AGCGTATCAGCTGTAT	422	628	0.004777070063694267	727	PFA2	G1	MEC	primary
foreman_727_GACGTGCCACGACTCG	608	1348	0.14625092798812175	727	PFA2	G1	MEC	primary
foreman_781_AGGGTGACAAGTACCT	640	1244	0.2387459807073955	781	PFA1	G1	MEC	primary
foreman_781_TACCTATAGTGGTCCC	492	966	0.2639751552795031	781	PFA1	G1	MEC	primary
foreman_781_AACTCCCAGTGAATTG	765	1373	0.01967930029154519	781	PFA1	G1	MEC	primary
foreman_781_AAGACCTTCTAAGCCA	500	995	0.005025125628140704	781	PFA1	S	MEC	primary
foreman_781_ACACCCTGTTCCCGAG	547	2017	0.05304908279623203	781	PFA1	G1	MEC	primary
foreman_781_ACTTTCATCGGTCTAA	1261	2515	0.03778838504375497	781	PFA1	S	MEC	primary
foreman_781_AGCGGTCAGGTGCAAC	1514	3244	0.1186806411837238	781	PFA1	G1	MEC	primary
foreman_781_AGTGTCACACATTCGA	2071	5297	0.13257790368271954	781	PFA1	G1	MEC	primary
foreman_781_ATGTGTGCATCCTTGC	365	583	0.2195540308747856	781	PFA1	S	MEC	primary
foreman_781_CAACCAATCGGCGCTA	472	809	0.07787391841779975	781	PFA1	G1	MEC	primary
foreman_781_CAGAGAGAGGAGTAGA	698	1442	0.07628294036061026	781	PFA1	G1	MEC	primary
foreman_781_CATTATCAGTGACTCT	741	1884	0.1449814126394052	781	PFA1	G1	MEC	primary
foreman_781_CGTAGCGGTCAAAGCG	1226	2827	0.03647308781869688	781	PFA1	G1	MEC	primary
foreman_781_CTAATGGGTTGTACAC	687	1426	0.023842917251051893	781	PFA1	G1	MEC	primary
foreman_781_CTAGAGTGTACCGCTG	608	880	0.042045454545454546	781	PFA1	S	MEC	primary
foreman_781_CTCGTCAAGTCCAGGA	816	1308	0.03211009174311927	781	PFA1	G1	MEC	primary
foreman_781_CTCGTCACAGTCGATT	467	1705	0.21818181818181817	781	PFA1	G1	MEC	primary
foreman_781_CTTCTCTGTAAGGATT	824	1798	0.07119021134593993	781	PFA1	G1	MEC	primary
foreman_781_GACGTTATCCCTCAGT	436	659	0.042488619119878605	781	PFA1	G1	MEC	primary
foreman_781_GATCGATTCGCCATAA	3262	9904	0.07846107240230234	781	PFA1	G1	MEC	primary
foreman_781_GGACGTCAGTCCATAC	498	884	0.07692307692307693	781	PFA1	S	MEC	primary
foreman_781_GGCTCGACAATTGCTG	1566	3471	0.012103746397694525	781	PFA1	G1	MEC	primary
foreman_781_GGCTGGTGTCTCTTAT	1348	2646	0.016628873771730914	781	PFA1	G1	MEC	primary
foreman_781_GGGCATCAGATCTGAA	465	616	0.030844155844155844	781	PFA1	G1	MEC	primary
foreman_781_GGGCATCAGGGCACTA	1391	3625	0.07751724137931035	781	PFA1	G1	MEC	primary
foreman_781_GTCGGGTGTCATGCCG	269	512	0.283203125	781	PFA1	G2M	MEC	primary
foreman_781_TACTCATCATCACCCT	497	1095	0.27123287671232876	781	PFA1	G1	MEC	primary
foreman_781_TCAGCTCGTGCGAAAC	434	775	0.08516129032258064	781	PFA1	G1	MEC	primary
foreman_781_TCTCATATCGGTTCGG	661	1789	0.15715883668903805	781	PFA1	G1	MEC	primary
foreman_781_TGAGCCGGTATCACCA	1333	2356	0.022495755517826826	781	PFA1	G1	MEC	primary
foreman_781_TGCTACCCATGCAACT	785	1289	0.04189294026377036	781	PFA1	G1	MEC	primary
foreman_781_TTCGAAGTCGTGACAT	457	1001	0.2077922077922078	781	PFA1	G1	MEC	primary
foreman_781_TGGGAAGCAAACAACA	2217	5260	0.006655257653546302	781	PFA1	G1	MEC	primary
foreman_781_AGGCCGTTCGCAAACT	384	635	0.15433070866141732	781	PFA1	G1	MEC	primary
foreman_781_CGTGTCTTCTGTACGA	649	1394	0.29770444763271164	781	PFA1	G2M	MEC	primary
foreman_781_AAAGTAGAGTCCATAC	844	1620	0.03518518518518519	781	PFA1	G1	MEC	primary
foreman_781_CACCACTCAGTCGTGC	482	839	0.10846245530393325	781	PFA1	G1	MEC	primary
foreman_781_CATCGAAGTGTTTGTG	592	1080	0.021296296296296296	781	PFA1	G1	MEC	primary
foreman_781_GTACTCCCACGGCTAC	378	572	0.040280210157618214	781	PFA1	S	MEC	primary
foreman_781_TGCACCTCATATACCG	594	1790	0.09106145251396648	781	PFA1	G2M	MEC	primary
foreman_839_ACTGAACAGACGCAAC	520	780	0.05	839	PFA1	S	MEC	primary
foreman_839_CATCAAGTCATTGCCC	264	720	0.03333333333333333	839	PFA1	S	MEC	primary
foreman_839_GAGCAGAAGCTTTGGT	410	907	0.020948180815876516	839	PFA1	G1	MEC	primary
foreman_839_TACTTACGTTACAGAA	371	593	0.0893760539629005	839	PFA1	G1	MEC	primary
foreman_839_CCCAGTTTCAAGAAGT	217	331	0.015105740181268883	839	PFA1	G2M	MEC	primary
foreman_839_TAAACCGTCTGTTTGT	389	570	0.14385964912280702	839	PFA1	G2M	MEC	primary
foreman_848_CGAGAAGTCGCGTAGC	2447	5826	0.08513559903879163	848	PFA1	S	MEC	primary
foreman_848_CGGAGCTGTATCAGTC	315	861	0.1755813953488372	848	PFA1	S	MEC	primary
foreman_848_AAGTCTGTCCCAACGG	1479	2886	0.029452529452529453	848	PFA1	G1	MEC	primary
foreman_848_ACGGCCACATGCCACG	889	1717	0.05358182877111241	848	PFA1	G1	MEC	primary
foreman_848_ACTATCTAGAGATGAG	940	2826	0.038924274593064405	848	PFA1	S	MEC	primary
foreman_848_ATCCACCAGTGCCATT	1518	4074	0.030682376043200784	848	PFA1	G1	MEC	primary
foreman_848_CAAGATCGTACATCCA	1052	2074	0.05255544840887175	848	PFA1	G1	MEC	primary
foreman_848_CACAGTACATAACCTG	722	1292	0.2306501547987616	848	PFA1	G1	MEC	primary
foreman_848_CCGTTCATCACATAGC	892	1869	0.03317281968967362	848	PFA1	G1	MEC	primary
foreman_848_CTCGTCACAGCTTAAC	1478	3593	0.05761202337879209	848	PFA1	G1	MEC	primary
foreman_848_GAAATGATCTGTCCGT	657	1224	0.1184640522875817	848	PFA1	G1	MEC	primary
foreman_848_GGCCGATTCTTACCTA	438	864	0.1840277777777778	848	PFA1	S	MEC	primary
foreman_848_GTTCGGGCACCACCAG	1225	2636	0.07473444613050076	848	PFA1	G1	MEC	primary
foreman_848_GTTTCTACACATTCGA	359	507	0.10848126232741617	848	PFA1	G1	MEC	primary
foreman_848_GTTTCTAGTGTTGGGA	489	944	0.12076271186440678	848	PFA1	S	MEC	primary
foreman_848_TCGCGAGCATAAAGGT	475	651	0.026153846153846153	848	PFA1	G1	MEC	primary
foreman_848_TCGGGACCACCGAATT	2473	6260	0.09729988816104809	848	PFA1	G1	MEC	primary
foreman_848_TGCACCTCATCACAAC	333	562	0.021352313167259787	848	PFA1	G1	MEC	primary
foreman_848_TAAGTGCTCCACTCCA	579	1126	0.017761989342806393	848	PFA1	S	MEC	primary
foreman_848_TCATTTGAGATGTGGC	482	688	0.12663755458515283	848	PFA1	S	MEC	primary
foreman_848_ACACTGATCTGCTGCT	1188	2399	0.0079232693911593	848	PFA1	G1	MEC	primary
foreman_848_ATTGGTGGTGTCAATC	386	679	0.07374631268436578	848	PFA1	S	MEC	primary
foreman_859_AGCCTAAAGCGATTCT	332	628	0.29936305732484075	859	PFA1	G2M	MEC	primary
foreman_859_CTCTACGAGACGCACA	341	642	0.2995319812792512	859	PFA1	S	MEC	primary
foreman_859_ACTGCTCGTTGTCTTT	344	498	0.02208835341365462	859	PFA1	G1	MEC	primary
foreman_859_CAACTAGCATCTGGTA	272	441	0.18820861678004536	859	PFA1	G2M	MEC	primary
foreman_859_CACACTCAGATATACG	278	405	0.13333333333333333	859	PFA1	G1	MEC	primary
foreman_859_GTACTCCAGATAGGAG	671	1440	0.26235212247738343	859	PFA1	G1	MEC	primary
foreman_859_TAAACCGGTCTCTCTG	316	552	0.07065217391304347	859	PFA1	S	MEC	primary
foreman_859_TCGGGACAGTTGTCGT	370	621	0.23832528180354268	859	PFA1	G1	MEC	primary
foreman_859_ATGTGTGCAGTTTACG	663	980	0.0163265306122449	859	PFA1	G2M	MEC	primary
foreman_859_TGTTCCGTCAGGCCCA	472	816	0.056372549019607844	859	PFA1	G1	MEC	primary
foreman_859_GCTCTGTGTGTTGAGG	305	491	0.04073319755600815	859	PFA1	G1	MEC	primary
foreman_859_TGCGTGGGTCTAGTCA	1205	2189	0.036089538602101415	859	PFA1	G1	MEC	primary
foreman_871_ACATCAGAGTTATCGC	1138	2068	0.17966101694915254	871	PFA1	G1	MEC	primary
foreman_871_ACGGGCTCACTTACGA	2200	5839	0.21216795201371036	871	PFA1	G1	MEC	primary
foreman_897_CAGAGAGAGGAGCGTT	1286	2576	0.07453416149068323	897	PFA2	S	MEC	primary
foreman_897_TCTTCGGCACTGTTAG	2800	8416	0.07582600427858331	897	PFA2	G1	MEC	primary
foreman_911_GACCAATTCTTTCCTC	212	327	0.07033639143730887	911	PFA2	S	MEC	primary
foreman_911_TCGTAGACAACAACCT	213	345	0.020289855072463767	911	PFA2	G2M	MEC	primary
foreman_928_TCGTAGACAACAACCT	239	369	0.01084010840108401	928	PFA1	G1	MEC	primary
foreman_928_CACCAGGGTATGAATG	269	378	0.018518518518518517	928	PFA1	S	MEC	primary
foreman_930_AACTCTTCAAGTTCTG	757	1582	0.029077117572692796	930	PFA2	S	MEC	primary
foreman_930_ACGATACTCTTTACAC	325	497	0.002012072434607646	930	PFA2	G1	MEC	primary
foreman_930_CACCAGGCAAGGTGTG	358	518	0.05791505791505792	930	PFA2	G1	MEC	primary
foreman_930_CGATCGGCATCCTAGA	1348	3923	0.018357980622131564	930	PFA2	S	MEC	primary
foreman_930_CTGATAGGTCTTTCAT	2619	7191	0.0027816411682892906	930	PFA2	G1	MEC	primary
foreman_930_GACGGCTGTCTAGTCA	1945	4744	0.03478810879190386	930	PFA2	G1	MEC	primary
foreman_930_GATTCAGTCTGTCAAG	380	855	0.025730994152046785	930	PFA2	G1	MEC	primary
foreman_930_TACCTTACAATCACAC	954	1844	0.005971769815418024	930	PFA2	G1	MEC	primary
foreman_930_TATTACCAGCACAGGT	701	1549	0.10730446024563671	930	PFA2	G1	MEC	primary
foreman_930_TCGTAGACAACAACCT	2779	10206	0.020288150543957658	930	PFA2	G1	MEC	primary
foreman_930_GGGCACTGTTTGTTGG	336	540	0.0055658627087198514	930	PFA2	G1	MEC	primary
foreman_965_ACGAGCCCATCACGAT	485	868	0.23732718894009217	965	PFA2	S	MEC	primary
foreman_965_ACGTCAATCCATGAAC	1435	2702	0.10773787486116253	965	PFA2	G1	MEC	primary
foreman_965_GAATGAAGTCCGTTAA	1765	4142	0.01135539985503745	965	PFA2	G1	MEC	primary
foreman_965_GATGCTAGTGGCGAAT	1705	3934	0.14285714285714285	965	PFA2	S	MEC	primary
foreman_965_ACATCAGTCACTATTC	1280	3048	0.18313094847390876	965	PFA2	G1	MEC	primary
foreman_965_ATCTACTAGGTGTGGT	634	1076	0.13197026022304834	965	PFA2	G1	MEC	primary
foreman_965_TAGCCGGTCGCTTGTC	371	771	0.07133592736705577	965	PFA2	S	MEC	primary
foreman_965_CACACTCGTGACAAAT	1212	2293	0.059336823734729496	965	PFA2	G1	MEC	primary
foreman_965_CGTGTAAGTAAGTGGC	572	1240	0.24193548387096775	965	PFA2	G2M	MEC	primary
foreman_987_ACTTATCTCCATCAGA	460	914	0.1137855579868709	987	PFA2	S	MEC	primary
foreman_987_ATAGAGAGTTTCGTGA	1239	2666	0.22506586375611592	987	PFA2	G1	MEC	primary
foreman_987_CAAGGGAAGCACTCCG	4819	19068	0.1422427357599916	987	PFA2	G1	MEC	primary
foreman_987_CTCACTGTCGTAGAGG	1810	3534	0.0622524052065648	987	PFA2	G1	MEC	primary
foreman_987_TGTTCCGGTCAAGGCA	1263	2432	0.10987654320987654	987	PFA2	G1	MEC	primary
foreman_1010_CTCAGAACATGTCAGT	2380	8435	0.15403770900035574	1010	PFA1	G1	MEC	primary
foreman_1010_GGATGTTTCGTGACTA	2102	5379	0.10131994794571482	1010	PFA1	G1	MEC	primary
foreman_1010_ACACGCGTCTCTCGAC	4727	16671	0.03558569371099376	1010	PFA1	G1	MEC	primary
foreman_1010_AGACCCGTCTCACCCA	1594	4267	0.09610876699484294	1010	PFA1	G1	MEC	primary
foreman_1010_CACAGATCACTACCGG	4320	15487	0.05572415574352683	1010	PFA1	G1	MEC	primary
foreman_1010_CATACAGTCGCCTATC	1890	6015	0.25569409808811305	1010	PFA1	G2M	MEC	primary
foreman_1010_CATTGCCGTGGCAGAT	3571	12891	0.04073240747924587	1010	PFA1	G1	MEC	primary
foreman_1010_TCAGCCTGTTGACTGT	1658	4617	0.17392246047216808	1010	PFA1	G1	MEC	primary
foreman_1010_TGCTCCAGTACTCGAT	542	831	0.015643802647412757	1010	PFA1	S	MEC	primary
foreman_1010_TTTGATCGTGTTAGCT	914	2576	0.04891304347826087	1010	PFA1	G1	MEC	primary
foreman_1010_CCTTGTGGTACCACGC	1748	4947	0.2919530934088152	1010	PFA1	S	MEC	primary
foreman_1010_GCTGCAGTCCTTATCA	1255	2983	0.22996982903117666	1010	PFA1	S	MEC	primary
foreman_1010_AATGAAGAGGCACGAT	1537	3136	0.13365231259968102	1010	PFA1	G1	MEC	primary
foreman_1010_TATTGGGCATGGAAGC	4247	13878	0.16605405405405405	1010	PFA1	G1	MEC	primary
foreman_1010_TTTCAGTAGACGTCCC	1802	4271	0.009135628952916374	1010	PFA1	G2M	MEC	primary
foreman_1048_CGTAGTACAAAGGCGT	1166	2229	0.13817855540601168	1048	PFA1	G1	MEC	primary
foreman_1048_GATCACACATGGGAAC	502	1044	0.2547892720306513	1048	PFA1	G2M	MEC	primary
foreman_1048_AAAGGTAAGCCGTAAG	1935	4672	0.11258561643835617	1048	PFA1	G1	MEC	primary
foreman_1048_AAAGGTACAAATCGGG	653	1095	0.1689497716894977	1048	PFA1	G1	MEC	primary
foreman_1048_ACAGAAAAGTGGCAGT	2760	6284	0.09388924252068746	1048	PFA1	G1	MEC	primary
foreman_1048_ACCTGTCGTCCTCAGG	2031	4934	0.026550466153222537	1048	PFA1	G1	MEC	primary
foreman_1048_ACTTTGTAGCTTCATG	4073	15227	0.04367529226323394	1048	PFA1	G1	MEC	primary
foreman_1048_AGACCCGGTTCGGCTG	1385	3016	0.054708222811671085	1048	PFA1	G1	MEC	primary
foreman_1048_AGACTCATCTTCACGC	2151	5890	0.0434634974533107	1048	PFA1	G1	MEC	primary
foreman_1048_AGGAGGTTCTCTGGTC	1850	5257	0.1278295605858855	1048	PFA1	G2M	MEC	primary
foreman_1048_AGGGCCTAGTCAGAGC	1864	5246	0.07434235608082349	1048	PFA1	G1	MEC	primary
foreman_1048_AGTCATGTCAGCTAGT	663	997	0.12951807228915663	1048	PFA1	G1	MEC	primary
foreman_1048_ATGAAAGCACCGTGGT	3665	10900	0.0460592714927975	1048	PFA1	G1	MEC	primary
foreman_1048_ATGATCGCACACAGAG	1323	2884	0.1678224687933426	1048	PFA1	S	MEC	primary
foreman_1048_ATGATCGGTACTCGAT	1176	2626	0.13366336633663367	1048	PFA1	G1	MEC	primary
foreman_1048_ATGCCTCAGAAACTAC	1225	2414	0.09859154929577464	1048	PFA1	S	MEC	primary
foreman_1048_ATTCCCGAGCATTGTC	596	969	0.06398348813209494	1048	PFA1	G2M	MEC	primary
foreman_1048_ATTCTACCACATATCG	3670	11724	0.06960081883316274	1048	PFA1	G1	MEC	primary
foreman_1048_CAACCAACAACCAACT	2746	6167	0.03066190785204413	1048	PFA1	G1	MEC	primary
foreman_1048_CAAGCTACACGCAAAG	5644	25949	0.07060002312227831	1048	PFA1	G1	MEC	primary
foreman_1048_CACTGTCCAGGCGAAT	907	1487	0.1425689307330195	1048	PFA1	G2M	MEC	primary
foreman_1048_CATGCGGCAGCTGTAT	4481	17090	0.0746050321825629	1048	PFA1	S	MEC	primary
foreman_1048_CATTCTACACGCAAAG	1326	2535	0.03274161735700197	1048	PFA1	G1	MEC	primary
foreman_1048_CCACGAGCAAGATCCT	1215	2610	0.19157088122605365	1048	PFA1	G1	MEC	primary
foreman_1048_CCCGAAGTCCTAGAGT	989	2039	0.26826875919568416	1048	PFA1	G1	MEC	primary
foreman_1048_CCCTCAAGTCTTGGTA	3540	9952	0.03568556493767591	1048	PFA1	S	MEC	primary
foreman_1048_CCGGTAGCAGTCGTTA	2781	8223	0.08002918997810751	1048	PFA1	G1	MEC	primary
foreman_1048_CCTCCAAGTTGCCTAA	1461	2647	0.10993577635058557	1048	PFA1	S	MEC	primary
foreman_1048_CGGAACCAGTTGTAGA	754	1137	0.07299912049252419	1048	PFA1	G1	MEC	primary
foreman_1048_CGTAAGTTCCGCTGTT	1174	2636	0.2329286798179059	1048	PFA1	S	MEC	primary
foreman_1048_CGTGTCTGTACGTAGG	1688	4493	0.14222123302915646	1048	PFA1	S	MEC	primary
foreman_1048_CTACCCATCCGTCACT	3192	10356	0.08903051371185786	1048	PFA1	G1	MEC	primary
foreman_1048_CTACTATCACGCTGTG	522	1120	0.2741071428571429	1048	PFA1	S	MEC	primary
foreman_1048_CTGAATGAGGTGGCTA	4526	20241	0.08152979543433146	1048	PFA1	G1	MEC	primary
foreman_1048_CTGAGGCAGAGCCGAT	1857	4089	0.11102959158718513	1048	PFA1	G1	MEC	primary
foreman_1048_GAACTGTAGTTTGTCG	3514	16770	0.1332220168167452	1048	PFA1	G1	MEC	primary
foreman_1048_GACCGTGTCCATTGCC	1408	3577	0.2605535364830864	1048	PFA1	G1	MEC	primary
foreman_1048_GAGAAATCAGCTTCGG	3164	9818	0.07843536722012835	1048	PFA1	G1	MEC	primary
foreman_1048_GATGGAGGTAGATTAG	1860	3716	0.03122476446837147	1048	PFA1	G1	MEC	primary
foreman_1048_GATGGAGTCGCCAGTG	2511	7751	0.20229647787382274	1048	PFA1	S	MEC	primary
foreman_1048_GATGTTGTCTCATTTG	596	939	0.1554845580404686	1048	PFA1	S	MEC	primary
foreman_1048_GCCTGTTTCAGTGTTG	2594	7348	0.02898747958628198	1048	PFA1	G1	MEC	primary
foreman_1048_GCGGATCAGCACTCTA	904	1808	0.28595132743362833	1048	PFA1	G1	MEC	primary
foreman_1048_GGGACAACATCGGAAG	1371	2686	0.20290394638868206	1048	PFA1	S	MEC	primary
foreman_1048_GGGACCTGTTGGTACT	887	1900	0.2528977871443625	1048	PFA1	G1	MEC	primary
foreman_1048_GTAATCGCAAATTGGA	1996	4737	0.1099852227147984	1048	PFA1	G1	MEC	primary
foreman_1048_GTATTGGAGTACGAGC	1458	3440	0.2561046511627907	1048	PFA1	G1	MEC	primary
foreman_1048_GTTGTCCAGTCCCTAA	1402	3464	0.08458429561200924	1048	PFA1	G1	MEC	primary
foreman_1048_TAACACGGTCCAGCAC	892	1933	0.22917744438696327	1048	PFA1	G1	MEC	primary
foreman_1048_TAAGCCAGTTGCTGAT	4710	17744	0.04835709857408556	1048	PFA1	G1	MEC	primary
foreman_1048_TACCTGCGTTATGACC	2502	7776	0.10585209003215434	1048	PFA1	G1	MEC	primary
foreman_1048_TAGATCGTCTGGTGGC	2359	6318	0.07551052714896311	1048	PFA1	G2M	MEC	primary
foreman_1048_TATTGGGTCTGACCCT	3174	11265	0.028852982954545456	1048	PFA1	S	MEC	primary
foreman_1048_TCCCACACATTGAGCT	2065	3824	0.09884937238493724	1048	PFA1	S	MEC	primary
foreman_1048_TGATCTTCACAGCCTG	4839	14407	0.12672731060343032	1048	PFA1	S	MEC	primary
foreman_1048_TGCATCCAGCTCAGAG	3490	13334	0.05490137253431336	1048	PFA1	G1	MEC	primary
foreman_1048_TGCGGGTCAACCTAAC	1946	3728	0.06546820499060907	1048	PFA1	S	MEC	primary
foreman_1048_TGGAACTAGTCAGCCC	717	1296	0.05092592592592592	1048	PFA1	S	MEC	primary
foreman_1048_TTTGTTGAGCTGAGCA	1522	3416	0.23624121779859486	1048	PFA1	G1	MEC	primary
foreman_1048_AAAGGTATCTTGGTGA	728	1256	0.0963375796178344	1048	PFA1	G1	MEC	primary
foreman_1048_CAATACGTCGTGACTA	409	500	0.074	1048	PFA1	G1	MEC	primary
foreman_1048_GGGCTCACATCTCATT	1026	2405	0.045322245322245325	1048	PFA1	G1	MEC	primary
foreman_1048_CAGCGTGTCTTCCCAG	1887	3336	0.06296851574212893	1048	PFA1	G1	MEC	primary
foreman_1048_CAGGTATCACTTGGCG	1170	2869	0.18612757058208435	1048	PFA1	G1	MEC	primary
foreman_1048_CGACAGCTCCGTGGCA	1588	3034	0.008242664029014177	1048	PFA1	G1	MEC	primary
foreman_1048_CTCCATGGTCGCATTA	1556	2475	0.007272727272727273	1048	PFA1	G1	MEC	primary
foreman_1048_GAAGGGTCAGGTGAGT	973	1716	0.08746355685131195	1048	PFA1	G1	MEC	primary
foreman_1048_GGGTGTCTCACGGGCT	1192	2205	0.07123411978221415	1048	PFA1	S	MEC	primary
foreman_1048_GGTTCTCCAGCTTTCC	1240	2171	0.019345923537540305	1048	PFA1	G1	MEC	primary
foreman_1048_TCATCATTCAGACCCG	2803	7073	0.04483099985857729	1048	PFA1	G1	MEC	primary
foreman_1048_TGCAGGCGTACTAACC	1744	3103	0.0103126007089913	1048	PFA1	G1	MEC	primary
foreman_1067_GGAGAACGTTAGTCGT	1817	3359	0.08338296605122096	1067	PFB	G1	MEC	primary
foreman_1067_GGTAACTAGGAACTCG	1291	2991	0.23879598662207357	1067	PFB	G1	MEC	primary
foreman_1067_TCGCACTTCACTACTT	1530	3695	0.1889039242219215	1067	PFB	G1	MEC	primary
foreman_1067_ATTATCCAGTCACTAC	981	1437	0.08559498956158663	1067	PFB	S	MEC	primary
foreman_1067_GATGATCTCAAGGACG	1062	1878	0.134185303514377	1067	PFB	S	MEC	primary
foreman_1067_TTCGCTGCAGACAAGC	1895	3940	0.05382076669205382	1067	PFB	G1	MEC	primary
foreman_1101_ACGCCGACATCACGTA	2034	5621	0.03380181462373243	1101	PFA2	G1	MEC	primary
foreman_1101_TTAGGCAGTGTCAATC	1017	1833	0.06164757228587016	1101	PFA2	S	MEC	primary
foreman_1101_ATTGGTGCACACCGCA	756	1427	0.011921458625525946	1101	PFA2	S	MEC	primary
foreman_1101_CACATAGAGCAGACTG	1157	2469	0.03402187120291616	1101	PFA2	G1	MEC	primary
foreman_1101_CAGCTAAGTCAAAGCG	1064	2180	0.15275229357798165	1101	PFA2	G1	MEC	primary
foreman_1101_CAGTCCTCATGGTCAT	2606	7769	7.72499034376207e-4	1101	PFA2	S	MEC	primary
foreman_1101_CCGTGGAGTTCAGTAC	3732	11081	0.03674611773203323	1101	PFA2	G1	MEC	primary
foreman_1101_CCTCTGAAGTACGACG	3233	10423	0.0013433122241412398	1101	PFA2	S	MEC	primary
foreman_1101_CGCTTCACACCAGGCT	1064	2551	0.002352018816150529	1101	PFA2	G1	MEC	primary
foreman_1101_CGGAGCTTCCGCATAA	701	1363	0.12839325018341893	1101	PFA2	G1	MEC	primary
foreman_1101_CTGATCCAGGCACATG	1380	3237	0.13592832869941304	1101	PFA2	G2M	MEC	primary
foreman_1101_CTGCGGATCGCCTGTT	620	1279	0.0649452269170579	1101	PFA2	G1	MEC	primary
foreman_1101_GACCAATTCTTTCCTC	4137	19208	0.051228654727197	1101	PFA2	G1	MEC	primary
foreman_1101_GACCTGGCAGTGGAGT	959	1843	0.025501899077590883	1101	PFA2	G1	MEC	primary
foreman_1101_GCAGTTAAGAGCAATT	2896	9592	0.037118131581691166	1101	PFA2	G1	MEC	primary
foreman_1101_GCGACCACAGCCAATT	1271	2761	0.0021731256791017745	1101	PFA2	S	MEC	primary
foreman_1101_GGGTCTGCAGGAATCG	1010	2407	0.0963855421686747	1101	PFA2	G1	MEC	primary
foreman_1101_GTGCATACATTGTGCA	327	561	0.025	1101	PFA2	S	MEC	primary
foreman_1101_TACGGGCGTAGAGGAA	1188	2639	0.06593406593406594	1101	PFA2	G1	MEC	primary
foreman_1101_TACGGTAAGACGCTTT	905	1622	0.05188387893761581	1101	PFA2	S	MEC	primary
foreman_1101_TCGTAGAAGATCCCGC	1341	2608	0.02339854238588416	1101	PFA2	G1	MEC	primary
foreman_1185_ACCTGAAGTGGACCAA	1802	3196	6.261740763932373e-4	1185	ST-YAP	S	MEC	primary
foreman_1185_AGTGATCCAGCAGAAC	3946	12367	7.27802037845706e-4	1185	ST-YAP	G1	MEC	primary
foreman_1185_ATGTCCCAGACAACAT	5194	30138	0.02418953445930252	1185	ST-YAP	G1	MEC	primary
foreman_1185_CAATTTCAGTTCATGC	2386	4567	0.015549715286903198	1185	ST-YAP	G1	MEC	primary
foreman_1185_CTCAATTCAAGGCCTC	1110	1503	0	1185	ST-YAP	G2M	MEC	primary
foreman_1185_GATGGAGAGACAAGCC	4010	13672	0.08352837916910474	1185	ST-YAP	G1	MEC	primary
foreman_1185_GCCAGTGTCTCGCTTG	5410	24173	0.10069501903028297	1185	ST-YAP	S	MEC	primary
foreman_1185_GTTCCGTTCGTTAGTG	4746	20339	0.04823720312730491	1185	ST-YAP	S	MEC	primary
foreman_1185_TAGACTGAGTATGTAG	1927	4890	0.2278118609406953	1185	ST-YAP	G1	MEC	primary
foreman_1185_TATCTGTGTAGGACCA	3723	10435	0.002491853555683343	1185	ST-YAP	G1	MEC	primary
foreman_1185_TGACTCCCAGGCAATG	1957	4090	0.1234718826405868	1185	ST-YAP	G2M	MEC	primary
foreman_1185_TTACGCCAGATCCGAG	412	762	0.003937007874015748	1185	ST-YAP	G1	MEC	primary
foreman_1185_TTGTTGTAGCGGCTCT	1390	3301	0.1472281126931233	1185	ST-YAP	S	MEC	primary
foreman_1386_AGATTGCTCCGCGGTA	2347	6416	0.02213216957605985	1386	ST-RELA	G1	MEC	recurrence
foreman_1386_AGGGTGAAGCCTCGTG	3267	9290	0.048982667671439335	1386	ST-RELA	G1	RELA-sc1	recurrence
foreman_1386_ATCCGAAAGAGCAATT	2363	6568	0.052222898903775884	1386	ST-RELA	S	MEC	recurrence
foreman_1386_ATGGGAGTCCATTCTA	2440	6711	0.035762181493071074	1386	ST-RELA	G1	MEC	recurrence
foreman_1386_CAGATCAGTCTAGTCA	2958	9096	0.014072119613016711	1386	ST-RELA	G1	MEC	recurrence
foreman_1386_CATCAGAGTGAGGCTA	2729	8455	0.044352454169130695	1386	ST-RELA	S	MEC	recurrence
foreman_1386_CCACGGAGTGTGGTTT	1637	3515	0.06287339971550499	1386	ST-RELA	S	MEC	recurrence
foreman_1386_CGATTGATCTGGCGTG	3839	13092	0.04896119767797128	1386	ST-RELA	S	MEC	recurrence
foreman_1386_CTCTACGCAAATTGCC	2173	7292	0.018102029621503018	1386	ST-RELA	S	MEC	recurrence
foreman_1386_GACCTGGGTGTCAATC	2949	9166	0.049858171503382065	1386	ST-RELA	G1	MEC	recurrence
foreman_1386_GCACTCTCAAGAAAGG	3734	12418	0.011435013689805122	1386	ST-RELA	G1	MEC	recurrence
foreman_1386_GTCTTCGAGCTAGCCC	3184	9561	0.029599414287208452	1386	ST-RELA	S	MEC	recurrence
foreman_1386_TGACTAGTCATTGCCC	1809	5250	0.002476190476190476	1386	ST-RELA	S	MEC	recurrence
foreman_1386_TGCTACCGTAGAGTGC	2670	6710	0.030700447093889718	1386	ST-RELA	G1	MEC	recurrence
foreman_1386_ACCAGTATCAGCTTAG	390	587	0.21465076660988075	1386	ST-RELA	S	MEC	recurrence
foreman_1386_ACGGGCTAGCCATCGC	378	730	0.2876712328767123	1386	ST-RELA	S	MEC	recurrence
foreman_1386_GATTCAGGTAGGGACT	1231	2936	0.23433242506811988	1386	ST-RELA	S	MEC	recurrence
foreman_1386_AAAGATGCAATGAAAC	2582	7956	0.00641025641025641	1386	ST-RELA	S	MEC	recurrence
foreman_1386_AAAGTAGCAGCGATCC	2295	6637	0.02396021699819168	1386	ST-RELA	G1	MEC	recurrence
foreman_1386_AAATGCCCAGTCAGCC	2886	7835	0.022596706242818843	1386	ST-RELA	S	MEC	recurrence
foreman_1386_AACTTTCTCTGACCTC	2027	5453	0.008619108747478453	1386	ST-RELA	G1	MEC	recurrence
foreman_1386_AATCGGTTCCCTAACC	2583	7387	0.014895057549085985	1386	ST-RELA	S	MEC	recurrence
foreman_1386_ACACCAACACTGTGTA	1884	5073	0.0013798541297062883	1386	ST-RELA	G1	MEC	recurrence
foreman_1386_ACACCAACATAACCTG	5216	20006	0.03234353129374125	1386	ST-RELA	S	MEC	recurrence
foreman_1386_ACACCCTGTGAGTGAC	2983	13194	0.009777171441564347	1386	ST-RELA	G1	MEC	recurrence
foreman_1386_ACACTGACATGACATC	2181	6388	0.003288958496476116	1386	ST-RELA	S	MEC	recurrence
foreman_1386_ACAGCCGCATCCTTGC	3536	12007	0.008744898809028068	1386	ST-RELA	G1	MEC	recurrence
foreman_1386_ACAGCCGGTTCTGGTA	2677	9111	0.019975853364065415	1386	ST-RELA	S	MEC	recurrence
foreman_1386_ACATGGTGTGGACGAT	528	876	0.001141552511415525	1386	ST-RELA	G1	MEC	recurrence
foreman_1386_ACCAGTAAGTAAGTAC	1617	4424	0.009719710669077758	1386	ST-RELA	G1	MEC	recurrence
foreman_1386_ACGCCAGAGATCTGAA	2377	8458	0.008630882005202175	1386	ST-RELA	G1	MEC	recurrence
foreman_1386_ACGCCAGTCTTTACAC	1752	4683	0.033952594490711085	1386	ST-RELA	S	MEC	recurrence
foreman_1386_ACGGGCTAGAGACGAA	1652	3856	0.010114107883817428	1386	ST-RELA	S	MEC	recurrence
foreman_1386_ACTGATGAGCTAAGAT	3591	11447	0.020531189935348592	1386	ST-RELA	G1	MEC	recurrence
foreman_1386_ACTGATGAGTGGGTTG	3916	16780	0.008462455303933254	1386	ST-RELA	S	MEC	recurrence
foreman_1386_AGATCTGCAATACGCT	3055	10332	0.0378435927216415	1386	ST-RELA	G1	MEC	recurrence
foreman_1386_AGCTTGAGTGCGAAAC	1647	5625	0.012088888888888889	1386	ST-RELA	G1	MEC	recurrence
foreman_1386_AGCTTGATCACGACTA	3232	12106	0.0076821410870642655	1386	ST-RELA	S	MEC	recurrence
foreman_1386_AGGCCACCAAGTCATC	1829	6093	0.006072542261611686	1386	ST-RELA	S	MEC	recurrence
foreman_1386_AGGCCGTCATGTAGTC	2425	8320	0.009736747205192933	1386	ST-RELA	S	MEC	recurrence
foreman_1386_AGGGAGTAGACGCTTT	1535	4135	0.07908101571946796	1386	ST-RELA	S	MEC	recurrence
foreman_1386_AGTCTTTAGACAGACC	2615	7634	0.01244432800628766	1386	ST-RELA	S	MEC	recurrence
foreman_1386_AGTCTTTAGCTGTCTA	1851	5886	0.011216859279401768	1386	ST-RELA	G1	MEC	recurrence
foreman_1386_ATCACGAAGCAGATCG	2997	9423	0.014752706431755466	1386	ST-RELA	S	MEC	recurrence
foreman_1386_ATCATCTCAGTAGAGC	1736	6473	0.0018544274455261937	1386	ST-RELA	G1	MEC	recurrence
foreman_1386_ATGGGAGCAGTGACAG	2940	10125	0.011555555555555555	1386	ST-RELA	G1	MEC	recurrence
foreman_1386_ATTCTACTCCAATGGT	1640	4177	0.04069906631553747	1386	ST-RELA	S	MEC	recurrence
foreman_1386_CAACCAAAGGGAAACA	2328	8540	0.009017449350040988	1386	ST-RELA	S	MEC	recurrence
foreman_1386_CACAGGCCACTTGGAT	2783	10247	0.0053689964857477545	1386	ST-RELA	S	MEC	recurrence
foreman_1386_CACATAGAGACTTGAA	2225	8658	0.0026565026565026563	1386	ST-RELA	G1	MEC	recurrence
foreman_1386_CACCACTTCAGTTAGC	2853	11560	0.009862444848170258	1386	ST-RELA	G1	MEC	recurrence
foreman_1386_CAGAGAGCACCAACCG	3415	11783	0.01425782907578715	1386	ST-RELA	G2M	MEC	recurrence
foreman_1386_CAGAGAGGTCAACATC	3220	13990	0.013080771979985703	1386	ST-RELA	G1	MEC	recurrence
foreman_1386_CAGCCGATCGATCCCT	3426	12890	0.0387121799844841	1386	ST-RELA	G1	MEC	recurrence
foreman_1386_CAGCTAATCAGTTCGA	3688	15764	0.032417686988517415	1386	ST-RELA	G1	MEC	recurrence
foreman_1386_CAGTAACCATCACGTA	2664	7385	0.02979011509817197	1386	ST-RELA	S	MEC	recurrence
foreman_1386_CATATGGGTAGAAGGA	2754	8851	0.032538696192520616	1386	ST-RELA	G1	MEC	recurrence
foreman_1386_CATATGGTCCGCATAA	962	2023	4.945598417408506e-4	1386	ST-RELA	G1	MEC	recurrence
foreman_1386_CATCAGACATCGATGT	2070	5501	0.04071986911470642	1386	ST-RELA	G1	MEC	recurrence
foreman_1386_CATCCACGTCGAGTTT	2418	6493	0.01848144155244109	1386	ST-RELA	S	MEC	recurrence
foreman_1386_CATGCCTAGATTACCC	1490	4379	0.007307604475907742	1386	ST-RELA	S	MEC	recurrence
foreman_1386_CCATGTCTCAAACCAC	2040	7279	0.04657873042044518	1386	ST-RELA	G1	MEC	recurrence
foreman_1386_CCCATACAGTGTCCAT	3592	14932	0.009040985802303777	1386	ST-RELA	G1	MEC	recurrence
foreman_1386_CCCATACTCCTCATTA	2078	6959	0.01796493245185398	1386	ST-RELA	S	MEC	recurrence
foreman_1386_CCGGGATAGTTGAGTA	3149	11976	0.0176185704742819	1386	ST-RELA	G1	MEC	recurrence
foreman_1386_CCGGTAGGTCACTTCC	3960	17694	0.013676952639312762	1386	ST-RELA	S	MEC	recurrence
foreman_1386_CGAACATGTTCCACGG	1730	6491	0.010323574730354392	1386	ST-RELA	G1	MEC	recurrence
foreman_1386_CGATGTATCCGCGCAA	4595	23050	0.03193335647344672	1386	ST-RELA	S	MEC	recurrence
foreman_1386_CGCCAAGCAGTATGCT	1652	7103	0.003941996339574827	1386	ST-RELA	G1	MEC	recurrence
foreman_1386_CGTAGGCGTACCGTAT	3985	16037	0.019330298684292573	1386	ST-RELA	S	MEC	recurrence
foreman_1386_CGTCACTAGGCGCTCT	1679	3665	5.458515283842794e-4	1386	ST-RELA	S	MEC	recurrence
foreman_1386_CGTCAGGTCTGCCAGG	3963	16322	0.006984866123399301	1386	ST-RELA	S	MEC	recurrence
foreman_1386_CGTGTCTGTGCCTGGT	2199	6045	0.037551695616211744	1386	ST-RELA	G1	MEC	recurrence
foreman_1386_CGTTAGATCCTAAGTG	1067	2594	0.03238242097147263	1386	ST-RELA	G1	MEC	recurrence
foreman_1386_CTAGCCTAGAAGGGTA	2493	6055	0.008587943848059455	1386	ST-RELA	S	MEC	recurrence
foreman_1386_CTCAGAAAGACGACGT	1221	3999	2.5006251562890725e-4	1386	ST-RELA	G1	MEC	recurrence
foreman_1386_CTGAAGTCAGCTTAAC	1637	4333	0.08169859219939996	1386	ST-RELA	S	MEC	recurrence
foreman_1386_CTGATAGCACAAGTAA	3389	11362	0.0026406126221283337	1386	ST-RELA	S	MEC	recurrence
foreman_1386_CTGATAGCATCCAACA	1932	6551	0.0013740458015267176	1386	ST-RELA	G1	MEC	recurrence
foreman_1386_CTGTGCTCAGCGTCCA	3167	10232	0.028537920250195466	1386	ST-RELA	S	MEC	recurrence
foreman_1386_CTGTTTAAGTGTTGAA	3299	10779	0.02625475461545598	1386	ST-RELA	S	MEC	recurrence
foreman_1386_GAAACTCGTAAATGAC	879	1645	0.050455927051671734	1386	ST-RELA	S	MEC	recurrence
foreman_1386_GACGGCTTCAGTACGT	2601	11605	0.03740089624267494	1386	ST-RELA	S	MEC	recurrence
foreman_1386_GATCGATCACATCCAA	2189	8072	0.011521308225966304	1386	ST-RELA	S	MEC	recurrence
foreman_1386_GCACATAGTCACAAGG	4419	23427	0.019423692636072572	1386	ST-RELA	G2M	MEC	recurrence
foreman_1386_GCTGGGTGTTGAGTTC	2869	8493	0.037324855763569996	1386	ST-RELA	G1	MEC	recurrence
foreman_1386_GGAATAACAATAAGCA	2077	4924	0.01543774121470648	1386	ST-RELA	G1	MEC	recurrence
foreman_1386_GGAATAATCCGTAGGC	2466	8128	0.013656496062992126	1386	ST-RELA	G1	MEC	recurrence
foreman_1386_GGACAAGTCTTTACAC	795	1441	0.002081887578070784	1386	ST-RELA	S	MEC	recurrence
foreman_1386_GGACATTGTACGCTGC	2587	8714	0.02639430801009869	1386	ST-RELA	G1	MEC	recurrence
foreman_1386_GGAGCAATCGGATGGA	1301	2913	0.008925506350841057	1386	ST-RELA	G1	MEC	recurrence
foreman_1386_GGATGTTAGCGGCTTC	3552	11478	0.0061857466457571	1386	ST-RELA	S	MEC	recurrence
foreman_1386_GGCAATTCATTCTCAT	2457	6840	0.09649122807017543	1386	ST-RELA	G1	MEC	recurrence
foreman_1386_GGCTCGAAGACCCACC	2361	7747	0.05460178133471021	1386	ST-RELA	G1	MEC	recurrence
foreman_1386_GGGAGATGTAAATGTG	602	998	0.013026052104208416	1386	ST-RELA	G1	MEC	recurrence
foreman_1386_GGGCACTTCAGAAATG	2490	7623	0.026892299619572346	1386	ST-RELA	G1	MEC	recurrence
foreman_1386_GTCCTCACAGGTGCCT	1998	6687	0.014954389113204725	1386	ST-RELA	G1	MEC	recurrence
foreman_1386_GTGCGGTCACTGTCGG	1189	2751	0.06870229007633588	1386	ST-RELA	G1	MEC	recurrence
foreman_1386_GTGCGGTTCGATAGAA	2169	7162	0.023317509075677183	1386	ST-RELA	G1	MEC	recurrence
foreman_1386_GTTACAGAGTAGGCCA	2762	8638	0.0354248668673304	1386	ST-RELA	S	MEC	recurrence
foreman_1386_TAAGCGTAGACTAGAT	2777	8039	0.031844756810548575	1386	ST-RELA	S	MEC	recurrence
foreman_1386_TAAGCGTGTAGAGCTG	2731	9322	0.01609096760351856	1386	ST-RELA	G1	MEC	recurrence
foreman_1386_TAGTTGGCATGCGCAC	2377	8123	0.013421992365472233	1386	ST-RELA	G1	MEC	recurrence
foreman_1386_TCAACGAAGATGCCTT	1275	3210	0.009660330320972266	1386	ST-RELA	G1	MEC	recurrence
foreman_1386_TCACGAAAGGAGTCTG	1507	3557	0.0056227157717177395	1386	ST-RELA	S	MEC	recurrence
foreman_1386_TCAGGATCACAACGCC	867	2857	0.0864543227161358	1386	ST-RELA	G1	MEC	recurrence
foreman_1386_TCATTACAGGATGCGT	2929	8482	0.0324254215304799	1386	ST-RELA	S	MEC	recurrence
foreman_1386_TCTATTGAGAGTAATC	2203	7074	0.006502685891998869	1386	ST-RELA	S	MEC	recurrence
foreman_1386_TCTATTGGTCTAAAGA	2358	7245	0.008971704623878536	1386	ST-RELA	S	MEC	recurrence
foreman_1386_TCTATTGTCACTGGGC	2435	9815	0.007845134997452879	1386	ST-RELA	G1	MEC	recurrence
foreman_1386_TGACGGCAGGTGCACA	3296	10173	0.025560361777428233	1386	ST-RELA	G1	MEC	recurrence
foreman_1386_TGACTTTCAAATACAG	1044	3338	0.19532654284002396	1386	ST-RELA	G1	MEC	recurrence
foreman_1386_TGCCCTACAAGCCGCT	2287	8614	0.06211540694299315	1386	ST-RELA	G1	MEC	recurrence
foreman_1386_TGCCCTACATACGCCG	2292	10061	0.0225623695457708	1386	ST-RELA	G1	MEC	recurrence
foreman_1386_TGCGTGGAGTCATCCA	783	1846	0.0780065005417118	1386	ST-RELA	G1	MEC	recurrence
foreman_1386_TGCTGCTGTCTAGAGG	3055	11329	0.017213983050847457	1386	ST-RELA	S	MEC	recurrence
foreman_1386_TGGGCGTCATTGGTAC	1923	5832	0.014574759945130316	1386	ST-RELA	S	MEC	recurrence
foreman_1386_TGGGCGTTCCTGTAGA	3463	10874	0.0073569983446753725	1386	ST-RELA	G1	MEC	recurrence
foreman_1386_TGGTTCCAGTTCGCAT	797	1583	0.025268477574226154	1386	ST-RELA	G1	MEC	recurrence
foreman_1386_TGTTCCGGTTCCAACA	3388	12578	0.032278581650500876	1386	ST-RELA	S	MEC	recurrence
foreman_1386_TTCTACACAGATCTGT	1068	2668	7.499062617172854e-4	1386	ST-RELA	S	MEC	recurrence
foreman_1386_TTGGCAATCTGCGTAA	1820	4961	0.005039306591413021	1386	ST-RELA	S	MEC	recurrence
foreman_1386_GCTGCGACATGCAACT	2527	9223	0.012577252520871733	1386	ST-RELA	G1	MEC	recurrence
foreman_1386_GGTGTTATCATGCATG	1528	4762	2.0999580008399833e-4	1386	ST-RELA	G1	MEC	recurrence
foreman_1386_AACACGTCAATGAAAC	2345	6351	0.03227838135726657	1386	ST-RELA	G1	RELA-sc1	recurrence
foreman_1386_ACTGCTCGTTGAACTC	2279	7202	0.0011108025548458762	1386	ST-RELA	G1	MEC	recurrence
foreman_1386_ATCGAGTAGGACGAAA	2263	5731	0.06700401326121096	1386	ST-RELA	G1	MEC	recurrence
foreman_1386_CAGAATCAGGGAGTAA	3185	10370	0.015237727842607773	1386	ST-RELA	G1	MEC	recurrence
foreman_1386_CATCAGAGTCACTGGC	887	2488	0.0707395498392283	1386	ST-RELA	S	MEC	recurrence
foreman_1386_CGCTGGAAGATGCGAC	2437	9541	0.013625406141913845	1386	ST-RELA	G1	MEC	recurrence
foreman_1386_CGCTTCATCCGATATG	1791	3957	0.04270912307303513	1386	ST-RELA	S	MEC	recurrence
foreman_1386_GACCAATGTCTAGCCG	1579	4319	0.019448946515397084	1386	ST-RELA	G1	MEC	recurrence
foreman_1386_GACTACAGTCGACTGC	2375	7548	0.008479067302596715	1386	ST-RELA	S	MEC	recurrence
foreman_1386_GATCGATAGTTCGATC	2648	8247	0.03407712830463255	1386	ST-RELA	S	MEC	recurrence
foreman_1386_GATCGTAAGACTACAA	2880	10862	0.012152458110845149	1386	ST-RELA	G1	MEC	recurrence
foreman_1386_GATCTAGAGCCTCGTG	2419	6975	0.04	1386	ST-RELA	G1	MEC	recurrence
foreman_1386_GCATACATCAGCATGT	3013	10636	0.037044001504324936	1386	ST-RELA	S	MEC	recurrence
foreman_1386_GGAGCAAAGCTGAAAT	1573	4644	0.01808785529715762	1386	ST-RELA	S	MEC	recurrence
foreman_1386_GGCAATTTCCCTTGCA	3811	15108	0.01952607889859677	1386	ST-RELA	G2M	MEC	recurrence
foreman_1386_GTGCGGTAGCAATCTC	2478	6192	0.030205136488450978	1386	ST-RELA	G1	MEC	recurrence
foreman_1386_TATCTCAGTCCTCTTG	2324	7437	0.010757025682398816	1386	ST-RELA	S	MEC	recurrence
foreman_1386_CACATAGGTAGCGTGA	612	1274	0.06750392464678179	1386	ST-RELA	G1	MEC	recurrence
foreman_1386_GGATGTTTCTCATTCA	1711	4288	0.019127595054816888	1386	ST-RELA	G1	MEC	recurrence
foreman_1329_CGGAGTCTCTGAGGGA	645	1588	0.10516372795969774	1329	ST-RELA	G1	MEC	recurrence
foreman_1329_GGGTTGCCACACGCTG	2210	6347	0.0052001260636621496	1329	ST-RELA	G1	MEC	recurrence
foreman_1329_GTCAAGTTCGCCCTTA	2328	7127	0.03142977409849867	1329	ST-RELA	G1	MEC	recurrence
foreman_1329_TGGGAAGTCGCCGTGA	558	950	0.12210526315789473	1329	ST-RELA	G1	MEC	recurrence
foreman_1329_AGGGTGATCTTGGGTA	613	1087	0.14719411223551057	1329	ST-RELA	S	MEC	recurrence
foreman_1329_CCTAAAGCATGCCTAA	427	662	0	1329	ST-RELA	G2M	MEC	recurrence
foreman_1329_CCTCTGATCAGATAAG	588	892	0.013452914798206279	1329	ST-RELA	G2M	MEC	recurrence
foreman_1329_CTACATTGTAAATGAC	1371	3628	0.0931899641577061	1329	ST-RELA	G1	MEC	recurrence
foreman_1329_CTCTGGTTCCGAACGC	2908	11166	0.045141065830721	1329	ST-RELA	S	MEC	recurrence
foreman_1329_CTTAGGAAGAGGTTGC	457	785	0.003821656050955414	1329	ST-RELA	G1	MEC	recurrence
foreman_1329_GACTAACTCGGCGGTT	2614	7950	0.006415094339622641	1329	ST-RELA	G1	MEC	recurrence
foreman_1329_TGAGAGGAGTCCCACG	393	832	0.14681107099879662	1329	ST-RELA	G1	MEC	recurrence
foreman_1329_TGTATTCAGCGTCAAG	1591	3684	0.05946239478685854	1329	ST-RELA	G2M	MEC	recurrence
foreman_1329_TGTCCCACAGTCCTTC	2835	10371	0.0565037122746119	1329	ST-RELA	S	MEC	recurrence
foreman_1329_TAAGCGTCAAAGCGGT	507	897	0.020066889632107024	1329	ST-RELA	S	MEC	recurrence
foreman_1329_TAGTTGGGTACATCCA	2631	7191	0.11333611458767905	1329	ST-RELA	S	MEC	recurrence
foreman_1329_AATCCAGCAGCCTATA	866	1928	0.002074688796680498	1329	ST-RELA	G2M	MEC	recurrence
foreman_1329_ACATCAGTCGTCGTTC	702	1435	0.12195121951219512	1329	ST-RELA	G2M	MEC	recurrence
foreman_1329_CAACCAATCGGTTAAC	664	1208	8.278145695364238e-4	1329	ST-RELA	S	MEC	recurrence
foreman_1329_CACAGTAGTGGGTCAA	1216	2723	0.015424164524421594	1329	ST-RELA	S	MEC	recurrence
foreman_1329_CAGATCAAGGCGTACA	468	848	0.10966981132075472	1329	ST-RELA	S	MEC	recurrence
foreman_1329_CCAATCCAGCCAGAAC	1554	3211	0.017440049828713795	1329	ST-RELA	S	MEC	recurrence
foreman_1329_CCGGGATGTAGAAGGA	1076	2159	0.02825382121352478	1329	ST-RELA	S	MEC	recurrence
foreman_1329_CCTTCGAGTAGAGCTG	668	1217	0.06409202958093672	1329	ST-RELA	G2M	MEC	recurrence
foreman_870_ACTGAACTCCGCTGTT	2775	6821	0.08855006597273127	870	ST-RELA	S	MEC	primary
foreman_870_CCTTCGACAGCGATCC	2890	6859	0.03776611256926218	870	ST-RELA	G1	MEC	primary
foreman_870_GCTGCAGGTAGCGCAA	2858	7592	0.036231884057971016	870	ST-RELA	G1	MEC	primary
foreman_870_AGAGCGAAGCCAGGAT	3999	12750	0.06322064475645149	870	ST-RELA	G1	MEC	primary
foreman_870_CAAGATCTCACGGTTA	1336	2504	0.12220447284345048	870	ST-RELA	G1	MEC	primary
foreman_870_GTAACGTAGTGACTCT	3038	8308	0.013243438478208525	870	ST-RELA	S	MEC	primary
foreman_870_GTCGGGTGTATAGTAG	1541	3002	0.11525649566955364	870	ST-RELA	G1	MEC	primary
foreman_870_TCTCTAAGTGTGCCTG	1490	2956	0.11535859269282815	870	ST-RELA	G1	MEC	primary
foreman_870_TTTGGTTGTTCGGCAC	1136	2556	0.19953051643192488	870	ST-RELA	G2M	MEC	primary
foreman_870_AAGGAGCGTCATATCG	1081	2123	0.09138012246820537	870	ST-RELA	G1	MEC	primary
foreman_870_ATTGGTGCACGTTGGC	1378	3125	0.08992	870	ST-RELA	G1	MEC	primary
foreman_870_GGACGTCGTCGAACAG	1102	2276	0.1366432337434095	870	ST-RELA	G2M	MEC	primary
foreman_870_TGGGCGTCATACAGCT	859	1614	0.14622057001239158	870	ST-RELA	S	MEC	primary
foreman_1158_2_AAACCCAGTACCTTCC	3514	9179	0.09706939753785815	1158	ST-RELA	G2M	MEC	recurrence
foreman_1158_2_AGGAATAGTGGCCACT	3241	8589	0.10513447432762836	1158	ST-RELA	G1	MEC	recurrence
foreman_1158_2_ATCGGATTCCTCACTG	2665	6885	0.08540305010893247	1158	ST-RELA	G1	MEC	recurrence
foreman_1158_2_CAGATTGGTTAGGGAC	2234	5155	0.12727978269305393	1158	ST-RELA	G1	MEC	recurrence
foreman_1158_2_CAGCAGCCACCATATG	2131	4466	0.1954769368562472	1158	ST-RELA	S	MEC	recurrence
foreman_1158_2_CCACACTAGAGTCCGA	2528	7146	0.061992723201791215	1158	ST-RELA	G2M	MEC	recurrence
foreman_1158_2_GAAGGACTCTTCCACG	2419	5883	0.09705932347441781	1158	ST-RELA	G1	MEC	recurrence
foreman_1158_2_GACCCTTAGCTGCCAC	3589	8954	0.12865758320303775	1158	ST-RELA	G1	MEC	recurrence
foreman_1158_2_GCCATGGGTCGTTATG	2418	5671	0.1304884500088168	1158	ST-RELA	G1	MEC	recurrence
foreman_1158_2_GGAAGTGCAGGACATG	2500	6352	0.10329082034325303	1158	ST-RELA	G1	MEC	recurrence
foreman_1158_2_GGTAACTTCCCAACTC	3471	9305	0.12190926682433885	1158	ST-RELA	S	MEC	recurrence
foreman_1158_2_GTGGAAGGTCTGTCAA	2654	7248	0.11287429281081827	1158	ST-RELA	G1	MEC	recurrence
foreman_1158_2_TAGTGCATCCCGTGTT	2596	6749	0.07645577122536672	1158	ST-RELA	G1	MEC	recurrence
foreman_1158_2_TATGTTCGTTCTCGTC	2737	7024	0.10209312259718069	1158	ST-RELA	G1	MEC	recurrence
foreman_1158_2_TCTACATAGCTTTCTT	3325	8295	0.11826401446654611	1158	ST-RELA	G1	MEC	recurrence
foreman_1158_2_CCATCACGTTGGAGGT	3251	8514	0.0822175240779892	1158	ST-RELA	G1	MEC	recurrence
foreman_1158_2_AAGTTCGTCTAAACGC	2288	6340	0.13123028391167194	1158	ST-RELA	S	MEC	recurrence
foreman_1158_2_CAAGCTAAGCGGTATG	2796	7103	0.12065324510770097	1158	ST-RELA	G1	MEC	recurrence
foreman_1158_2_CATCAAGCAGTTCTAG	2944	7682	0.10218693048685239	1158	ST-RELA	G1	MEC	recurrence
foreman_1347_GATAGAAGTAAGCAAT	701	1287	0.19425019425019424	1347	PFA1	G1	MEC	primary
foreman_1347_AACCTGAAGCTGCCTG	2726	7553	0.12365947305706342	1347	PFA1	G1	MEC	primary
foreman_1347_ACTGTCCTCTATTGTC	3812	12520	0.07404744787922359	1347	PFA1	S	MEC	primary
foreman_1347_CAAAGAAAGTGTTGTC	3006	8839	0.07897714415026023	1347	PFA1	G1	MEC	primary
foreman_1347_CACGAATCAGCTACTA	5334	28730	0.11278588087861594	1347	PFA1	G1	MEC	primary
foreman_1347_CATACAGGTTTCGGCG	3114	9297	0.1681368330464716	1347	PFA1	S	MEC	primary
foreman_1347_CATGCAAGTCGGCCTA	4628	18494	0.02217174994592256	1347	PFA1	S	MEC	primary
foreman_1347_CATTGAGAGGTTTACC	1114	2240	0.2023224653863332	1347	PFA1	G1	MEC	primary
foreman_1347_CCCGAAGTCGCCAACG	2028	5581	0.03655913978494624	1347	PFA1	G1	MEC	primary
foreman_1347_CCTCAACTCAGCTGTA	517	690	0.030434782608695653	1347	PFA1	G1	MEC	primary
foreman_1347_CTACGGGAGAGCATCG	1962	5265	0.1063627730294397	1347	PFA1	G1	MEC	primary
foreman_1347_CTCATGCAGTGCACAG	2179	6219	0.05275008041170794	1347	PFA1	G1	MEC	primary
foreman_1347_CTCTCGAGTAAGGTCG	1320	3723	0.1616975557346226	1347	PFA1	S	MEC	primary
foreman_1347_CTGCGAGCATGCAGGA	3173	10501	0.11484620512332158	1347	PFA1	G1	MEC	primary
foreman_1347_CTTCCTTGTAGAGCTG	3201	10992	0.04002911208151383	1347	PFA1	G1	MEC	primary
foreman_1347_GAGACCCTCCCATACC	2916	10434	0.06144555214723926	1347	PFA1	S	MEC	primary
foreman_1347_GCAGGCTTCGGAGATG	4125	18965	0.10266821345707657	1347	PFA1	G1	MEC	primary
foreman_1347_GGCACGTTCAGACCCG	3071	9276	0.20978870202673566	1347	PFA1	G1	MEC	primary
foreman_1347_GGTGTCGCACTGGCCA	2678	7569	0.010702959830866807	1347	PFA1	S	MEC	primary
foreman_1347_GTAACACGTGGATCAG	1682	4343	0.1625604420907207	1347	PFA1	G2M	MEC	primary
foreman_1347_GTAGTACGTCGTGTTA	2610	9568	0.0907190635451505	1347	PFA1	S	MEC	primary
foreman_1347_TACGGGCGTTTGAAAG	2267	7928	0.09624117053481332	1347	PFA1	S	MEC	primary
foreman_1347_TACTGCCCAAAGGGTC	3425	16004	0.024373476657708892	1347	PFA1	G1	MEC	primary
foreman_1347_TCCTGCACAAAGAACT	5303	25117	0.0875970535536532	1347	PFA1	G1	MEC	primary
foreman_1347_TGCAGTAGTGTAACGG	2833	8770	0.09224629418472063	1347	PFA1	S	MEC	primary
foreman_1347_TGGATCAGTGTTCATG	3192	8806	0.0444015444015444	1347	PFA1	S	MEC	primary
foreman_1347_TTCCACGCAAACACCT	1672	4033	0.24423506074882223	1347	PFA1	G1	MEC	primary
foreman_1347_TTCCTTCAGTCAGAGC	1418	3526	0.02212138400453772	1347	PFA1	G1	MEC	primary
foreman_1347_TTCCTTCCAAATTGGA	751	2722	0.005878030859662013	1347	PFA1	S	MEC	primary
foreman_1347_GTGAGTTTCACGGGAA	2298	6695	0.08455333134149985	1347	PFA1	G1	MEC	primary
foreman_909_ACGGGCTCACTTACGA	439	843	0.26128266033254155	909	ST-RELA	G1	MEC	primary
foreman_1239_CTGAAGTTCAGAAATG	5115	16211	0.06829539144919489	1239	PFA1	G1	CEC	primary
foreman_1239_TATCTCACAGACGCAA	3045	7429	0.045901198007807245	1239	PFA1	G1	CEC	primary
foreman_723_TGGCCAGAGGGTTCCC	673	935	0.044967880085653104	723	PFA1	S	CEC	primary
foreman_723_ACCGTAAGTATTCTCT	1013	1742	0.11659965537047674	723	PFA1	G1	CEC	primary
foreman_723_AGCATACGTAAACGCG	3074	7817	0.07523992322456814	723	PFA1	G1	CEC	primary
foreman_723_AGCGTCGGTCTTCGTC	2200	5917	0.04343417272266351	723	PFA1	G1	CEC	primary
foreman_723_AGCTCTCCAAGAGGCT	2872	6749	0.07260334864424359	723	PFA1	G1	CEC	primary
foreman_723_AGGCCACTCCGTCATC	2032	4230	0.03736107826909435	723	PFA1	G1	CEC	primary
foreman_723_AGTGAGGGTCAGAATA	1349	2158	0.07506950880444857	723	PFA1	G1	CEC	primary
foreman_723_CACTCCAGTATAATGG	2200	4753	0.07093243527678383	723	PFA1	S	CEC	primary
foreman_723_CAGGTGCTCCACTCCA	2092	4557	0.06760316066725197	723	PFA1	G1	CEC	primary
foreman_723_CCAATCCGTCCGAACC	504	913	0.23110624315443593	723	PFA1	S	CEC	primary
foreman_723_TATTACCCACATCCGG	724	1148	0.11062717770034843	723	PFA1	G1	CEC	primary
foreman_723_TCAATCTTCAGGTTCA	1524	3011	0.06119055537080147	723	PFA1	G1	CEC	primary
foreman_723_TCAGCTCAGTTAGCGG	2310	4745	0.05986509274873524	723	PFA1	G1	CEC	primary
foreman_723_TCAGCTCGTAGCCTAT	1910	3870	0.0348927371413802	723	PFA1	G1	CEC	primary
foreman_723_TGACGGCCATTCTCAT	1616	3165	0.10173775671406003	723	PFA1	G1	CEC	primary
foreman_723_TGAGAGGGTTTGTTTC	1692	3255	0.10291858678955453	723	PFA1	G1	CEC	primary
foreman_723_TGCCAAATCCCTGACT	2695	6396	0.08411507191994996	723	PFA1	G1	CEC	primary
foreman_723_TGCCCTAGTCCGTTAA	515	944	0.211864406779661	723	PFA1	G1	CEC	primary
foreman_723_TGGGCGTTCCACGTTC	827	1500	0.16733333333333333	723	PFA1	S	CEC	primary
foreman_723_TTGAACGGTAAATACG	1182	2324	0.1544750430292599	723	PFA1	G1	CEC	primary
foreman_723_TTTCCTCTCAGGTAAA	1091	1940	0.18865979381443299	723	PFA1	G1	CEC	primary
foreman_727_CACCAGGCAAAGCAAT	989	1776	0.18074324324324326	727	PFA2	S	CEC	primary
foreman_727_CATCAAGAGTGGAGAA	525	854	0.2576112412177986	727	PFA2	G2M	CEC	primary
foreman_727_CGGAGCTGTGGACGAT	658	1259	0.2732327243844321	727	PFA2	G2M	CEC	primary
foreman_727_GATCGCGGTACGACCC	1676	3076	0.03446033810143043	727	PFA2	G1	CEC	primary
foreman_727_GTGCGGTGTTCTGTTT	2308	4964	0.0781627719580983	727	PFA2	G1	CEC	primary
foreman_727_TACGGGCCAACAACCT	557	935	0.2267379679144385	727	PFA2	G1	CEC	primary
foreman_727_TGGGAAGAGATGCGAC	735	1960	0.17806122448979592	727	PFA2	S	CEC	primary
foreman_727_GTACTCCAGTAGCCGA	2183	5095	0.04494602551521099	727	PFA2	G1	CEC	primary
foreman_727_CGATGTACATCGATGT	889	1745	0.2979942693409742	727	PFA2	G1	CEC	primary
foreman_727_AAAGATGTCATGCATG	926	1571	0.1406747294716741	727	PFA2	G1	CEC	primary
foreman_727_AAAGATGTCTGGGCCA	1455	2741	0.1562043795620438	727	PFA2	G1	CEC	primary
foreman_727_AAAGCAAAGATAGCAT	3910	11273	0.22542583392476934	727	PFA2	G1	CEC	primary
foreman_727_AAAGCAAGTCCTAGCG	3214	7977	0.06293092641343864	727	PFA2	G1	CEC	primary
foreman_727_AAATGCCCACTTCTGC	1165	2098	0.11826418693371483	727	PFA2	G1	CEC	primary
foreman_727_AAATGCCTCTTGCAAG	951	1685	0.2755344418052256	727	PFA2	S	CEC	primary
foreman_727_AACCATGCACCAGGCT	1182	2643	0.24063564131668558	727	PFA2	G1	CEC	primary
foreman_727_AACTCAGAGGTTACCT	1982	4399	0.12937698954070032	727	PFA2	G1	CEC	primary
foreman_727_AACTGGTAGACGCACA	1721	3405	0.18619676945668134	727	PFA2	G1	CEC	primary
foreman_727_AACTTTCAGGATGCGT	1676	3600	0.17972222222222223	727	PFA2	G1	CEC	primary
foreman_727_AACTTTCGTCTTCGTC	813	1871	0.1213254943880278	727	PFA2	G2M	CEC	primary
foreman_727_AAGTCTGAGACAAGCC	1303	2427	0.11289658014009064	727	PFA2	G1	CEC	primary
foreman_727_AATCCAGAGCGTCAAG	3162	7975	0.0664576802507837	727	PFA2	G1	CEC	primary
foreman_727_AATCGGTAGACGACGT	835	1584	0.2215909090909091	727	PFA2	G1	CEC	primary
foreman_727_AATCGGTGTTACAGAA	1034	1934	0.2125129265770424	727	PFA2	G1	CEC	primary
foreman_727_AATCGGTTCACATAGC	2943	6352	0.0818639798488665	727	PFA2	G1	CEC	primary
foreman_727_ACACCCTCATATGAGA	2021	4276	0.07834424695977549	727	PFA2	G1	CEC	primary
foreman_727_ACACCGGAGATCCCGC	1524	2665	0.01275797373358349	727	PFA2	G1	CEC	primary
foreman_727_ACAGCTAAGTATCGAA	1095	2059	0.2248664400194269	727	PFA2	S	CEC	primary
foreman_727_ACATCAGAGTGGACGT	2494	6483	0.051519358321764616	727	PFA2	G1	CEC	primary
foreman_727_ACATCAGGTGCAGTAG	2520	5578	0.054509592971131435	727	PFA2	G1	CEC	primary
foreman_727_ACATGGTCACTCAGGC	836	1427	0.2214435879467414	727	PFA2	G1	CEC	primary
foreman_727_ACCAGTACAAATCCGT	1816	3849	0.07456482203169655	727	PFA2	G1	CEC	primary
foreman_727_ACGAGCCCAACTGCGC	2728	6319	0.02231718898385565	727	PFA2	G1	CEC	primary
foreman_727_ACGCCAGCAGCCTTTC	2108	3779	0.07329981476581106	727	PFA2	G1	CEC	primary
foreman_727_ACGCCAGTCGGCTTGG	1748	3023	0.06946741647370162	727	PFA2	G1	CEC	primary
foreman_727_ACGCCGAGTGTGAAAT	1843	3554	0.08047270680922904	727	PFA2	G1	CEC	primary
foreman_727_ACGGGCTAGGCTAGCA	3285	8786	0.03597859501309347	727	PFA2	G1	CEC	primary
foreman_727_ACGTCAAAGATGTTAG	2277	4658	0.05197594501718213	727	PFA2	G2M	CEC	primary
foreman_727_ACTATCTAGTCCGTAT	2964	6252	0.08237364043506078	727	PFA2	G1	CEC	primary
foreman_727_ACTGAACGTTGTACAC	1441	2741	0.19336008755928494	727	PFA2	G1	CEC	primary
foreman_727_ACTGAGTTCTTGACGA	1940	3725	0.02738255033557047	727	PFA2	S	CEC	primary
foreman_727_ACTGCTCAGCAAATCA	2498	5115	0.03578412201798983	727	PFA2	G1	CEC	primary
foreman_727_ACTGTCCAGTGGAGTC	1519	3143	0.16481069042316257	727	PFA2	G1	CEC	primary
foreman_727_ACTTACTAGTACCGGA	800	1431	0.17889587700908455	727	PFA2	G1	CEC	primary
foreman_727_ACTTGTTTCTTTAGGG	1167	2545	0.14931237721021612	727	PFA2	G1	CEC	primary
foreman_727_ACTTTCAGTCTTGATG	2446	5469	0.07809070958302854	727	PFA2	G1	CEC	primary
foreman_727_ACTTTCATCGATAGAA	3174	7922	0.0829336026255996	727	PFA2	G1	CEC	primary
foreman_727_AGCAGCCCAATCACAC	1245	2450	0.21836734693877552	727	PFA2	G1	CEC	primary
foreman_727_AGCGGTCCATTGAGCT	2668	5973	0.03817177297840281	727	PFA2	G1	CEC	primary
foreman_727_AGCGTATCAGACGTAG	1463	2770	0.12459371614301191	727	PFA2	G1	CEC	primary
foreman_727_AGCTCTCAGACAATAC	1933	3375	0.0992886781268524	727	PFA2	G1	CEC	primary
foreman_727_AGCTCTCGTCCATGAT	2923	6567	0.10430942591746611	727	PFA2	G1	CEC	primary
foreman_727_AGGCCACCACGCCAGT	2123	4194	0.09635106129263057	727	PFA2	G1	CEC	primary
foreman_727_AGGCCGTGTCAGAGGT	858	1491	0.2347417840375587	727	PFA2	G1	CEC	primary
foreman_727_AGGGAGTTCTTGCCGT	942	1771	0.13178733031674209	727	PFA2	G1	CEC	primary
foreman_727_AGGTCCGCAATGTAAG	798	1273	0.10526315789473684	727	PFA2	G1	CEC	primary
foreman_727_AGGTCCGGTATAGTAG	4104	12081	0.09924675109676351	727	PFA2	G1	CEC	primary
foreman_727_AGTAGTCCAGCTGTAT	881	1454	0.156121045392022	727	PFA2	G1	CEC	primary
foreman_727_AGTGTCAGTCAGTGGA	1550	3142	0.16995544239338	727	PFA2	G1	CEC	primary
foreman_727_ATAACGCCAGAGTGTG	695	1538	0.25374105400130126	727	PFA2	G2M	CEC	primary
foreman_727_ATAAGAGAGCTGGAAC	1616	2893	0.1223643276875216	727	PFA2	S	CEC	primary
foreman_727_ATAAGAGGTTCGGCAC	1092	1978	0.19413549039433772	727	PFA2	G1	CEC	primary
foreman_727_ATCATCTTCAAGGTAA	2026	4408	0.028584392014519056	727	PFA2	G2M	CEC	primary
foreman_727_ATCCGAAAGGCAGTCA	2971	7096	0.16347237880496054	727	PFA2	G1	CEC	primary
foreman_727_ATCTACTTCATGTAGC	1705	3122	0.1108263933376041	727	PFA2	G1	CEC	primary
foreman_727_ATCTGCCAGTGAATTG	915	1679	0.2668254913639071	727	PFA2	G1	CEC	primary
foreman_727_ATCTGCCTCCCTGACT	989	1911	0.2673992673992674	727	PFA2	G1	CEC	primary
foreman_727_ATGAGGGAGCAACGGT	1195	2248	0.27325322652425454	727	PFA2	S	CEC	primary
foreman_727_ATGCGATAGAGGGATA	2159	4575	0.11846994535519126	727	PFA2	G1	CEC	primary
foreman_727_ATTCTACAGAATAGGG	1391	2280	0.051777095217200524	727	PFA2	S	CEC	primary
foreman_727_ATTCTACCAACGATCT	1510	2753	0.046857973120232474	727	PFA2	S	CEC	primary
foreman_727_ATTCTACCAGATGGCA	2891	6925	0.09357400722021661	727	PFA2	G1	CEC	primary
foreman_727_ATTCTACTCTGCTGCT	2404	5423	0.07689470772635072	727	PFA2	G1	CEC	primary
foreman_727_ATTGGTGTCGGCGGTT	1341	2324	0.08777969018932874	727	PFA2	G2M	CEC	primary
foreman_727_ATTTCTGTCGTCCGTT	2853	7107	0.04391273750879662	727	PFA2	G1	CEC	primary
foreman_727_CAACCTCCACCCTATC	1579	2827	0.07216130173328617	727	PFA2	G1	CEC	primary
foreman_727_CAAGATCAGAGGGCTT	2442	5084	0.07710464201416208	727	PFA2	G1	CEC	primary
foreman_727_CAAGATCAGCTTTGGT	1487	2615	0.13537284894837476	727	PFA2	G1	CEC	primary
foreman_727_CAAGATCGTAGTGAAT	1570	2944	0.14402173913043478	727	PFA2	G1	CEC	primary
foreman_727_CAAGGCCGTGTGAATA	838	1619	0.20135886349598517	727	PFA2	G1	CEC	primary
foreman_727_CAAGTTGGTCAGAGGT	1805	3477	0.18550474547023296	727	PFA2	G1	CEC	primary
foreman_727_CAAGTTGGTCTAGTCA	1600	3117	0.0831193838254172	727	PFA2	G2M	CEC	primary
foreman_727_CACAAACTCTCTAGGA	2859	7734	0.045648519332729856	727	PFA2	G1	CEC	primary
foreman_727_CACACCTAGTGCAAGC	917	1548	0.16731266149870802	727	PFA2	G1	CEC	primary
foreman_727_CACAGGCCAAGACGTG	856	1349	0.14084507042253522	727	PFA2	G1	CEC	primary
foreman_727_CACAGTAAGCTGAACG	1990	3731	0.1377646743500402	727	PFA2	S	CEC	primary
foreman_727_CACATAGCAGGTCTCG	726	1508	0.1810344827586207	727	PFA2	G1	CEC	primary
foreman_727_CACATAGGTGCAGGTA	1463	2965	0.17470489038785836	727	PFA2	G1	CEC	primary
foreman_727_CACCAGGAGCTTTGGT	2619	6197	0.07989025177533893	727	PFA2	G1	CEC	primary
foreman_727_CACCTTGCATGATCCA	1562	3001	0.21326224591802734	727	PFA2	G1	CEC	primary
foreman_727_CAGCATAGTAAACCTC	2753	5839	0.08357595478677855	727	PFA2	G1	CEC	primary
foreman_727_CAGCTAATCAAAGTAG	1709	3516	0.08276450511945392	727	PFA2	G1	CEC	primary
foreman_727_CAGCTGGCAACACCCG	911	1580	0.22974683544303798	727	PFA2	G1	CEC	primary
foreman_727_CAGGTGCTCCGAATGT	1617	3179	0.0969468051621026	727	PFA2	G1	CEC	primary
foreman_727_CAGTAACGTCTGCCAG	382	505	0.100990099009901	727	PFA2	G2M	CEC	primary
foreman_727_CAGTCCTAGAAGATTC	938	1568	0.09247448979591837	727	PFA2	G1	CEC	primary
foreman_727_CATATGGGTACCAGTT	886	1473	0.16361167684996605	727	PFA2	G1	CEC	primary
foreman_727_CATATTCTCGAACGGA	545	927	0.1855447680690399	727	PFA2	G1	CEC	primary
foreman_727_CATCCACGTCATATCG	1836	3576	0.09284116331096197	727	PFA2	G1	CEC	primary
foreman_727_CATCGAATCTAACTTC	1075	1948	0.19763860369609856	727	PFA2	G1	CEC	primary
foreman_727_CATCGGGCAACGCACC	1632	3270	0.14434250764525994	727	PFA2	G1	CEC	primary
foreman_727_CATCGGGGTGTTCTTT	949	1557	0.06876606683804627	727	PFA2	G1	CEC	primary
foreman_727_CATGACAAGTTTCCTT	1279	2250	0.192	727	PFA2	S	CEC	primary
foreman_727_CATTATCGTGTTGAGG	2007	4271	0.14422851791149613	727	PFA2	G1	CEC	primary
foreman_727_CCAATCCAGGACGAAA	1520	2846	0.14898102600140548	727	PFA2	G1	CEC	primary
foreman_727_CCACGGAAGCTAAACA	2801	6360	0.04749921358917899	727	PFA2	G1	CEC	primary
foreman_727_CCACGGAGTCGTTGTA	1275	2825	0.1529203539823009	727	PFA2	G1	CEC	primary
foreman_727_CCACGGATCGGCGCTA	1580	2833	0.1285310734463277	727	PFA2	G1	CEC	primary
foreman_727_CCAGCGATCTAAGCCA	2116	4250	0.13509060955518945	727	PFA2	G1	CEC	primary
foreman_727_CCCAGTTAGATGCGAC	2195	4291	0.06991377301328362	727	PFA2	G1	CEC	primary
foreman_727_CCCAGTTCACTTGGAT	3042	6859	0.09550889472149314	727	PFA2	G1	CEC	primary
foreman_727_CCCATACCACCAGATT	1114	1850	0.06764069264069264	727	PFA2	G1	CEC	primary
foreman_727_CCGGGATAGCATGGCA	2180	4367	0.046037562986715526	727	PFA2	G1	CEC	primary
foreman_727_CCGTACTCATGCATGT	931	1606	0.23910336239103364	727	PFA2	G1	CEC	primary
foreman_727_CCTAAAGTCTTACCGC	1633	3436	0.10244470314318975	727	PFA2	G1	CEC	primary
foreman_727_CCTACACAGCGAAGGG	1101	1967	0.15709201830198272	727	PFA2	G1	CEC	primary
foreman_727_CCTACCAAGTACTTGC	1329	2730	0.21684981684981686	727	PFA2	G1	CEC	primary
foreman_727_CCTAGCTAGAGCCCAA	1498	2886	0.08838821490467938	727	PFA2	G1	CEC	primary
foreman_727_CCTAGCTCATTCTCAT	1411	2756	0.0874455732946299	727	PFA2	G1	CEC	primary
foreman_727_CCTATTAAGAGGTTAT	1591	3131	0.13765570105397637	727	PFA2	G1	CEC	primary
foreman_727_CCTCAGTCATCGGGTC	1125	1914	0.1896551724137931	727	PFA2	G1	CEC	primary
foreman_727_CCTTCCCAGGGTGTTG	1679	3372	0.09463067339068526	727	PFA2	G1	CEC	primary
foreman_727_CCTTCGATCCTAGGGC	1955	4340	0.08481216870246601	727	PFA2	G1	CEC	primary
foreman_727_CCTTTCTAGACTAAGT	2831	6132	0.08643183300717547	727	PFA2	G1	CEC	primary
foreman_727_CCTTTCTCATGAACCT	3062	7731	0.14814335619096908	727	PFA2	G1	CEC	primary
foreman_727_CCTTTCTTCAAACCGT	1762	3037	0.08333333333333333	727	PFA2	G1	CEC	primary
foreman_727_CGAATGTAGACATAAC	1847	3926	0.08889454915944982	727	PFA2	G1	CEC	primary
foreman_727_CGACCTTCACTTAAGC	2917	7001	0.15357142857142858	727	PFA2	G1	CEC	primary
foreman_727_CGACTTCAGCAGCGTA	766	1514	0.29788639365918096	727	PFA2	G1	CEC	primary
foreman_727_CGACTTCCAACTTGAC	2841	6867	0.048062918729973786	727	PFA2	G1	CEC	primary
foreman_727_CGACTTCTCGCCAGCA	1148	2237	0.11583184257602862	727	PFA2	G1	CEC	primary
foreman_727_CGAGAAGGTCCAGTTA	1088	2115	0.14184397163120568	727	PFA2	G2M	CEC	primary
foreman_727_CGAGCACTCGTGACAT	559	957	0.2769070010449321	727	PFA2	S	CEC	primary
foreman_727_CGAGCCACATGCCTAA	809	1779	0.12872400224845418	727	PFA2	G1	CEC	primary
foreman_727_CGAGCCATCTAGCACA	1857	3891	0.10357234644050373	727	PFA2	G1	CEC	primary
foreman_727_CGATGGCGTTACTGAC	1968	3968	0.04613057726241492	727	PFA2	G1	CEC	primary
foreman_727_CGATTGACACATAACC	656	1008	0.1775793650793651	727	PFA2	S	CEC	primary
foreman_727_CGATTGAGTATATCCG	1801	3823	0.17551660999215277	727	PFA2	G1	CEC	primary
foreman_727_CGCTATCAGCACGCCT	2755	7770	0.21457072982365813	727	PFA2	S	CEC	primary
foreman_727_CGCTATCAGGCCCGTT	1845	3708	0.18991097922848665	727	PFA2	G2M	CEC	primary
foreman_727_CGCTTCATCTGAGGGA	800	1291	0.20759101471727343	727	PFA2	G1	CEC	primary
foreman_727_CGGACTGCATACGCTA	1748	3458	0.15558126084441873	727	PFA2	S	CEC	primary
foreman_727_CGGAGCTCAACGATCT	1156	1762	0.07888762769580022	727	PFA2	G1	CEC	primary
foreman_727_CGGCTAGCACAGGCCT	3609	9286	0.07139780314451863	727	PFA2	G1	CEC	primary
foreman_727_CGGGTCAAGAAACCGC	1681	3699	0.1868072452014058	727	PFA2	G1	CEC	primary
foreman_727_CGTCACTCAATAGCAA	1497	2508	0.12719298245614036	727	PFA2	G1	CEC	primary
foreman_727_CGTCACTTCCTGCTTG	1648	3107	0.1326037978757644	727	PFA2	G1	CEC	primary
foreman_727_CTACCCAAGAGGTTGC	1862	3317	0.10310521555622551	727	PFA2	G1	CEC	primary
foreman_727_CTAGCCTTCATATCGG	2378	4928	0.057247259439707675	727	PFA2	G1	CEC	primary
foreman_727_CTCAGAACAAGACACG	1091	1901	0.18095739084692267	727	PFA2	G1	CEC	primary
foreman_727_CTCAGAACAGCTGTGC	772	1338	0.1532137518684604	727	PFA2	G1	CEC	primary
foreman_727_CTCAGAAGTAATCACC	1587	3086	0.11535968891769281	727	PFA2	G2M	CEC	primary
foreman_727_CTCATTACAGTTCATG	497	601	0.018302828618968387	727	PFA2	G2M	CEC	primary
foreman_727_CTCCTAGAGTAGGTGC	1562	2992	0.0504847876964226	727	PFA2	G1	CEC	primary
foreman_727_CTCGAAAAGGATGTAT	2789	6237	0.06317139650472983	727	PFA2	G1	CEC	primary
foreman_727_CTCGGAGTCACAACGT	2827	7115	0.08968231655889795	727	PFA2	G1	CEC	primary
foreman_727_CTCGTACGTTTGTTGG	1090	2040	0.2525747915644924	727	PFA2	G1	CEC	primary
foreman_727_CTCGTACTCTTGAGAC	1176	2339	0.20607097050021378	727	PFA2	G2M	CEC	primary
foreman_727_CTGAAACGTGTTGAGG	852	1203	0.05569409808811305	727	PFA2	G1	CEC	primary
foreman_727_CTGCGGATCGGCGCTA	1664	3511	0.19196810025633723	727	PFA2	G1	CEC	primary
foreman_727_CTGGTCTGTATAGGGC	1894	3671	0.13184418414600926	727	PFA2	G1	CEC	primary
foreman_727_CTGTGCTGTGGGTATG	1249	2244	0.09629959875167186	727	PFA2	G1	CEC	primary
foreman_727_CTTAACTAGCCAGTAG	1297	2199	0.0941336971350614	727	PFA2	G1	CEC	primary
foreman_727_CTTAACTGTAAGAGAG	2108	4647	0.07381106089950505	727	PFA2	G2M	CEC	primary
foreman_727_CTTACCGGTAGAAAGG	1106	2023	0.11616411270390509	727	PFA2	G1	CEC	primary
foreman_727_CTTCTCTTCTACTATC	2111	4292	0.07527382894430203	727	PFA2	G1	CEC	primary
foreman_727_CTTTGCGCAGGACGTA	1361	2357	0.10818837505303351	727	PFA2	G1	CEC	primary
foreman_727_CTTTGCGGTTTCGCTC	804	1380	0.21304347826086956	727	PFA2	G1	CEC	primary
foreman_727_GAACGGAAGCTGAACG	654	1140	0.2894736842105263	727	PFA2	G1	CEC	primary
foreman_727_GAATGAAAGGTCGGAT	1331	2455	0.2505091649694501	727	PFA2	G1	CEC	primary
foreman_727_GACGGCTAGAGCCTAG	3294	9840	0.2636178861788618	727	PFA2	G1	CEC	primary
foreman_727_GACGGCTGTATGAAAC	811	1222	0.13666121112929625	727	PFA2	G1	CEC	primary
foreman_727_GACGTTAGTAGGCATG	1888	4436	0.11925157799819658	727	PFA2	G1	CEC	primary
foreman_727_GACGTTAGTCTGATTG	1249	2289	0.09436435124508519	727	PFA2	G1	CEC	primary
foreman_727_GACTAACTCGCAAGCC	1350	2303	0.1328701693443335	727	PFA2	G1	CEC	primary
foreman_727_GACTGCGTCGTTACAG	1454	2471	0.06191825171995144	727	PFA2	S	CEC	primary
foreman_727_GAGCAGACATTATCTC	1363	2592	0.22616750289463528	727	PFA2	G1	CEC	primary
foreman_727_GAGGTGAGTAGCGCTC	788	1466	0.1800818553888131	727	PFA2	G1	CEC	primary
foreman_727_GAGGTGAGTTGCGCAC	2347	4594	0.08033964728935336	727	PFA2	G1	CEC	primary
foreman_727_GAGTCCGAGGCGACAT	3099	7739	0.08450704225352113	727	PFA2	G1	CEC	primary
foreman_727_GAGTCCGGTTCACCTC	2195	4951	0.045849323369016363	727	PFA2	G1	CEC	primary
foreman_727_GATCGATAGCGTGAGT	1939	3537	0.09078054298642534	727	PFA2	G1	CEC	primary
foreman_727_GATGAAAAGCACAGGT	722	1319	0.2221379833206975	727	PFA2	G1	CEC	primary
foreman_727_GATGAAAAGCTAGTTC	694	1184	0.2713440405748098	727	PFA2	G1	CEC	primary
foreman_727_GATGAAAGTCGCTTCT	780	1289	0.1978277734678045	727	PFA2	G2M	CEC	primary
foreman_727_GATGCTACACAGATTC	3349	8019	0.07868811572515276	727	PFA2	G1	CEC	primary
foreman_727_GATTCAGAGATCCGAG	2090	3980	0.08394068861522996	727	PFA2	G1	CEC	primary
foreman_727_GCAAACTTCAGTCCCT	684	1086	0.1408839779005525	727	PFA2	G1	CEC	primary
foreman_727_GCAATCAAGATCCGAG	1951	4239	0.08044350082566643	727	PFA2	G1	CEC	primary
foreman_727_GCACATATCGGCGCAT	1509	3032	0.13498349834983497	727	PFA2	G2M	CEC	primary
foreman_727_GCACTCTTCGCTTAGA	858	1376	0.07267441860465117	727	PFA2	S	CEC	primary
foreman_727_GCAGCCACACGCTTTC	1628	3041	0.12923380466951662	727	PFA2	G1	CEC	primary
foreman_727_GCATACATCACGGTTA	1714	3739	0.06846750468039582	727	PFA2	G2M	CEC	primary
foreman_727_GCATGATGTCAAAGAT	1607	2802	0.13847251962883655	727	PFA2	G1	CEC	primary
foreman_727_GCATGATGTGGCTCCA	1894	3458	0.06020260492040521	727	PFA2	G1	CEC	primary
foreman_727_GCATGATGTTCGTTGA	863	1512	0.22420634920634921	727	PFA2	G1	CEC	primary
foreman_727_GCCAAATGTCGCGTGT	1990	3711	0.09299191374663072	727	PFA2	G1	CEC	primary
foreman_727_GCCTCTAGTTTGTGTG	1264	2545	0.2444007858546169	727	PFA2	S	CEC	primary
foreman_727_GCTCCTAAGCTGTCTA	2631	6074	0.052683569311820874	727	PFA2	G1	CEC	primary
foreman_727_GCTCCTAGTATAGGTA	2422	4921	0.17239276275665785	727	PFA2	G2M	CEC	primary
foreman_727_GCTGCGACAAACCTAC	1579	3203	0.09178894786137996	727	PFA2	G1	CEC	primary
foreman_727_GCTGCGAGTTTACTCT	1616	3318	0.1573711184805547	727	PFA2	G1	CEC	primary
foreman_727_GCTTCCACACACATGT	2189	4611	0.10344827586206896	727	PFA2	G1	CEC	primary
foreman_727_GGAACTTAGTTCGCAT	2049	4575	0.20572802798425885	727	PFA2	S	CEC	primary
foreman_727_GGAATAACATGCGCAC	895	1468	0.1178474114441417	727	PFA2	G1	CEC	primary
foreman_727_GGACAAGCATCACCCT	1782	3367	0.0989010989010989	727	PFA2	G1	CEC	primary
foreman_727_GGAGCAAGTAGGGACT	1120	1946	0.14961439588688946	727	PFA2	S	CEC	primary
foreman_727_GGATGTTCATCACGTA	2062	4108	0.06621226874391431	727	PFA2	G1	CEC	primary
foreman_727_GGATTACTCCCATTAT	1418	3195	0.14719699342311307	727	PFA2	G1	CEC	primary
foreman_727_GGCCGATTCTGCTTGC	645	1157	0.212618841832325	727	PFA2	G2M	CEC	primary
foreman_727_GGCGACTTCATCACCC	987	2092	0.2695984703632887	727	PFA2	G1	CEC	primary
foreman_727_GGGAATGTCGGCATCG	897	1596	0.25391849529780564	727	PFA2	S	CEC	primary
foreman_727_GGGAGATAGACACGAC	1301	2498	0.1309047237790232	727	PFA2	G1	CEC	primary
foreman_727_GGGCATCCAGGATTGG	553	742	0.09568733153638814	727	PFA2	G2M	CEC	primary
foreman_727_GGTGTTAAGCTATGCT	1393	2495	0.15470941883767536	727	PFA2	G1	CEC	primary
foreman_727_GGTGTTAGTAAGCACG	3947	11264	0.15379151127686025	727	PFA2	G1	CEC	primary
foreman_727_GGTGTTAGTCTTCAAG	2025	4131	0.09760232501816421	727	PFA2	G1	CEC	primary
foreman_727_GTAACGTCAAGTTCTG	1497	2686	0.12472077438570364	727	PFA2	G1	CEC	primary
foreman_727_GTAACTGGTCACAAGG	1265	2092	0.0482791586998088	727	PFA2	G1	CEC	primary
foreman_727_GTACTTTAGCTCAACT	1721	3059	0.014383785550833606	727	PFA2	G1	CEC	primary
foreman_727_GTAGTCAGTAAACACA	2009	4116	0.08430515063168124	727	PFA2	G1	CEC	primary
foreman_727_GTCAAGTCAGCTGTAT	1657	3104	0.0979381443298969	727	PFA2	G1	CEC	primary
foreman_727_GTCTCGTGTCGTTGTA	2288	4679	0.08655695661466126	727	PFA2	G1	CEC	primary
foreman_727_GTGCAGCCATTGGGCC	2295	4666	0.1178739819974282	727	PFA2	G1	CEC	primary
foreman_727_GTGCAGCTCCTTAATC	1986	4422	0.12101334539696901	727	PFA2	G1	CEC	primary
foreman_727_GTGCGGTTCCCAAGAT	1481	2809	0.23156394727467047	727	PFA2	S	CEC	primary
foreman_727_GTGTGCGTCTGTCTAT	1747	3219	0.08203853325046613	727	PFA2	G1	CEC	primary
foreman_727_GTTAAGCCAAGGGTCA	2605	6213	0.1735071624014164	727	PFA2	G1	CEC	primary
foreman_727_GTTCGGGGTAGCACGA	1054	1825	0.15835616438356165	727	PFA2	G2M	CEC	primary
foreman_727_GTTCTCGAGTGTCTCA	614	1148	0.27961672473867594	727	PFA2	G1	CEC	primary
foreman_727_GTTTCTACACCACCAG	2700	5700	0.12385964912280702	727	PFA2	G1	CEC	primary
foreman_727_TAAACCGTCTACTCAT	990	1653	0.19552058111380144	727	PFA2	G1	CEC	primary
foreman_727_TAAGCGTTCGCCCTTA	1447	2517	0.08382995629717918	727	PFA2	G1	CEC	primary
foreman_727_TAAGTGCTCTATCCCG	1253	2200	0.18045454545454545	727	PFA2	G1	CEC	primary
foreman_727_TACCTATTCACAATGC	2224	4488	0.07332293291731669	727	PFA2	G2M	CEC	primary
foreman_727_TACCTTAGTCAAACTC	469	645	0.12403100775193798	727	PFA2	G1	CEC	primary
foreman_727_TACCTTATCCGTTGCT	1052	2223	0.16561656165616562	727	PFA2	G1	CEC	primary
foreman_727_TACTTGTGTGGTAACG	1825	3687	0.12042310821806347	727	PFA2	S	CEC	primary
foreman_727_TAGACCAAGTTCCACA	681	937	0.05976520811099253	727	PFA2	G1	CEC	primary
foreman_727_TAGAGCTCAAAGTCAA	1383	2524	0.15649762282091917	727	PFA2	G1	CEC	primary
foreman_727_TAGCCGGGTACCGCTG	2573	5479	0.05349643965674639	727	PFA2	G1	CEC	primary
foreman_727_TAGTTGGCACGGTAGA	2792	6219	0.08457951439138126	727	PFA2	G1	CEC	primary
foreman_727_TATCAGGCACAGAGGT	1818	3688	0.20808464460119372	727	PFA2	G1	CEC	primary
foreman_727_TATCAGGGTACGAAAT	1445	2362	0.11732316814908937	727	PFA2	G1	CEC	primary
foreman_727_TATGCCCAGAGGTAGA	1482	2794	0.2029348604151754	727	PFA2	G1	CEC	primary
foreman_727_TCAACGACAGGGTACA	1625	3211	0.11242603550295859	727	PFA2	G2M	CEC	primary
foreman_727_TCACAAGAGAGGTAGA	1156	2159	0.09773043075497916	727	PFA2	G2M	CEC	primary
foreman_727_TCACAAGCAGGTTTCA	2058	4507	0.06190370534723763	727	PFA2	G1	CEC	primary
foreman_727_TCATTACTCAAACCAC	1827	3831	0.0608355091383812	727	PFA2	G1	CEC	primary
foreman_727_TCATTACTCGAACTGT	1537	3019	0.06792577866136515	727	PFA2	G1	CEC	primary
foreman_727_TCCCGATGTAGGCTGA	3604	8916	0.08748317631224764	727	PFA2	G1	CEC	primary
foreman_727_TCGGGACAGTGGTAAT	1612	2668	0.09295352323838081	727	PFA2	G2M	CEC	primary
foreman_727_TCGGTAAAGCTGCCCA	1868	3557	0.06467941507311586	727	PFA2	G1	CEC	primary
foreman_727_TCTCATATCGGAAACG	1196	2258	0.1448825875055383	727	PFA2	G1	CEC	primary
foreman_727_TCTTCGGTCCTGCAGG	970	1720	0.2053519488074462	727	PFA2	G1	CEC	primary
foreman_727_TCTTTCCGTATAAACG	2278	4974	0.10474467229593888	727	PFA2	G1	CEC	primary
foreman_727_TCTTTCCTCTCCCTGA	1786	3511	0.054400455710623755	727	PFA2	S	CEC	primary
foreman_727_TGACGGCCAGCTATTG	2383	5327	0.11849765258215962	727	PFA2	G1	CEC	primary
foreman_727_TGACTAGAGAACAATC	2064	4480	0.17790178571428572	727	PFA2	G1	CEC	primary
foreman_727_TGACTAGCATTACGAC	945	1486	0.1857335127860027	727	PFA2	G1	CEC	primary
foreman_727_TGAGCCGGTCGGATCC	925	1872	0.18108974358974358	727	PFA2	G1	CEC	primary
foreman_727_TGAGGGAAGGCTCTTA	1032	1942	0.14727085478887744	727	PFA2	G1	CEC	primary
foreman_727_TGATTTCTCGCTTGTC	1962	3808	0.09480042016806722	727	PFA2	G1	CEC	primary
foreman_727_TGCACCTGTTAAGTAG	1967	3693	0.025189599133261104	727	PFA2	G1	CEC	primary
foreman_727_TGCCAAAGTCGACTAT	921	1773	0.14664410603496897	727	PFA2	G2M	CEC	primary
foreman_727_TGCCCTAGTAGCGCTC	1391	2810	0.19786476868327402	727	PFA2	G1	CEC	primary
foreman_727_TGCTACCTCTCAACTT	2602	6118	0.10480706344015696	727	PFA2	S	CEC	primary
foreman_727_TGCTGCTGTCTGATTG	2631	5640	0.0796240468168115	727	PFA2	G1	CEC	primary
foreman_727_TGCTGCTGTTACGACT	755	1152	0.18229166666666666	727	PFA2	G1	CEC	primary
foreman_727_TGGACGCCAGGCGATA	1300	2243	0.11502452073116362	727	PFA2	G1	CEC	primary
foreman_727_TGGCGCAAGGGTTCCC	1632	3075	0.1378861788617886	727	PFA2	G1	CEC	primary
foreman_727_TGGCGCAGTTCAGGCC	1988	3750	0.08215524139770605	727	PFA2	G1	CEC	primary
foreman_727_TGGCGCATCCCAAGTA	861	1315	0.07224334600760456	727	PFA2	G1	CEC	primary
foreman_727_TGGGAAGTCAACGAAA	1418	2590	0.1749034749034749	727	PFA2	G1	CEC	primary
foreman_727_TGGTTCCCAACGATCT	1187	2667	0.15935508061492312	727	PFA2	G1	CEC	primary
foreman_727_TGGTTCCGTACCAGTT	1998	4308	0.10004642525533891	727	PFA2	G1	CEC	primary
foreman_727_TGTCCCAGTGAACCTT	1371	3026	0.13317911434236615	727	PFA2	G1	CEC	primary
foreman_727_TGTGTTTGTCATTAGC	1454	2614	0.07115531752104055	727	PFA2	G1	CEC	primary
foreman_727_TGTTCCGCAGACAGGT	344	661	0.13161875945537066	727	PFA2	G1	CEC	primary
foreman_727_TTAACTCAGAGCCCAA	2509	5491	0.16936805682025133	727	PFA2	G1	CEC	primary
foreman_727_TTAACTCGTATCAGTC	3473	8782	0.12377590526076064	727	PFA2	G1	CEC	primary
foreman_727_TTAACTCTCGCTAGCG	590	866	0.18475750577367206	727	PFA2	G1	CEC	primary
foreman_727_TTAGGACGTTCCACTC	1183	2148	0.18677224033535164	727	PFA2	G1	CEC	primary
foreman_727_TTAGGCATCTTGTACT	1536	2902	0.08511371467953135	727	PFA2	G2M	CEC	primary
foreman_727_TTCCCAGAGTGTTGAA	1222	2040	0.12598039215686274	727	PFA2	G1	CEC	primary
foreman_727_TTCTACACAGCGAACA	854	1809	0.28247650635710336	727	PFA2	G1	CEC	primary
foreman_727_TTCTCAATCGACGGAA	1762	3311	0.036544850498338874	727	PFA2	G1	CEC	primary
foreman_727_TTGAACGAGTGAATTG	1585	3124	0.16581306017925737	727	PFA2	G1	CEC	primary
foreman_727_TTGGCAAGTGTAATGA	1945	3509	0.10943288686235395	727	PFA2	S	CEC	primary
foreman_727_TTGTAGGAGATGGGTC	697	1333	0.17554388597149287	727	PFA2	G1	CEC	primary
foreman_727_TTTATGCCAAGACGTG	1801	3475	0.10906474820143885	727	PFA2	G1	CEC	primary
foreman_727_TTTGCGCCAAGTCTAC	605	943	0.17815482502651114	727	PFA2	G1	CEC	primary
foreman_727_TTTGGTTCAACACCTA	1935	4101	0.08656425262131187	727	PFA2	G1	CEC	primary
foreman_781_AAACCTGCACGAAGCA	742	1406	0.18705547652916074	781	PFA1	G1	CEC	primary
foreman_781_ACCTTTACAGGCAGTA	769	1276	0.14666666666666667	781	PFA1	S	CEC	primary
foreman_781_ACGAGCCCACAGCCCA	467	714	0.04341736694677871	781	PFA1	G1	CEC	primary
foreman_781_AGCAGCCGTCAGAAGC	1121	2562	0.2577118313158922	781	PFA1	G1	CEC	primary
foreman_781_CAACTAGGTAGCTTGT	711	1518	0.19960474308300397	781	PFA1	G1	CEC	primary
foreman_781_CACAGTACAGCGTCCA	634	1446	0.18326417704011064	781	PFA1	G1	CEC	primary
foreman_781_CATGACAGTACTTGAC	888	1950	0.18839835728952772	781	PFA1	G1	CEC	primary
foreman_781_CATTATCTCGGTGTTA	855	2003	0.2745881178232651	781	PFA1	G1	CEC	primary
foreman_781_CCGGTAGGTACGAAAT	625	1286	0.2534992223950233	781	PFA1	G1	CEC	primary
foreman_781_CTGATCCGTAACGACG	744	1452	0.20261888352860097	781	PFA1	G1	CEC	primary
foreman_781_GAACCTAAGGACCACA	787	1470	0.17959183673469387	781	PFA1	S	CEC	primary
foreman_781_GCGAGAAAGGAACTGC	565	870	0.027586206896551724	781	PFA1	G1	CEC	primary
foreman_781_GGAAAGCAGTGACTCT	697	1593	0.22347771500313873	781	PFA1	G1	CEC	primary
foreman_781_GTAACGTGTTCCATGA	688	1341	0.24683072334079045	781	PFA1	G1	CEC	primary
foreman_781_GTCTCGTTCACGAAGG	509	1051	0.27714285714285714	781	PFA1	G1	CEC	primary
foreman_781_TAGTGGTGTCTTGATG	430	746	0.257372654155496	781	PFA1	S	CEC	primary
foreman_781_TATTACCGTCGGCACT	657	1276	0.09952978056426333	781	PFA1	G2M	CEC	primary
foreman_781_TCAACGATCGGCGGTT	703	1224	0.05392156862745098	781	PFA1	G1	CEC	primary
foreman_781_TGGTTCCAGTCCATAC	1003	2138	0.1361085126286249	781	PFA1	G1	CEC	primary
foreman_781_TTCTACAGTAAATACG	804	1746	0.21019473081328752	781	PFA1	G1	CEC	primary
foreman_781_TTTGCGCAGTGTACTC	531	1004	0.12151394422310757	781	PFA1	G1	CEC	primary
foreman_781_GTGCAGCAGAGCCTAG	1468	2921	0.005477576172543649	781	PFA1	G1	CEC	primary
foreman_781_AAAGTAGTCTCTGCTG	1747	2928	0.022540983606557378	781	PFA1	G1	CEC	primary
foreman_781_AACACGTTCCCATTTA	1270	2612	0.10149368058215243	781	PFA1	G1	CEC	primary
foreman_781_AACTCCCGTACACCGC	1077	2365	0.18189509306260576	781	PFA1	G1	CEC	primary
foreman_781_AACTCCCTCCGCGTTT	2101	4388	0.0487693710118505	781	PFA1	G1	CEC	primary
foreman_781_AACTCCCTCTTGGGTA	1362	2400	0.08041666666666666	781	PFA1	S	CEC	primary
foreman_781_AAGCCGCGTAGCTGCC	814	1478	0.15899864682002707	781	PFA1	G1	CEC	primary
foreman_781_AAGGCAGTCAGTTGAC	2143	4241	0.08747936807356756	781	PFA1	G1	CEC	primary
foreman_781_AAGTCTGGTGAACCTT	943	1489	0.03492276695768973	781	PFA1	G1	CEC	primary
foreman_781_AATCCAGTCCTCATTA	783	1389	0.047516198704103674	781	PFA1	G1	CEC	primary
foreman_781_ACACCGGCAGGTCCAC	2525	6327	0.07920948616600791	781	PFA1	G1	CEC	primary
foreman_781_ACACCGGGTTCCGTCT	1922	3871	0.10100749160423664	781	PFA1	G1	CEC	primary
foreman_781_ACACTGAAGTGATCGG	801	1285	0.05525291828793774	781	PFA1	G1	CEC	primary
foreman_781_ACATGGTTCGTCTGCT	330	517	0.22437137330754353	781	PFA1	G1	CEC	primary
foreman_781_ACCCACTCATCTGGTA	2515	5788	0.12214927436074637	781	PFA1	G1	CEC	primary
foreman_781_ACGAGCCTCCGTAGTA	2005	3794	0.06615709014233	781	PFA1	G1	CEC	primary
foreman_781_ACGCAGCTCAATCTCT	1608	2900	0.05655172413793103	781	PFA1	G1	CEC	primary
foreman_781_ACGCCAGCAGATCCAT	2019	4172	0.02996883241428914	781	PFA1	G2M	CEC	primary
foreman_781_ACGCCAGTCTATCGCC	793	1375	0.16885007278020378	781	PFA1	G1	CEC	primary
foreman_781_ACGGGCTGTAGGGTAC	1901	4020	0.011940298507462687	781	PFA1	G1	CEC	primary
foreman_781_ACGGGTCGTAGCGTGA	703	1372	0.2434402332361516	781	PFA1	G1	CEC	primary
foreman_781_ACGGGTCTCGCGATCG	1733	3323	0.16857314870559903	781	PFA1	G1	CEC	primary
foreman_781_ACTGAACAGGTAGCTG	1960	3747	0.03390282968499733	781	PFA1	G1	CEC	primary
foreman_781_ACTGCTCTCTACGAGT	2371	6202	0.04225806451612903	781	PFA1	G1	CEC	primary
foreman_781_AGAATAGAGTGAACAT	1713	3456	0.0833574529667149	781	PFA1	G1	CEC	primary
foreman_781_AGAATAGCATCAGTCA	1481	2756	0.11465892597968069	781	PFA1	G1	CEC	primary
foreman_781_AGACGTTCACCTATCC	724	1234	0.2098865478119935	781	PFA1	G2M	CEC	primary
foreman_781_AGAGCGAGTGCACGAA	2267	4622	0.07723929035049762	781	PFA1	G1	CEC	primary
foreman_781_AGAGTGGAGCAATATG	2453	5375	0.12465116279069767	781	PFA1	G1	CEC	primary
foreman_781_AGAGTGGAGCACACAG	1023	1606	0.09900373599003735	781	PFA1	G1	CEC	primary
foreman_781_AGATCTGCATGGTCAT	1166	1973	0.06690319310694375	781	PFA1	G1	CEC	primary
foreman_781_AGATCTGGTACCTACA	970	1747	0.13737836290784203	781	PFA1	G1	CEC	primary
foreman_781_AGCATACGTTAGGGTG	1236	2110	0.13033175355450238	781	PFA1	G1	CEC	primary
foreman_781_AGCTCCTAGGAGTTTA	1873	3713	0.03851333153784002	781	PFA1	G1	CEC	primary
foreman_781_AGGCCACTCTACCTGC	1090	2293	0.23724378543392935	781	PFA1	G1	CEC	primary
foreman_781_AGGCCGTGTGGTGTAG	524	752	0.10106382978723404	781	PFA1	G1	CEC	primary
foreman_781_AGGGATGAGCGATATA	1866	3623	0.031750414135836555	781	PFA1	G1	CEC	primary
foreman_781_AGGGTGAAGGACTGGT	2177	4138	0.04543257612373127	781	PFA1	G1	CEC	primary
foreman_781_AGTTGGTCACAGATTC	1464	2404	0.014148980441115273	781	PFA1	G2M	CEC	primary
foreman_781_ATCCACCGTAGCACGA	1410	3198	0.24702939337085678	781	PFA1	G2M	CEC	primary
foreman_781_ATGAGGGGTCACTTCC	726	1341	0.03877703206562267	781	PFA1	G1	CEC	primary
foreman_781_ATTCTACGTGACGCCT	995	2167	0.15643747115828335	781	PFA1	G1	CEC	primary
foreman_781_ATTGGTGCATGTTGAC	854	1782	0.16554433221099887	781	PFA1	G1	CEC	primary
foreman_781_CAACCAACACGAGGTA	1613	2995	0.04741235392320534	781	PFA1	G1	CEC	primary
foreman_781_CAAGATCCATCACGTA	3521	9722	0.034869368442707264	781	PFA1	G1	CEC	primary
foreman_781_CACAAACAGTGAAGAG	1421	2293	0.06585259485390318	781	PFA1	G1	CEC	primary
foreman_781_CACAAACCAGTTCATG	944	1678	0.15435041716328962	781	PFA1	G1	CEC	primary
foreman_781_CACACCTCAAACCTAC	3858	12359	0.03746560932189675	781	PFA1	G1	CEC	primary
foreman_781_CACAGGCTCAGCGACC	1237	2336	0.13190578158458244	781	PFA1	G1	CEC	primary
foreman_781_CACCTTGTCATGCTCC	936	1446	0.019363762102351315	781	PFA1	G1	CEC	primary
foreman_781_CAGCATAAGGCCGAAT	1054	1775	0.07042253521126761	781	PFA1	G1	CEC	primary
foreman_781_CAGGTGCTCACTGGGC	886	1685	0.15845697329376854	781	PFA1	G1	CEC	primary
foreman_781_CAGTCCTAGCCCAACC	1068	2444	0.13707037643207856	781	PFA1	G1	CEC	primary
foreman_781_CATATTCCAATCCAAC	1418	2997	0.2062062062062062	781	PFA1	G1	CEC	primary
foreman_781_CATCAAGCACATGGGA	2106	4037	0.016101065147386674	781	PFA1	G1	CEC	primary
foreman_781_CATCAAGCAGATCGGA	1007	1723	0.11375507835171213	781	PFA1	G1	CEC	primary
foreman_781_CATGACACACGCTTTC	835	1998	0.17717717717717718	781	PFA1	G1	CEC	primary
foreman_781_CCAATCCAGGAGCGAG	2996	6605	0.11566994700984103	781	PFA1	G1	CEC	primary
foreman_781_CCCAATCTCGGTGTCG	1047	1846	0.10238353196099675	781	PFA1	G1	CEC	primary
foreman_781_CCGTTCAGTTCAGACT	2187	4603	0.12383228329350424	781	PFA1	G1	CEC	primary
foreman_781_CCTAAAGTCGACAGCC	1150	2394	0.14035087719298245	781	PFA1	S	CEC	primary
foreman_781_CCTACACCACAGTCGC	1988	4764	0.052487927776611376	781	PFA1	G1	CEC	primary
foreman_781_CCTATTAAGCGTAATA	438	630	0.12222222222222222	781	PFA1	G1	CEC	primary
foreman_781_CCTTCCCCAGGCTGAA	913	1836	0.20708446866485014	781	PFA1	S	CEC	primary
foreman_781_CCTTCCCGTCGGCATC	938	2091	0.17120994739359158	781	PFA1	G1	CEC	primary
foreman_781_CGATTGAAGTGTACGG	1178	2304	0.17976552323056882	781	PFA1	G1	CEC	primary
foreman_781_CGCGGTACATATGGTC	1089	1970	0.10253807106598985	781	PFA1	G1	CEC	primary
foreman_781_CGCGGTAGTCGCGTGT	2168	4460	0.05292666517156313	781	PFA1	G1	CEC	primary
foreman_781_CGCGTTTTCCACGTGG	1013	1432	0.06494413407821228	781	PFA1	G1	CEC	primary
foreman_781_CGCTATCTCCAAGTAC	1354	3064	0.1422976501305483	781	PFA1	G2M	CEC	primary
foreman_781_CGGACTGAGTAGGCCA	2275	5065	0.10367298578199052	781	PFA1	G2M	CEC	primary
foreman_781_CGGCTAGAGATTACCC	923	1839	0.1370309951060359	781	PFA1	G1	CEC	primary
foreman_781_CGGGTCATCAGTTTGG	700	1249	0.10168134507606084	781	PFA1	G1	CEC	primary
foreman_781_CGTCACTGTCAAAGCG	959	1694	0.07851239669421488	781	PFA1	G1	CEC	primary
foreman_781_CGTGAGCAGACGCAAC	2030	3655	0.06839945280437756	781	PFA1	G1	CEC	primary
foreman_781_CGTTAGAAGCAGCCTC	2024	3860	0.08238341968911918	781	PFA1	G1	CEC	primary
foreman_781_CGTTAGATCTATCCCG	1232	2070	0.07391304347826087	781	PFA1	G1	CEC	primary
foreman_781_CTACACCAGAAGGTTT	843	1647	0.16514875531268974	781	PFA1	G1	CEC	primary
foreman_781_CTACGTCTCCACGACG	1528	2995	0.12554257095158597	781	PFA1	G1	CEC	primary
foreman_781_CTAGCCTGTGAAAGAG	1471	3274	0.09621258399511301	781	PFA1	G1	CEC	primary
foreman_781_CTCCTAGAGCTAAACA	765	1682	0.1985731272294887	781	PFA1	G1	CEC	primary
foreman_781_CTGATAGCAGGAATCG	1498	2816	0.07421875	781	PFA1	G1	CEC	primary
foreman_781_CTGATCCTCTCGGACG	1546	3314	0.22691611345805673	781	PFA1	G2M	CEC	primary
foreman_781_CTTACCGAGAAACGAG	1948	4059	0.08058156727451947	781	PFA1	G1	CEC	primary
foreman_781_CTTACCGGTACCATCA	825	1534	0.20678408349641225	781	PFA1	S	CEC	primary
foreman_781_GAACCTAAGGGATCTG	2381	5373	0.14115456238361265	781	PFA1	S	CEC	primary
foreman_781_GAACCTAGTAACGCGA	2376	5364	0.09190902311707681	781	PFA1	G1	CEC	primary
foreman_781_GAACGGACAATCGGTT	1350	2597	0.12129380053908356	781	PFA1	G1	CEC	primary
foreman_781_GAAGCAGCAGAGCCAA	2898	7234	0.1170859828587227	781	PFA1	G1	CEC	primary
foreman_781_GACAGAGTCGCGTTTC	2508	8366	0.06000478125747071	781	PFA1	G1	CEC	primary
foreman_781_GACCTGGAGAGTGAGA	1314	2391	0.06610878661087866	781	PFA1	G1	CEC	primary
foreman_781_GACGTGCCAATCGGTT	1261	2476	0.02223120452708165	781	PFA1	G1	CEC	primary
foreman_781_GAGGTGAAGTCTCCTC	1576	3230	0.07959120470733973	781	PFA1	G1	CEC	primary
foreman_781_GAGGTGACACTGCCAG	1646	3055	0.11292962356792144	781	PFA1	G1	CEC	primary
foreman_781_GATTCAGCATAGACTC	725	1431	0.25506638714185886	781	PFA1	G1	CEC	primary
foreman_781_GATTCAGCATATGGTC	2583	5893	0.05209570677074495	781	PFA1	G1	CEC	primary
foreman_781_GCACTCTAGATGCGAC	840	1771	0.14963297571993225	781	PFA1	G1	CEC	primary
foreman_781_GCAGCCAAGACGACGT	2148	4756	0.1116484440706476	781	PFA1	G1	CEC	primary
foreman_781_GCAGTTACAAGAAGAG	872	1875	0.21226666666666666	781	PFA1	G1	CEC	primary
foreman_781_GCAGTTATCACTCTTA	412	522	0.06513409961685823	781	PFA1	G1	CEC	primary
foreman_781_GCATACAAGATATACG	956	1806	0.13130193905817175	781	PFA1	G1	CEC	primary
foreman_781_GCATACAAGCGAGAAA	395	562	0.1601423487544484	781	PFA1	G1	CEC	primary
foreman_781_GCATACATCAGCTCTC	3256	8664	0.03243305632502309	781	PFA1	G1	CEC	primary
foreman_781_GCATGCGGTGATGTCT	791	1286	0.060653188180404355	781	PFA1	G2M	CEC	primary
foreman_781_GCCTCTAAGAATGTGT	1241	2456	0.07939739413680781	781	PFA1	G1	CEC	primary
foreman_781_GCCTCTAAGTGCGTGA	1027	2063	0.18759088705768298	781	PFA1	G1	CEC	primary
foreman_781_GCGACCAGTAGGACAC	2073	3998	0.1070803102326745	781	PFA1	G1	CEC	primary
foreman_781_GCTGCAGAGTGTCCAT	2060	4555	0.17541163556531283	781	PFA1	G1	CEC	primary
foreman_781_GCTGCGAGTCCTGCTT	610	1043	0.17641418983700863	781	PFA1	G1	CEC	primary
foreman_781_GGCGACTGTTCCACAA	1445	2328	0.058848797250859106	781	PFA1	G1	CEC	primary
foreman_781_GGCTGGTCACATTTCT	1833	3320	0.09126506024096386	781	PFA1	G1	CEC	primary
foreman_781_GGCTGGTGTAGCTCCG	552	859	0.12223515715948778	781	PFA1	G1	CEC	primary
foreman_781_GGGATGATCTATCGCC	1959	3763	0.12014885699096226	781	PFA1	G1	CEC	primary
foreman_781_GGGCACTGTTGCGTTA	1651	2684	0.042846497764530554	781	PFA1	G1	CEC	primary
foreman_781_GTATCTTCATCGATTG	2507	4812	0.03657522859517872	781	PFA1	G1	CEC	primary
foreman_781_GTATCTTTCGCAAGCC	2184	4870	0.03779010063668104	781	PFA1	G1	CEC	primary
foreman_781_GTATTCTCACCATCCT	4370	12452	0.0498715065852875	781	PFA1	G1	CEC	primary
foreman_781_GTATTCTTCTTCTGGC	1185	2140	0.03878504672897196	781	PFA1	G2M	CEC	primary
foreman_781_GTCAAGTGTATCAGTC	1428	2436	0.02381930184804928	781	PFA1	G2M	CEC	primary
foreman_781_GTCACAAAGTCCAGGA	4344	14145	0.039943442912689996	781	PFA1	G1	CEC	primary
foreman_781_GTCGTAAAGACTCGGA	2317	4620	0.023376623376623377	781	PFA1	G1	CEC	primary
foreman_781_GTGCAGCAGCCATCGC	1736	3408	0.0625183445846786	781	PFA1	G1	CEC	primary
foreman_781_GTGCAGCCAGAGCCAA	2159	4579	0.1635728324961782	781	PFA1	G1	CEC	primary
foreman_781_GTGCTTCCACTACAGT	862	2000	0.17408704352176088	781	PFA1	G1	CEC	primary
foreman_781_GTGCTTCTCCTTTCTC	1018	1860	0.020967741935483872	781	PFA1	S	CEC	primary
foreman_781_GTGGGTCGTTCTCATT	3190	7529	0.01447735423030947	781	PFA1	G2M	CEC	primary
foreman_781_GTTACAGAGATATGCA	609	885	0.11751412429378531	781	PFA1	G1	CEC	primary
foreman_781_GTTCATTCAGCGTAAG	1370	2465	0.0799512987012987	781	PFA1	G1	CEC	primary
foreman_781_TAAGAGAGTCAAACTC	768	1241	0.1200644641418211	781	PFA1	G1	CEC	primary
foreman_781_TAAGCGTGTATGAAAC	860	1729	0.14699074074074073	781	PFA1	G1	CEC	primary
foreman_781_TACGGATAGCCACCTG	1273	2274	0.09938434476693052	781	PFA1	G2M	CEC	primary
foreman_781_TACGGTAGTGGACGAT	492	873	0.26918671248568155	781	PFA1	G1	CEC	primary
foreman_781_TAGGCATTCCGTCAAA	691	1138	0.05975395430579965	781	PFA1	G1	CEC	primary
foreman_781_TATCAGGGTGCAGGTA	672	1313	0.12033511043412033	781	PFA1	G1	CEC	primary
foreman_781_TATTACCCAAACTGCT	1969	3993	0.08091182364729459	781	PFA1	G1	CEC	primary
foreman_781_TATTACCCACCAGCAC	2488	5071	0.014201183431952662	781	PFA1	G1	CEC	primary
foreman_781_TCACAAGGTAATTGGA	1801	3293	0.019435165502581234	781	PFA1	G1	CEC	primary
foreman_781_TCAGATGCAATCCAAC	3342	8618	0.027851920622026228	781	PFA1	G1	CEC	primary
foreman_781_TCAGGATAGGGCTTCC	780	1495	0.1591973244147157	781	PFA1	G1	CEC	primary
foreman_781_TCAGGTAGTGACTACT	1222	2348	0.08986371379897785	781	PFA1	G1	CEC	primary
foreman_781_TCGGGACCAGGCGATA	2150	4363	0.05386202154480862	781	PFA1	G1	CEC	primary
foreman_781_TCGGTAAGTAAGTGTA	1611	2813	0.03805120910384068	781	PFA1	G2M	CEC	primary
foreman_781_TCGTACCTCACAGGCC	903	1565	0.1073482428115016	781	PFA1	G2M	CEC	primary
foreman_781_TCTATTGCATGCATGT	2496	5696	0.04793678665496049	781	PFA1	G1	CEC	primary
foreman_781_TGAAAGAGTATCTGCA	475	901	0.26970033296337403	781	PFA1	G1	CEC	primary
foreman_781_TGACGGCGTTCACGGC	1018	1656	0.125	781	PFA1	G1	CEC	primary
foreman_781_TGAGGGAGTAATAGCA	1857	3848	0.09355509355509356	781	PFA1	G1	CEC	primary
foreman_781_TGATTTCGTTACGGAG	1741	3586	0.0844952593418851	781	PFA1	G2M	CEC	primary
foreman_781_TGCTACCCAAAGCGGT	1649	2859	0.026601330066503327	781	PFA1	G1	CEC	primary
foreman_781_TGGCCAGGTTAAAGAC	1150	2195	0.22596810933940775	781	PFA1	G1	CEC	primary
foreman_781_TGGGAAGGTATCAGTC	946	1820	0.22637362637362637	781	PFA1	G1	CEC	primary
foreman_781_TGGTTCCTCTCTTATG	1103	2031	0.12358444116198916	781	PFA1	G1	CEC	primary
foreman_781_TGTATTCAGGTCGGAT	955	1791	0.1736460078168621	781	PFA1	G1	CEC	primary
foreman_781_TGTGGTAGTGGACGAT	897	1621	0.1597779148673658	781	PFA1	G1	CEC	primary
foreman_781_TTAGGACAGGCTAGAC	2258	5170	0.23989166183014124	781	PFA1	G1	CEC	primary
foreman_781_TTAGGACTCAACTCTT	824	1632	0.14714898835070508	781	PFA1	G1	CEC	primary
foreman_781_TTAGGCAAGCGACGTA	758	1538	0.2737321196358908	781	PFA1	S	CEC	primary
foreman_781_TTAGTTCAGTGTTTGC	1906	4302	0.15504416550441655	781	PFA1	G1	CEC	primary
foreman_781_TTCCCAGGTTATGCGT	988	1765	0.15920679886685551	781	PFA1	G1	CEC	primary
foreman_781_TTCTCAATCACTATTC	1099	1674	0.01972504482964734	781	PFA1	S	CEC	primary
foreman_781_TTGAACGAGTTACCCA	1147	2575	0.19728155339805825	781	PFA1	G1	CEC	primary
foreman_781_TTGAACGCAAGGTGTG	974	1588	0.06423173803526448	781	PFA1	G1	CEC	primary
foreman_781_TTGCCGTTCTTGCATT	1894	3808	0.03597689075630252	781	PFA1	G2M	CEC	primary
foreman_781_TTGGCAAAGCGTGTCC	2275	5041	0.06785714285714285	781	PFA1	G1	CEC	primary
foreman_781_TTTACTGTCTTACCGC	2107	4194	0.045779685264663805	781	PFA1	G1	CEC	primary
foreman_781_TTTGCGCTCGCGGATC	925	1855	0.1105121293800539	781	PFA1	G1	CEC	primary
foreman_781_TTTGTCACAAGTCTAC	2405	6010	0.07321131447587355	781	PFA1	G1	CEC	primary
foreman_781_TTTGTCACATTCTCAT	1130	1911	0.06593406593406594	781	PFA1	S	CEC	primary
foreman_839_ACATGGTGTACAGTTC	3137	9603	0.04125	839	PFA1	S	CEC	primary
foreman_848_ATAAGAGGTCCAACTA	1632	2961	0.14049307666328942	848	PFA1	G1	CEC	primary
foreman_848_CCTATTAAGACGCACA	2490	5850	0.08172337151649854	848	PFA1	S	CEC	primary
foreman_848_GAACCTATCGCCGTGA	1029	1629	0.11056511056511056	848	PFA1	S	CEC	primary
foreman_848_GCAAACTAGTACGATA	805	1160	0.10258620689655172	848	PFA1	G1	CEC	primary
foreman_848_GGATGTTGTGTAACGG	1713	2819	0.09790705924086555	848	PFA1	G1	CEC	primary
foreman_848_TTGGCAACATGGGAAC	653	1111	0.162016201620162	848	PFA1	G1	CEC	primary
foreman_859_ACAGCCGAGATCTGCT	2389	4743	0.05146593545665471	859	PFA1	G1	CEC	primary
foreman_859_ACGAGCCTCAGCATGT	709	1149	0.16289198606271776	859	PFA1	G1	CEC	primary
foreman_859_ACTATCTCAAGCTGTT	2625	5492	0.020761245674740483	859	PFA1	G1	CEC	primary
foreman_859_AGTGAGGTCTCGAGTA	2447	5444	0.02278155428991365	859	PFA1	G1	CEC	primary
foreman_859_GATTCAGGTAAGTTCC	3951	10268	0.04685825621042377	859	PFA1	G1	CEC	primary
foreman_859_GCAGTTAGTCCGCTGA	2651	6435	0.020512820512820513	859	PFA1	G1	CEC	primary
foreman_859_GGATTACTCCGGCACA	2981	7191	0.13351877607788595	859	PFA1	G1	CEC	primary
foreman_859_TAGAGCTAGGCTCTTA	2959	6806	0.028214548126377664	859	PFA1	G1	CEC	primary
foreman_859_TAGAGCTGTGCTGTAT	806	1396	0.19126074498567336	859	PFA1	G1	CEC	primary
foreman_859_TATTACCCATTACGAC	2165	4811	0.05487424651839534	859	PFA1	G1	CEC	primary
foreman_859_TCACAAGGTCTCCACT	3258	8326	0.0436036036036036	859	PFA1	G1	CEC	primary
foreman_859_TCCACACCATGTCCTC	1428	2710	0.10040605389442599	859	PFA1	G1	CEC	primary
foreman_859_TGACAACCAGGTTTCA	2105	4404	0.07017942312059959	859	PFA1	G1	CEC	primary
foreman_859_TGACAACCATGGGAAC	1351	2057	0.06562955760816723	859	PFA1	G1	CEC	primary
foreman_859_TTCTTAGAGGCTAGGT	954	1658	0.20217260108630053	859	PFA1	G1	CEC	primary
foreman_897_AAACGGGTCAAACCGT	1302	2766	0.23652802893309222	897	PFA2	G1	CEC	primary
foreman_897_AAACGGGTCTTCTGGC	4263	12811	0.0680930813681087	897	PFA2	G1	CEC	primary
foreman_897_AACACGTTCCCTTGTG	1899	3460	0.0653556969346443	897	PFA2	G1	CEC	primary
foreman_897_AACACGTTCCGTCATC	2628	6036	0.09029158383035123	897	PFA2	G1	CEC	primary
foreman_897_AACCATGTCTTTACGT	2282	4513	0.06583906007537131	897	PFA2	G1	CEC	primary
foreman_897_AACTCTTCAAGCGTAG	2174	4220	0.04834123222748815	897	PFA2	G1	CEC	primary
foreman_897_AACTTTCCAATAACGA	1323	2985	0.20408847184986595	897	PFA2	G1	CEC	primary
foreman_897_AAGTCTGGTTGGTGGA	2673	5717	0.06769284589819835	897	PFA2	G1	CEC	primary
foreman_897_ACACCAAGTCTGGTCG	1314	2376	0.09936842105263158	897	PFA2	S	CEC	primary
foreman_897_ACACCCTTCAGTTTGG	1714	3067	0.12226931855233127	897	PFA2	G1	CEC	primary
foreman_897_ACATACGCAAGTTGTC	1704	3116	0.033397559409120106	897	PFA2	S	CEC	primary
foreman_897_ACATCAGCACGTAAGG	1701	2865	0.07576815642458101	897	PFA2	G1	CEC	primary
foreman_897_ACATCAGCATGCCTAA	563	802	0.0012468827930174563	897	PFA2	G2M	CEC	primary
foreman_897_ACATGGTTCCGCGGTA	1909	3865	0.12858990944372575	897	PFA2	G1	CEC	primary
foreman_897_ACCAGTATCGGACAAG	2318	5153	0.08365683229813664	897	PFA2	G1	CEC	primary
foreman_897_ACGATACGTCAACATC	1486	2660	0.05451127819548872	897	PFA2	G1	CEC	primary
foreman_897_ACGCAGCCAAGTTGTC	1036	2139	0.17204301075268819	897	PFA2	G1	CEC	primary
foreman_897_ACGGAGAAGTGTCCCG	1836	3483	0.06775768016078093	897	PFA2	G1	CEC	primary
foreman_897_ACGGCCATCCTTTCTC	1704	3303	0.10902483343428225	897	PFA2	G1	CEC	primary
foreman_897_ACTATCTTCCAACCAA	1804	3547	0.05159289540456724	897	PFA2	G1	CEC	primary
foreman_897_ACTGAGTAGGCTCAGA	1431	2931	0.18082565677243262	897	PFA2	G1	CEC	primary
foreman_897_ACTGATGTCCGCGTTT	2699	6807	0.07656135194709772	897	PFA2	G1	CEC	primary
foreman_897_ACTTACTAGTGCGTGA	1974	3889	0.09025456415530984	897	PFA2	G1	CEC	primary
foreman_897_ACTTGTTTCATTCACT	4683	15410	0.08931585096715565	897	PFA2	G1	CEC	primary
foreman_897_ACTTTCACAGTTCCCT	1760	3289	0.04591061112800243	897	PFA2	S	CEC	primary
foreman_897_AGACGTTTCGTCGTTC	1593	2633	0.112419293581466	897	PFA2	G1	CEC	primary
foreman_897_AGAGCTTCACTTGGAT	1653	3134	0.12412252712188895	897	PFA2	S	CEC	primary
foreman_897_AGAGTGGAGGCCCTTG	2802	6197	0.06618240516545601	897	PFA2	G1	CEC	primary
foreman_897_AGAGTGGGTAGTACCT	1597	2802	0.14607142857142857	897	PFA2	G1	CEC	primary
foreman_897_AGAGTGGGTGACGGTA	3168	7389	0.08539721207199892	897	PFA2	G1	CEC	primary
foreman_897_AGATCTGAGAGACTTA	1201	2518	0.15766481334392374	897	PFA2	G1	CEC	primary
foreman_897_AGCTCCTAGGGATACC	636	986	0.13793103448275862	897	PFA2	G1	CEC	primary
foreman_897_AGCTCCTAGTAGGCCA	701	1298	0.25577812018489987	897	PFA2	S	CEC	primary
foreman_897_AGCTTGAAGACATAAC	773	1254	0.19218500797448165	897	PFA2	G1	CEC	primary
foreman_897_AGGGATGAGCGATCCC	1878	3758	0.07211282597126131	897	PFA2	G1	CEC	primary
foreman_897_AGGGATGCAGCAGTTT	3095	6949	0.0566988055835372	897	PFA2	G1	CEC	primary
foreman_897_AGGTCCGAGCGATTCT	1212	2043	0.12187958883994127	897	PFA2	G1	CEC	primary
foreman_897_AGGTCCGCACTGCCAG	795	1304	0.19325153374233128	897	PFA2	G1	CEC	primary
foreman_897_AGTAGTCTCCAGAGGA	3137	7238	0.06673114119922631	897	PFA2	G1	CEC	primary
foreman_897_AGTGGGAAGAAGGGTA	4508	16277	0.025004607728696934	897	PFA2	S	CEC	primary
foreman_897_ATAACGCAGGACCACA	2244	4315	0.08161372594481799	897	PFA2	G1	CEC	primary
foreman_897_ATCATGGGTTCATGGT	2795	6290	0.07872137404580153	897	PFA2	G1	CEC	primary
foreman_897_ATCCGAAAGCGTGAGT	1544	2814	0.11798152096659559	897	PFA2	G1	CEC	primary
foreman_897_ATCTACTCAGGCGATA	570	792	0.0707070707070707	897	PFA2	G1	CEC	primary
foreman_897_ATTCTACCAAGCGAGT	2198	3846	0.0343213728549142	897	PFA2	G1	CEC	primary
foreman_897_ATTGGACAGCTGCCCA	2065	4053	0.06194471865745311	897	PFA2	G1	CEC	primary
foreman_897_ATTGGACGTTACTGAC	2525	5007	0.08468144597563411	897	PFA2	G1	CEC	primary
foreman_897_ATTTCTGGTTACGACT	2415	4741	0.03481012658227848	897	PFA2	S	CEC	primary
foreman_897_CAACTAGCATGGGAAC	1542	2577	0.04346138921226232	897	PFA2	G2M	CEC	primary
foreman_897_CAAGATCAGACTGGGT	3726	10016	0.05581627558662007	897	PFA2	G1	CEC	primary
foreman_897_CAAGGCCTCCGCGCAA	893	1440	6.944444444444445e-4	897	PFA2	G1	CEC	primary
foreman_897_CACATTTCACCTGGTG	1740	3341	0.1084156933213537	897	PFA2	G1	CEC	primary
foreman_897_CACCACTTCGTTTGCC	3029	6449	0.07382133995037221	897	PFA2	G1	CEC	primary
foreman_897_CACTCCAAGTGGAGTC	2798	5453	0.029347028613352897	897	PFA2	G1	CEC	primary
foreman_897_CACTCCAGTCTAGGTT	1926	3817	0.15168980875032748	897	PFA2	G1	CEC	primary
foreman_897_CAGAGAGCAGGTGGAT	2012	3993	0.06336088154269973	897	PFA2	G1	CEC	primary
foreman_897_CATATGGAGGAATCGC	1188	2317	0.19205869659041863	897	PFA2	S	CEC	primary
foreman_897_CATCAAGAGTATCGAA	1627	2910	0.07491408934707904	897	PFA2	G1	CEC	primary
foreman_897_CATCAAGTCCCTTGTG	3924	10892	0.05391256429096253	897	PFA2	G1	CEC	primary
foreman_897_CATCAGATCCAAATGC	974	2483	0.18694601128122482	897	PFA2	G2M	CEC	primary
foreman_897_CATCAGATCTTAGCCC	1562	3037	0.16337285902503293	897	PFA2	G1	CEC	primary
foreman_897_CATCCACAGCCACCTG	3507	9544	0.03625694226134339	897	PFA2	G1	CEC	primary
foreman_897_CATCCACTCGGAGCAA	1799	3093	0.05172971225347559	897	PFA2	G1	CEC	primary
foreman_897_CCACCTACAGACAAGC	1563	2775	0.061621621621621624	897	PFA2	G2M	CEC	primary
foreman_897_CCACGGAAGGTGTGGT	1306	2615	0.15105162523900573	897	PFA2	G1	CEC	primary
foreman_897_CCACTACCAACCGCCA	2031	4317	0.1388180764774044	897	PFA2	G1	CEC	primary
foreman_897_CCCAGTTAGGCCCTCA	1949	4135	0.06771463119709795	897	PFA2	G1	CEC	primary
foreman_897_CCCATACAGAAACCTA	861	1487	0.1386271870794078	897	PFA2	G1	CEC	primary
foreman_897_CCGGTAGAGTGCAAGC	2732	5439	0.09082551939694797	897	PFA2	G1	CEC	primary
foreman_897_CCTAGCTGTAGCGTCC	1826	3270	0.09143730886850153	897	PFA2	S	CEC	primary
foreman_897_CCTCTGATCACCTTAT	1357	3090	0.28381877022653723	897	PFA2	S	CEC	primary
foreman_897_CCTTCCCCATCTACGA	1492	2563	0.08349590323839251	897	PFA2	S	CEC	primary
foreman_897_CCTTCCCCATGACATC	2470	5618	0.10893556425774296	897	PFA2	S	CEC	primary
foreman_897_CGAATGTAGATCGGGT	2005	3931	0.10150089035868735	897	PFA2	G1	CEC	primary
foreman_897_CGAGAAGTCTTCGGTC	1248	2077	0.027938342967244702	897	PFA2	G1	CEC	primary
foreman_897_CGAGCCAGTGTAACGG	2890	6305	0.04378172588832487	897	PFA2	G1	CEC	primary
foreman_897_CGATGGCAGTGAATTG	1479	2640	0.07540735126942023	897	PFA2	S	CEC	primary
foreman_897_CGCTATCGTCAAACTC	2063	4268	0.11436606515116006	897	PFA2	G1	CEC	primary
foreman_897_CGCTTCAAGATCCGAG	2582	5410	0.1022181146025878	897	PFA2	G1	CEC	primary
foreman_897_CGGTTAACAAACCTAC	1348	2083	0.08833413346135381	897	PFA2	G1	CEC	primary
foreman_897_CGGTTAATCAATCACG	1825	4029	0.09456440804169769	897	PFA2	G1	CEC	primary
foreman_897_CGGTTAATCCAGTATG	1316	2518	0.09968228752978554	897	PFA2	G1	CEC	primary
foreman_897_CGTAGGCTCGGCGGTT	2225	4182	0.09158297465327594	897	PFA2	G2M	CEC	primary
foreman_897_CGTTCTGCACCGATAT	1113	1838	0.10288513881328253	897	PFA2	G1	CEC	primary
foreman_897_CTAACTTTCAGCATGT	2312	4865	0.0711641299876594	897	PFA2	G1	CEC	primary
foreman_897_CTACGTCAGAAACCTA	1464	2465	0.10060851926977687	897	PFA2	S	CEC	primary
foreman_897_CTCTAATCATCCTTGC	2536	5163	0.06547849670670283	897	PFA2	S	CEC	primary
foreman_897_CTGATAGAGAATGTGT	3390	8205	0.05449225892965988	897	PFA2	S	CEC	primary
foreman_897_CTGATAGTCAAGCCTA	2903	6649	0.017448856799037304	897	PFA2	G1	CEC	primary
foreman_897_CTGTGCTAGATGCCTT	1923	4444	0.16902993472878686	897	PFA2	G1	CEC	primary
foreman_897_CTTAACTCACGGTTTA	1998	4470	0.05123042505592841	897	PFA2	G2M	CEC	primary
foreman_897_CTTAACTTCACAATGC	1296	2139	0.0383356708742403	897	PFA2	G1	CEC	primary
foreman_897_CTTAGGAAGAGCTGCA	2863	6264	0.06610250678588536	897	PFA2	G1	CEC	primary
foreman_897_CTTAGGAGTCCGTGAC	1725	3850	0.15696465696465697	897	PFA2	G1	CEC	primary
foreman_897_CTTAGGATCAGTGTTG	2132	4285	0.07374562427071178	897	PFA2	G1	CEC	primary
foreman_897_CTTCTCTAGGCATTGG	1856	3451	0.06693711967545639	897	PFA2	G1	CEC	primary
foreman_897_CTTTGCGAGTTGTAGA	3809	10913	0.036290322580645164	897	PFA2	G1	CEC	primary
foreman_897_GAACATCTCGGAGCAA	1572	2836	0.09417989417989418	897	PFA2	S	CEC	primary
foreman_897_GAACCTAAGAAACGAG	2450	4729	0.027707275803722505	897	PFA2	G2M	CEC	primary
foreman_897_GAACGGATCTAGCACA	2593	5822	0.1286499484713157	897	PFA2	S	CEC	primary
foreman_897_GACCAATGTACGCACC	2632	6401	0.218125	897	PFA2	G1	CEC	primary
foreman_897_GACCTGGTCCACGTGG	3215	7337	0.060114503816793896	897	PFA2	G1	CEC	primary
foreman_897_GACTAACAGCCTCGTG	1324	2334	0.155955441302485	897	PFA2	G1	CEC	primary
foreman_897_GACTAACCAATGAAAC	1151	2337	0.1600342319212666	897	PFA2	G1	CEC	primary
foreman_897_GAGGTGAAGATCTGCT	465	653	0.06125574272588055	897	PFA2	G1	CEC	primary
foreman_897_GATCTAGGTAGCGATG	667	1229	0.27502034174125306	897	PFA2	G1	CEC	primary
foreman_897_GATGCTAAGGAGCGTT	1634	2738	0.10664718772826881	897	PFA2	G1	CEC	primary
foreman_897_GATTCAGGTTCGTCTC	1338	2397	0.03170629954109303	897	PFA2	G1	CEC	primary
foreman_897_GCACATAGTATAATGG	3425	8175	0.02373379006606313	897	PFA2	G1	CEC	primary
foreman_897_GCAGCCAAGGCATTGG	2404	5612	0.1398002853067047	897	PFA2	G1	CEC	primary
foreman_897_GCAGCCATCTGTTGAG	2843	6068	0.08851162024064611	897	PFA2	G1	CEC	primary
foreman_897_GCATACAAGTGGGTTG	1159	2084	0.13675623800383876	897	PFA2	G2M	CEC	primary
foreman_897_GCATGATGTCGGCTCA	1634	3034	0.12294001318391562	897	PFA2	G1	CEC	primary
foreman_897_GCGACCAGTGTCCTCT	1918	3589	0.09724157146837559	897	PFA2	G1	CEC	primary
foreman_897_GCGCAACGTCAGTGGA	2004	3898	0.052591072344792204	897	PFA2	G1	CEC	primary
foreman_897_GCTGCAGTCGACAGCC	2333	4591	0.057503811805706816	897	PFA2	G1	CEC	primary
foreman_897_GGAGCAAAGTCAAGCG	1460	2365	0.04778012684989429	897	PFA2	G2M	CEC	primary
foreman_897_GGCAATTGTCGCTTCT	1923	3564	0.10129068462401795	897	PFA2	G1	CEC	primary
foreman_897_GGCGACTGTTGACGTT	2036	4488	0.12054367201426025	897	PFA2	G1	CEC	primary
foreman_897_GGCGTGTCACTTCGAA	2843	6835	0.08780916142250841	897	PFA2	S	CEC	primary
foreman_897_GGCTCGACAAGGTGTG	2506	6064	0.06070603761134939	897	PFA2	G1	CEC	primary
foreman_897_GGCTGGTCACAACGTT	2421	5505	0.13372093023255813	897	PFA2	G1	CEC	primary
foreman_897_GGGACCTGTCAAGCGA	1829	3614	0.07749792416274565	897	PFA2	G1	CEC	primary
foreman_897_GGTGTTAAGGACACCA	1340	2604	0.2653609831029186	897	PFA2	G1	CEC	primary
foreman_897_GTAACTGCAGCTGCTG	775	1378	0.20697167755991286	897	PFA2	G1	CEC	primary
foreman_897_GTAGTCACATTACGAC	1848	3486	0.1069994262765347	897	PFA2	G1	CEC	primary
foreman_897_GTCAAGTCACAGACAG	2977	7482	0.04116546377973804	897	PFA2	G1	CEC	primary
foreman_897_GTCACGGGTCTCCCTA	738	963	0.03842159916926272	897	PFA2	S	CEC	primary
foreman_897_GTCATTTCAATGGATA	1106	1990	0.22261306532663316	897	PFA2	G1	CEC	primary
foreman_897_GTCATTTGTTTGACAC	1705	3026	0.04462809917355372	897	PFA2	G1	CEC	primary
foreman_897_GTCCTCATCCGGCACA	2303	5264	0.07180851063829788	897	PFA2	S	CEC	primary
foreman_897_GTCGTAATCCGAAGAG	2321	4519	0.0732462934277495	897	PFA2	G1	CEC	primary
foreman_897_GTGCAGCCAGGTCGTC	3610	9893	0.05357864941366761	897	PFA2	G1	CEC	primary
foreman_897_GTGCATATCTGTTTGT	2237	4705	0.061636556854410204	897	PFA2	G1	CEC	primary
foreman_897_GTGTTAGAGAGACTAT	1553	2679	0.11015683345780433	897	PFA2	G1	CEC	primary
foreman_897_GTGTTAGAGCTGTCTA	1985	3369	0.03977441377263283	897	PFA2	G1	CEC	primary
foreman_897_GTTAAGCGTGTTTGGT	2152	4384	0.13777372262773724	897	PFA2	G1	CEC	primary
foreman_897_GTTCATTAGTGAAGAG	2469	5208	0.04435483870967742	897	PFA2	G1	CEC	primary
foreman_897_GTTTCTACACAGACAG	3442	8525	0.04645706241201314	897	PFA2	G1	CEC	primary
foreman_897_TAAGCGTAGCTCCTTC	1812	3388	0.10655253837072019	897	PFA2	G1	CEC	primary
foreman_897_TACAGTGAGAGGACGG	1545	3130	0.1796675191815857	897	PFA2	G1	CEC	primary
foreman_897_TACCTTAAGACTTGAA	1744	3016	0.022546419098143235	897	PFA2	G2M	CEC	primary
foreman_897_TACCTTATCACTTACT	1534	2883	0.10097154753643303	897	PFA2	G2M	CEC	primary
foreman_897_TACGGGCGTAGAAAGG	1160	2176	0.06433823529411764	897	PFA2	G1	CEC	primary
foreman_897_TACTTACCAATGGAGC	1352	2135	0.0585480093676815	897	PFA2	G1	CEC	primary
foreman_897_TACTTACGTAAGAGGA	1584	2980	0.09563758389261745	897	PFA2	G1	CEC	primary
foreman_897_TACTTACGTTATCCGA	1078	1844	0.10255018990775909	897	PFA2	G1	CEC	primary
foreman_897_TACTTGTGTGCAACGA	759	1499	0.2808539026017345	897	PFA2	G1	CEC	primary
foreman_897_TAGTGGTAGATGTGGC	3054	6488	0.04901356350184957	897	PFA2	G1	CEC	primary
foreman_897_TAGTTGGTCGCAAGCC	2939	6968	0.06214121699196326	897	PFA2	G1	CEC	primary
foreman_897_TATCAGGGTCGCTTTC	2353	4573	0.014651213645309425	897	PFA2	G2M	CEC	primary
foreman_897_TATCTCAAGTGTCCAT	3763	10004	0.03269019294211736	897	PFA2	G1	CEC	primary
foreman_897_TCAGGATAGTGGCACA	4262	12247	0.06115783457173185	897	PFA2	G1	CEC	primary
foreman_897_TCAGGATCAGCCAGAA	796	1321	0.1962121212121212	897	PFA2	G1	CEC	primary
foreman_897_TCATTACCAATGTAAG	880	1279	0.08131352619233777	897	PFA2	S	CEC	primary
foreman_897_TCCCGATAGGACAGCT	1472	2631	0.07563664006081337	897	PFA2	G1	CEC	primary
foreman_897_TCGCGTTAGCGCCTTG	2235	3941	0.03983760466886577	897	PFA2	G1	CEC	primary
foreman_897_TCGGGACTCTATCCTA	3201	7940	0.08198992443324937	897	PFA2	S	CEC	primary
foreman_897_TCGGTAACACATGACT	2700	5853	0.0852554245685973	897	PFA2	G1	CEC	primary
foreman_897_TCTATTGCAAAGCAAT	874	1438	0.1404728789986092	897	PFA2	G2M	CEC	primary
foreman_897_TCTGGAAAGTCCAGGA	2635	5766	0.020641803989592367	897	PFA2	G1	CEC	primary
foreman_897_TGACGGCTCCAAACAC	1932	3529	0.06719591721009356	897	PFA2	G1	CEC	primary
foreman_897_TGAGCCGGTACGCACC	1168	2451	0.255405956752346	897	PFA2	G1	CEC	primary
foreman_897_TGCGTGGTCATCGATG	1890	3342	0.0865528601377658	897	PFA2	G1	CEC	primary
foreman_897_TGGCGCATCGTCGTTC	2725	6075	0.05119341563786008	897	PFA2	G1	CEC	primary
foreman_897_TGTCCCATCCAGTATG	1486	2930	0.060409556313993175	897	PFA2	G1	CEC	primary
foreman_897_TGTGGTATCAACACCA	674	1320	0.2265151515151515	897	PFA2	G2M	CEC	primary
foreman_897_TTAGGACAGGTGTGGT	1014	1838	0.16430903155603918	897	PFA2	G2M	CEC	primary
foreman_897_TTAGGACCATGCCCGA	2568	5290	0.05671077504725898	897	PFA2	G1	CEC	primary
foreman_897_TTAGGACTCTTACCGC	2937	7169	0.05872506625749756	897	PFA2	S	CEC	primary
foreman_897_TTAGTTCCACAGGTTT	1589	2799	0.10289389067524116	897	PFA2	G1	CEC	primary
foreman_897_TTCCCAGAGTCATGCT	2454	5276	0.04664391353811149	897	PFA2	G1	CEC	primary
foreman_897_TTCGAAGGTCTTGTCC	1925	3800	0.0886842105263158	897	PFA2	G1	CEC	primary
foreman_897_TTCTTAGGTGTTGAGG	956	1611	0.14773432650527624	897	PFA2	G1	CEC	primary
foreman_897_TTCTTAGTCCTGCAGG	3705	10300	0.08330905913195456	897	PFA2	G1	CEC	primary
foreman_897_TTGGCAAGTTACGACT	2169	4631	0.061325847549125456	897	PFA2	G1	CEC	primary
foreman_897_TTGTAGGTCGGTTAAC	3578	9673	0.018918639512043832	897	PFA2	G1	CEC	primary
foreman_897_TTTACTGGTTGCGTTA	1544	2958	0.1572539736219141	897	PFA2	G1	CEC	primary
foreman_897_TTTGGTTAGTCCTCCT	2393	5687	0.03218431234611326	897	PFA2	G1	CEC	primary
foreman_911_ACCTTTAGTCCCGACA	2756	6092	0.04300722258699934	911	PFA2	G1	CEC	primary
foreman_911_CTGATCCTCTGTTGAG	576	1107	0.2793851717902351	911	PFA2	G1	CEC	primary
foreman_911_GAACGGAGTAGAGGAA	907	1484	0.13611859838274934	911	PFA2	G1	CEC	primary
foreman_930_CGTTAGATCAGCGATT	561	881	0.20113636363636364	930	PFA2	G1	CEC	primary
foreman_930_ACGCCGAGTAAGTGGC	1945	3709	0.11485575626853599	930	PFA2	G1	CEC	primary
foreman_930_AGCTTGAGTCTTCGTC	2122	3987	0.0346124905944319	930	PFA2	S	CEC	primary
foreman_930_CAGCCGACAAGCCATT	946	1959	0.13067891781521185	930	PFA2	G2M	CEC	primary
foreman_930_CCGTACTAGGTAAACT	2721	5680	0.030815284381053003	930	PFA2	G1	CEC	primary
foreman_930_CGTCAGGAGACAGGCT	2880	6852	0.06552831290134267	930	PFA2	G1	CEC	primary
foreman_930_CGTGTCTTCACGCGGT	2588	5311	0.06534839924670433	930	PFA2	G1	CEC	primary
foreman_930_CGTTAGAAGCATCATC	2990	6751	0.03452874925903972	930	PFA2	G1	CEC	primary
foreman_930_GACCAATAGTTGCAGG	1593	2619	0.05920550038197097	930	PFA2	G1	CEC	primary
foreman_930_GGATTACGTGCGGTAA	2148	3737	0.07093147751605995	930	PFA2	G1	CEC	primary
foreman_930_GTTAAGCTCTATCCCG	2552	5919	0.08448800270361609	930	PFA2	S	CEC	primary
foreman_930_TCAATCTTCGCGATCG	2574	5849	0.029587822815118865	930	PFA2	G1	CEC	primary
foreman_930_TCAGCAAGTGGTACAG	2665	5621	0.028835884656461374	930	PFA2	G1	CEC	primary
foreman_965_AACACGTGTTGGACCC	990	1637	0.05253512522907758	965	PFA2	G1	CEC	primary
foreman_965_AACACGTGTTGTACAC	632	1094	0.09140767824497258	965	PFA2	G1	CEC	primary
foreman_965_AACCGCGAGCTAAACA	1708	3180	0.03459119496855346	965	PFA2	G1	CEC	primary
foreman_965_AACTCAGTCTGGTGTA	553	798	0.13283208020050125	965	PFA2	S	CEC	primary
foreman_965_AAGGTTCCACTACAGT	1196	2158	0.012048192771084338	965	PFA2	S	CEC	primary
foreman_965_AATCCAGAGTGAATTG	2270	4908	0.02465362673186634	965	PFA2	G1	CEC	primary
foreman_965_ACACCCTTCGCGCCAA	1702	3719	0.019091153535896747	965	PFA2	G1	CEC	primary
foreman_965_ACAGCTAGTGGAAAGA	440	630	0.07301587301587302	965	PFA2	G1	CEC	primary
foreman_965_ACATACGGTTGGAGGT	1755	3851	0.09737730459620877	965	PFA2	G1	CEC	primary
foreman_965_ACATGGTAGTTTGCGT	1978	4306	0.057826288899210404	965	PFA2	G2M	CEC	primary
foreman_965_ACCTTTAAGCGTAATA	1004	1818	0.054455445544554455	965	PFA2	G1	CEC	primary
foreman_965_ACGAGCCCAAGCGAGT	1104	2384	0.11791859001258917	965	PFA2	G1	CEC	primary
foreman_965_ACGCCAGTCAGGCGAA	1597	3100	0.06774193548387097	965	PFA2	S	CEC	primary
foreman_965_ACTATCTCAGCGTTCG	611	1055	0.11943127962085308	965	PFA2	G2M	CEC	primary
foreman_965_AGAGCGAAGGCTATCT	1854	3946	0.011657374556512924	965	PFA2	G1	CEC	primary
foreman_965_AGAGCTTCACGTCTCT	2913	7064	0.03582554517133956	965	PFA2	G1	CEC	primary
foreman_965_AGTAGTCAGTGGGTTG	1169	2642	0.22369417108251324	965	PFA2	G1	CEC	primary
foreman_965_ATAAGAGTCCTTGACC	1281	2282	0.08548882069267864	965	PFA2	G1	CEC	primary
foreman_965_ATCACGAAGAGCTGCA	1266	2260	0.09867256637168141	965	PFA2	G1	CEC	primary
foreman_965_ATGCGATCAATCAGAA	815	1240	0.03790322580645161	965	PFA2	G1	CEC	primary
foreman_965_ATGTGTGTCTCCCTGA	1327	2456	0.02769857433808554	965	PFA2	G1	CEC	primary
foreman_965_ATTATCCTCTGTCAAG	335	529	0.2722117202268431	965	PFA2	G1	CEC	primary
foreman_965_ATTCTACTCTACGAGT	988	1961	0.04232534421213666	965	PFA2	G1	CEC	primary
foreman_965_ATTGGTGTCCACGAAT	964	1739	0.02531645569620253	965	PFA2	G1	CEC	primary
foreman_965_CAACCAAGTCAGTGGA	2577	6018	0.062479228979727484	965	PFA2	G1	CEC	primary
foreman_965_CAAGAAAAGCATCATC	2686	7326	0.07698607698607698	965	PFA2	G2M	CEC	primary
foreman_965_CACATAGAGTCGTTTG	932	2514	0.06364359586316627	965	PFA2	S	CEC	primary
foreman_965_CACATAGCATGTCTCC	1984	3869	0.08374256913931248	965	PFA2	G1	CEC	primary
foreman_965_CACCACTGTATAAACG	641	1131	0.06460176991150443	965	PFA2	S	CEC	primary
foreman_965_CACCTTGAGCTGCGAA	1361	2598	0.013092029264536002	965	PFA2	G1	CEC	primary
foreman_965_CACCTTGGTCAGTGGA	1152	1927	0.02594706798131811	965	PFA2	G1	CEC	primary
foreman_965_CAGATCAAGGCCATAG	1877	3766	0.01858736059479554	965	PFA2	G1	CEC	primary
foreman_965_CAGGTGCAGGAGTAGA	874	1532	0.06723237597911227	965	PFA2	G1	CEC	primary
foreman_965_CAGTCCTCACTGAAGG	3389	9293	0.10448724846658776	965	PFA2	G1	CEC	primary
foreman_965_CAGTCCTGTACTTAGC	847	1546	0.045278137128072445	965	PFA2	G1	CEC	primary
foreman_965_CATCGGGAGTTTGCGT	355	658	0.28419452887537994	965	PFA2	S	CEC	primary
foreman_965_CCATTCGCATCCAACA	3349	8938	0.05292011635712687	965	PFA2	G1	CEC	primary
foreman_965_CCCAGTTAGACTACAA	843	1592	0.06030150753768844	965	PFA2	S	CEC	primary
foreman_965_CCCTCCTAGCCAGGAT	1208	2272	0.029955947136563875	965	PFA2	G1	CEC	primary
foreman_965_CCCTCCTGTTCGTTGA	2297	4894	0.03453208009807928	965	PFA2	G1	CEC	primary
foreman_965_CCGTGGAAGAGCCCAA	2685	6485	0.022366188492981644	965	PFA2	G1	CEC	primary
foreman_965_CCTTCCCAGCAGCCTC	2080	3971	0.05188916876574307	965	PFA2	G1	CEC	primary
foreman_965_CGATGTAAGACGCAAC	1052	2310	0.2012987012987013	965	PFA2	S	CEC	primary
foreman_965_CGCCAAGAGCGTGTCC	2229	5523	0.038928118776027525	965	PFA2	G1	CEC	primary
foreman_965_CGGACTGCAAGCGTAG	582	990	0.12424242424242424	965	PFA2	G1	CEC	primary
foreman_965_CGGCTAGGTCAGAGGT	1373	2193	0.017327861377108983	965	PFA2	G1	CEC	primary
foreman_965_CGGGTCAAGGCAGGTT	696	1022	0.03131115459882583	965	PFA2	G1	CEC	primary
foreman_965_CGGTTAACAAGGACAC	865	1323	0.1073318216175359	965	PFA2	S	CEC	primary
foreman_965_CGTGAGCCACAGCGTC	1394	3040	0.13651315789473684	965	PFA2	G2M	CEC	primary
foreman_965_CGTGTAAAGTGGTAAT	902	1397	0.020758768790264854	965	PFA2	S	CEC	primary
foreman_965_CGTTGGGTCCTTTCGG	2394	5109	0.030534351145038167	965	PFA2	S	CEC	primary
foreman_965_CTAATGGGTTAAAGTG	2789	6812	0.05784759947144325	965	PFA2	G1	CEC	primary
foreman_965_CTACGTCCAAACCCAT	1338	2253	0.05858854860186418	965	PFA2	G1	CEC	primary
foreman_965_CTCACACTCACCCTCA	535	1176	0.19063829787234043	965	PFA2	G1	CEC	primary
foreman_965_CTCACACTCCCAGGTG	822	1437	0.09951287404314545	965	PFA2	G1	CEC	primary
foreman_965_CTCAGAACATATACGC	963	1846	0.08613217768147345	965	PFA2	G1	CEC	primary
foreman_965_CTCGAGGTCTTGTCAT	969	1730	0.05953757225433526	965	PFA2	G1	CEC	primary
foreman_965_CTCTGGTAGACGCAAC	2459	5275	0.024265402843601895	965	PFA2	S	CEC	primary
foreman_965_CTCTGGTAGGTAGCCA	643	1080	0.027777777777777776	965	PFA2	G1	CEC	primary
foreman_965_CTGATAGGTTGGACCC	1923	3576	0.012304250559284116	965	PFA2	G1	CEC	primary
foreman_965_CTGCCTAAGGTGATAT	2371	5321	0.03984962406015038	965	PFA2	G1	CEC	primary
foreman_965_CTGCGGAAGATGTCGG	1229	2077	0.010597302504816955	965	PFA2	G1	CEC	primary
foreman_965_CTGCTGTAGAGGGATA	1238	1950	0.0071794871794871795	965	PFA2	G2M	CEC	primary
foreman_965_CTGCTGTGTACAGTTC	778	1330	0.07148231753197894	965	PFA2	S	CEC	primary
foreman_965_CTGTTTAGTCCTGCTT	2338	5619	0.051085795656817375	965	PFA2	G1	CEC	primary
foreman_965_GAACCTAGTCCAGTAT	710	1155	0.17316017316017315	965	PFA2	G1	CEC	primary
foreman_965_GACCAATGTCTCACCT	989	2374	0.2923336141533277	965	PFA2	G1	CEC	primary
foreman_965_GACGCGTTCAGTGTTG	1261	2103	0.07465525439847837	965	PFA2	G1	CEC	primary
foreman_965_GACGTTAGTTCAACCA	1557	3150	0.10571428571428572	965	PFA2	G1	CEC	primary
foreman_965_GACTAACGTGCACTTA	2875	7028	0.030600626245374324	965	PFA2	G1	CEC	primary
foreman_965_GATCGATAGGAGCGAG	873	1454	0.1259463179628355	965	PFA2	G1	CEC	primary
foreman_965_GATCGATAGTCTCCTC	2544	6026	0.04248257550614006	965	PFA2	G1	CEC	primary
foreman_965_GATCGCGCAGCTATTG	1406	2383	0.014267729752412925	965	PFA2	G1	CEC	primary
foreman_965_GATCGCGGTAAATGAC	1051	2011	0.08950770760815514	965	PFA2	G1	CEC	primary
foreman_965_GCAATCATCACTATTC	2967	8077	0.07007552309025629	965	PFA2	G1	CEC	primary
foreman_965_GCAGCCAGTAGGCATG	456	563	0.046181172291296625	965	PFA2	G1	CEC	primary
foreman_965_GCATACAAGAATGTTG	694	1031	0.015518913676042677	965	PFA2	S	CEC	primary
foreman_965_GCGACCATCAGCGACC	915	1580	0.10316455696202531	965	PFA2	G1	CEC	primary
foreman_965_GCGACCATCTGGCGAC	1294	2369	0.013929928239763613	965	PFA2	G1	CEC	primary
foreman_965_GCTCCTAAGTACGTAA	417	709	0.24259520451339917	965	PFA2	G1	CEC	primary
foreman_965_GCTGCTTCAGGGTTAG	559	1029	0.1652089407191448	965	PFA2	G1	CEC	primary
foreman_965_GCTTGAATCCAGGGCT	2219	4459	0.017044180309486432	965	PFA2	G1	CEC	primary
foreman_965_GGAATAACACGGTGTC	473	747	0.05488621151271754	965	PFA2	G1	CEC	primary
foreman_965_GGACAAGTCTGTTGAG	2536	6547	0.0887429356957385	965	PFA2	G1	CEC	primary
foreman_965_GGCAATTGTACTTGAC	1495	3324	0.08724428399518652	965	PFA2	S	CEC	primary
foreman_965_GGCCGATTCAGAAATG	1834	3821	0.05417429992148652	965	PFA2	G1	CEC	primary
foreman_965_GGCGACTCACAGGCCT	742	1391	0.24299065420560748	965	PFA2	G1	CEC	primary
foreman_965_GGGAGATGTCTAAACC	1649	3229	0.0362453531598513	965	PFA2	G1	CEC	primary
foreman_965_GGGCATCGTCAGAGGT	1778	3625	0.05684326710816777	965	PFA2	G1	CEC	primary
foreman_965_GGGTTGCGTTCGAATC	3519	11683	0.0771206025849525	965	PFA2	G1	CEC	primary
foreman_965_GGTATTGTCAGGTAAA	1705	3126	0.08605246321177223	965	PFA2	G1	CEC	primary
foreman_965_GTACGTATCAGATAAG	1213	2030	0.09901477832512315	965	PFA2	G1	CEC	primary
foreman_965_GTACTTTGTCACAAGG	3061	7564	0.07667900581702802	965	PFA2	G1	CEC	primary
foreman_965_GTAGTCATCGCACTCT	900	1782	0.09932659932659933	965	PFA2	G1	CEC	primary
foreman_965_GTATTCTCACCATCCT	512	883	0.13038548752834467	965	PFA2	G2M	CEC	primary
foreman_965_GTCACAAGTGTTTGTG	966	1588	0.036523929471032744	965	PFA2	G1	CEC	primary
foreman_965_GTCATTTCACGAAGCA	1819	3349	0.04956703493580173	965	PFA2	G1	CEC	primary
foreman_965_GTCGTAATCTTAGCCC	2253	5110	0.02309197651663405	965	PFA2	G1	CEC	primary
foreman_965_GTCTTCGGTCTACCTC	4468	15449	0.04991260438920179	965	PFA2	G1	CEC	primary
foreman_965_GTGCATACATCGGAAG	651	908	0.023127753303964757	965	PFA2	G1	CEC	primary
foreman_965_GTTTCTAGTCGAAAGC	1846	3853	0.03296132883467428	965	PFA2	G1	CEC	primary
foreman_965_TAAACCGGTACGACCC	2482	5713	0.019779450376334676	965	PFA2	G1	CEC	primary
foreman_965_TACACGATCATAAAGG	1343	2650	0.06264150943396227	965	PFA2	G1	CEC	primary
foreman_965_TACGGGCTCCGCATCT	1043	1663	0.03006614552014432	965	PFA2	G1	CEC	primary
foreman_965_TACTCGCTCTGGTTCC	830	1418	0.12579505300353358	965	PFA2	G2M	CEC	primary
foreman_965_TACTTACCATGCATGT	1071	1837	0.026688453159041396	965	PFA2	G1	CEC	primary
foreman_965_TAGCCGGCATCTCGCT	2795	8219	0.05341932343635921	965	PFA2	G1	CEC	primary
foreman_965_TATCAGGGTCACTGGC	1726	3140	0.017197452229299363	965	PFA2	G2M	CEC	primary
foreman_965_TCAGATGGTTCCGTCT	1229	2193	0.0816233470132239	965	PFA2	G1	CEC	primary
foreman_965_TCAGGTAAGGAGTACC	3074	8263	0.06511740498668603	965	PFA2	G1	CEC	primary
foreman_965_TCATTTGGTAAGTAGT	4175	12690	0.19818754925137905	965	PFA2	G1	CEC	primary
foreman_965_TCCCGATAGTGAAGTT	563	884	0.058823529411764705	965	PFA2	S	CEC	primary
foreman_965_TCGCGTTAGGGTCTCC	1514	2978	0.02048354600402955	965	PFA2	S	CEC	primary
foreman_965_TCGCGTTTCAAACCGT	488	708	0.15112994350282485	965	PFA2	G1	CEC	primary
foreman_965_TCTCATAGTGCATCTA	2192	4959	0.03730590844928413	965	PFA2	G2M	CEC	primary
foreman_965_TCTCATATCTTACCTA	1144	2290	0.04019222367846221	965	PFA2	G1	CEC	primary
foreman_965_TCTGAGAAGACATAAC	1039	1544	0.048575129533678756	965	PFA2	S	CEC	primary
foreman_965_TCTGAGATCATCGGAT	1738	3617	0.06220624827204866	965	PFA2	G1	CEC	primary
foreman_965_TCTTCGGAGCCACGTC	1423	2364	0.03807106598984772	965	PFA2	G1	CEC	primary
foreman_965_TGAAAGACAAGCGTAG	905	1605	0.17331670822942644	965	PFA2	G1	CEC	primary
foreman_965_TGAAAGATCCACTGGG	1004	1699	0.047675103001765744	965	PFA2	S	CEC	primary
foreman_965_TGACGGCAGCCAGTAG	2796	7310	0.05088919288645691	965	PFA2	S	CEC	primary
foreman_965_TGACTAGAGCTAGTTC	2032	4299	0.037915794370783906	965	PFA2	G1	CEC	primary
foreman_965_TGACTAGTCATTTGGG	1291	2302	0.028236316246741965	965	PFA2	G1	CEC	primary
foreman_965_TGAGAGGTCTCGCATC	3466	9307	0.04695390566240464	965	PFA2	G1	CEC	primary
foreman_965_TGAGCATTCCTTAATC	2810	7428	0.08373721055465805	965	PFA2	G1	CEC	primary
foreman_965_TGAGGGAAGAAACGCC	1192	2096	0.026240458015267174	965	PFA2	G2M	CEC	primary
foreman_965_TGCGCAGGTCTGCCAG	1455	2861	0.01118490038448095	965	PFA2	G1	CEC	primary
foreman_965_TGCTGCTGTAGGAGTC	1909	4165	0.04731027857829011	965	PFA2	G1	CEC	primary
foreman_965_TGTTCCGCAGCTATTG	908	1905	0.16544117647058823	965	PFA2	G1	CEC	primary
foreman_965_TTGACTTTCGTGGACC	635	1313	0.18354912414318356	965	PFA2	G1	CEC	primary
foreman_965_TTGCGTCAGTGTGAAT	603	1007	0.10724925521350546	965	PFA2	G1	CEC	primary
foreman_965_TTTGGTTTCTATCCTA	747	1654	0.14510278113663846	965	PFA2	G1	CEC	primary
foreman_965_CTGGTCTCAGGTGGAT	725	1276	0.18730407523510972	965	PFA2	G1	CEC	primary
foreman_965_GGTGCGTCATTTCACT	503	1051	0.2768791627021884	965	PFA2	G2M	CEC	primary
foreman_965_TACACGAGTCCCTTGT	839	1776	0.28040540540540543	965	PFA2	G1	CEC	primary
foreman_965_TCAGCTCCATACAGCT	548	1004	0.17928286852589642	965	PFA2	S	CEC	primary
foreman_965_CGGACGTTCCTATGTT	1120	2178	0.2612488521579431	965	PFA2	G1	CEC	primary
foreman_965_CGGCTAGAGTAGCCGA	1156	2297	0.10361340879407924	965	PFA2	G1	CEC	primary
foreman_965_CTAGCCTGTAGCTGCC	607	927	0.09600862998921252	965	PFA2	G1	CEC	primary
foreman_965_AAACCTGTCTGTCTAT	924	1447	0.1326883206634416	965	PFA2	G2M	CEC	primary
foreman_965_AAAGATGCATAGGATA	599	1080	0.26851851851851855	965	PFA2	G1	CEC	primary
foreman_965_AAAGATGTCAAACAAG	2114	4546	0.03915530136383634	965	PFA2	G2M	CEC	primary
foreman_965_AAAGATGTCCAATGGT	2029	4535	0.13869900771775082	965	PFA2	G1	CEC	primary
foreman_965_AAAGCAACAGCTGCTG	2796	7623	0.0795066911571766	965	PFA2	G1	CEC	primary
foreman_965_AAAGTAGAGTCTCCTC	1952	4606	0.18245004344048654	965	PFA2	G1	CEC	primary
foreman_965_AAATGCCGTTAGAACA	1268	2309	0.16370723256821135	965	PFA2	G1	CEC	primary
foreman_965_AACACGTGTTGCTCCT	1334	2621	0.16787485692483786	965	PFA2	G1	CEC	primary
foreman_965_AACCATGAGATCTGCT	642	1186	0.16188870151770657	965	PFA2	G1	CEC	primary
foreman_965_AACCGCGTCCACGCAG	1061	1910	0.2094240837696335	965	PFA2	G1	CEC	primary
foreman_965_AACGTTGAGATGCCAG	2334	5681	0.07709910227072699	965	PFA2	G1	CEC	primary
foreman_965_AACTCAGAGTGCAAGC	732	1043	0.10652591170825336	965	PFA2	S	CEC	primary
foreman_965_AACTCCCTCGTTGACA	619	962	0.10718002081165452	965	PFA2	G1	CEC	primary
foreman_965_AACTCTTGTAAGGATT	1564	3109	0.220649726600193	965	PFA2	G1	CEC	primary
foreman_965_AACTCTTTCATCGCTC	2825	7232	0.0634679203539823	965	PFA2	G1	CEC	primary
foreman_965_AACTTTCCACGACTCG	2054	4143	0.04079169683804007	965	PFA2	G2M	CEC	primary
foreman_965_AACTTTCGTAGGGTAC	3114	7726	0.032362459546925564	965	PFA2	G1	CEC	primary
foreman_965_AAGACCTCACCCATTC	3637	11035	0.0748527412777526	965	PFA2	G1	CEC	primary
foreman_965_AAGCCGCTCGAGAGCA	1175	2540	0.1157936195352501	965	PFA2	G1	CEC	primary
foreman_965_AAGCCGCTCGCGGATC	1275	2369	0.060785141409877584	965	PFA2	G1	CEC	primary
foreman_965_AAGGTTCAGTAGCGGT	2187	4391	0.0621867881548975	965	PFA2	S	CEC	primary
foreman_965_AAGGTTCTCATACGGT	2423	5203	0.05037492789848106	965	PFA2	S	CEC	primary
foreman_965_AATCCAGAGACTAAGT	1615	2719	0.09047443913203383	965	PFA2	G1	CEC	primary
foreman_965_AATCGGTGTCGACTAT	2211	4804	0.10930668332292318	965	PFA2	G1	CEC	primary
foreman_965_ACACCAACACGGATAG	2480	6098	0.06969498196129878	965	PFA2	G1	CEC	primary
foreman_965_ACACCAACATCCTAGA	1630	3004	0.0659121171770972	965	PFA2	S	CEC	primary
foreman_965_ACACCAAGTGAACCTT	2773	6357	0.07364280094413847	965	PFA2	G1	CEC	primary
foreman_965_ACACCAATCCGAATGT	2838	7391	0.047219591394939794	965	PFA2	G1	CEC	primary
foreman_965_ACACCCTAGCTGTTCA	556	911	0.23380900109769484	965	PFA2	G1	CEC	primary
foreman_965_ACACCCTCATGGTTGT	1868	3709	0.142433234421365	965	PFA2	G1	CEC	primary
foreman_965_ACACCCTGTATCAGTC	1545	3186	0.10894819466248037	965	PFA2	G1	CEC	primary
foreman_965_ACAGCTAAGAGCCTAG	1186	2219	0.11041009463722397	965	PFA2	G1	CEC	primary
foreman_965_ACAGCTAAGCTGATAA	1712	3327	0.12744214006612564	965	PFA2	G1	CEC	primary
foreman_965_ACATACGAGGACACCA	1788	3515	0.17302219692657939	965	PFA2	G1	CEC	primary
foreman_965_ACATACGTCACTTATC	1695	3392	0.18632075471698112	965	PFA2	G1	CEC	primary
foreman_965_ACATACGTCGGAGGTA	623	1095	0.12054794520547946	965	PFA2	G1	CEC	primary
foreman_965_ACATCAGCATTACCTT	4146	11827	0.039996617622188396	965	PFA2	G1	CEC	primary
foreman_965_ACCCACTAGATGTGTA	1715	3429	0.0994459025955089	965	PFA2	G2M	CEC	primary
foreman_965_ACCGTAATCCTCAATT	1359	2798	0.18620443173695497	965	PFA2	G1	CEC	primary
foreman_965_ACGAGCCTCATACGGT	2602	6284	0.05188604169982492	965	PFA2	S	CEC	primary
foreman_965_ACGAGCCTCGGCGCAT	1549	3359	0.18249479011610598	965	PFA2	G1	CEC	primary
foreman_965_ACGAGGAAGTACGACG	1774	3538	0.0961266610121572	965	PFA2	G1	CEC	primary
foreman_965_ACGATGTAGCTAAGAT	2346	5227	0.048593839678591925	965	PFA2	G1	CEC	primary
foreman_965_ACGCCAGTCACCTCGT	1830	4186	0.09627329192546584	965	PFA2	G1	CEC	primary
foreman_965_ACGCCAGTCATACGGT	786	1644	0.24148418491484186	965	PFA2	S	CEC	primary
foreman_965_ACGGAGACACGAGGTA	2228	4651	0.06688172043010752	965	PFA2	G1	CEC	primary
foreman_965_ACGGGTCAGGTCATCT	696	978	0.08793456032719836	965	PFA2	S	CEC	primary
foreman_965_ACGGGTCAGTGAACAT	2327	4913	0.07754935884388357	965	PFA2	G1	CEC	primary
foreman_965_ACTATCTAGAAACCAT	1977	3922	0.029321774604793474	965	PFA2	G1	CEC	primary
foreman_965_ACTGCTCAGGCGATAC	746	1320	0.08863636363636364	965	PFA2	S	CEC	primary
foreman_965_ACTTGTTTCCACTCCA	1035	1785	0.13893557422969188	965	PFA2	G1	CEC	primary
foreman_965_ACTTTCACACGAAGCA	2431	5330	0.0849906191369606	965	PFA2	G1	CEC	primary
foreman_965_AGAGCGACATGCTAGT	1324	2386	0.10687342833193629	965	PFA2	G1	CEC	primary
foreman_965_AGAGCTTGTCCATGAT	1573	2814	0.07178393745557925	965	PFA2	S	CEC	primary
foreman_965_AGAGTGGAGGACATTA	568	734	0.0885558583106267	965	PFA2	S	CEC	primary
foreman_965_AGATCTGCACACATGT	802	1473	0.09775967413441955	965	PFA2	G1	CEC	primary
foreman_965_AGCAGCCCACGGCCAT	798	1627	0.18684695759065764	965	PFA2	G1	CEC	primary
foreman_965_AGCATACAGAAACGAG	1813	3890	0.08714652956298201	965	PFA2	G1	CEC	primary
foreman_965_AGCGGTCAGAAGATTC	1052	1643	0.05599513085818624	965	PFA2	G1	CEC	primary
foreman_965_AGCTCTCCACGTCAGC	787	1764	0.2647392290249433	965	PFA2	S	CEC	primary
foreman_965_AGCTTGATCTAACCGA	2863	7587	0.02873714737674664	965	PFA2	G1	CEC	primary
foreman_965_AGGCCGTTCAACCAAC	2362	5187	0.05590900327742433	965	PFA2	G1	CEC	primary
foreman_965_AGGGAGTTCAAACCAC	699	1231	0.0966693744922827	965	PFA2	G2M	CEC	primary
foreman_965_AGTGGGAAGCCGCCTA	1823	3872	0.17019628099173553	965	PFA2	G1	CEC	primary
foreman_965_AGTGGGATCTCCAACC	1278	2398	0.1067556296914095	965	PFA2	G1	CEC	primary
foreman_965_AGTTGGTAGCGTAATA	1517	2795	0.09588550983899821	965	PFA2	S	CEC	primary
foreman_965_ATAGACCGTGCACTTA	2050	4135	0.07787182587666264	965	PFA2	G1	CEC	primary
foreman_965_ATAGACCGTTACGCGC	1613	3478	0.15842438182863713	965	PFA2	G1	CEC	primary
foreman_965_ATCATCTGTCGGCACT	1871	3210	0.03894080996884735	965	PFA2	G1	CEC	primary
foreman_965_ATCCACCCAGTGGGAT	3302	8540	0.0657062543921293	965	PFA2	G1	CEC	primary
foreman_965_ATCCACCTCATTTGGG	3847	10130	0.07847976307996052	965	PFA2	G1	CEC	primary
foreman_965_ATCCGAATCCGCGTTT	1316	2343	0.06914212548015365	965	PFA2	G1	CEC	primary
foreman_965_ATCGAGTAGGGTTTCT	1332	2564	0.12797502926258292	965	PFA2	G1	CEC	primary
foreman_965_ATCTACTGTGCACGAA	1999	4086	0.08737151248164464	965	PFA2	G1	CEC	primary
foreman_965_ATCTGCCCATCCGTGG	1174	2100	0.1061904761904762	965	PFA2	G1	CEC	primary
foreman_965_ATGAGGGGTTCCCTTG	1749	3568	0.09641255605381166	965	PFA2	G1	CEC	primary
foreman_965_ATGCGATAGAGCAATT	1195	2206	0.127437641723356	965	PFA2	G2M	CEC	primary
foreman_965_ATGCGATGTGTTTGTG	1535	2761	0.030423759507424847	965	PFA2	G1	CEC	primary
foreman_965_ATGGGAGAGGTGCTAG	1242	2416	0.25620860927152317	965	PFA2	G1	CEC	primary
foreman_965_ATGGGAGCAGCTGTAT	1159	2094	0.19961795606494748	965	PFA2	G1	CEC	primary
foreman_965_ATGGGAGGTACCATCA	2913	7308	0.03393541324575807	965	PFA2	G1	CEC	primary
foreman_965_ATTATCCTCGGTCTAA	1255	2378	0.08620689655172414	965	PFA2	G2M	CEC	primary
foreman_965_ATTCTACAGCCACGCT	1242	2160	0.1087962962962963	965	PFA2	G1	CEC	primary
foreman_965_ATTCTACAGCTTCGCG	602	1189	0.21194280908326324	965	PFA2	G1	CEC	primary
foreman_965_ATTCTACAGGATGGAA	1771	3576	0.10878076062639822	965	PFA2	G1	CEC	primary
foreman_965_CAACCAACATTAGCCA	594	1156	0.08650519031141868	965	PFA2	G1	CEC	primary
foreman_965_CAACCAAGTTATCGGT	1168	1833	0.03273322422258593	965	PFA2	G1	CEC	primary
foreman_965_CAACCTCAGAGCTATA	644	933	0.0707395498392283	965	PFA2	G1	CEC	primary
foreman_965_CAAGAAACAAACTGTC	1904	3861	0.05286343612334802	965	PFA2	G1	CEC	primary
foreman_965_CAAGATCAGTAGGCCA	2178	4748	0.09563935116915948	965	PFA2	G1	CEC	primary
foreman_965_CAAGGCCAGGACAGAA	728	1445	0.1806228373702422	965	PFA2	G1	CEC	primary
foreman_965_CAAGTTGCAAGTTCTG	1916	4143	0.2203717113202993	965	PFA2	G1	CEC	primary
foreman_965_CACACAACATCTGGTA	1890	3810	0.10451680672268908	965	PFA2	G1	CEC	primary
foreman_965_CACAGGCAGGTGCTAG	498	1005	0.28955223880597014	965	PFA2	G1	CEC	primary
foreman_965_CACAGGCCAGCCACCA	2350	5667	0.11438658428949691	965	PFA2	G1	CEC	primary
foreman_965_CACAGGCGTCCTCCAT	1175	2253	0.15985790408525755	965	PFA2	G1	CEC	primary
foreman_965_CACAGGCGTTGTTTGG	1315	2532	0.15165876777251186	965	PFA2	G1	CEC	primary
foreman_965_CACAGGCTCGACCAGC	1795	3469	0.08475064860190257	965	PFA2	G1	CEC	primary
foreman_965_CACAGTACACTCAGGC	1240	2244	0.10566205974141775	965	PFA2	G1	CEC	primary
foreman_965_CACAGTAGTATTCTCT	3163	7920	0.04823232323232323	965	PFA2	G1	CEC	primary
foreman_965_CACCAGGAGTTTAGGA	1108	1823	0.08173340647284695	965	PFA2	G1	CEC	primary
foreman_965_CACTCCAAGTGGGTTG	535	1025	0.2255859375	965	PFA2	S	CEC	primary
foreman_965_CACTCCACAAAGGTGC	1642	3473	0.07543910164123237	965	PFA2	G1	CEC	primary
foreman_965_CAGCATAGTAGCCTCG	2085	4752	0.0968013468013468	965	PFA2	G1	CEC	primary
foreman_965_CAGCATAGTTGATTCG	757	1450	0.2153209109730849	965	PFA2	G1	CEC	primary
foreman_965_CAGCCGAGTTTAGCTG	3206	9569	0.08685200668896322	965	PFA2	G1	CEC	primary
foreman_965_CAGCCGATCTCTTATG	2074	4466	0.0877742946708464	965	PFA2	G1	CEC	primary
foreman_965_CAGTAACGTCCTCCAT	1746	3678	0.09026644915715062	965	PFA2	S	CEC	primary
foreman_965_CAGTCCTAGTATCTCG	1818	3648	0.08744517543859649	965	PFA2	G1	CEC	primary
foreman_965_CAGTCCTCAATGACCT	1213	2324	0.16695352839931152	965	PFA2	S	CEC	primary
foreman_965_CATATTCAGAGTACAT	2947	7252	0.04798676227247656	965	PFA2	G1	CEC	primary
foreman_965_CATCGAAGTTCGCGAC	1495	2860	0.1472027972027972	965	PFA2	G1	CEC	primary
foreman_965_CATCGGGAGGAGTTTA	1718	3235	0.11224489795918367	965	PFA2	G1	CEC	primary
foreman_965_CATGACAGTGGTGTAG	1101	1921	0.14322916666666666	965	PFA2	G1	CEC	primary
foreman_965_CATGGCGAGCACGCCT	1321	2258	0.07927369353410098	965	PFA2	G1	CEC	primary
foreman_965_CATGGCGAGCCACGCT	1188	1940	0.07010309278350516	965	PFA2	G2M	CEC	primary
foreman_965_CATTATCAGGAGCGAG	3352	9296	0.06088640275387263	965	PFA2	G1	CEC	primary
foreman_965_CATTCGCAGCTGTTCA	933	2051	0.1545587518283764	965	PFA2	G1	CEC	primary
foreman_965_CCAATCCCACGTAAGG	1762	3442	0.06362579895409645	965	PFA2	G1	CEC	primary
foreman_965_CCCAATCAGCGCCTCA	1172	2206	0.07346938775510205	965	PFA2	G1	CEC	primary
foreman_965_CCCAATCTCACTGGGC	1659	3583	0.1705274909293888	965	PFA2	G1	CEC	primary
foreman_965_CCCAGTTAGTACGTTC	1674	3640	0.11346153846153846	965	PFA2	G1	CEC	primary
foreman_965_CCCTCCTCAACTTGAC	3129	8808	0.08220733507437265	965	PFA2	G1	CEC	primary
foreman_965_CCGGTAGGTACCCAAT	2265	4494	0.042723631508678236	965	PFA2	G1	CEC	primary
foreman_965_CCGTACTGTACCATCA	1341	2118	0.03210576015108593	965	PFA2	G1	CEC	primary
foreman_965_CCGTACTTCACTCTTA	1424	2768	0.14595375722543352	965	PFA2	G1	CEC	primary
foreman_965_CCGTGGACAATGACCT	1022	1857	0.10877759827679052	965	PFA2	G1	CEC	primary
foreman_965_CCGTTCAGTCAAGCGA	750	1319	0.10993176648976498	965	PFA2	G1	CEC	primary
foreman_965_CCGTTCATCGGTTAAC	1106	2208	0.27717391304347827	965	PFA2	G1	CEC	primary
foreman_965_CCTAGCTCACGCATCG	3114	8851	0.05366625240085866	965	PFA2	G1	CEC	primary
foreman_965_CCTAGCTTCGTTTGCC	1307	2397	0.17438464747601168	965	PFA2	G1	CEC	primary
foreman_965_CCTCAGTTCTACCAGA	1805	4118	0.06240893637688198	965	PFA2	G1	CEC	primary
foreman_965_CGACCTTTCAGTACGT	1192	2287	0.19020550940096195	965	PFA2	G1	CEC	primary
foreman_965_CGACCTTTCCGCATCT	1517	2734	0.08415660446395902	965	PFA2	S	CEC	primary
foreman_965_CGAGAAGAGCTAACAA	1074	1887	0.09336870026525199	965	PFA2	G1	CEC	primary
foreman_965_CGAGAAGCAGGAACGT	2996	7607	0.05284606283686079	965	PFA2	G1	CEC	primary
foreman_965_CGAGAAGTCGATAGAA	772	1348	0.1327893175074184	965	PFA2	S	CEC	primary
foreman_965_CGATCGGTCCTAGGGC	1664	3408	0.16607981220657278	965	PFA2	G1	CEC	primary
foreman_965_CGCCAAGGTCTCCACT	808	1494	0.11178045515394913	965	PFA2	G1	CEC	primary
foreman_965_CGCGGTAGTGGTTTCA	1884	4038	0.16468548786527984	965	PFA2	G1	CEC	primary
foreman_965_CGCTATCCACATGTGT	2016	4065	0.21082410824108241	965	PFA2	G1	CEC	primary
foreman_965_CGCTATCCAGAAGCAC	2020	4034	0.09494298463063956	965	PFA2	G1	CEC	primary
foreman_965_CGCTTCAAGCGCTCCA	1213	2120	0.14245283018867924	965	PFA2	G1	CEC	primary
foreman_965_CGCTTCATCCACTGGG	3353	9781	0.043562736476122306	965	PFA2	G1	CEC	primary
foreman_965_CGGAGCTAGATCCGAG	2410	5647	0.12218877279971667	965	PFA2	G1	CEC	primary
foreman_965_CGGCTAGCAGCTCCGA	1152	2040	0.05	965	PFA2	G1	CEC	primary
foreman_965_CGGGTCAAGGAGTTGC	2400	5000	0.1214	965	PFA2	G1	CEC	primary
foreman_965_CGGGTCAGTAAGTAGT	1810	3641	0.1367756110958528	965	PFA2	G1	CEC	primary
foreman_965_CGTAGCGGTGCTGTAT	1826	3360	0.0669842214944924	965	PFA2	G1	CEC	primary
foreman_965_CGTAGGCAGCTGATAA	1146	1920	0.05364583333333333	965	PFA2	G1	CEC	primary
foreman_965_CGTCACTAGTTGAGAT	1611	2890	0.052941176470588235	965	PFA2	G2M	CEC	primary
foreman_965_CGTCACTTCCACGACG	1029	1688	0.12914691943127962	965	PFA2	G1	CEC	primary
foreman_965_CGTTAGAGTATCGCAT	2307	4855	0.03542739443872297	965	PFA2	G1	CEC	primary
foreman_965_CGTTGGGCAAAGTGCG	1729	3873	0.17540687160940324	965	PFA2	G1	CEC	primary
foreman_965_CTAACTTCAGCAGTTT	1328	2493	0.09225832330525471	965	PFA2	S	CEC	primary
foreman_965_CTACATTCAATTCCTT	1424	2561	0.081640625	965	PFA2	G1	CEC	primary
foreman_965_CTACCCAGTAAGAGAG	814	1650	0.20727272727272728	965	PFA2	G1	CEC	primary
foreman_965_CTACGTCTCTTACCGC	2304	4740	0.048734177215189876	965	PFA2	G1	CEC	primary
foreman_965_CTAGAGTTCTGTTTGT	1301	2421	0.17141676992978108	965	PFA2	G1	CEC	primary
foreman_965_CTAGCCTGTAGCGCAA	2182	4875	0.08719737382027082	965	PFA2	G1	CEC	primary
foreman_965_CTAGTGATCTTCATGT	749	1116	0.16308243727598568	965	PFA2	S	CEC	primary
foreman_965_CTCAGAACACGGTGTC	3542	9195	0.08330614464382817	965	PFA2	G1	CEC	primary
foreman_965_CTCAGAATCCTAGTGA	3319	9345	0.03093224874237397	965	PFA2	G1	CEC	primary
foreman_965_CTCAGAATCTTAGAGC	1836	3884	0.16555097837281155	965	PFA2	G1	CEC	primary
foreman_965_CTCATTATCAGTTGAC	1759	3511	0.12731415551125036	965	PFA2	G1	CEC	primary
foreman_965_CTCCTAGAGTGGAGAA	2528	5558	0.04498020870816841	965	PFA2	G1	CEC	primary
foreman_965_CTCCTAGTCGCGTAGC	2092	4375	0.037951531778692274	965	PFA2	G1	CEC	primary
foreman_965_CTCGAAAGTAGCCTCG	1486	2693	0.10805792796138136	965	PFA2	G1	CEC	primary
foreman_965_CTCGAAATCGAACTGT	802	1243	0.035398230088495575	965	PFA2	G1	CEC	primary
foreman_965_CTCGAGGTCAATCTCT	1255	2236	0.0447427293064877	965	PFA2	G1	CEC	primary
foreman_965_CTCGAGGTCTTTAGGG	1389	2404	0.07945091514143095	965	PFA2	G1	CEC	primary
foreman_965_CTCGGAGAGTACGCGA	1166	1700	0.033549146556798116	965	PFA2	G1	CEC	primary
foreman_965_CTCGGAGGTGTCCTCT	977	2215	0.2898419864559819	965	PFA2	S	CEC	primary
foreman_965_CTCGGGAAGGAATTAC	2649	6126	0.04131286740692358	965	PFA2	G1	CEC	primary
foreman_965_CTCGTACCACCATGTA	1991	4173	0.16415049125329498	965	PFA2	G1	CEC	primary
foreman_965_CTCGTCAAGGTGCTAG	2915	7751	0.09211714617468714	965	PFA2	G1	CEC	primary
foreman_965_CTCTAATGTAAACGCG	924	1878	0.2790202342917998	965	PFA2	G1	CEC	primary
foreman_965_CTCTGGTAGGATGCGT	3043	7107	0.13662586182636838	965	PFA2	S	CEC	primary
foreman_965_CTCTGGTCATTAGGCT	1583	3684	0.050760043431053205	965	PFA2	G2M	CEC	primary
foreman_965_CTCTGGTTCGCGTAGC	1309	2218	0.1109107303877367	965	PFA2	G2M	CEC	primary
foreman_965_CTGCCTAGTGAGGCTA	2187	4894	0.04701553556827474	965	PFA2	G1	CEC	primary
foreman_965_CTGCGGAAGAGGTACC	590	1219	0.15176374077112387	965	PFA2	G1	CEC	primary
foreman_965_CTGCGGACAGCGTTCG	3178	8551	0.04783066308034148	965	PFA2	G1	CEC	primary
foreman_965_CTGCTGTTCTCTTGAT	2556	5541	0.0624436022378632	965	PFA2	G1	CEC	primary
foreman_965_CTGGTCTAGCCCGAAA	2126	4595	0.1321288637353069	965	PFA2	G1	CEC	primary
foreman_965_CTGTGCTAGCTAGTTC	1914	3932	0.12643093360468075	965	PFA2	G1	CEC	primary
foreman_965_CTGTTTAAGAAGGTTT	1706	3468	0.14537063743870782	965	PFA2	G1	CEC	primary
foreman_965_CTTAGGAAGGAGTTGC	2048	4925	0.16270566727605118	965	PFA2	G1	CEC	primary
foreman_965_CTTCTCTCAAGCGTAG	978	1622	0.07398273736128237	965	PFA2	G1	CEC	primary
foreman_965_CTTCTCTGTAAGAGGA	2557	6014	0.041902228134353174	965	PFA2	G1	CEC	primary
foreman_965_CTTGGCTCAAAGAATC	1103	1918	0.11626694473409802	965	PFA2	G1	CEC	primary
foreman_965_GAACATCTCCTTCAAT	1248	2491	0.12083500602167804	965	PFA2	G1	CEC	primary
foreman_965_GAACCTAAGGGAGTAA	2731	6338	0.08299147996213317	965	PFA2	G2M	CEC	primary
foreman_965_GAACCTAAGTAGTGCG	2941	7033	0.09455424427697995	965	PFA2	G1	CEC	primary
foreman_965_GAACGGAAGATCGATA	1642	2984	0.1190077103586993	965	PFA2	G1	CEC	primary
foreman_965_GAACGGAGTGGTACAG	4424	14430	0.05599833668306882	965	PFA2	G1	CEC	primary
foreman_965_GAAGCAGCAAAGGAAG	1491	2572	0.05909797822706065	965	PFA2	G1	CEC	primary
foreman_965_GAATAAGAGGCTCATT	2238	4696	0.10053248136315229	965	PFA2	G1	CEC	primary
foreman_965_GACACGCCAGGGCATA	3955	11770	0.06830926083262531	965	PFA2	G1	CEC	primary
foreman_965_GACACGCTCTACTATC	1654	3250	0.09141274238227147	965	PFA2	G1	CEC	primary
foreman_965_GACGGCTTCACTATTC	1158	2126	0.1810912511759172	965	PFA2	G1	CEC	primary
foreman_965_GACGTGCGTGGTAACG	2162	4760	0.0975199663724254	965	PFA2	G1	CEC	primary
foreman_965_GACTAACAGTGAACGC	1233	1958	0.05058763413387839	965	PFA2	G1	CEC	primary
foreman_965_GACTAACCATTCACTT	696	1368	0.2149122807017544	965	PFA2	G1	CEC	primary
foreman_965_GACTACAGTGTTTGGT	880	1303	0.07060629316960859	965	PFA2	G1	CEC	primary
foreman_965_GACTACATCTAGAGTC	3914	11975	0.055704025388341405	965	PFA2	G1	CEC	primary
foreman_965_GACTGCGAGCGCTCCA	2110	4557	0.04323019530392802	965	PFA2	G1	CEC	primary
foreman_965_GAGGTGACAGACAGGT	1170	2669	0.23791682278006743	965	PFA2	G1	CEC	primary
foreman_965_GAGTCCGAGACAAGCC	3137	8062	0.039201091675970724	965	PFA2	G1	CEC	primary
foreman_965_GATCAGTTCACATAGC	2200	5170	0.14296769201005996	965	PFA2	G1	CEC	primary
foreman_965_GATCGATGTGACTACT	1683	3040	0.08950312602829878	965	PFA2	G1	CEC	primary
foreman_965_GATCGCGTCCTTGGTC	2139	4362	0.12608895002292525	965	PFA2	G1	CEC	primary
foreman_965_GATCTAGGTACGACCC	2865	6946	0.06508279337652988	965	PFA2	G1	CEC	primary
foreman_965_GATCTAGTCAGGTTCA	1893	3594	0.04261838440111421	965	PFA2	G1	CEC	primary
foreman_965_GATGAAAGTTTAGGAA	847	1499	0.1734489659773182	965	PFA2	G1	CEC	primary
foreman_965_GATGCTATCATCATTC	2942	7748	0.09550851832731028	965	PFA2	G1	CEC	primary
foreman_965_GATTCAGAGCCCTAAT	1576	3384	0.12943262411347517	965	PFA2	G1	CEC	primary
foreman_965_GCAAACTCAGGTCTCG	3472	9123	0.1296864722648542	965	PFA2	G1	CEC	primary
foreman_965_GCAAACTCAGTAAGAT	1051	1947	0.16127375449409348	965	PFA2	G1	CEC	primary
foreman_965_GCACATACAAACGTGG	3048	7597	0.04238515203369751	965	PFA2	G2M	CEC	primary
foreman_965_GCATGCGTCCCTCAGT	1551	3063	0.16813581456088803	965	PFA2	G1	CEC	primary
foreman_965_GCATGTAGTATGAAAC	1956	3995	0.0983729662077597	965	PFA2	G1	CEC	primary
foreman_965_GCATGTATCAACACCA	744	1466	0.20122783083219645	965	PFA2	G1	CEC	primary
foreman_965_GCCAAATCACCGCTAG	2053	4163	0.05044439106413644	965	PFA2	G1	CEC	primary
foreman_965_GCGAGAACACCAGGTC	1944	4086	0.1339045287637699	965	PFA2	G1	CEC	primary
foreman_965_GCGCAGTAGGATATAC	2035	4502	0.14860062194580187	965	PFA2	G2M	CEC	primary
foreman_965_GCTCCTATCAATAAGG	1280	3275	0.2778625954198473	965	PFA2	G1	CEC	primary
foreman_965_GCTGGGTGTCACTTCC	1585	3170	0.008201892744479496	965	PFA2	S	CEC	primary
foreman_965_GCTGGGTTCTACTCAT	1892	3983	0.04946020587496862	965	PFA2	G1	CEC	primary
foreman_965_GCTTCCACAAGCGCTC	2160	5059	0.10140343941490414	965	PFA2	G1	CEC	primary
foreman_965_GGACAAGAGATCCCGC	1327	2339	0.11628901239846089	965	PFA2	G2M	CEC	primary
foreman_965_GGACGTCTCCAACCAA	2016	4150	0.06486616831444418	965	PFA2	G1	CEC	primary
foreman_965_GGATGTTGTTACTGAC	1445	2906	0.13562822719449225	965	PFA2	G1	CEC	primary
foreman_965_GGATTACTCTACTTAC	586	832	0.038461538461538464	965	PFA2	G1	CEC	primary
foreman_965_GGCAATTTCAACACCA	2148	4781	0.11964024262706546	965	PFA2	G1	CEC	primary
foreman_965_GGCGACTGTGCAGTAG	1421	2573	0.15973571706179557	965	PFA2	G1	CEC	primary
foreman_965_GGCGTGTCATTTCAGG	2770	6975	0.052186379928315416	965	PFA2	G1	CEC	primary
foreman_965_GGGAATGTCTTCGAGA	1725	3202	0.026241799437675725	965	PFA2	G1	CEC	primary
foreman_965_GGGACCTCATCCTTGC	1694	3774	0.14414414414414414	965	PFA2	G1	CEC	primary
foreman_965_GGGACCTTCTGGTGTA	5238	20474	0.058323563892145366	965	PFA2	G1	CEC	primary
foreman_965_GGGAGATTCATTGCGA	1465	2854	0.10581639803784162	965	PFA2	G2M	CEC	primary
foreman_965_GGGATGAGTGTCCTCT	2727	6644	0.07781456953642384	965	PFA2	G1	CEC	primary
foreman_965_GGGCATCAGTTCGATC	2569	6299	0.018574376885219877	965	PFA2	G1	CEC	primary
foreman_965_GGGCATCTCCGGGTGT	796	1477	0.12457684495599188	965	PFA2	G1	CEC	primary
foreman_965_GGTATTGTCCGTTGCT	2271	4814	0.060656418778562524	965	PFA2	G1	CEC	primary
foreman_965_GGTATTGTCTTCTGGC	3227	9248	0.059046177138531414	965	PFA2	G1	CEC	primary
foreman_965_GTAACTGGTGGTGTAG	2267	4666	0.061723103300471496	965	PFA2	G1	CEC	primary
foreman_965_GTACGTACATCGATGT	2638	6132	0.05269168026101142	965	PFA2	G1	CEC	primary
foreman_965_GTAGGCCGTTATGCGT	2837	6816	0.07130281690140845	965	PFA2	G1	CEC	primary
foreman_965_GTAGGCCTCGTCACGG	1800	3381	0.1647441585329784	965	PFA2	G1	CEC	primary
foreman_965_GTAGTCAAGAGACTTA	1066	1708	0.06850117096018736	965	PFA2	G1	CEC	primary
foreman_965_GTAGTCACAAATTGCC	1182	2059	0.11267605633802817	965	PFA2	G2M	CEC	primary
foreman_965_GTAGTCAGTCACAAGG	1197	2194	0.11850501367365543	965	PFA2	G1	CEC	primary
foreman_965_GTATCTTCACCTATCC	1995	4556	0.14991220368744512	965	PFA2	S	CEC	primary
foreman_965_GTATCTTGTGTCGCTG	1057	1680	0.06607142857142857	965	PFA2	S	CEC	primary
foreman_965_GTATTCTAGACAAGCC	1184	2413	0.129714048901782	965	PFA2	G1	CEC	primary
foreman_965_GTATTCTGTGAAGGCT	2197	4930	0.059837728194726165	965	PFA2	G1	CEC	primary
foreman_965_GTCACAAGTTCGTCTC	2206	5251	0.08398400304703867	965	PFA2	G1	CEC	primary
foreman_965_GTCACGGCACGAGAGT	963	1574	0.16772554002541296	965	PFA2	G1	CEC	primary
foreman_965_GTCATTTCAGTCACTA	2937	8020	0.13542835765057987	965	PFA2	G1	CEC	primary
foreman_965_GTCGGGTCATGCCTTC	1864	3531	0.135089209855565	965	PFA2	G1	CEC	primary
foreman_965_GTCGTAATCTCGAGTA	1091	1888	0.07944915254237288	965	PFA2	G1	CEC	primary
foreman_965_GTGCGGTCAGCTCGCA	1332	2374	0.04549283909014322	965	PFA2	G1	CEC	primary
foreman_965_GTGTTAGAGCCCGAAA	1169	2019	0.11193660227835563	965	PFA2	G1	CEC	primary
foreman_965_GTTAAGCTCAGTGTTG	2290	4969	0.04608573153552022	965	PFA2	G1	CEC	primary
foreman_965_GTTACAGGTTCCGTCT	1403	2443	0.10601719197707736	965	PFA2	G1	CEC	primary
foreman_965_GTTCATTGTAGTAGTA	1148	2081	0.09466602594906295	965	PFA2	S	CEC	primary
foreman_965_GTTCTCGTCTTTAGGG	2384	4799	0.07626588872681808	965	PFA2	G1	CEC	primary
foreman_965_TAAGCGTGTCCGAAGA	3345	8285	0.10645745322872661	965	PFA2	G1	CEC	primary
foreman_965_TAAGTGCAGGCAATTA	2449	5983	0.086745779709176	965	PFA2	G1	CEC	primary
foreman_965_TAAGTGCCACGCATCG	1618	3348	0.04121863799283154	965	PFA2	G2M	CEC	primary
foreman_965_TACCTTAGTGGACGAT	2144	4057	0.03254437869822485	965	PFA2	G1	CEC	primary
foreman_965_TACGGATAGCGACGTA	3301	9505	0.1067859021567596	965	PFA2	G1	CEC	primary
foreman_965_TACGGGCGTTCACGGC	1622	3356	0.17615499254843517	965	PFA2	G1	CEC	primary
foreman_965_TACGGTAAGTTACCCA	2409	5388	0.03897550111358575	965	PFA2	G1	CEC	primary
foreman_965_TACGGTAGTCTAGCCG	1793	3705	0.055870445344129556	965	PFA2	G1	CEC	primary
foreman_965_TACTCATTCGGAAACG	2817	6756	0.07859680284191829	965	PFA2	G1	CEC	primary
foreman_965_TACTTACCAATAACGA	1526	2881	0.13819444444444445	965	PFA2	S	CEC	primary
foreman_965_TACTTGTTCTCGGACG	1118	1827	0.04928806133625411	965	PFA2	G2M	CEC	primary
foreman_965_TAGACCATCAAACGGG	983	1598	0.07133917396745933	965	PFA2	G1	CEC	primary
foreman_965_TAGCCGGAGCAGGCTA	1708	3541	0.12849477548715052	965	PFA2	G1	CEC	primary
foreman_965_TAGTGGTTCTCAAACG	720	1136	0.09330985915492958	965	PFA2	G1	CEC	primary
foreman_965_TAGTTGGTCGGCGCAT	2129	4358	0.13243057149414736	965	PFA2	G1	CEC	primary
foreman_965_TATCAGGAGTGTCTCA	1750	3828	0.09432976221583486	965	PFA2	G1	CEC	primary
foreman_965_TATCTCATCCTCAACC	1373	2834	0.11330744793505118	965	PFA2	G1	CEC	primary
foreman_965_TATTACCGTATTAGCC	3070	7882	0.050114184217203754	965	PFA2	G2M	CEC	primary
foreman_965_TCAACGAGTAAATACG	1887	4387	0.09414178253932072	965	PFA2	S	CEC	primary
foreman_965_TCAACGATCTGGCGAC	1608	3086	0.16720674011665587	965	PFA2	G1	CEC	primary
foreman_965_TCACGAAGTGTTCTTT	1413	2494	0.07538091419406576	965	PFA2	G1	CEC	primary
foreman_965_TCAGCAAAGGGATACC	685	1584	0.23926767676767677	965	PFA2	G1	CEC	primary
foreman_965_TCAGCAAGTCTCCCTA	1653	3326	0.12447384245339747	965	PFA2	G1	CEC	primary
foreman_965_TCAGCAATCATCGCTC	2814	7322	0.11092896174863388	965	PFA2	S	CEC	primary
foreman_965_TCAGCTCCAAGCTGAG	2852	7240	0.07279005524861878	965	PFA2	G2M	CEC	primary
foreman_965_TCAGCTCCATTACGAC	1470	2638	0.06747536012130402	965	PFA2	G2M	CEC	primary
foreman_965_TCAGGATTCGGCGCAT	1957	3666	0.07885402455661665	965	PFA2	G1	CEC	primary
foreman_965_TCCACACTCTATGTGG	1370	2680	0.11082089552238807	965	PFA2	G1	CEC	primary
foreman_965_TCCCGATTCCAGTAGT	1195	2131	0.18723603941811356	965	PFA2	G1	CEC	primary
foreman_965_TCCCGATTCTGACCTC	2881	6598	0.07776261937244201	965	PFA2	G1	CEC	primary
foreman_965_TCGCGAGAGTTACGGG	1683	3430	0.12099125364431487	965	PFA2	S	CEC	primary
foreman_965_TCGCGAGCACAAGACG	1622	2968	0.03133423180592992	965	PFA2	G1	CEC	primary
foreman_965_TCGCGAGCATACCATG	797	1401	0.05281941470378301	965	PFA2	G1	CEC	primary
foreman_965_TCGCGAGGTAGCCTCG	1373	2372	0.0733558178752108	965	PFA2	S	CEC	primary
foreman_965_TCTATTGTCTGGTTCC	3403	9749	0.0913007796471071	965	PFA2	G1	CEC	primary
foreman_965_TCTCATACAAGCTGGA	2875	6664	0.11734693877551021	965	PFA2	G1	CEC	primary
foreman_965_TCTTCGGCATATACCG	2876	7509	0.09509856153436334	965	PFA2	G1	CEC	primary
foreman_965_TCTTTCCAGACTAGGC	1063	2003	0.12137862137862138	965	PFA2	G1	CEC	primary
foreman_965_TCTTTCCTCGTGACAT	3160	8155	0.04918434931926898	965	PFA2	G1	CEC	primary
foreman_965_TGACTAGGTCTAGTGT	1031	1581	0.10056925996204934	965	PFA2	G1	CEC	primary
foreman_965_TGAGCATCAGGAATCG	1387	2478	0.07223567393058919	965	PFA2	G1	CEC	primary
foreman_965_TGAGCCGGTGAGTGAC	1047	1572	0.13184713375796178	965	PFA2	S	CEC	primary
foreman_965_TGAGCCGTCTCAAACG	1164	2090	0.06315789473684211	965	PFA2	G1	CEC	primary
foreman_965_TGAGGGACACGTTGGC	1144	1962	0.11116777154513004	965	PFA2	G1	CEC	primary
foreman_965_TGCACCTTCATGTGGT	1142	2014	0.08291956305858987	965	PFA2	G1	CEC	primary
foreman_965_TGCCCTAGTTAAAGAC	3257	9385	0.07128396377197656	965	PFA2	G1	CEC	primary
foreman_965_TGCCCTATCGGCTTGG	1050	1713	0.0647985989492119	965	PFA2	S	CEC	primary
foreman_965_TGCGCAGGTATGAAAC	1172	1999	0.16908454227113556	965	PFA2	G1	CEC	primary
foreman_965_TGCGCAGGTTTGTTGG	3637	10653	0.08130691953807154	965	PFA2	G1	CEC	primary
foreman_965_TGCGGGTCACCAGGTC	2404	5176	0.07209122535755702	965	PFA2	G1	CEC	primary
foreman_965_TGCTACCTCTGGAGCC	953	1777	0.13393359594822735	965	PFA2	G1	CEC	primary
foreman_965_TGCTACCTCTTAGAGC	2546	5631	0.050266429840142096	965	PFA2	G1	CEC	primary
foreman_965_TGCTGCTTCGGCGGTT	1008	1797	0.14802448525319978	965	PFA2	S	CEC	primary
foreman_965_TGGCGCAAGATAGGAG	3073	9275	0.13714285714285715	965	PFA2	G1	CEC	primary
foreman_965_TGGCGCAAGGTTCCTA	1415	2671	0.08873081242980158	965	PFA2	G1	CEC	primary
foreman_965_TGGCGCAAGTGTCTCA	1873	3590	0.04512534818941504	965	PFA2	G1	CEC	primary
foreman_965_TGGCGCAGTGATGCCC	1468	2780	0.10251798561151079	965	PFA2	G2M	CEC	primary
foreman_965_TGGCGCATCTGCTGCT	1804	3553	0.0698001688713763	965	PFA2	S	CEC	primary
foreman_965_TGGCTGGGTAGTGAAT	745	1430	0.2097902097902098	965	PFA2	G1	CEC	primary
foreman_965_TGGGAAGTCGCGTTTC	1501	2551	0.052528420227361816	965	PFA2	G1	CEC	primary
foreman_965_TGGGCGTGTGTAAGTA	1427	2651	0.10037735849056603	965	PFA2	G1	CEC	primary
foreman_965_TGGTTAGTCACCGGGT	2245	4861	0.11911129397243365	965	PFA2	G2M	CEC	primary
foreman_965_TGGTTAGTCCAAACAC	1281	2477	0.09123940250302785	965	PFA2	G1	CEC	primary
foreman_965_TGTGTTTGTAGCAAAT	922	1601	0.09618988132417239	965	PFA2	G2M	CEC	primary
foreman_965_TGTGTTTTCCGCATAA	2747	6731	0.04635269647897786	965	PFA2	G1	CEC	primary
foreman_965_TGTTCCGAGTTGCAGG	2789	7066	0.09922151450813871	965	PFA2	G1	CEC	primary
foreman_965_TTAGGACGTTAAAGAC	1526	2733	0.08379070618368094	965	PFA2	S	CEC	primary
foreman_965_TTAGGCAGTAAATGAC	889	1700	0.1952941176470588	965	PFA2	S	CEC	primary
foreman_965_TTCGGTCCAATCGGTT	719	1362	0.22540381791483113	965	PFA2	G2M	CEC	primary
foreman_965_TTCGGTCCAGCTGTTA	766	1291	0.21301316808675447	965	PFA2	G1	CEC	primary
foreman_965_TTCGGTCGTATTCGTG	569	857	0.19486581096849476	965	PFA2	G1	CEC	primary
foreman_965_TTGACTTAGTGCCAGA	509	892	0.22869955156950672	965	PFA2	G1	CEC	primary
foreman_965_TTGCCGTCAAAGAATC	1399	2800	0.16392857142857142	965	PFA2	G1	CEC	primary
foreman_965_TTGCCGTCAGACACTT	1234	2296	0.17037037037037037	965	PFA2	S	CEC	primary
foreman_965_TTGCCGTCATCCGCGA	1431	2506	0.026735833998403832	965	PFA2	G2M	CEC	primary
foreman_965_TTGGAACCATTAGGCT	2144	4855	0.08032955715756952	965	PFA2	G1	CEC	primary
foreman_965_TTGGCAAAGAAGGACA	1344	2282	0.08150744960560911	965	PFA2	G1	CEC	primary
foreman_965_TTTGCGCCACTGTCGG	4262	12266	0.07174302951247351	965	PFA2	G1	CEC	primary
foreman_965_CTTGGCTGTACATGTC	451	625	0.096	965	PFA2	G1	CEC	primary
foreman_987_CAGGGCTCAACAGAGC	1440	2404	0.08402662229617304	987	PFA2	S	CEC	primary
foreman_987_TCAGTGAAGAGCATCG	846	1175	0.08170212765957446	987	PFA2	G1	CEC	primary
foreman_987_GGGCGTTTCTATCACT	729	1082	0.1266173752310536	987	PFA2	G1	CEC	primary
foreman_987_GTAGAGGTCATCTCTA	1245	2337	0.20804794520547945	987	PFA2	S	CEC	primary
foreman_987_AAACCCACAAGCTGCC	3144	7667	0.11127054526480563	987	PFA2	G1	CEC	primary
foreman_987_AAACCCATCTCCTGTG	2804	5997	0.15307653826913456	987	PFA2	G2M	CEC	primary
foreman_987_AAACGAACACGATAGG	2873	6958	0.2372393961179008	987	PFA2	G1	CEC	primary
foreman_987_AAAGGTACACTCCTGT	2708	5945	0.17990575563783237	987	PFA2	G1	CEC	primary
foreman_987_AAAGTGAAGGAAGTCC	2112	4520	0.2555309734513274	987	PFA2	G1	CEC	primary
foreman_987_AACAAAGAGACCTCAT	2038	4537	0.24399382852104914	987	PFA2	G1	CEC	primary
foreman_987_AACCAACAGGATTTCC	2998	7147	0.1423572228443449	987	PFA2	G1	CEC	primary
foreman_987_AACCATGAGGAATTAC	2667	5651	0.1960714917713679	987	PFA2	G1	CEC	primary
foreman_987_AACCATGCAGGACGAT	770	1155	0.12305025996533796	987	PFA2	G1	CEC	primary
foreman_987_AACCATGGTACAGTCT	3001	8141	0.24100233386561848	987	PFA2	G1	CEC	primary
foreman_987_AACCTTTGTAACACCT	2655	7187	0.24029497704188119	987	PFA2	G1	CEC	primary
foreman_987_AACGAAAGTCCGATCG	1695	3775	0.2651655629139073	987	PFA2	G1	CEC	primary
foreman_987_AACGTCAGTTGCATTG	3283	6249	0.02208706786171575	987	PFA2	G1	CEC	primary
foreman_987_AAGACAACAAACTAAG	3918	10334	0.13179794851945037	987	PFA2	G1	CEC	primary
foreman_987_AAGACAAGTCACAGAG	2739	5905	0.0899390243902439	987	PFA2	G1	CEC	primary
foreman_987_AAGCCATCAGCTTTGA	5919	23122	0.18219569166882948	987	PFA2	G1	CEC	primary
foreman_987_AAGCGAGGTTTGGGAG	3137	5933	0.03252991741109051	987	PFA2	G1	CEC	primary
foreman_987_AAGCGTTGTTTCTATC	939	1504	0.1848404255319149	987	PFA2	G1	CEC	primary
foreman_987_AAGGTAAAGTGGCGAT	3369	7271	0.03589602530601018	987	PFA2	S	CEC	primary
foreman_987_AAGTGAACAGGTATGG	2281	4536	0.14351851851851852	987	PFA2	G1	CEC	primary
foreman_987_AATCGACAGAAGTCAT	1831	4394	0.2560309512972235	987	PFA2	S	CEC	primary
foreman_987_AATGACCCACAGTACT	2116	3895	0.05161787365177196	987	PFA2	G1	CEC	primary
foreman_987_AATGACCGTGTCTTGA	2274	5029	0.24681782020684168	987	PFA2	G1	CEC	primary
foreman_987_AATGGCTGTTCCGCTT	2842	6784	0.1406664700678266	987	PFA2	G1	CEC	primary
foreman_987_ACAAAGAAGTTAGTGA	1271	2020	0.1400990099009901	987	PFA2	G1	CEC	primary
foreman_987_ACAAAGACAGGCTTGC	2433	6317	0.2849905003166561	987	PFA2	G1	CEC	primary
foreman_987_ACACCAACAAGGTTGG	1357	2962	0.23666441593517892	987	PFA2	G1	CEC	primary
foreman_987_ACACCAATCAACACCA	2955	7109	0.17517940059096665	987	PFA2	S	CEC	primary
foreman_987_ACACTGACACTAGGCC	3577	9710	0.22154701823050776	987	PFA2	G1	CEC	primary
foreman_987_ACAGCCGCATCCTCAC	3842	8534	0.04113924050632911	987	PFA2	G1	CEC	primary
foreman_987_ACAGGGAAGTGCTCGC	2834	6054	0.14670411366264663	987	PFA2	G1	CEC	primary
foreman_987_ACATCCCCAGGAGACT	2699	5888	0.17730978260869565	987	PFA2	S	CEC	primary
foreman_987_ACATCCCGTCATCAGT	2850	6001	0.09781703049491751	987	PFA2	G1	CEC	primary
foreman_987_ACATGCAAGCCAAGCA	2569	6069	0.22491349480968859	987	PFA2	G1	CEC	primary
foreman_987_ACCAACAGTGCTGCAC	2645	7208	0.2701165371809101	987	PFA2	G1	CEC	primary
foreman_987_ACCCAAAAGGACTTCT	2388	5870	0.1891293235644914	987	PFA2	G1	CEC	primary
foreman_987_ACCCAAATCTTGTTAC	2897	6988	0.1631368059530624	987	PFA2	G2M	CEC	primary
foreman_987_ACCCTTGAGCCTTGAT	2385	5052	0.12034837688044339	987	PFA2	G1	CEC	primary
foreman_987_ACCTGTCTCGACCTAA	2157	5045	0.24266455194290246	987	PFA2	G1	CEC	primary
foreman_987_ACGCACGCACAGAGCA	3975	10987	0.09966323837262218	987	PFA2	G1	CEC	primary
foreman_987_ACGGAAGCACGATTCA	2756	6971	0.27130559540889526	987	PFA2	G1	CEC	primary
foreman_987_ACGGAAGGTTCTTCAT	2811	5970	0.1321608040201005	987	PFA2	G1	CEC	primary
foreman_987_ACGGAAGTCTGCACCT	3260	8884	0.26432511538894515	987	PFA2	S	CEC	primary
foreman_987_ACGGGTCAGTGAGGTC	3013	6717	0.17746017567366384	987	PFA2	G1	CEC	primary
foreman_987_ACGGTCGGTCAACGCC	3385	8876	0.18388732394366197	987	PFA2	G1	CEC	primary
foreman_987_ACGGTTATCACTCCGT	2472	5522	0.2166274225683753	987	PFA2	G1	CEC	primary
foreman_987_ACGTAACAGCCTAACT	745	1371	0.25455871626549964	987	PFA2	G1	CEC	primary
foreman_987_ACGTACACAGCAGTTT	3171	8764	0.24506334893277024	987	PFA2	G1	CEC	primary
foreman_987_ACGTACACATAGGTAA	1738	3254	0.07590657652120467	987	PFA2	G1	CEC	primary
foreman_987_ACGTAGTAGCTACAAA	2479	6470	0.26939721792890264	987	PFA2	G1	CEC	primary
foreman_987_ACGTTCCGTAGTTCCA	3115	8801	0.2666742415634587	987	PFA2	S	CEC	primary
foreman_987_ACTACGAAGGTTGTTC	2818	7068	0.2581010329701429	987	PFA2	G1	CEC	primary
foreman_987_ACTACGATCCGGTAAT	3001	7467	0.22659702691844114	987	PFA2	G1	CEC	primary
foreman_987_ACTATCTTCGCTAATG	3408	9270	0.19978425026968716	987	PFA2	G1	CEC	primary
foreman_987_ACTATTCCAGTTTGGT	2627	6078	0.2119118130964133	987	PFA2	G1	CEC	primary
foreman_987_ACTATTCGTCCCTAAA	2115	4833	0.18522350993377484	987	PFA2	S	CEC	primary
foreman_987_ACTCCCATCAGATTGC	3930	12029	0.19690670214535175	987	PFA2	G1	CEC	primary
foreman_987_ACTGTCCTCGCTGATA	3105	6573	0.11322477552883883	987	PFA2	G1	CEC	primary
foreman_987_ACTTCGCTCTCTGCCA	3485	10221	0.2853228962818004	987	PFA2	G1	CEC	primary
foreman_987_ACTTTCAAGGCAGTCA	1733	3407	0.21638285378743394	987	PFA2	G2M	CEC	primary
foreman_987_ACTTTCACAGAACTTC	3035	7360	0.21905150156271233	987	PFA2	G1	CEC	primary
foreman_987_ACTTTCATCCGGGACT	2306	6889	0.2928706258167562	987	PFA2	G1	CEC	primary
foreman_987_ACTTTGTCAAGCGAAC	3304	7496	0.12353255069370331	987	PFA2	G1	CEC	primary
foreman_987_ACTTTGTGTCGGCCTA	4381	13340	0.13375318638476533	987	PFA2	G1	CEC	primary
foreman_987_ACTTTGTTCACCTCTG	2939	7471	0.18926515861330478	987	PFA2	G1	CEC	primary
foreman_987_AGAAATGAGTAAACTG	3074	7579	0.1967537608867775	987	PFA2	G1	CEC	primary
foreman_987_AGAAGTACATCGATGT	3098	7755	0.13204384268214056	987	PFA2	G1	CEC	primary
foreman_987_AGACAAACAGGCATTT	3462	8595	0.14907482834865587	987	PFA2	G1	CEC	primary
foreman_987_AGACACTGTCATCCGG	1960	3881	0.1211340206185567	987	PFA2	G1	CEC	primary
foreman_987_AGACAGGAGAAGTGTT	2746	6809	0.1923924217946835	987	PFA2	G1	CEC	primary
foreman_987_AGACCCGGTATGTCTG	990	1934	0.19606828763579928	987	PFA2	G2M	CEC	primary
foreman_987_AGACTCATCGTTTACT	2297	6358	0.2815350739226172	987	PFA2	G1	CEC	primary
foreman_987_AGACTCATCTCCAAGA	4060	9216	0.040364583333333336	987	PFA2	G1	CEC	primary
foreman_987_AGAGCAGCACATACGT	1804	4502	0.2852699400133304	987	PFA2	G1	CEC	primary
foreman_987_AGAGCCCGTCGACTGC	2390	4962	0.16444981862152358	987	PFA2	G1	CEC	primary
foreman_987_AGAGCCCTCATCACTT	3058	7836	0.20354772843287391	987	PFA2	G1	CEC	primary
foreman_987_AGATAGAAGCCGATAG	2090	5819	0.28956865440797386	987	PFA2	G1	CEC	primary
foreman_987_AGATAGATCTGGACCG	2569	5217	0.17289630055587502	987	PFA2	G1	CEC	primary
foreman_987_AGATCGTCAGAGCCCT	1146	2217	0.2873252142534957	987	PFA2	G1	CEC	primary
foreman_987_AGATCGTTCGTAGTGT	2652	6260	0.2354632587859425	987	PFA2	G1	CEC	primary
foreman_987_AGCATCAGTGACACAG	3563	8494	0.12361667059100541	987	PFA2	G1	CEC	primary
foreman_987_AGCCAATAGTGAGTGC	1948	4334	0.2033233325640434	987	PFA2	S	CEC	primary
foreman_987_AGCCAGCAGAAGTCTA	1315	2064	0.13517441860465115	987	PFA2	G1	CEC	primary
foreman_987_AGCCAGCAGATCACCT	1464	2949	0.16112618724559022	987	PFA2	G1	CEC	primary
foreman_987_AGCCAGCCAACTCGTA	1918	4443	0.17083051991897366	987	PFA2	G1	CEC	primary
foreman_987_AGCGTATAGTTGTAGA	3399	8348	0.19336288486881514	987	PFA2	G1	CEC	primary
foreman_987_AGCTACAAGTTGGAAT	3856	10467	0.12811693895098883	987	PFA2	S	CEC	primary
foreman_987_AGCTACACAACCCGCA	3437	8170	0.1421226588321704	987	PFA2	G1	CEC	primary
foreman_987_AGCTCAACAAGATCCT	3803	8263	0.03497942386831276	987	PFA2	G1	CEC	primary
foreman_987_AGCTCAATCTCATTAC	3065	7491	0.16599893162393162	987	PFA2	G1	CEC	primary
foreman_987_AGCTTCCAGCGTCGAA	1600	3325	0.25661853188929	987	PFA2	G1	CEC	primary
foreman_987_AGCTTCCAGGAACTCG	3808	9250	0.05189189189189189	987	PFA2	G1	CEC	primary
foreman_987_AGGAATATCATCACCC	1558	2481	0.08907698508665861	987	PFA2	S	CEC	primary
foreman_987_AGGACGACATCATTGG	3777	10358	0.08518446977013715	987	PFA2	G1	CEC	primary
foreman_987_AGGACTTAGGGCTAAC	1815	3637	0.16034103410341033	987	PFA2	G1	CEC	primary
foreman_987_AGGAGGTTCCTTCACG	688	1107	0.24480578139114725	987	PFA2	G2M	CEC	primary
foreman_987_AGGCCACGTAGCTTTG	3437	9101	0.18404570926271838	987	PFA2	S	CEC	primary
foreman_987_AGGCTGCCATAGCTGT	4358	12618	0.20385194578742966	987	PFA2	G1	CEC	primary
foreman_987_AGGGCTCAGCACGGAT	2950	7812	0.22990271377368152	987	PFA2	G1	CEC	primary
foreman_987_AGGGCTCCAGCAGTAG	4224	12403	0.1387791307152649	987	PFA2	G1	CEC	primary
foreman_987_AGGGTCCAGAGCATAT	752	1040	0.10673076923076923	987	PFA2	G1	CEC	primary
foreman_987_AGGGTCCTCCCGTAAA	3532	7452	0.07893677003624648	987	PFA2	G1	CEC	primary
foreman_987_AGGGTGAAGGAAAGAC	2405	4873	0.18661465818107165	987	PFA2	G1	CEC	primary
foreman_987_AGGGTTTCACGTCTCT	2370	5883	0.28862825089240185	987	PFA2	G2M	CEC	primary
foreman_987_AGGGTTTCATGTAACC	2301	4995	0.1640625	987	PFA2	G1	CEC	primary
foreman_987_AGGGTTTCATTCTGTT	3140	8807	0.2800045418417168	987	PFA2	G1	CEC	primary
foreman_987_AGGGTTTGTCCAAGAG	1880	3562	0.11145423919146547	987	PFA2	G2M	CEC	primary
foreman_987_AGGTGTTAGGCGCTCT	2802	6768	0.18398108467563173	987	PFA2	G1	CEC	primary
foreman_987_AGGTTACAGCACCAGA	2870	7338	0.2798146381354777	987	PFA2	G1	CEC	primary
foreman_987_AGGTTGTAGTGCGCTC	2575	5864	0.23575571477311497	987	PFA2	G1	CEC	primary
foreman_987_AGTACCATCGTTATCT	3083	6996	0.16695254431103487	987	PFA2	G1	CEC	primary
foreman_987_AGTACTGCAAGTGGCA	781	1334	0.16129032258064516	987	PFA2	G1	CEC	primary
foreman_987_AGTACTGCATTCACAG	3284	6502	0.032610367635748344	987	PFA2	G1	CEC	primary
foreman_987_AGTACTGGTACTCGAT	2683	6363	0.1610875373251611	987	PFA2	G1	CEC	primary
foreman_987_AGTCACAGTACAACGG	2416	4560	0.11557017543859649	987	PFA2	G1	CEC	primary
foreman_987_AGTCTCCCAAGAGGTC	2855	7132	0.21307336232290644	987	PFA2	G1	CEC	primary
foreman_987_AGTGATCTCATGCATG	2154	4419	0.14030323602625028	987	PFA2	G1	CEC	primary
foreman_987_AGTGCCGGTAGCACGA	3723	10735	0.22990218910107127	987	PFA2	G1	CEC	primary
foreman_987_AGTGTTGCAACGACTT	3116	6530	0.1422664624808576	987	PFA2	G1	CEC	primary
foreman_987_AGTTAGCGTGAGCCAA	1938	4732	0.29142011834319526	987	PFA2	S	CEC	primary
foreman_987_ATACCGACATGGGAAC	3024	7329	0.11735807860262008	987	PFA2	S	CEC	primary
foreman_987_ATACCTTGTACCTAAC	2175	5288	0.2876323751891074	987	PFA2	G1	CEC	primary
foreman_987_ATAGACCTCCATGAGT	2097	4389	0.20642515379357484	987	PFA2	G2M	CEC	primary
foreman_987_ATATCCTCAGTATTCG	3181	8003	0.21494626343414147	987	PFA2	G1	CEC	primary
foreman_987_ATATCCTCATGAGGGT	2047	4181	0.18181818181818182	987	PFA2	G1	CEC	primary
foreman_987_ATCACAGAGCGATGAC	2352	4075	0.07165644171779141	987	PFA2	G1	CEC	primary
foreman_987_ATCACAGCACTGAGTT	3960	9085	0.08654481391763928	987	PFA2	G1	CEC	primary
foreman_987_ATCCCTGGTCAAACGG	2851	7062	0.21526695935419912	987	PFA2	G1	CEC	primary
foreman_987_ATCCCTGGTGTCCACG	2609	5997	0.17191929297982325	987	PFA2	G1	CEC	primary
foreman_987_ATCGCCTAGACTACGG	3546	10342	0.20326854269413017	987	PFA2	G1	CEC	primary
foreman_987_ATCGGATAGCCAAGCA	546	777	0.1481958762886598	987	PFA2	G2M	CEC	primary
foreman_987_ATCGGCGGTGGTCTTA	2061	5263	0.29317879536386093	987	PFA2	G2M	CEC	primary
foreman_987_ATCGTAGCATATACCG	3372	7405	0.1370880605078336	987	PFA2	G1	CEC	primary
foreman_987_ATCTTCAAGTAAAGCT	2905	6558	0.1101281269066504	987	PFA2	G1	CEC	primary
foreman_987_ATCTTCATCTGAATCG	2797	6721	0.12576276231582081	987	PFA2	G1	CEC	primary
foreman_987_ATGAAAGGTCTTCATT	1710	3913	0.25990288780986454	987	PFA2	G1	CEC	primary
foreman_987_ATGACCACATCCGGTG	2883	6711	0.16733720756966175	987	PFA2	G1	CEC	primary
foreman_987_ATGAGTCCAGTCTGGC	3799	9332	0.13417640124316793	987	PFA2	G1	CEC	primary
foreman_987_ATGATCGAGCTGGCCT	1184	2233	0.2754142409314823	987	PFA2	G1	CEC	primary
foreman_987_ATGCATGAGCAACTCT	3604	8923	0.2186729432862587	987	PFA2	S	CEC	primary
foreman_987_ATGCATGGTGAGCGAT	3602	8167	0.13409257898603968	987	PFA2	G1	CEC	primary
foreman_987_ATGCCTCGTGCAATAA	1746	3876	0.27012383900928794	987	PFA2	G1	CEC	primary
foreman_987_ATGCCTCTCAGGACGA	1990	3818	0.20455735987427973	987	PFA2	G2M	CEC	primary
foreman_987_ATGCCTCTCGCAGTTA	4034	9266	0.07728008634646519	987	PFA2	G1	CEC	primary
foreman_987_ATGCCTCTCTATCGGA	2422	5873	0.26452052461250214	987	PFA2	G1	CEC	primary
foreman_987_ATGCGATAGTCATGAA	2283	5354	0.26284326545862136	987	PFA2	G1	CEC	primary
foreman_987_ATGGATCTCATTTACC	2514	4932	0.08231954582319546	987	PFA2	S	CEC	primary
foreman_987_ATGGATCTCCGTGTAA	2188	4188	0.10649474689589303	987	PFA2	G1	CEC	primary
foreman_987_ATGGGAGAGTCCCGAC	1968	4536	0.2965821389195149	987	PFA2	S	CEC	primary
foreman_987_ATGTCCCAGGTTCAGG	3320	7573	0.09613099168097188	987	PFA2	G1	CEC	primary
foreman_987_ATTACCTTCCTGGGAC	3156	7907	0.21272290375616543	987	PFA2	G1	CEC	primary
foreman_987_ATTCAGGAGTTGAATG	3817	9239	0.1359454486416279	987	PFA2	G1	CEC	primary
foreman_987_ATTCATCGTTCTTGTT	1951	3955	0.1906447534766119	987	PFA2	G1	CEC	primary
foreman_987_ATTCCATCAGAAGTTA	2388	5372	0.23938942665673865	987	PFA2	G1	CEC	primary
foreman_987_ATTCGTTCAATGCAAA	4049	9640	0.15416536985164436	987	PFA2	G1	CEC	primary
foreman_987_ATTCTTGGTTATGTCG	3683	9192	0.1672106179286336	987	PFA2	G1	CEC	primary
foreman_987_ATTGGGTCACCAGCCA	2639	6357	0.18216139688532326	987	PFA2	G1	CEC	primary
foreman_987_ATTGTTCCAAATAAGC	1295	2224	0.1614208633093525	987	PFA2	G1	CEC	primary
foreman_987_ATTTCACCACTAGTAC	2446	5573	0.23129373766373587	987	PFA2	G1	CEC	primary
foreman_987_CAACCTCAGTGAGGCT	789	1333	0.15003750937734434	987	PFA2	G1	CEC	primary
foreman_987_CAACGATAGTGGACTG	5164	15779	0.1171810634387477	987	PFA2	G1	CEC	primary
foreman_987_CAACGATAGTGGCCTC	3465	8921	0.19112207151664612	987	PFA2	G1	CEC	primary
foreman_987_CAAGCTAGTCCAGCAC	3841	9011	0.05416204217536071	987	PFA2	S	CEC	primary
foreman_987_CAATGACCAAGTTCCA	2664	5933	0.1825383448508343	987	PFA2	G1	CEC	primary
foreman_987_CAATGACGTCTTTCTA	4423	15191	0.24639589230465408	987	PFA2	G1	CEC	primary
foreman_987_CACAGATTCACTGGGC	2750	6200	0.19357960961445395	987	PFA2	G1	CEC	primary
foreman_987_CACATGAGTCCCACGA	3822	11681	0.2444349315068493	987	PFA2	G1	CEC	primary
foreman_987_CACCAAAAGAGAGAAC	1792	3551	0.19301211608903918	987	PFA2	G2M	CEC	primary
foreman_987_CACCGTTTCAATCTTC	2645	6052	0.1448173251777153	987	PFA2	G1	CEC	primary
foreman_987_CACGTTCAGCACCTGC	2958	6991	0.12979393245563825	987	PFA2	G1	CEC	primary
foreman_987_CACGTTCTCGTGTGAT	1919	3591	0.17348927875243664	987	PFA2	G2M	CEC	primary
foreman_987_CACTTCGGTAGCGATG	2902	6879	0.22721325774095072	987	PFA2	G1	CEC	primary
foreman_987_CAGATCAGTGAAGCTG	1874	3402	0.1973529411764706	987	PFA2	S	CEC	primary
foreman_987_CAGATTGTCGCTAAAC	2978	7265	0.1928954977282115	987	PFA2	G1	CEC	primary
foreman_987_CAGCAATAGAAACTCA	2926	7447	0.2651443922095366	987	PFA2	G1	CEC	primary
foreman_987_CAGCCAGGTCGCCTAG	2846	6205	0.16277195809830783	987	PFA2	G1	CEC	primary
foreman_987_CAGCGTGGTCAGGAGT	3195	7969	0.12912536077299536	987	PFA2	G1	CEC	primary
foreman_987_CAGGGCTGTTAGGCCC	4038	9339	0.03652527849185947	987	PFA2	G1	CEC	primary
foreman_987_CAGTGCGGTCCGAAGA	2787	6050	0.18165289256198347	987	PFA2	G1	CEC	primary
foreman_987_CATAAGCCACATTCTT	4268	11261	0.14439214989787763	987	PFA2	G1	CEC	primary
foreman_987_CATACTTTCGGACTGC	4830	12000	0.03725620936822804	987	PFA2	G2M	CEC	primary
foreman_987_CATAGACGTTATAGCC	3994	10955	0.09529895025102693	987	PFA2	G1	CEC	primary
foreman_987_CATCAAGGTACTCGCG	2496	5964	0.26630890491363407	987	PFA2	G2M	CEC	primary
foreman_987_CATCCACAGGTTACCT	3145	7159	0.06399329327930697	987	PFA2	G1	CEC	primary
foreman_987_CATCCCAGTTCTATCT	2621	4790	0.03320802005012531	987	PFA2	G1	CEC	primary
foreman_987_CATCGTCCAGGGTCTC	1860	5055	0.2910565888405224	987	PFA2	G1	CEC	primary
foreman_987_CATCGTCTCATTTGCT	3877	10417	0.18401844026123704	987	PFA2	S	CEC	primary
foreman_987_CATGAGTGTTAGTCGT	2358	4345	0.07575408703661064	987	PFA2	G1	CEC	primary
foreman_987_CATGAGTTCTAGGCCG	3883	10532	0.18463291860575554	987	PFA2	G1	CEC	primary
foreman_987_CATGCAAGTGTAACGG	3032	6736	0.1680522565320665	987	PFA2	G1	CEC	primary
foreman_987_CATGCTCCAGGTTACT	4232	10840	0.12732976563941686	987	PFA2	G1	CEC	primary
foreman_987_CATTCTAGTCGATTTG	3181	7123	0.153727362066545	987	PFA2	G1	CEC	primary
foreman_987_CATTCTAGTGTCTCCT	2168	4883	0.21974196190866271	987	PFA2	G1	CEC	primary
foreman_987_CATTCTATCATTTCGT	1213	2095	0.18042959427207636	987	PFA2	G1	CEC	primary
foreman_987_CATTGAGCATGACTTG	3014	6755	0.15370946246112838	987	PFA2	G1	CEC	primary
foreman_987_CATTGAGGTCTTACAG	2688	5838	0.20212401507365535	987	PFA2	G1	CEC	primary
foreman_987_CCAAGCGTCGCCAGTG	843	1250	0.1568	987	PFA2	G2M	CEC	primary
foreman_987_CCAATTTCAACAACAA	3323	8889	0.24901541577585237	987	PFA2	G1	CEC	primary
foreman_987_CCACAAAAGAGCAGCT	2433	5432	0.21009022279506537	987	PFA2	G1	CEC	primary
foreman_987_CCACAAAGTCCAATCA	3165	7433	0.14758509350195076	987	PFA2	S	CEC	primary
foreman_987_CCCTCAAGTATCATGC	3452	9041	0.2257993140834163	987	PFA2	G1	CEC	primary
foreman_987_CCGATCTGTGTTCATG	2641	5694	0.16210045662100456	987	PFA2	G1	CEC	primary
foreman_987_CCGCAAGAGATTGCGG	2722	6356	0.17432347388294525	987	PFA2	G1	CEC	primary
foreman_987_CCGGGTAGTTGTTGAC	2778	5954	0.15334229089687604	987	PFA2	G1	CEC	primary
foreman_987_CCGGTAGAGTGTACAA	2586	5762	0.16105518917042694	987	PFA2	G1	CEC	primary
foreman_987_CCTAACCGTCGCACAC	2451	5740	0.22965673462275657	987	PFA2	G1	CEC	primary
foreman_987_CCTAAGAAGTGAGGTC	2786	6074	0.1575567994731643	987	PFA2	G1	CEC	primary
foreman_987_CCTAAGAAGTGGAAAG	1146	2395	0.09022556390977443	987	PFA2	G1	CEC	primary
foreman_987_CCTAAGAGTGCGGATA	2637	6123	0.20450833061091148	987	PFA2	G1	CEC	primary
foreman_987_CCTATCGAGATAACAC	3127	6432	0.09049914476753226	987	PFA2	S	CEC	primary
foreman_987_CCTATCGCAGGGATAC	980	1537	0.15289525048796357	987	PFA2	G2M	CEC	primary
foreman_987_CCTATCGGTCTCTCTG	2834	6434	0.17438607398197079	987	PFA2	G1	CEC	primary
foreman_987_CCTCAACCAACTCATG	1980	4782	0.23797574236721036	987	PFA2	G1	CEC	primary
foreman_987_CCTCAGTTCTTGATTC	2998	7376	0.22071583514099782	987	PFA2	S	CEC	primary
foreman_987_CCTCATGCAGTAGAGC	2443	5143	0.15010694147384795	987	PFA2	G1	CEC	primary
foreman_987_CCTCCAAGTGAACTAA	2818	6760	0.16913287955016276	987	PFA2	S	CEC	primary
foreman_987_CCTCCAATCTCGGCTT	4031	12410	0.26622068187313613	987	PFA2	G1	CEC	primary
foreman_987_CCTCCTCTCGAACGCC	1406	2877	0.2141119221411192	987	PFA2	G1	CEC	primary
foreman_987_CCTCTAGGTTCGGTAT	1071	1767	0.21064552661381652	987	PFA2	G1	CEC	primary
foreman_987_CCTGTTGAGGATACGC	2764	6922	0.2068766252528171	987	PFA2	G2M	CEC	primary
foreman_987_CCTTGTGGTAACACCT	3444	7622	0.08424091326597559	987	PFA2	S	CEC	primary
foreman_987_CCTTGTGGTTTCCCAC	2388	5880	0.24523809523809523	987	PFA2	G1	CEC	primary
foreman_987_CCTTTGGAGGCCACCT	3277	6409	0.027001716872171063	987	PFA2	G1	CEC	primary
foreman_987_CCTTTGGTCTTACCAT	2594	6141	0.18697068403908795	987	PFA2	S	CEC	primary
foreman_987_CGAAGGAAGCAAATCA	3043	8095	0.2718962322421248	987	PFA2	G1	CEC	primary
foreman_987_CGAATTGAGACAGTCG	3085	7120	0.09367977528089888	987	PFA2	G1	CEC	primary
foreman_987_CGAATTGCACGAGGAT	2576	4966	0.09524768425291985	987	PFA2	G1	CEC	primary
foreman_987_CGACAGCCATTGCAAC	3050	6612	0.10813672111312765	987	PFA2	G2M	CEC	primary
foreman_987_CGAGTTATCTGGCCTT	3089	8549	0.25886068546028773	987	PFA2	G1	CEC	primary
foreman_987_CGATCGGCAAGACGAC	2262	4593	0.17570215545395165	987	PFA2	G1	CEC	primary
foreman_987_CGATGCGGTAACAAGT	2742	6228	0.2071290944123314	987	PFA2	G1	CEC	primary
foreman_987_CGATGCGTCGTTGCCT	2509	6038	0.2559218154712606	987	PFA2	G1	CEC	primary
foreman_987_CGATGGCAGAGAGGTA	1325	2021	0.08613861386138613	987	PFA2	G1	CEC	primary
foreman_987_CGATGGCCATATCTCT	3767	9588	0.13852091373735267	987	PFA2	G1	CEC	primary
foreman_987_CGCAGGTAGCCTGAAG	3204	7436	0.12305002689618075	987	PFA2	G1	CEC	primary
foreman_987_CGCATAAAGTAATACG	1688	3316	0.07423053711526856	987	PFA2	G2M	CEC	primary
foreman_987_CGCCAGACATTAGGAA	2430	5792	0.26536602209944754	987	PFA2	G1	CEC	primary
foreman_987_CGGAATTAGTAATTGG	3395	7785	0.10276172125883108	987	PFA2	G1	CEC	primary
foreman_987_CGGACACGTAGCTGAG	2366	5021	0.18131101813110181	987	PFA2	G1	CEC	primary
foreman_987_CGGACACTCGATGCAT	1668	3358	0.17659321024419297	987	PFA2	G1	CEC	primary
foreman_987_CGGGCATTCATTGTTC	1886	4685	0.2053800170794193	987	PFA2	G1	CEC	primary
foreman_987_CGGGTGTAGCGATGGT	2009	4172	0.1653883029721956	987	PFA2	G1	CEC	primary
foreman_987_CGTAAGTGTACAACGG	2844	6648	0.23149819494584836	987	PFA2	G1	CEC	primary
foreman_987_CGTAATGGTGTTACTG	3331	8281	0.19309262166405022	987	PFA2	G1	CEC	primary
foreman_987_CGTCAAACAACACACT	3084	6398	0.10862769615504846	987	PFA2	G1	CEC	primary
foreman_987_CGTGAATAGGTACAAT	2034	3936	0.18510043224002035	987	PFA2	G1	CEC	primary
foreman_987_CGTGCTTCATGGAACG	2877	6708	0.2002087060226595	987	PFA2	G1	CEC	primary
foreman_987_CGTTAGACAAGGTTGG	2684	5931	0.13302984319676278	987	PFA2	G1	CEC	primary
foreman_987_CGTTGGGCATGATCTG	2797	6658	0.23373892143608233	987	PFA2	G1	CEC	primary
foreman_987_CTAACTTTCTTAGGAC	2831	5939	0.13234551271257788	987	PFA2	G1	CEC	primary
foreman_987_CTAAGTGAGGTCGTGA	3028	6010	0.10316139767054909	987	PFA2	G1	CEC	primary
foreman_987_CTACTATGTACTGTTG	1578	3065	0.18348024812275546	987	PFA2	G1	CEC	primary
foreman_987_CTCAAGACAAGACGAC	2254	5016	0.24626121635094717	987	PFA2	G1	CEC	primary
foreman_987_CTCAGAAAGCCTAGGA	1848	4534	0.2948831054256727	987	PFA2	G1	CEC	primary
foreman_987_CTCAGAATCGCCCAGA	2297	5420	0.2114781324967706	987	PFA2	G1	CEC	primary
foreman_987_CTCAGGGCAGTCCCGA	3042	6896	0.20084106728538284	987	PFA2	S	CEC	primary
foreman_987_CTCAGTCCATGAAGGC	4400	10574	0.06753050222264258	987	PFA2	S	CEC	primary
foreman_987_CTCATTAAGGATGCGT	852	1638	0.19719169719169719	987	PFA2	G1	CEC	primary
foreman_987_CTCCGATCACCCTAGG	1015	1552	0.15012886597938144	987	PFA2	G1	CEC	primary
foreman_987_CTCCTCCAGACAACTA	2842	6320	0.1	987	PFA2	G1	CEC	primary
foreman_987_CTCCTCCAGCACTTTG	3815	8429	0.09811365523786926	987	PFA2	G1	CEC	primary
foreman_987_CTCCTCCAGCTCATAC	2953	7153	0.177687683489445	987	PFA2	G1	CEC	primary
foreman_987_CTCGAGGAGAGGATGA	2082	3727	0.07190770056345586	987	PFA2	G1	CEC	primary
foreman_987_CTCGAGGCAAGGCTTT	3800	11030	0.2677486626167377	987	PFA2	G1	CEC	primary
foreman_987_CTCTCAGTCAAGGCTT	2818	6426	0.18384184308841844	987	PFA2	G1	CEC	primary
foreman_987_CTCTGGTTCTAGCAAC	2035	3783	0.10100475938656796	987	PFA2	G1	CEC	primary
foreman_987_CTGAATGAGGCCCGTT	2792	6461	0.16916885930970438	987	PFA2	G1	CEC	primary
foreman_987_CTGAATGGTGCCAAGA	2998	7640	0.16980885048442002	987	PFA2	G1	CEC	primary
foreman_987_CTGAGGCCATGGTACT	4441	12504	0.08958566629339305	987	PFA2	G1	CEC	primary
foreman_987_CTGCATCGTTCGGCGT	2479	4972	0.12248592115848753	987	PFA2	G1	CEC	primary
foreman_987_CTGCCATCATTGACTG	2713	6560	0.2173780487804878	987	PFA2	G1	CEC	primary
foreman_987_CTGCCATGTTCTCGCT	1950	4827	0.25067329604309097	987	PFA2	S	CEC	primary
foreman_987_CTGCCATTCGTAACCA	2479	5660	0.19134275618374558	987	PFA2	G1	CEC	primary
foreman_987_CTGCCTACAGCTCGGT	1707	3728	0.2506037027099544	987	PFA2	G1	CEC	primary
foreman_987_CTGCCTATCGACGATT	3043	7238	0.10182370820668693	987	PFA2	G1	CEC	primary
foreman_987_CTGCGAGAGATTTGCC	5695	22254	0.19034780264222162	987	PFA2	G1	CEC	primary
foreman_987_CTGCTCACAGGCGATA	3815	9678	0.12753203803224472	987	PFA2	G1	CEC	primary
foreman_987_CTGGACGAGATGATTG	3155	8834	0.2820106419110155	987	PFA2	G1	CEC	primary
foreman_987_CTGGACGTCAAGTGGG	2636	5741	0.16965685420658422	987	PFA2	G1	CEC	primary
foreman_987_CTGTATTCACTTCATT	2280	5790	0.2779409224391087	987	PFA2	G1	CEC	primary
foreman_987_CTGTGAAAGATTGATG	5192	18006	0.16168629193512551	987	PFA2	G1	CEC	primary
foreman_987_CTGTGGGAGCTTTCCC	2350	5866	0.10264279624893435	987	PFA2	G1	CEC	primary
foreman_987_CTGTGGGGTGATTCTG	2521	5861	0.241426377751237	987	PFA2	G1	CEC	primary
foreman_987_CTTAGGAAGCGTTCAT	2106	4845	0.21341589267285863	987	PFA2	G1	CEC	primary
foreman_987_CTTAGGAGTATGCTTG	2529	6827	0.23282051282051283	987	PFA2	G1	CEC	primary
foreman_987_CTTCAATTCGAACCTA	2471	4958	0.13372327551432028	987	PFA2	G1	CEC	primary
foreman_987_CTTCCGAAGCATTTCG	2107	5069	0.22513812154696133	987	PFA2	G1	CEC	primary
foreman_987_CTTCCTTTCATCTATC	2467	5179	0.13805754006564974	987	PFA2	G1	CEC	primary
foreman_987_CTTCGGTCACAACGCC	3605	9468	0.18293198141106887	987	PFA2	G1	CEC	primary
foreman_987_CTTGATTCACTATCGA	1338	3149	0.29361296472831266	987	PFA2	G1	CEC	primary
foreman_987_GAAATGAAGGATACCG	2267	4427	0.13556258472661545	987	PFA2	G1	CEC	primary
foreman_987_GAAATGAGTCTCACGG	2887	6223	0.13787562269002088	987	PFA2	G1	CEC	primary
foreman_987_GAACGTTGTCCTTAAG	2311	4680	0.15598290598290598	987	PFA2	S	CEC	primary
foreman_987_GAAGCGACAATCAGCT	2534	6578	0.25220431742170873	987	PFA2	G1	CEC	primary
foreman_987_GAAGGGTGTGGGTATG	2000	4166	0.14234277484397503	987	PFA2	G1	CEC	primary
foreman_987_GAAGTAAGTGCCCGTA	1960	4212	0.24412253621467586	987	PFA2	G1	CEC	primary
foreman_987_GAATAGAAGAGTTCGG	2557	5524	0.21944595328625746	987	PFA2	G1	CEC	primary
foreman_987_GAATCGTCAATTGCGT	3606	7769	0.08392328485004505	987	PFA2	G1	CEC	primary
foreman_987_GAATCGTTCAAGCTGT	3037	7221	0.19335180055401663	987	PFA2	G1	CEC	primary
foreman_987_GACACGCCACGGTCTG	2323	5472	0.20924707602339182	987	PFA2	G1	CEC	primary
foreman_987_GACATCACAGACGGAT	4065	8837	0.04855138071525577	987	PFA2	G1	CEC	primary
foreman_987_GACATCAGTACCTAAC	3705	9533	0.18191355434326478	987	PFA2	G1	CEC	primary
foreman_987_GACCCAGCAACCACGC	1995	3731	0.15036183328866257	987	PFA2	G1	CEC	primary
foreman_987_GACCCAGTCTGTGCAA	3452	7831	0.153639846743295	987	PFA2	G1	CEC	primary
foreman_987_GACCCTTCAGAGCTAG	2186	4795	0.2154327424400417	987	PFA2	G1	CEC	primary
foreman_987_GACTATGGTTAGGCCC	2935	7874	0.21069342138684277	987	PFA2	G1	CEC	primary
foreman_987_GACTCAATCTTGGCTC	3754	11031	0.25083854591605476	987	PFA2	G1	CEC	primary
foreman_987_GACTGATTCTAGCCAA	2460	6007	0.24188446812052605	987	PFA2	G1	CEC	primary
foreman_987_GACTTCCGTATTGACC	2565	5505	0.13374522987461385	987	PFA2	G1	CEC	primary
foreman_987_GAGACCCAGGTGTGAC	2296	5169	0.2925130586186883	987	PFA2	G1	CEC	primary
foreman_987_GAGACCCCACTTGACA	1551	3553	0.2708333333333333	987	PFA2	G1	CEC	primary
foreman_987_GAGATGGAGGACGCTA	2687	7220	0.2999030336611719	987	PFA2	G1	CEC	primary
foreman_987_GAGATGGAGTTGCATC	2756	6690	0.17533632286995515	987	PFA2	G1	CEC	primary
foreman_987_GAGATGGCAGAACTAA	2258	5254	0.2379139703083365	987	PFA2	G1	CEC	primary
foreman_987_GAGCCTGCACCTCAGG	2512	5588	0.13725841088045812	987	PFA2	G1	CEC	primary
foreman_987_GAGGCAAAGGTCCTGC	3445	9070	0.1895886180655123	987	PFA2	G1	CEC	primary
foreman_987_GAGGCAAGTACAACGG	5217	17456	0.15876016958863298	987	PFA2	G1	CEC	primary
foreman_987_GAGTCTAGTTGGTAGG	2766	6591	0.2298937784522003	987	PFA2	G1	CEC	primary
foreman_987_GAGTCTATCGACATCA	1585	3060	0.18077803203661327	987	PFA2	G1	CEC	primary
foreman_987_GAGTTGTAGGACTAAT	2404	5412	0.22431633407243162	987	PFA2	G1	CEC	primary
foreman_987_GATCCCTGTTTGTGGT	2788	5958	0.15429818670248488	987	PFA2	G2M	CEC	primary
foreman_987_GATGAGGAGGGTCTTT	2118	4420	0.1597285067873303	987	PFA2	G1	CEC	primary
foreman_987_GATGAGGAGTGGTGGT	1658	3264	0.2316886300950046	987	PFA2	G1	CEC	primary
foreman_987_GATGCTAGTTGTATGC	2917	6591	0.20652503793626706	987	PFA2	G1	CEC	primary
foreman_987_GATGTTGAGAACCCGA	2858	5820	0.11548376009623647	987	PFA2	G1	CEC	primary
foreman_987_GATTCTTTCCGTGACG	2983	6473	0.1238992739069983	987	PFA2	G1	CEC	primary
foreman_987_GCAGCCATCCGGACTG	2449	5968	0.23768018773047267	987	PFA2	G1	CEC	primary
foreman_987_GCAGTTAGTATTGGCT	2201	4567	0.1633457411867747	987	PFA2	G1	CEC	primary
foreman_987_GCAGTTATCAACCTCC	3183	8695	0.23680276020701552	987	PFA2	G1	CEC	primary
foreman_987_GCATCGGAGAGTCAGC	1494	2716	0.21988950276243094	987	PFA2	S	CEC	primary
foreman_987_GCATCGGTCACGGAGA	2136	5740	0.2772259975605506	987	PFA2	G1	CEC	primary
foreman_987_GCATCTCTCATGGCCG	2705	7309	0.2567049808429119	987	PFA2	G1	CEC	primary
foreman_987_GCATGATAGATCGACG	3420	8820	0.14512471655328799	987	PFA2	G1	CEC	primary
foreman_987_GCCAACGTCGGCAGTC	3406	8875	0.2688753662384494	987	PFA2	G1	CEC	primary
foreman_987_GCCAGCACAACCGATT	2979	7740	0.16963824289405685	987	PFA2	G1	CEC	primary
foreman_987_GCCAGCACACTTCTCG	3564	8882	0.06296463167380041	987	PFA2	G1	CEC	primary
foreman_987_GCCAGTGTCATCTATC	1942	4495	0.23692992213570635	987	PFA2	G1	CEC	primary
foreman_987_GCCATTCTCGGAATTC	2595	6966	0.19997128911857595	987	PFA2	G1	CEC	primary
foreman_987_GCCCGAACAGTTCTAG	2528	5808	0.22141873278236915	987	PFA2	G1	CEC	primary
foreman_987_GCCGATGGTCAGATTC	2705	5974	0.17475728155339806	987	PFA2	G1	CEC	primary
foreman_987_GCCTGTTCACCACATA	2515	6625	0.23716787439613526	987	PFA2	G1	CEC	primary
foreman_987_GCCTGTTGTTGGACTT	2963	8591	0.2642915356851787	987	PFA2	G1	CEC	primary
foreman_987_GCCTGTTTCACACGAT	2343	5908	0.2613847976976469	987	PFA2	G1	CEC	primary
foreman_987_GCGAGAAAGAGCAGTC	2990	7802	0.21250961291976417	987	PFA2	G1	CEC	primary
foreman_987_GCGTGCACAGTATACC	2988	7372	0.1872201872201872	987	PFA2	G1	CEC	primary
foreman_987_GCGTGCAGTTGGCCTG	2693	6522	0.26625766871165646	987	PFA2	G1	CEC	primary
foreman_987_GCGTTTCGTAAGGCCA	2142	4848	0.20259954611099648	987	PFA2	G1	CEC	primary
foreman_987_GCTGAATCACGCTTAA	4642	14424	0.09563770025660587	987	PFA2	G1	CEC	primary
foreman_987_GCTGCAGGTCTACAAC	2847	7737	0.23555268261150614	987	PFA2	G1	CEC	primary
foreman_987_GCTGCAGTCGCGTTTC	2380	5860	0.20938566552901025	987	PFA2	G1	CEC	primary
foreman_987_GCTGGGTAGATAACAC	4208	11702	0.07973677463464661	987	PFA2	S	CEC	primary
foreman_987_GCTGGGTCAGCAGTTT	2209	4511	0.16851441241685144	987	PFA2	G1	CEC	primary
foreman_987_GCTTGGGGTTCGTGCG	1035	1908	0.23767051416579224	987	PFA2	S	CEC	primary
foreman_987_GGAGATGGTAGCGCCT	2663	5549	0.17285508291276136	987	PFA2	G1	CEC	primary
foreman_987_GGAGCAAGTGTCTTGA	2354	5354	0.2555098991408293	987	PFA2	G1	CEC	primary
foreman_987_GGATGTTAGTGCGCTC	2545	6728	0.289833531510107	987	PFA2	G1	CEC	primary
foreman_987_GGCACGTAGAAGCGCT	2277	5692	0.2735418130709768	987	PFA2	G1	CEC	primary
foreman_987_GGCTTGGTCTGAGGTT	4042	9769	0.14269628416419286	987	PFA2	G1	CEC	primary
foreman_987_GGGACTCGTTCTCGTC	922	1391	0.1811646297627606	987	PFA2	G1	CEC	primary
foreman_987_GGGAGTATCGTGCTCT	2398	4981	0.09215017064846416	987	PFA2	G1	CEC	primary
foreman_987_GGGATCCCACGGTAGA	3315	9079	0.25432316334398064	987	PFA2	G1	CEC	primary
foreman_987_GGGATCCGTGCACATT	2134	4217	0.11316725978647686	987	PFA2	G2M	CEC	primary
foreman_987_GGGATGAGTCCAGTTA	1999	3488	0.18784055061657584	987	PFA2	G1	CEC	primary
foreman_987_GGGATGAGTTGTTGAC	3096	7592	0.21825605900948367	987	PFA2	G1	CEC	primary
foreman_987_GGGCGTTTCCGATAAC	2352	6012	0.2870924817032601	987	PFA2	S	CEC	primary
foreman_987_GGGCTACGTGAAAGTT	2706	6045	0.1831871586960119	987	PFA2	G1	CEC	primary
foreman_987_GGGTGTCCAATATCCG	2987	7305	0.19282388386743357	987	PFA2	S	CEC	primary
foreman_987_GGTAACTCACCGGAAA	2108	4220	0.1675355450236967	987	PFA2	G1	CEC	primary
foreman_987_GGTAATCAGGTGCGAT	2853	5992	0.15704272363150867	987	PFA2	S	CEC	primary
foreman_987_GGTGTTAAGTTGGGAC	3751	10770	0.2581723625557207	987	PFA2	G1	CEC	primary
foreman_987_GGTGTTAGTCATAACC	4419	12710	0.1635848611220395	987	PFA2	G1	CEC	primary
foreman_987_GGTGTTATCGGCAGTC	3025	6823	0.15010260920551158	987	PFA2	S	CEC	primary
foreman_987_GGTTAACAGCACTCTA	2660	6098	0.16251229911446377	987	PFA2	G1	CEC	primary
foreman_987_GGTTAACCAATGACCT	4361	11901	0.1664566002856903	987	PFA2	G1	CEC	primary
foreman_987_GGTTAACGTCGAATTC	2524	6221	0.2654767647531758	987	PFA2	G2M	CEC	primary
foreman_987_GTAACACCACTCCCTA	3281	8328	0.1856388088376561	987	PFA2	G1	CEC	primary
foreman_987_GTAACCACAGCGTACC	3386	8534	0.19697679868760254	987	PFA2	G1	CEC	primary
foreman_987_GTAACCAGTGTAAACA	2947	7622	0.27630543164523746	987	PFA2	G1	CEC	primary
foreman_987_GTAAGTCCACCGGTCA	3365	7793	0.05916324435318275	987	PFA2	G1	CEC	primary
foreman_987_GTAATCGCAGCGGTTC	2124	5155	0.24490588006986222	987	PFA2	G1	CEC	primary
foreman_987_GTACAGTGTAACGTTC	2225	5081	0.24011021452469986	987	PFA2	G1	CEC	primary
foreman_987_GTAGATCAGACAGCTG	2463	4503	0.08818302976454909	987	PFA2	G1	CEC	primary
foreman_987_GTAGGAGAGCTGACCC	2598	5430	0.17225497420781136	987	PFA2	G1	CEC	primary
foreman_987_GTAGGAGCAGACAAGC	3487	7596	0.11585044760400211	987	PFA2	G1	CEC	primary
foreman_987_GTAGGTTAGGCCTTGC	3404	7784	0.09315174097391751	987	PFA2	G1	CEC	primary
foreman_987_GTAGTACAGGGTCACA	3066	6560	0.1469512195121951	987	PFA2	G1	CEC	primary
foreman_987_GTATTGGTCAGCGTCG	2610	4904	0.1036311709506324	987	PFA2	S	CEC	primary
foreman_987_GTATTTCCAATTTCCT	2960	6923	0.19242993354521815	987	PFA2	G1	CEC	primary
foreman_987_GTCAAGTAGGACGGAG	2396	5822	0.1610242309675202	987	PFA2	G1	CEC	primary
foreman_987_GTCAAGTCAGGCACTC	1424	2899	0.2225672877846791	987	PFA2	G1	CEC	primary
foreman_987_GTCAAGTTCCTGCTAC	3688	8217	0.05172833495618306	987	PFA2	G1	CEC	primary
foreman_987_GTCACGGGTAGATTGA	2628	5794	0.1596754703953047	987	PFA2	S	CEC	primary
foreman_987_GTCAGCGAGTCACTCA	1985	4721	0.258208006778225	987	PFA2	G1	CEC	primary
foreman_987_GTCATTTCAAGAGAGA	2583	5482	0.1811713191023536	987	PFA2	G1	CEC	primary
foreman_987_GTCCACTAGGATTTCC	3019	7432	0.22403121636167922	987	PFA2	G1	CEC	primary
foreman_987_GTCGTAAAGCTGAAAT	2422	5159	0.1717387090521419	987	PFA2	G1	CEC	primary
foreman_987_GTCTACCTCACTGGGC	2607	5278	0.15138309965896174	987	PFA2	G1	CEC	primary
foreman_987_GTCTAGACATCTTCGC	3326	8582	0.24055944055944056	987	PFA2	G1	CEC	primary
foreman_987_GTCTCACAGCACACCC	3106	6874	0.0550058207217695	987	PFA2	S	CEC	primary
foreman_987_GTGCACGCAGATCCAT	2039	4636	0.22799827437446074	987	PFA2	G1	CEC	primary
foreman_987_GTGTAACAGTTTGTCG	2956	5408	0.03901627218934911	987	PFA2	S	CEC	primary
foreman_987_GTGTAACTCTCCTGAC	2157	4656	0.20403780068728522	987	PFA2	G1	CEC	primary
foreman_987_GTGTGATGTATCGTTG	3335	7730	0.1761356283162935	987	PFA2	G1	CEC	primary
foreman_987_GTGTGGCAGGAGGGTG	2722	5278	0.17544524441076165	987	PFA2	G1	CEC	primary
foreman_987_GTGTGGCGTGCCGTTG	3219	8294	0.21847118398842535	987	PFA2	S	CEC	primary
foreman_987_GTGTTAGCAGAGCCCT	2563	5591	0.15936326238597745	987	PFA2	G1	CEC	primary
foreman_987_GTGTTAGCAGAGTTGG	3345	7616	0.09532563025210083	987	PFA2	G1	CEC	primary
foreman_987_GTTACCCTCAAGTAAG	2783	6025	0.1287966804979253	987	PFA2	G1	CEC	primary
foreman_987_GTTACGAAGGCCGCTT	1731	3738	0.18325307651150347	987	PFA2	G1	CEC	primary
foreman_987_GTTACGAGTCTGCAAT	2704	6147	0.18215855445222204	987	PFA2	G2M	CEC	primary
foreman_987_GTTAGTGGTCGTACTA	2704	5518	0.12631388184124684	987	PFA2	G1	CEC	primary
foreman_987_GTTATGGCATGTTCAG	3840	9647	0.1181959564541213	987	PFA2	G1	CEC	primary
foreman_987_GTTCATTTCGACCATA	3663	8028	0.1269307424015944	987	PFA2	G1	CEC	primary
foreman_987_GTTGTAGCATGGGCAA	3074	7555	0.2330508474576271	987	PFA2	G1	CEC	primary
foreman_987_GTTTGGAAGTGGACGT	2570	5419	0.1673740542535523	987	PFA2	G1	CEC	primary
foreman_987_TAACGACGTGTTAAAG	941	1478	0.20365358592692828	987	PFA2	S	CEC	primary
foreman_987_TAAGCGTCAGCACAGA	2805	6640	0.22484939759036143	987	PFA2	G1	CEC	primary
foreman_987_TAAGTCGCAATTCACG	2916	7344	0.23488562091503268	987	PFA2	G1	CEC	primary
foreman_987_TAAGTCGTCGGCGATC	2530	5935	0.22291491154170176	987	PFA2	G1	CEC	primary
foreman_987_TAATCTCTCCTCGCAT	2563	5675	0.20197391610856538	987	PFA2	G1	CEC	primary
foreman_987_TAATTCCCATAACGGG	772	1315	0.2600760456273764	987	PFA2	G1	CEC	primary
foreman_987_TACAACGCATCTGCGG	916	1839	0.22784121805328983	987	PFA2	S	CEC	primary
foreman_987_TACACCCCAAAGGAGA	685	1301	0.27153846153846156	987	PFA2	G1	CEC	primary
foreman_987_TACAGGTCAGTTAAAG	1499	2664	0.1388888888888889	987	PFA2	S	CEC	primary
foreman_987_TACATTCAGTCGCCAC	3244	8276	0.15167996132463138	987	PFA2	G1	CEC	primary
foreman_987_TACATTCAGTGCTCAT	2374	5809	0.25012911000172144	987	PFA2	G1	CEC	primary
foreman_987_TACCCGTTCGTTCAGA	3508	8620	0.22302158273381295	987	PFA2	G1	CEC	primary
foreman_987_TACCGAAAGATCGCCC	2514	5979	0.2570663990633885	987	PFA2	G1	CEC	primary
foreman_987_TACCTGCTCTCCGTGT	1878	3414	0.15055653192735793	987	PFA2	G1	CEC	primary
foreman_987_TACGCTCTCCATTGGA	2679	4959	0.06192012908430819	987	PFA2	G1	CEC	primary
foreman_987_TACGTCCTCTGCCTCA	2827	6368	0.19205402010050251	987	PFA2	G1	CEC	primary
foreman_987_TACTTCAAGCACAAAT	972	1943	0.1471950591868245	987	PFA2	S	CEC	primary
foreman_987_TACTTCACACATGTTG	2704	7165	0.2883272828818766	987	PFA2	G1	CEC	primary
foreman_987_TAGACCAGTGTCATGT	1537	2853	0.0991938310550298	987	PFA2	S	CEC	primary
foreman_987_TAGACTGGTCGCCTAG	3640	8033	0.13407195319307855	987	PFA2	S	CEC	primary
foreman_987_TAGATCGAGTGCCAGA	2599	5502	0.2059251181388586	987	PFA2	G1	CEC	primary
foreman_987_TAGATCGAGTTGGACG	4590	12300	0.0851219512195122	987	PFA2	G1	CEC	primary
foreman_987_TAGGAGGTCTATACTC	3929	8790	0.11751990898748578	987	PFA2	G1	CEC	primary
foreman_987_TAGGGTTTCATGAGAA	2528	5669	0.2242017992591286	987	PFA2	G1	CEC	primary
foreman_987_TAGGTACAGTTCATGC	2567	6692	0.25825736063368704	987	PFA2	G1	CEC	primary
foreman_987_TAGTGCATCAGGACGA	2269	5016	0.1935805422647528	987	PFA2	G1	CEC	primary
foreman_987_TATACCTAGACGGATC	1727	3601	0.2179950013885032	987	PFA2	G1	CEC	primary
foreman_987_TATCAGGCATGGCCCA	1850	4080	0.23755822505516058	987	PFA2	G2M	CEC	primary
foreman_987_TATCCTATCCGCCTAT	3872	12114	0.26673821514075785	987	PFA2	G1	CEC	primary
foreman_987_TATCGCCAGGGTACAC	1708	3900	0.27384615384615385	987	PFA2	G1	CEC	primary
foreman_987_TATCTGTAGACGCTCC	2477	5589	0.19523979957050824	987	PFA2	G1	CEC	primary
foreman_987_TATCTGTCAGAATCGG	2239	4917	0.2449643947100712	987	PFA2	G1	CEC	primary
foreman_987_TATCTTGGTGGAAATT	3882	9516	0.17791088692728038	987	PFA2	G1	CEC	primary
foreman_987_TATTGCTGTCGTTTCC	2054	4094	0.12359550561797752	987	PFA2	G1	CEC	primary
foreman_987_TCAAGACCAATTCACG	3056	6692	0.1295770437901659	987	PFA2	S	CEC	primary
foreman_987_TCAAGACTCTCGTGAA	2292	5301	0.2178834182229768	987	PFA2	G1	CEC	primary
foreman_987_TCAAGCATCATTACCT	3300	7214	0.08585298196948682	987	PFA2	G1	CEC	primary
foreman_987_TCAAGTGAGCAGGCAT	961	1547	0.15126050420168066	987	PFA2	G1	CEC	primary
foreman_987_TCAATCTCACGCCAGT	2923	7715	0.2116655865197667	987	PFA2	S	CEC	primary
foreman_987_TCACAAGGTTGTTTGG	3255	7313	0.12747914102038024	987	PFA2	G1	CEC	primary
foreman_987_TCACACCGTGTCTTCC	2508	5206	0.17156580211335254	987	PFA2	G1	CEC	primary
foreman_987_TCACATTAGTTCCGGC	3157	6788	0.15176071902165905	987	PFA2	G1	CEC	primary
foreman_987_TCACATTGTGTCATGT	4138	11962	0.160006687844842	987	PFA2	G1	CEC	primary
foreman_987_TCACGCTTCCGTAGTA	3618	8177	0.1296318943377767	987	PFA2	G1	CEC	primary
foreman_987_TCACGGGGTTGTGTTG	2421	4906	0.19641036100346726	987	PFA2	G1	CEC	primary
foreman_987_TCAGCAAGTTCGGCGT	3794	9109	0.17235700955099353	987	PFA2	G1	CEC	primary
foreman_987_TCAGCCTAGGGAGGTG	2683	6064	0.14643799472295516	987	PFA2	G1	CEC	primary
foreman_987_TCAGCCTGTACGACTT	1851	4870	0.2574948665297741	987	PFA2	G1	CEC	primary
foreman_987_TCAGGGCAGTGGTTCT	3432	7294	0.09651768576912531	987	PFA2	S	CEC	primary
foreman_987_TCAGGTAGTCTGTGTA	2871	7568	0.24368970529932601	987	PFA2	G1	CEC	primary
foreman_987_TCAGGTATCGACACTA	1919	3508	0.08352337514253136	987	PFA2	G1	CEC	primary
foreman_987_TCAGTGAAGGCCCGTT	4088	10261	0.12085769980506822	987	PFA2	G1	CEC	primary
foreman_987_TCAGTGAAGGTGCATG	1563	2935	0.19597818677573278	987	PFA2	G1	CEC	primary
foreman_987_TCAGTGACAAACTAAG	2024	4813	0.2711406607105755	987	PFA2	G1	CEC	primary
foreman_987_TCAGTGATCAGCAATC	3266	8277	0.2163827473722363	987	PFA2	G1	CEC	primary
foreman_987_TCAGTTTTCGGTAAGG	2482	5469	0.1950996525873103	987	PFA2	G1	CEC	primary
foreman_987_TCATACTCATGTGGCC	3520	8253	0.1112457586039748	987	PFA2	G1	CEC	primary
foreman_987_TCATACTTCGAGTACT	3068	6975	0.07655913978494623	987	PFA2	G1	CEC	primary
foreman_987_TCATCATAGTATAGGT	2905	6187	0.1027961855503475	987	PFA2	G1	CEC	primary
foreman_987_TCATCATAGTGAATAC	2837	6726	0.19550996134403806	987	PFA2	G1	CEC	primary
foreman_987_TCATGCCCAATCTCTT	3931	9595	0.058884835852006254	987	PFA2	G1	CEC	primary
foreman_987_TCATGGAAGATTACCC	4016	10500	0.12926271670794437	987	PFA2	G1	CEC	primary
foreman_987_TCATGTTCATGGCTGC	3297	8887	0.24600495160927302	987	PFA2	G1	CEC	primary
foreman_987_TCATTACAGTCGAAAT	3238	7148	0.13782006436266966	987	PFA2	G1	CEC	primary
foreman_987_TCATTGTGTAACACCT	2881	6188	0.06384354291255859	987	PFA2	G2M	CEC	primary
foreman_987_TCATTTGAGGCGAACT	3388	7771	0.19176319176319176	987	PFA2	G1	CEC	primary
foreman_987_TCCACGTCAACCCTCT	3551	9267	0.12085896190784504	987	PFA2	G1	CEC	primary
foreman_987_TCCACGTTCAGATGCT	3521	8210	0.12388841515409917	987	PFA2	G1	CEC	primary
foreman_987_TCCATCGCACTGTCGG	2476	5908	0.24627623561272852	987	PFA2	G1	CEC	primary
foreman_987_TCCATGCCACAACGAG	2943	7212	0.1860787576261786	987	PFA2	G1	CEC	primary
foreman_987_TCCGAAAAGTCATTGC	3581	9173	0.17302660270388137	987	PFA2	G1	CEC	primary
foreman_987_TCCGGGACAGATACCT	2906	7272	0.23518085545317013	987	PFA2	G1	CEC	primary
foreman_987_TCCTCTTCACCTTCCA	4058	10274	0.04848130841121495	987	PFA2	G1	CEC	primary
foreman_987_TCCTCTTCAGCGGTCT	779	1565	0.265814696485623	987	PFA2	G1	CEC	primary
foreman_987_TCCTCTTGTTATCCAG	1521	3875	0.2981414558595767	987	PFA2	G1	CEC	primary
foreman_987_TCCTTTCCACCTCTGT	3247	7325	0.10689419795221843	987	PFA2	S	CEC	primary
foreman_987_TCCTTTCGTAGAGCTG	3538	8225	0.12498480243161095	987	PFA2	G1	CEC	primary
foreman_987_TCCTTTCGTGCTATTG	4182	12236	0.18563021088769005	987	PFA2	G1	CEC	primary
foreman_987_TCGACGGTCGGTCTGG	2485	5017	0.09848484848484848	987	PFA2	G1	CEC	primary
foreman_987_TCGATTTAGACCCGCT	2918	6375	0.1251764705882353	987	PFA2	G1	CEC	primary
foreman_987_TCGATTTTCTCACTCG	2536	5078	0.14100039385584875	987	PFA2	G1	CEC	primary
foreman_987_TCGCACTAGGCCCACT	3595	9511	0.14996319276474918	987	PFA2	G1	CEC	primary
foreman_987_TCGCACTTCGACATTG	2461	5796	0.19413287316652286	987	PFA2	G1	CEC	primary
foreman_987_TCGCAGGGTTAGGAGC	3191	7265	0.14150034411562284	987	PFA2	G1	CEC	primary
foreman_987_TCGCTTGAGATGGCAC	2424	5347	0.2184402468674023	987	PFA2	G1	CEC	primary
foreman_987_TCGCTTGCATCGCCTT	3291	7889	0.19165927240461403	987	PFA2	G1	CEC	primary
foreman_987_TCGGATACATGCGTGC	2712	6965	0.2586157380815623	987	PFA2	G1	CEC	primary
foreman_987_TCGGGTGGTCGAAACG	4301	13042	0.1901073619631902	987	PFA2	G1	CEC	primary
foreman_987_TCGGTCTAGTTGCTGT	3010	7591	0.2698642772433786	987	PFA2	S	CEC	primary
foreman_987_TCGTGGGCATCGGAGA	2623	6075	0.2559670781893004	987	PFA2	G1	CEC	primary
foreman_987_TCTAACTTCGTCTAAG	3054	7483	0.17348302592889603	987	PFA2	G1	CEC	primary
foreman_987_TCTACATAGGATGGCT	1655	3349	0.234468339307049	987	PFA2	G1	CEC	primary
foreman_987_TCTACATAGTTCGGTT	1571	2533	0.10264508487958941	987	PFA2	G1	CEC	primary
foreman_987_TCTACATGTGTTCGTA	2815	7011	0.22735701041220938	987	PFA2	G1	CEC	primary
foreman_987_TCTACCGTCGAAGCCC	2974	6772	0.15965145473342196	987	PFA2	G1	CEC	primary
foreman_987_TCTATACAGCAACTCT	2465	7467	0.23201607501674482	987	PFA2	G1	CEC	primary
foreman_987_TCTATCACATGGGTTT	2869	6385	0.07063429913860611	987	PFA2	G1	CEC	primary
foreman_987_TCTCACGAGGGTTAGC	3593	9782	0.2362502555714578	987	PFA2	G1	CEC	primary
foreman_987_TCTCACGCACATAGCT	2722	6680	0.17427758646503969	987	PFA2	G1	CEC	primary
foreman_987_TCTCACGCATATACCG	2466	6633	0.2805006786306741	987	PFA2	G1	CEC	primary
foreman_987_TCTCCGAGTACCGTGC	2911	7987	0.28596469262551644	987	PFA2	G1	CEC	primary
foreman_987_TCTCTGGAGTGCACCC	525	742	0.1347708894878706	987	PFA2	G1	CEC	primary
foreman_987_TCTCTGGGTGACACGA	2356	4671	0.14197002141327622	987	PFA2	G1	CEC	primary
foreman_987_TCTGGCTAGTGCTCAT	2365	4928	0.1572646103896104	987	PFA2	G1	CEC	primary
foreman_987_TCTGGCTCAACCTAAC	2171	4138	0.14113098115031417	987	PFA2	G1	CEC	primary
foreman_987_TCTGTCGAGCTCCGAC	3822	8610	0.09025438494598675	987	PFA2	G1	CEC	primary
foreman_987_TCTGTCGCACCTCTAC	4631	11989	0.06565993659269147	987	PFA2	G1	CEC	primary
foreman_987_TCTGTCGCAGCTATAC	2717	6508	0.21515291224834793	987	PFA2	G1	CEC	primary
foreman_987_TCTGTCGGTTTGTTGG	3526	8586	0.17763541059988353	987	PFA2	G1	CEC	primary
foreman_987_TCTGTCGTCTTGGGCG	2339	5722	0.28137015029709894	987	PFA2	G1	CEC	primary
foreman_987_TCTTAGTTCCTGTAGA	1914	4281	0.20789535155337538	987	PFA2	G1	CEC	primary
foreman_987_TCTTGCGTCTGACGCG	3615	7755	0.12187258189321641	987	PFA2	G1	CEC	primary
foreman_987_TGAATGCTCGTCAACA	3238	7387	0.15922014622258326	987	PFA2	G1	CEC	primary
foreman_987_TGACCCTGTCTGCATA	2701	5877	0.11009018206567976	987	PFA2	G1	CEC	primary
foreman_987_TGAGACTGTTACGGAG	3479	8935	0.16787912702853947	987	PFA2	G1	CEC	primary
foreman_987_TGAGACTGTTAGTCGT	2347	5187	0.2040107983031238	987	PFA2	G1	CEC	primary
foreman_987_TGAGCATTCTACAGGT	2555	5963	0.23377494549723293	987	PFA2	G1	CEC	primary
foreman_987_TGAGCGCCACTTGGGC	2764	5902	0.16285375360108456	987	PFA2	G1	CEC	primary
foreman_987_TGAGCGCGTATGTGTC	3008	6583	0.1766671730214188	987	PFA2	G1	CEC	primary
foreman_987_TGAGCGCTCCACGGGT	2986	6621	0.15073251774656396	987	PFA2	G1	CEC	primary
foreman_987_TGAGGTTAGGTAAACT	1338	2505	0.19241516966067865	987	PFA2	G1	CEC	primary
foreman_987_TGAGGTTGTAGTTCCA	1725	4309	0.24437224414017172	987	PFA2	G1	CEC	primary
foreman_987_TGAGGTTGTGCCGAAA	2980	6985	0.1872852233676976	987	PFA2	G1	CEC	primary
foreman_987_TGATCAGAGACATGCG	740	1316	0.26844106463878326	987	PFA2	S	CEC	primary
foreman_987_TGATCAGTCAACTTTC	2942	7248	0.2104609439690864	987	PFA2	G1	CEC	primary
foreman_987_TGATCTTGTCTCTCTG	2796	6336	0.20934638459109567	987	PFA2	G1	CEC	primary
foreman_987_TGATTCTCACAGAGCA	1505	3121	0.16025641025641027	987	PFA2	G1	CEC	primary
foreman_987_TGATTTCGTCTGTTAG	2214	5239	0.2513838518801298	987	PFA2	G1	CEC	primary
foreman_987_TGCATCCAGCATACTC	5522	15289	0.0836603872318158	987	PFA2	G1	CEC	primary
foreman_987_TGCATCCAGCGCCTCA	2266	5615	0.19330126492071975	987	PFA2	G1	CEC	primary
foreman_987_TGCATCCAGGTCACTT	2221	5456	0.2595783684692942	987	PFA2	G1	CEC	primary
foreman_987_TGCATCCGTATGCGGA	1817	3959	0.23446184941889844	987	PFA2	G1	CEC	primary
foreman_987_TGCATGAAGAGATGCC	2347	5800	0.2861331493618489	987	PFA2	G1	CEC	primary
foreman_987_TGCATGATCTAACGCA	1567	3214	0.18742216687422167	987	PFA2	G1	CEC	primary
foreman_987_TGCGACGTCCTACCAC	2307	5283	0.1793900359916651	987	PFA2	G1	CEC	primary
foreman_987_TGCGATAGTCACTCGG	1500	3579	0.23861413802738196	987	PFA2	G1	CEC	primary
foreman_987_TGCGATAGTTAGGACG	2142	5083	0.2778433687524597	987	PFA2	G1	CEC	primary
foreman_987_TGCGGGTTCTGTGCTC	503	610	0.014778325123152709	987	PFA2	S	CEC	primary
foreman_987_TGCTCCAAGCTACTAC	1763	4553	0.2659784757302877	987	PFA2	G1	CEC	primary
foreman_987_TGCTCGTGTTAGTTCG	1975	4040	0.23712871287128712	987	PFA2	G1	CEC	primary
foreman_987_TGCTGAACAAACGAGC	3250	7478	0.15500869332620035	987	PFA2	G1	CEC	primary
foreman_987_TGCTGAAGTCATGGCC	2661	6907	0.2734906616476039	987	PFA2	G1	CEC	primary
foreman_987_TGCTTCGGTCTTGAAC	3256	7196	0.16110647762023908	987	PFA2	G1	CEC	primary
foreman_987_TGGAACTCAACCCGCA	4876	15377	0.12977297859884213	987	PFA2	G1	CEC	primary
foreman_987_TGGAGGATCTACGGTA	2204	4310	0.17981438515081208	987	PFA2	G1	CEC	primary
foreman_987_TGGCGTGTCATCGCCT	1764	3647	0.2558267068823691	987	PFA2	G1	CEC	primary
foreman_987_TGGGAGATCGCTTACC	2595	5567	0.17783366265493084	987	PFA2	G2M	CEC	primary
foreman_987_TGGTTAGCACCACTGG	3905	9683	0.1839685982853011	987	PFA2	G1	CEC	primary
foreman_987_TGGTTAGGTTTACGAC	4448	11400	0.042108956926046145	987	PFA2	G1	CEC	primary
foreman_987_TGTAAGCTCGATTGAC	2536	5448	0.17719427102460522	987	PFA2	G1	CEC	primary
foreman_987_TGTACAGGTGTGTTTG	3018	8506	0.2786268516341406	987	PFA2	G1	CEC	primary
foreman_987_TGTAGACAGGACCCAA	2062	4115	0.09356014580801944	987	PFA2	G1	CEC	primary
foreman_987_TGTAGACTCATTGAGC	2184	4679	0.22718529600341952	987	PFA2	G1	CEC	primary
foreman_987_TGTCAGACAACTGGTT	1982	4126	0.18598448108632396	987	PFA2	G1	CEC	primary
foreman_987_TGTCCCACAGTTGTTG	3306	7730	0.17220856514426186	987	PFA2	S	CEC	primary
foreman_987_TGTGAGTAGGAACGTC	3028	6205	0.10736740286957924	987	PFA2	G1	CEC	primary
foreman_987_TGTGAGTCAATTGAGA	3041	6764	0.13926670609107036	987	PFA2	G1	CEC	primary
foreman_987_TGTGGCGCATCAGTCA	1979	3960	0.11742424242424243	987	PFA2	G1	CEC	primary
foreman_987_TGTGTGACATTGGCAT	1949	4460	0.26547085201793724	987	PFA2	G1	CEC	primary
foreman_987_TGTTACTGTCAGTCGC	3861	9151	0.11299311550650203	987	PFA2	G1	CEC	primary
foreman_987_TGTTACTGTCTACACA	2439	4892	0.14165985282093213	987	PFA2	G1	CEC	primary
foreman_987_TGTTCATTCCTATTTG	2350	4892	0.1169255928045789	987	PFA2	G1	CEC	primary
foreman_987_TGTTCCGAGGCTGTAG	3602	9388	0.1308192180675402	987	PFA2	G1	CEC	primary
foreman_987_TGTTCCGCAGCTGAAG	2932	6767	0.17753141167775313	987	PFA2	G1	CEC	primary
foreman_987_TGTTGAGGTAGATTGA	2420	5682	0.27416798732171155	987	PFA2	G1	CEC	primary
foreman_987_TTACAGGCAATCGCGC	3234	7272	0.15912529225691102	987	PFA2	S	CEC	primary
foreman_987_TTACAGGTCCGTTTCG	4107	11990	0.19641367806505422	987	PFA2	G1	CEC	primary
foreman_987_TTACCATTCCTCTTTC	2431	5301	0.11830188679245283	987	PFA2	G1	CEC	primary
foreman_987_TTACCGCTCACCGGGT	3247	7526	0.07135264416688812	987	PFA2	G1	CEC	primary
foreman_987_TTACCGCTCCTCTCGA	2861	6882	0.1836942304897544	987	PFA2	G1	CEC	primary
foreman_987_TTACTGTTCGGTCTAA	1826	3665	0.21937244201909958	987	PFA2	S	CEC	primary
foreman_987_TTACTGTTCTGTCCCA	3136	8129	0.21840777654731144	987	PFA2	G1	CEC	primary
foreman_987_TTAGGCACATTGTACG	3299	7725	0.19303469704816156	987	PFA2	G1	CEC	primary
foreman_987_TTAGGCATCCTTCACG	3808	11360	0.2893740646183643	987	PFA2	G1	CEC	primary
foreman_987_TTAGTCTGTGTCATTG	4136	12531	0.2206880038311118	987	PFA2	G1	CEC	primary
foreman_987_TTAGTCTTCAAGTTGC	1892	4067	0.2053110400786821	987	PFA2	G1	CEC	primary
foreman_987_TTATTGCAGAAGCTCG	2995	7928	0.1808779011099899	987	PFA2	G1	CEC	primary
foreman_987_TTCACCGCAAGGCAAC	2404	5980	0.2394648829431438	987	PFA2	G1	CEC	primary
foreman_987_TTCATGTGTACGTAGG	1745	4152	0.25626204238921	987	PFA2	G1	CEC	primary
foreman_987_TTCATTGCATCGATCA	2520	5350	0.160029912133109	987	PFA2	G1	CEC	primary
foreman_987_TTCCAATAGATTGAGT	2673	5824	0.16929945054945056	987	PFA2	G1	CEC	primary
foreman_987_TTCCACGCAGCTTCCT	2710	6647	0.2164358819987959	987	PFA2	G1	CEC	primary
foreman_987_TTCCACGTCCTCTGCA	1446	3141	0.23478814909206755	987	PFA2	G1	CEC	primary
foreman_987_TTCCACGTCGAACCTA	3449	8017	0.12598228763876762	987	PFA2	G1	CEC	primary
foreman_987_TTCCGGTAGACTCATC	3656	8273	0.09827148555542126	987	PFA2	G1	CEC	primary
foreman_987_TTCCTTCAGGAATTAC	2809	6048	0.11824044980982305	987	PFA2	G1	CEC	primary
foreman_987_TTCCTTCGTTGGACCC	1632	3004	0.20838881491344874	987	PFA2	G1	CEC	primary
foreman_987_TTCGATTGTGTCCACG	2825	5663	0.07718120805369127	987	PFA2	G1	CEC	primary
foreman_987_TTCGCTGTCAAAGACA	2339	4590	0.10198300283286119	987	PFA2	G1	CEC	primary
foreman_987_TTCGCTGTCCCAAGTA	2472	5513	0.19593613933236576	987	PFA2	G1	CEC	primary
foreman_987_TTCGGTCAGAACAGGA	1752	3068	0.06649282920469361	987	PFA2	G1	CEC	primary
foreman_987_TTCGGTCGTGCCGGTT	2859	6363	0.16847399025616847	987	PFA2	G1	CEC	primary
foreman_987_TTCTAACGTCACATTG	3048	7354	0.18629317378297525	987	PFA2	G1	CEC	primary
foreman_987_TTCTAGTAGCTGTGCC	1526	3801	0.2509865824782952	987	PFA2	G1	CEC	primary
foreman_987_TTCTCTCTCATTGCCC	873	1585	0.14826498422712933	987	PFA2	G1	CEC	primary
foreman_987_TTCTGTAAGAGCACTG	2139	5246	0.24227983225314526	987	PFA2	G1	CEC	primary
foreman_987_TTCTGTACATCCCACT	3534	9025	0.12929696163229099	987	PFA2	G1	CEC	primary
foreman_987_TTCTGTATCCTTCTGG	3679	8899	0.18136869311158557	987	PFA2	G1	CEC	primary
foreman_987_TTCTTCCCACATGGTT	1025	1732	0.09237875288683603	987	PFA2	G1	CEC	primary
foreman_987_TTCTTGAGTACCTATG	2461	6632	0.2620627261761158	987	PFA2	G2M	CEC	primary
foreman_987_TTGAACGGTGTATTCG	2352	5505	0.17805232558139536	987	PFA2	S	CEC	primary
foreman_987_TTGACCCGTATGACAA	2383	5299	0.1472531621672645	987	PFA2	G1	CEC	primary
foreman_987_TTGAGTGGTAGGCAAC	2551	5104	0.10740885927087417	987	PFA2	G1	CEC	primary
foreman_987_TTGCATTAGAAGTCCG	1475	2737	0.17537449762513702	987	PFA2	S	CEC	primary
foreman_987_TTGCATTAGCACGATG	2989	6681	0.17377638078132016	987	PFA2	G1	CEC	primary
foreman_987_TTGCCTGAGTTGTAAG	1630	3934	0.28851042196237925	987	PFA2	G1	CEC	primary
foreman_987_TTGCTGCAGCTTTCCC	3555	8147	0.10337630448127685	987	PFA2	G1	CEC	primary
foreman_987_TTGGGATTCTGGAAGG	4070	11803	0.20892993306786412	987	PFA2	G1	CEC	primary
foreman_987_TTGGGCGAGGCCTGCT	3177	7718	0.11895814435661527	987	PFA2	G1	CEC	primary
foreman_987_TTGGGCGTCGTTATCT	1507	2751	0.16175936023264267	987	PFA2	G1	CEC	primary
foreman_987_TTGGGTAGTCCTGTTC	2341	4754	0.15421838838628235	987	PFA2	S	CEC	primary
foreman_987_TTGGTTTAGGACAACC	2576	6654	0.23868931309183827	987	PFA2	G1	CEC	primary
foreman_987_TTGTGTTGTAGAAACT	974	1979	0.27589691763516927	987	PFA2	S	CEC	primary
foreman_987_TTGTTCACACTCCTTG	3295	8042	0.19094414728200024	987	PFA2	G1	CEC	primary
foreman_987_TTGTTCACAGCGGTTC	2732	6028	0.10817985730877717	987	PFA2	G2M	CEC	primary
foreman_987_TTGTTGTGTTGCTAGT	3233	8092	0.1832674246169056	987	PFA2	G1	CEC	primary
foreman_987_TTGTTTGCAGAACCGA	3273	7505	0.1492338441039307	987	PFA2	G1	CEC	primary
foreman_987_TTTACCAAGCACGATG	3179	6570	0.11721723245547268	987	PFA2	G1	CEC	primary
foreman_987_TTTACCACAGCGGATA	2245	5185	0.19753086419753085	987	PFA2	G2M	CEC	primary
foreman_987_TTTACGTCATGGAAGC	2453	5186	0.2059787849566056	987	PFA2	G1	CEC	primary
foreman_987_TTTAGTCTCATCTACT	2696	6007	0.10054935908107208	987	PFA2	G1	CEC	primary
foreman_987_TTTATGCAGTTCGCAT	3262	6743	0.11153960249184218	987	PFA2	S	CEC	primary
foreman_987_TTTCGATAGCCTCCAG	2398	5847	0.27061238453643516	987	PFA2	G1	CEC	primary
foreman_987_TTTCGATTCAGACCTA	2641	6821	0.2932551319648094	987	PFA2	G1	CEC	primary
foreman_987_TTTGACTCAAGCCTGC	3735	9206	0.11810082572794438	987	PFA2	G1	CEC	primary
foreman_987_TTTGACTCAGACCAAG	1469	3292	0.2761239368165249	987	PFA2	G1	CEC	primary
foreman_987_TTTGACTTCACACCGG	4276	12120	0.17062706270627062	987	PFA2	G1	CEC	primary
foreman_987_TTTGATCAGGTCGTCC	1746	3783	0.1723955579058699	987	PFA2	G1	CEC	primary
foreman_987_TTTGTTGAGATACCAA	3843	11615	0.16602083871523293	987	PFA2	G1	CEC	primary
foreman_987_TTTGTTGAGATCGGTG	2776	5219	0.1285686913201763	987	PFA2	G1	CEC	primary
foreman_987_CATTGAGCAGTTCACA	523	848	0.2511792452830189	987	PFA2	G2M	CEC	primary
foreman_1048_CACGAATGTCAACATC	915	1573	0.1080737444373808	1048	PFA1	S	CEC	primary
foreman_1067_AAGTCGTAGGAGTATT	4661	16508	0.27513932638720623	1067	PFB	S	CEC	primary
foreman_1067_AACAAAGCACAGTGAG	3874	12426	0.1655399967809432	1067	PFB	G1	CEC	primary
foreman_1067_AACAGGGGTCGCTGCA	3428	11337	0.2889653347446414	1067	PFB	G2M	CEC	primary
foreman_1067_AACCATGTCGGACGTC	3393	9217	0.22409115572436245	1067	PFB	G1	CEC	primary
foreman_1067_AACCCAACAGGAATCG	4093	11088	0.1053581093270792	1067	PFB	G1	CEC	primary
foreman_1067_AATAGAGAGCCGTCGT	3139	8237	0.13839990287726114	1067	PFB	G1	CEC	primary
foreman_1067_AATTTCCCACCCTGTT	3952	11880	0.1324915824915825	1067	PFB	G2M	CEC	primary
foreman_1067_ACAAGCTGTGCAAGAC	4037	12468	0.15216170690623246	1067	PFB	S	CEC	primary
foreman_1067_ACACCAAAGGGCGAGA	4591	15529	0.13338915367770193	1067	PFB	G2M	CEC	primary
foreman_1067_ACAGCCGGTCTGATCA	4339	13419	0.11857206737218662	1067	PFB	G2M	CEC	primary
foreman_1067_ACATCGAAGACTTGTC	5438	23312	0.26237878657856345	1067	PFB	G1	CEC	primary
foreman_1067_ACCTACCAGTTGTAAG	3619	9878	0.12422800445479397	1067	PFB	G2M	CEC	primary
foreman_1067_ACCTGAACAGAGGTTG	4405	13765	0.11958732926474862	1067	PFB	G1	CEC	primary
foreman_1067_ACGTAACCAAGCACAG	5332	20694	0.12352600038662286	1067	PFB	S	CEC	primary
foreman_1067_ACGTACACACGTTGGC	2929	7617	0.17056197478991597	1067	PFB	G1	CEC	primary
foreman_1067_ACGTCCTGTCTGTCCT	6382	27368	0.1730551394014689	1067	PFB	G1	CEC	primary
foreman_1067_AGACACTGTGCCGAAA	4899	17836	0.1346865537736907	1067	PFB	G2M	CEC	primary
foreman_1067_AGATCCATCTCCACTG	3780	11409	0.15990181467519943	1067	PFB	G1	CEC	primary
foreman_1067_AGCGCCACAATAGTGA	3727	9512	0.17059318468657972	1067	PFB	S	CEC	primary
foreman_1067_AGCGCCATCGCATGAT	2727	6934	0.2126063753065051	1067	PFB	G1	CEC	primary
foreman_1067_AGCGTATTCACCCTGT	4467	14492	0.23743787962451685	1067	PFB	G1	CEC	primary
foreman_1067_AGCGTATTCCTACACC	4682	16150	0.1755417956656347	1067	PFB	G1	CEC	primary
foreman_1067_AGGATAAGTCGGAAAC	3313	8634	0.1620338197822562	1067	PFB	G1	CEC	primary
foreman_1067_AGGTGTTTCTACCTTA	4239	15119	0.19620295032083085	1067	PFB	G1	CEC	primary
foreman_1067_AGTAGCTTCAAACGTC	4709	15032	0.1424389594837336	1067	PFB	S	CEC	primary
foreman_1067_AGTGATCAGGGTACGT	3362	9529	0.25595550425018365	1067	PFB	G2M	CEC	primary
foreman_1067_ATCACAGCATCTAGAC	4551	13832	0.1830934991684142	1067	PFB	G1	CEC	primary
foreman_1067_ATGACCAGTTTGAACC	4883	17432	0.18000803351121822	1067	PFB	S	CEC	primary
foreman_1067_ATTACCTGTGCCTTTC	5102	17764	0.16145921297078197	1067	PFB	S	CEC	primary
foreman_1067_ATTCAGGTCGGCTGTG	5057	17290	0.1426505466535547	1067	PFB	S	CEC	primary
foreman_1067_ATTCCTAAGGTACAAT	3704	10738	0.19560357675111772	1067	PFB	S	CEC	primary
foreman_1067_ATTCTTGAGCTGAAGC	3441	8900	0.12327227778402068	1067	PFB	G1	CEC	primary
foreman_1067_ATTTACCCATCGGTTA	3463	9321	0.2026824034334764	1067	PFB	G1	CEC	primary
foreman_1067_CAAAGAAAGAATTTGG	3288	10483	0.18870444571646633	1067	PFB	G2M	CEC	primary
foreman_1067_CAACCAAAGTCGGCCT	3192	7633	0.16275717468221726	1067	PFB	S	CEC	primary
foreman_1067_CAACCTCCATCGGCCA	4340	14021	0.15229331621370998	1067	PFB	G1	CEC	primary
foreman_1067_CACGTTCCAATTTCCT	4640	16020	0.1875780274656679	1067	PFB	S	CEC	primary
foreman_1067_CACTAAGAGTGCAAAT	2212	5138	0.2706386292834891	1067	PFB	G1	CEC	primary
foreman_1067_CAGCCAGTCATACGAC	2571	6189	0.14107950872656755	1067	PFB	G1	CEC	primary
foreman_1067_CAGGCCACACGCTGCA	4237	13358	0.10975518454742832	1067	PFB	G1	CEC	primary
foreman_1067_CATAAGCTCATTGTTC	4278	12908	0.15605144893847822	1067	PFB	S	CEC	primary
foreman_1067_CATGCTCTCACTGCTC	4395	15808	0.2650724362624154	1067	PFB	G1	CEC	primary
foreman_1067_CATTCTATCGCCGAGT	3121	8612	0.24782255254906516	1067	PFB	G1	CEC	primary
foreman_1067_CCACGAGAGAGAGAAC	4106	12748	0.18216050835490705	1067	PFB	G1	CEC	primary
foreman_1067_CCACTTGCACCCTATC	2398	5105	0.13359451518119492	1067	PFB	S	CEC	primary
foreman_1067_CCCGAAGAGACTTCGT	4328	13243	0.14151940794441928	1067	PFB	G2M	CEC	primary
foreman_1067_CCCTAACCAACATACC	5003	17410	0.12764246323529413	1067	PFB	S	CEC	primary
foreman_1067_CCTACGTTCGACACTA	5344	18817	0.13287977038375678	1067	PFB	S	CEC	primary
foreman_1067_CCTGTTGGTTATGGTC	3835	11077	0.23717948717948717	1067	PFB	S	CEC	primary
foreman_1067_CCTTTGGTCCGATAGT	4734	14834	0.11919368974583698	1067	PFB	G1	CEC	primary
foreman_1067_CGAAGTTGTGGTCTCG	1865	3897	0.11034128817038748	1067	PFB	G1	CEC	primary
foreman_1067_CGACAGCAGCAGCACA	5239	20304	0.19907407407407407	1067	PFB	G1	CEC	primary
foreman_1067_CGAGTGCTCATTGGTG	3160	9352	0.23131215912736605	1067	PFB	G2M	CEC	primary
foreman_1067_CGATGCGCAGTCAGCC	4660	15365	0.179859393308163	1067	PFB	G2M	CEC	primary
foreman_1067_CGTGTCTGTAGATGTA	3041	7359	0.15169226586924017	1067	PFB	G1	CEC	primary
foreman_1067_CTACAGAGTTGGCTAT	3219	7758	0.17762309873678783	1067	PFB	G1	CEC	primary
foreman_1067_CTATAGGCATTCGATG	3909	11659	0.22832146839351575	1067	PFB	G2M	CEC	primary
foreman_1067_CTCACTGCAGAAATTG	2981	7608	0.18217665615141956	1067	PFB	G2M	CEC	primary
foreman_1067_CTGCATCAGATTGTGA	3224	10438	0.22571373826403526	1067	PFB	G1	CEC	primary
foreman_1067_CTGCCATAGCCTGGAA	3932	11178	0.08266237251744499	1067	PFB	S	CEC	primary
foreman_1067_CTGTGAATCTACACAG	4153	11611	0.12712083369218843	1067	PFB	G1	CEC	primary
foreman_1067_CTGTGGGCAAGCAATA	3335	9007	0.21576901721265965	1067	PFB	G2M	CEC	primary
foreman_1067_GAAATGAGTCTGCGCA	4604	18358	0.2846246049907377	1067	PFB	G1	CEC	primary
foreman_1067_GAAGCCCTCCGGCTTT	4433	15281	0.21151832460732983	1067	PFB	G1	CEC	primary
foreman_1067_GAATCACTCCCAGGAC	4785	16170	0.18507979710503525	1067	PFB	G1	CEC	primary
foreman_1067_GACCGTGAGAGCTGCA	4187	13015	0.1593545908567038	1067	PFB	G1	CEC	primary
foreman_1067_GAGAAATCATAACGGG	3625	9953	0.19170099467497237	1067	PFB	G1	CEC	primary
foreman_1067_GAGTTGTTCGCTTTAT	3333	9630	0.13416407061266875	1067	PFB	S	CEC	primary
foreman_1067_GCACATATCCTCTCTT	3785	10317	0.11176812718107794	1067	PFB	G2M	CEC	primary
foreman_1067_GCAGCCACAAGGTTGG	2942	7203	0.24257150791446822	1067	PFB	G1	CEC	primary
foreman_1067_GCATGATGTTCAAGTC	2937	8180	0.14427191588213717	1067	PFB	S	CEC	primary
foreman_1067_GCCATGGCACTTGTCC	4377	13101	0.13159300816731548	1067	PFB	G1	CEC	primary
foreman_1067_GCGAGAACAGCGAACA	3061	9018	0.2917498336660013	1067	PFB	G1	CEC	primary
foreman_1067_GCTTTCGGTTGAGTCT	3492	9751	0.2031586503948313	1067	PFB	S	CEC	primary
foreman_1067_GGAATCTCAAATTGGA	3255	9235	0.15592853275582025	1067	PFB	G1	CEC	primary
foreman_1067_GGAATGGAGTGTACCT	3742	10948	0.15135184508586044	1067	PFB	G1	CEC	primary
foreman_1067_GGAGCAACATCACGGC	4518	16041	0.1513186607643868	1067	PFB	G1	CEC	primary
foreman_1067_GGATGTTCAACGATCT	2995	7435	0.24788164088769335	1067	PFB	G1	CEC	primary
foreman_1067_GGCGTCAGTGTCCAAT	3579	11031	0.20551173964282476	1067	PFB	S	CEC	primary
foreman_1067_GGTAGAGCAGTACTAC	3581	11075	0.20453314068990427	1067	PFB	G1	CEC	primary
foreman_1067_GGTGGCTGTCGTTCAA	3356	10150	0.25192118226600985	1067	PFB	S	CEC	primary
foreman_1067_GTAGCTATCGAGTCTA	5305	23483	0.2155969163933728	1067	PFB	S	CEC	primary
foreman_1067_GTCAAGTAGGAAGTCC	3408	9562	0.17226231565735803	1067	PFB	S	CEC	primary
foreman_1067_GTCACTCAGCACGTCC	4311	12715	0.18489972473456548	1067	PFB	G1	CEC	primary
foreman_1067_GTCTAGAAGTTCGCAT	4113	11583	0.15384615384615385	1067	PFB	G1	CEC	primary
foreman_1067_GTGCACGAGAGCACTG	4276	13448	0.17349594705138693	1067	PFB	G2M	CEC	primary
foreman_1067_TAACCAGAGCACTTTG	3958	11593	0.14638143707409643	1067	PFB	G1	CEC	primary
foreman_1067_TAACGACAGTAGACCG	3827	12582	0.27851522136555124	1067	PFB	G1	CEC	primary
foreman_1067_TAATTCCTCAACTGGT	3643	9896	0.15797453001819284	1067	PFB	G1	CEC	primary
foreman_1067_TACCCACCACGCTGCA	3544	10403	0.2604306864064603	1067	PFB	G1	CEC	primary
foreman_1067_TACTTCAAGACTGTTC	4375	12166	0.0957744163104242	1067	PFB	G1	CEC	primary
foreman_1067_TATTTCGCACAACGAG	5170	19836	0.2398527706348006	1067	PFB	G1	CEC	primary
foreman_1067_TCAATCTCAAGACGAC	4295	14792	0.17218766901027582	1067	PFB	G2M	CEC	primary
foreman_1067_TCATTACGTCTCTCAC	3002	7613	0.21857349270983845	1067	PFB	G1	CEC	primary
foreman_1067_TCATTGTAGAGAACCC	4431	14974	0.19171676686706746	1067	PFB	G1	CEC	primary
foreman_1067_TCCACGTTCGCACGAC	4508	14441	0.13440897444775293	1067	PFB	G1	CEC	primary
foreman_1067_TCCAGAATCCATAGAC	3316	10696	0.29704451926674147	1067	PFB	G1	CEC	primary
foreman_1067_TCCATCGGTCACGCTG	4965	17379	0.15544429097605894	1067	PFB	G1	CEC	primary
foreman_1067_TCCTGCATCTCGTCGT	911	1772	0.2864406779661017	1067	PFB	G1	CEC	primary
foreman_1067_TCGACCTCAGGACTAG	4253	13468	0.1401945496398604	1067	PFB	G2M	CEC	primary
foreman_1067_TCGATTTAGCGATGCA	3504	9644	0.13614682704272085	1067	PFB	G1	CEC	primary
foreman_1067_TCGGATAGTCAATGGG	4034	11874	0.18123631463702206	1067	PFB	G1	CEC	primary
foreman_1067_TGACCCTCACACTTAG	3998	10909	0.11647101980924432	1067	PFB	G1	CEC	primary
foreman_1067_TGACTCCCAATGGCCC	3665	9364	0.17966246528519547	1067	PFB	S	CEC	primary
foreman_1067_TGAGTCACAGGATGAC	4639	16329	0.22611464968152867	1067	PFB	G1	CEC	primary
foreman_1067_TGATCTTTCGCGGTAC	3777	11248	0.23773115220483643	1067	PFB	G2M	CEC	primary
foreman_1067_TGGGTTACAGACGATG	2031	4344	0.1917587476979742	1067	PFB	G1	CEC	primary
foreman_1067_TGTACAGTCATTGAGC	3835	10672	0.12771739130434784	1067	PFB	G1	CEC	primary
foreman_1067_TGTTCTAAGCCTTTCC	4242	12013	0.09823509823509824	1067	PFB	G1	CEC	primary
foreman_1067_TGTTCTACAGTTACCA	5552	21527	0.15766979466691444	1067	PFB	G1	CEC	primary
foreman_1067_TTACTGTAGTTCAACC	3151	8036	0.1569383945239577	1067	PFB	G1	CEC	primary
foreman_1067_TTAGGCAGTGATTGGG	4595	15629	0.20834399795239314	1067	PFB	G1	CEC	primary
foreman_1067_TTAGGGTTCAGATTGC	5276	17255	0.16929407673582939	1067	PFB	G1	CEC	primary
foreman_1067_TTAGTCTTCAAATGCC	4232	13478	0.17778437337686429	1067	PFB	G2M	CEC	primary
foreman_1067_TTCATGTGTAGGGAGG	6713	32571	0.20702465383316448	1067	PFB	S	CEC	primary
foreman_1067_TTCCTAAGTTAACCTG	2146	4635	0.18446601941747573	1067	PFB	G2M	CEC	primary
foreman_1067_TTCTGTAAGGATACCG	6322	30677	0.16657973660190376	1067	PFB	G1	CEC	primary
foreman_1067_TTCTTCCGTCAGCTTA	4476	12816	0.12657042528287163	1067	PFB	G1	CEC	primary
foreman_1067_TTGGATGTCATCTACT	6650	29775	0.1142012629316136	1067	PFB	G1	CEC	primary
foreman_1067_TTTCACATCGTTCCCA	3459	9259	0.18868128307592613	1067	PFB	G1	CEC	primary
foreman_1067_TTTCATGTCAAGATAG	3303	7374	0.08422623084226231	1067	PFB	G1	CEC	primary
foreman_1067_TTTCGATTCTCTAGGA	2777	7200	0.2848611111111111	1067	PFB	S	CEC	primary
foreman_1067_TTTGGAGAGTGCAACG	2386	5232	0.22695984703632888	1067	PFB	G2M	CEC	primary
foreman_1067_TTTGGTTTCATTCTTG	2945	7362	0.1313858695652174	1067	PFB	G1	CEC	primary
foreman_1067_TTTGTTGCAATGCAGG	3756	11487	0.19702246212780777	1067	PFB	S	CEC	primary
foreman_1101_TGCCAAAGTATATGAG	996	1675	0.0639569635385535	1101	PFA2	G1	CEC	primary
foreman_1101_AAAGCAACACGACTCG	874	2120	0.24056603773584906	1101	PFA2	S	CEC	primary
foreman_1101_AACACGTAGCAATCTC	922	1823	0.09275521405049396	1101	PFA2	G1	CEC	primary
foreman_1101_AAGCCGCTCGCTAGCG	1362	2893	0.24023505012098167	1101	PFA2	G1	CEC	primary
foreman_1101_ACACCGGTCGTGGTCG	3213	8113	0.06015037593984962	1101	PFA2	G1	CEC	primary
foreman_1101_ACACTGATCTGACCTC	2152	4532	0.11694616063548102	1101	PFA2	G1	CEC	primary
foreman_1101_ACATGGTAGGCCCTCA	745	1332	0.11411411411411411	1101	PFA2	S	CEC	primary
foreman_1101_ACCTTTATCGCTTAGA	1154	2385	0.07714884696016772	1101	PFA2	S	CEC	primary
foreman_1101_ACGCAGCCAAGCGCTC	545	1058	0.28733459357277885	1101	PFA2	G1	CEC	primary
foreman_1101_ACGGCCACACAACGTT	2579	5567	0.038088393819619114	1101	PFA2	G1	CEC	primary
foreman_1101_ACTGAACCAATAAGCA	2582	5838	0.04643591501028101	1101	PFA2	G1	CEC	primary
foreman_1101_ACTGAACCACGCGAAA	946	1706	0.1242672919109027	1101	PFA2	G2M	CEC	primary
foreman_1101_AGAGTGGGTTCGTGAT	2488	5209	0.13553465156459973	1101	PFA2	G1	CEC	primary
foreman_1101_AGCGGTCCATGCCTTC	1289	2832	0.1352401129943503	1101	PFA2	G1	CEC	primary
foreman_1101_AGCTCCTAGAACAATC	742	1374	0.07423580786026202	1101	PFA2	S	CEC	primary
foreman_1101_AGGTCATCACGTGAGA	1044	1868	0.10867237687366167	1101	PFA2	G1	CEC	primary
foreman_1101_ATAACGCTCAGAGGTG	1115	2066	0.12971926427879962	1101	PFA2	G1	CEC	primary
foreman_1101_ATTGGTGAGACCGGAT	699	1253	0.13567438148443736	1101	PFA2	G1	CEC	primary
foreman_1101_ATTTCTGAGACTACAA	2347	4962	0.05885910098770409	1101	PFA2	G1	CEC	primary
foreman_1101_CACATTTCAATGCCAT	955	1742	0.12571756601607348	1101	PFA2	S	CEC	primary
foreman_1101_CACCACTAGGGCTCTC	3184	7547	0.014444738934534853	1101	PFA2	S	CEC	primary
foreman_1101_CACCAGGAGCGATATA	2423	5700	0.08369889454290226	1101	PFA2	G1	CEC	primary
foreman_1101_CACCTTGCAGATCCAT	2261	4390	0.07199817726133516	1101	PFA2	G1	CEC	primary
foreman_1101_CAGAATCAGTACGACG	821	1602	0.2222222222222222	1101	PFA2	G1	CEC	primary
foreman_1101_CAGCGACAGTACTTGC	2578	4838	0.05230514781889601	1101	PFA2	S	CEC	primary
foreman_1101_CCACCTAGTCGCGTGT	2226	6266	0.2845969672785315	1101	PFA2	G1	CEC	primary
foreman_1101_CCACTACAGACACGAC	703	1161	0.04220499569336779	1101	PFA2	G2M	CEC	primary
foreman_1101_CCACTACAGAGCCCAA	1131	2742	0.245985401459854	1101	PFA2	G1	CEC	primary
foreman_1101_CCAGCGAAGAGAGCTC	2477	5415	0.010156971375807941	1101	PFA2	G1	CEC	primary
foreman_1101_CCCAGTTAGTCACGCC	2519	6447	0.09602854483400558	1101	PFA2	G1	CEC	primary
foreman_1101_CCGTTCATCACGGTTA	733	1519	0.15273206056616195	1101	PFA2	S	CEC	primary
foreman_1101_CCTAAAGAGGGTATCG	1036	2231	0.2223218287763335	1101	PFA2	G1	CEC	primary
foreman_1101_CCTTTCTTCTGTCTAT	890	1612	0.12531017369727046	1101	PFA2	G1	CEC	primary
foreman_1101_CGACTTCTCCGGCACA	721	1548	0.21202327084680025	1101	PFA2	G1	CEC	primary
foreman_1101_CGATTGATCGCTTGTC	596	1070	0.13271028037383178	1101	PFA2	S	CEC	primary
foreman_1101_CGGACGTGTTACTGAC	2714	6121	0.02107843137254902	1101	PFA2	G1	CEC	primary
foreman_1101_CGTCACTTCCAAACAC	3084	8386	0.03672787979966611	1101	PFA2	G1	CEC	primary
foreman_1101_CGTTAGAGTTTGTTGG	914	1436	0.1107242339832869	1101	PFA2	S	CEC	primary
foreman_1101_CTACATTCAGGGTACA	1653	4090	0.22132550745903645	1101	PFA2	G1	CEC	primary
foreman_1101_CTACCCAAGTCCCACG	1909	3631	0.04575523704520397	1101	PFA2	G1	CEC	primary
foreman_1101_CTACGTCTCTATGTGG	2001	4118	0.04783875667799903	1101	PFA2	G2M	CEC	primary
foreman_1101_CTCGGAGAGTGTGAAT	766	1264	0.06962025316455696	1101	PFA2	G2M	CEC	primary
foreman_1101_CTCTAATCAGCGTTCG	2307	4798	0.020216756982075864	1101	PFA2	G1	CEC	primary
foreman_1101_CTGAAGTGTGACTCAT	799	1560	0.1685897435897436	1101	PFA2	G1	CEC	primary
foreman_1101_CTTAACTGTCGTTGTA	3230	8657	0.12141866913123844	1101	PFA2	G1	CEC	primary
foreman_1101_CTTAGGAAGGGAAACA	2832	6357	0.059619317288028946	1101	PFA2	S	CEC	primary
foreman_1101_GACTGCGTCTCTGTCG	824	1380	0.08333333333333333	1101	PFA2	G1	CEC	primary
foreman_1101_GAGTCCGGTCATTAGC	796	1612	0.13709677419354838	1101	PFA2	G1	CEC	primary
foreman_1101_GATCAGTGTATCTGCA	1293	2831	0.2508833922261484	1101	PFA2	G1	CEC	primary
foreman_1101_GATCGTACATGGGAAC	1924	4032	0.12177579365079365	1101	PFA2	G1	CEC	primary
foreman_1101_GATCGTATCACCATAG	2470	6854	0.150299139063184	1101	PFA2	G1	CEC	primary
foreman_1101_GCATGCGTCTTGAGGT	1766	3294	0.0692167577413479	1101	PFA2	G1	CEC	primary
foreman_1101_GCTCTGTCAGGTCGTC	856	1388	0.037463976945244955	1101	PFA2	G2M	CEC	primary
foreman_1101_GCTGCTTTCACGACTA	2368	5417	0.08879453572087871	1101	PFA2	G1	CEC	primary
foreman_1101_GGCTGGTGTCGACTAT	1810	3414	0.029876977152899824	1101	PFA2	G1	CEC	primary
foreman_1101_GTCGGGTGTTTGCATG	1697	3164	0.10240202275600506	1101	PFA2	G1	CEC	primary
foreman_1101_GTCTCGTTCATCGGAT	1819	3468	0.08852364475201846	1101	PFA2	G1	CEC	primary
foreman_1101_GTCTTCGAGACAATAC	2808	7838	0.12235264097984179	1101	PFA2	G1	CEC	primary
foreman_1101_GTGCATAAGACTGGGT	2991	7864	0.07962350546934623	1101	PFA2	G1	CEC	primary
foreman_1101_GTGTGCGTCTCAAACG	1884	3721	0.06263440860215054	1101	PFA2	G2M	CEC	primary
foreman_1101_TACCTTATCATGTAGC	3805	11071	0.07253839205058717	1101	PFA2	G1	CEC	primary
foreman_1101_TACTCATTCGAACTGT	1398	2709	0.1480797636632201	1101	PFA2	G1	CEC	primary
foreman_1101_TATCAGGAGCCACGTC	638	1090	0.08990825688073395	1101	PFA2	S	CEC	primary
foreman_1101_TATCAGGTCGCAAACT	2903	6523	0.03250038325923655	1101	PFA2	G1	CEC	primary
foreman_1101_TCAACGAAGCCGCCTA	2309	5473	0.12262426900584796	1101	PFA2	G1	CEC	primary
foreman_1101_TCAATCTGTCCAGTGC	4329	13824	0.10178687694422339	1101	PFA2	G1	CEC	primary
foreman_1101_TCAGCTCGTCATGCAT	856	1730	0.27803468208092486	1101	PFA2	G2M	CEC	primary
foreman_1101_TCAGGTATCCAGAGGA	877	1383	0.023878437047756874	1101	PFA2	G2M	CEC	primary
foreman_1101_TGGCTGGGTGATGATA	2448	6661	0.17700045038282541	1101	PFA2	G2M	CEC	primary
foreman_1101_TGGCTGGTCGAGAGCA	579	1143	0.21434820647419073	1101	PFA2	G1	CEC	primary
foreman_1101_TTAGGACCAATCGAAA	751	1471	0.2053025152957172	1101	PFA2	S	CEC	primary
foreman_1101_TTAGTTCGTACAGCAG	973	1971	0.1400304414003044	1101	PFA2	G1	CEC	primary
foreman_1101_TTCGGTCCACGGTAAG	1810	3175	0.07559055118110236	1101	PFA2	G1	CEC	primary
foreman_1101_TTCTTAGAGACTTTCG	556	1034	0.18102613746369797	1101	PFA2	G2M	CEC	primary
foreman_1101_TTCTTAGTCTTTAGGG	823	1467	0.1165644171779141	1101	PFA2	G1	CEC	primary
foreman_1101_TTGAACGCATAGACTC	2265	5129	0.07096899980503021	1101	PFA2	G2M	CEC	primary
foreman_1101_TTTGCGCCAAGTAGTA	1218	2427	0.138442521631644	1101	PFA2	G1	CEC	primary
foreman_1101_CGATGGCTCACCCTCA	564	988	0.16396761133603238	1101	PFA2	G1	CEC	primary
foreman_1101_TACGGTAAGCCCAGCT	633	884	0.06334841628959276	1101	PFA2	G2M	CEC	primary
foreman_1101_TCAGCAATCGAGAGCA	584	1107	0.12646793134598014	1101	PFA2	S	CEC	primary
foreman_1101_TGCCCATGTCCAGTGC	740	1288	0.12577639751552794	1101	PFA2	G1	CEC	primary
foreman_1185_AGCCAGCAGTTGAAAC	1730	2947	0.10044112656939261	1185	ST-YAP	G1	CEC	primary
foreman_1185_AGCGCCATCTGAGCAT	891	1360	0.1786764705882353	1185	ST-YAP	G1	CEC	primary
foreman_1185_ATACCGAGTGGCCACT	902	1795	0.09916434540389972	1185	ST-YAP	G1	CEC	primary
foreman_1185_ATCGCCTAGAGCAAGA	1407	2385	0.08972746331236897	1185	ST-YAP	G1	CEC	primary
foreman_1185_ATTATCCTCATAGACC	1228	1826	0.06739726027397261	1185	ST-YAP	G1	CEC	primary
foreman_1185_CCCTCTCTCAAGCCCG	1388	2187	0.03566529492455418	1185	ST-YAP	G1	CEC	primary
foreman_1185_CCTACGTAGTAGACCG	1123	1971	0.20750887874175544	1185	ST-YAP	G1	CEC	primary
foreman_1185_CGATGCGAGTTAGTAG	576	941	0.27523910733262485	1185	ST-YAP	G1	CEC	primary
foreman_1185_CGGCAGTGTTAATCGC	1139	1701	0.11228689006466784	1185	ST-YAP	G1	CEC	primary
foreman_1185_CTCCCAAAGGTACATA	979	1778	0.23397075365579303	1185	ST-YAP	G2M	CEC	primary
foreman_1185_CTCTCGATCCCTCTAG	798	1393	0.24264178033022255	1185	ST-YAP	G1	CEC	primary
foreman_1185_CTCTGGTCATGGCTAT	1665	3095	0.16865912762520194	1185	ST-YAP	G1	CEC	primary
foreman_1185_CTCTGGTGTGTTAAAG	1246	2394	0.22389306599832914	1185	ST-YAP	G1	CEC	primary
foreman_1185_CTGCCTAGTCTCGCGA	2430	4843	0.0251909973157134	1185	ST-YAP	G1	CEC	primary
foreman_1185_CTTGAGAAGGCCTAGA	668	881	0.05561861520998865	1185	ST-YAP	G2M	CEC	primary
foreman_1185_GAAGAATAGTGCTCGC	649	1136	0.2860915492957746	1185	ST-YAP	G1	CEC	primary
foreman_1185_GAAGAATTCAACCGAT	875	1289	0.06749418153607448	1185	ST-YAP	G1	CEC	primary
foreman_1185_GAATCGTAGGAACTCG	3335	7160	0.018854748603351956	1185	ST-YAP	G1	CEC	primary
foreman_1185_GACACGCAGGCGCTCT	2827	6324	0.07115749525616698	1185	ST-YAP	G1	CEC	primary
foreman_1185_GACACGCTCGCAAGAG	2386	4230	0.030030740127689762	1185	ST-YAP	G1	CEC	primary
foreman_1185_GACTTCCTCTGATTCT	2140	4082	0.09211170994610485	1185	ST-YAP	G1	CEC	primary
foreman_1185_GAGTCATCATTGGCAT	3063	7879	0.14976519862926768	1185	ST-YAP	G1	CEC	primary
foreman_1185_GAGTCTAGTCGTGGTC	3946	10613	0.06303589936869877	1185	ST-YAP	G1	CEC	primary
foreman_1185_GAGTGTTTCTCTGACC	3324	9341	0.10311596530677802	1185	ST-YAP	G1	CEC	primary
foreman_1185_GAGTTTGTCTGACGCG	857	1317	0.08048595292331055	1185	ST-YAP	G1	CEC	primary
foreman_1185_GATCATGAGGCACAAC	1565	2841	0.10454065469904963	1185	ST-YAP	S	CEC	primary
foreman_1185_GATCATGTCAAAGCCT	854	1212	0.12138728323699421	1185	ST-YAP	G1	CEC	primary
foreman_1185_GATGACTTCTCGAACA	2998	5559	0.03543802842237813	1185	ST-YAP	G1	CEC	primary
foreman_1185_GATGCTAAGTAATCCC	3645	9670	0.08853035474195883	1185	ST-YAP	G1	CEC	primary
foreman_1185_GATTCGAGTCTGATCA	4119	11727	0.09125021320143271	1185	ST-YAP	G1	CEC	primary
foreman_1185_GCACATATCTTCACGC	2900	5829	0.08646423057128153	1185	ST-YAP	G1	CEC	primary
foreman_1185_GCACGTGTCAAGGAGC	801	1195	0.18075313807531382	1185	ST-YAP	G1	CEC	primary
foreman_1185_GCAGGCTAGATGCCGA	2955	7762	0.08245297603710385	1185	ST-YAP	G1	CEC	primary
foreman_1185_GCATCGGAGACGGATC	1347	2309	0.08401905586834127	1185	ST-YAP	G2M	CEC	primary
foreman_1185_GCATCTCTCCGCATAA	4448	15260	0.13322411533420708	1185	ST-YAP	G1	CEC	primary
foreman_1185_GCCAGGTGTCCTCCAT	3712	10627	0.13173990778206454	1185	ST-YAP	G2M	CEC	primary
foreman_1185_GGAGCAACACGCTGTG	3566	8139	0.05492075193512717	1185	ST-YAP	G1	CEC	primary
foreman_1185_GGGCCATGTTCTCCTG	2441	4466	0.02821316614420063	1185	ST-YAP	G1	CEC	primary
foreman_1185_GGGCGTTGTCTCACGG	1788	3899	0.2185175686073352	1185	ST-YAP	G1	CEC	primary
foreman_1185_GGGTAGAAGGCGCTCT	2888	5774	0.07429857984066505	1185	ST-YAP	G1	CEC	primary
foreman_1185_GGTAGAGCAGCTGTGC	2111	3753	0.10604849453770317	1185	ST-YAP	G1	CEC	primary
foreman_1185_GGTGAAGCATATCGGT	3477	8571	0.08109684947491248	1185	ST-YAP	G1	CEC	primary
foreman_1185_GGTTAACAGGATTTGA	2699	4726	0.03619813717188823	1185	ST-YAP	G1	CEC	primary
foreman_1185_GTAATCGAGGTTGTTC	1133	2166	0.23268698060941828	1185	ST-YAP	G1	CEC	primary
foreman_1185_GTAATCGCATGCGGTC	807	1406	0.023470839260312945	1185	ST-YAP	G1	CEC	primary
foreman_1185_GTCGTTCCACCTTCCA	626	840	0.12976190476190477	1185	ST-YAP	G1	CEC	primary
foreman_1185_GTGGAAGAGGCACTCC	1258	2633	0.29813900493733386	1185	ST-YAP	G1	CEC	primary
foreman_1185_GTGGGAAAGTGAGCCA	1115	1994	0.13704819277108435	1185	ST-YAP	S	CEC	primary
foreman_1185_GTTGCTCAGGTCTTTG	1485	2911	0.0013740982480247338	1185	ST-YAP	G2M	CEC	primary
foreman_1185_GTTGTAGAGGATTACA	1974	3427	0.10049664037394099	1185	ST-YAP	G1	CEC	primary
foreman_1185_GTTTACTAGAGGTTTA	1420	2819	0.2568286626463285	1185	ST-YAP	G2M	CEC	primary
foreman_1185_TAACACGAGTGCGCTC	4041	11039	0.07083974997735303	1185	ST-YAP	G1	CEC	primary
foreman_1185_TACTTCACATGTCTAG	1292	2048	0.11388074291300097	1185	ST-YAP	G1	CEC	primary
foreman_1185_TATGTTCAGTTGGCTT	2777	5233	0.042231989298681445	1185	ST-YAP	G1	CEC	primary
foreman_1185_TCATTACGTAACACCT	2408	5142	0.032283158304161806	1185	ST-YAP	G2M	CEC	primary
foreman_1185_TCATTTGAGAGAGTTT	2146	5265	0.12345679012345678	1185	ST-YAP	G2M	CEC	primary
foreman_1185_TCATTTGGTTGCTGAT	2147	4251	0.024935309338979063	1185	ST-YAP	G1	CEC	primary
foreman_1185_TCCAGAAAGGTGCTGA	1723	3357	0.12395709177592372	1185	ST-YAP	G1	CEC	primary
foreman_1185_TCCTTCTGTGCAGATG	2858	6263	0.09404438767363883	1185	ST-YAP	G1	CEC	primary
foreman_1185_TCGGGACTCTTCCAGC	3028	8258	0.08294986679583434	1185	ST-YAP	G1	CEC	primary
foreman_1185_TCGTGGGTCCGTGTCT	1275	2088	0.11159003831417624	1185	ST-YAP	G2M	CEC	primary
foreman_1185_TCTATACTCAGCGCGT	3640	10028	0.10769844435580375	1185	ST-YAP	S	CEC	primary
foreman_1185_TCTTAGTTCGCAGTTA	2074	3428	0.050175029171528586	1185	ST-YAP	G2M	CEC	primary
foreman_1185_TCTTTGAGTTCATCGA	3527	8803	0.08611679163826404	1185	ST-YAP	G1	CEC	primary
foreman_1185_TGACGCGCAACAAGTA	1917	3740	0.07943300347686547	1185	ST-YAP	G1	CEC	primary
foreman_1185_TGATCAGTCACACGAT	3680	9165	0.048336061102018546	1185	ST-YAP	G1	CEC	primary
foreman_1185_TGATCTTAGTAAAGCT	1132	2035	0.09931170108161258	1185	ST-YAP	G1	CEC	primary
foreman_1185_TGCTCCACAATGAACA	3843	11343	0.10059954152706754	1185	ST-YAP	G1	CEC	primary
foreman_1185_TGGAGAGAGTGGGAAA	3360	9087	0.08110487509629141	1185	ST-YAP	G1	CEC	primary
foreman_1185_TTACCGCAGGCCATAG	557	774	0.129366106080207	1185	ST-YAP	G1	CEC	primary
foreman_1185_TTACCGCGTTAGAGAT	3838	10562	0.12989964021965536	1185	ST-YAP	G1	CEC	primary
foreman_1185_TTCGATTTCTGCTTTA	1986	3877	0.1699767861748775	1185	ST-YAP	S	CEC	primary
foreman_1185_TTCTGTAGTGTGATGG	1750	3235	0.1261595547309833	1185	ST-YAP	G1	CEC	primary
foreman_1185_TTGGATGAGAGTGAAG	2347	3917	0.024508552463620117	1185	ST-YAP	G1	CEC	primary
foreman_1185_TTTACCACACAGTGTT	2278	4549	0.17850076939986811	1185	ST-YAP	G1	CEC	primary
foreman_1185_TTTATGCAGTAATTGG	2839	6177	0.20158678756476683	1185	ST-YAP	G1	CEC	primary
foreman_1185_TTTCATGTCCACGTAA	3358	7040	0.005681818181818182	1185	ST-YAP	G1	CEC	primary
foreman_1185_TTTGGAGGTTGACGGA	2954	8133	0.11754580105742038	1185	ST-YAP	G1	CEC	primary
foreman_870_AACCATGTCTTTAGGG	2884	7244	0.07164549972390945	870	ST-RELA	G1	CEC	primary
foreman_870_AACTTTCAGGTGCACA	3369	8526	0.05876143560872625	870	ST-RELA	G1	CEC	primary
foreman_870_AAGACCTGTTCTCATT	4354	13245	0.04492261230653077	870	ST-RELA	S	CEC	primary
foreman_870_AAGTCTGAGGCTAGAC	2092	4477	0.07259325441143623	870	ST-RELA	G1	CEC	primary
foreman_870_ACAGCTATCGTGGTCG	2071	4499	0.08135141142476106	870	ST-RELA	G1	CEC	primary
foreman_870_ACATACGGTATTCTCT	3569	8862	0.05664635522455427	870	ST-RELA	G1	CEC	primary
foreman_870_ACTATCTTCCGGGTGT	4438	13649	0.038757418125870025	870	ST-RELA	G1	CEC	primary
foreman_870_ACTGAACTCTTGTATC	2514	6448	0.04807692307692308	870	ST-RELA	G1	CEC	primary
foreman_870_ACTTTCAAGTCTCAAC	4829	15194	0.044233807266982623	870	ST-RELA	S	CEC	primary
foreman_870_AGAATAGCAGACGCTC	4103	12505	0.05222328854766475	870	ST-RELA	G1	CEC	primary
foreman_870_AGAATAGTCTGCAAGT	3688	11506	0.05415036940460669	870	ST-RELA	G1	CEC	primary
foreman_870_AGACGTTCATGCTGGC	2984	8270	0.04365175332527207	870	ST-RELA	G1	CEC	primary
foreman_870_AGCGGTCCATAGGATA	3471	8852	0.036601897876186174	870	ST-RELA	G1	CEC	primary
foreman_870_AGCGTATCATGGGACA	3782	11270	0.06202307009760426	870	ST-RELA	G1	CEC	primary
foreman_870_AGGTCATAGAAGGACA	2487	6252	0.0799744081893794	870	ST-RELA	G1	CEC	primary
foreman_870_ATAGACCAGAGACTAT	2446	5653	0.032549088979303024	870	ST-RELA	S	CEC	primary
foreman_870_ATCCGAATCTGAGGGA	2918	6503	0.054290987388495845	870	ST-RELA	G1	CEC	primary
foreman_870_ATGAGGGTCTGTTGAG	3448	9279	0.040957102823884456	870	ST-RELA	G1	CEC	primary
foreman_870_CAACTAGAGAACAATC	4234	11511	0.02493267309530015	870	ST-RELA	G1	CEC	primary
foreman_870_CAAGAAAGTGGGTCAA	3367	9998	0.123124624924985	870	ST-RELA	S	CEC	primary
foreman_870_CATCAAGCACTAGTAC	3013	8073	0.05190139972748668	870	ST-RELA	G1	CEC	primary
foreman_870_CATCGGGAGTAACCCT	1480	2843	0.11712979247274007	870	ST-RELA	G1	CEC	primary
foreman_870_CCAGCGAAGGGCTCTC	4864	16782	0.06840662614706233	870	ST-RELA	G1	CEC	primary
foreman_870_CCATGTCTCTTGTATC	2597	6762	0.06255545696539486	870	ST-RELA	G1	CEC	primary
foreman_870_CCATTCGGTCAAAGCG	2620	6618	0.048806285886974915	870	ST-RELA	S	CEC	primary
foreman_870_CCCTCCTTCAGGTTCA	1900	4202	0.04570340395144013	870	ST-RELA	G1	CEC	primary
foreman_870_CCTACCACAGACGCAA	4131	14118	0.12650517070406572	870	ST-RELA	S	CEC	primary
foreman_870_CGATCGGAGATCCGAG	2347	5027	0.04455937935150189	870	ST-RELA	G1	CEC	primary
foreman_870_CGCGGTATCAAGGTAA	2516	5474	0.04951580486022291	870	ST-RELA	G1	CEC	primary
foreman_870_CGCTTCACACATTAGC	5135	18515	0.03958952200918175	870	ST-RELA	S	CEC	primary
foreman_870_CGCTTCAGTGAGGCTA	2294	4944	0.03681229773462783	870	ST-RELA	S	CEC	primary
foreman_870_CGCTTCATCAATACCG	3555	10084	0.04760015866719556	870	ST-RELA	G1	CEC	primary
foreman_870_CGTCAGGAGGCATTGG	2693	7157	0.08257649853290484	870	ST-RELA	G1	CEC	primary
foreman_870_CGTGTCTAGCTGCAAG	2394	6136	0.11391786179921773	870	ST-RELA	S	CEC	primary
foreman_870_CTACACCTCCATTCTA	2357	5407	0.05973737747364528	870	ST-RELA	G1	CEC	primary
foreman_870_CTAGAGTGTGTTGAGG	3926	11404	0.032970887407927044	870	ST-RELA	G1	CEC	primary
foreman_870_CTCACACTCACAGTAC	3799	12781	0.04569282528753619	870	ST-RELA	S	CEC	primary
foreman_870_CTCACACTCGGAATCT	3577	10926	0.06983981693363844	870	ST-RELA	G1	CEC	primary
foreman_870_CTCATTAGTAAGAGGA	3185	8082	0.049127583219898525	870	ST-RELA	G1	CEC	primary
foreman_870_CTGTTTAGTTGCCTCT	1892	3569	0.06164191650322219	870	ST-RELA	G1	CEC	primary
foreman_870_CTTACCGCAATAACGA	2271	5194	0.09145167500962649	870	ST-RELA	G1	CEC	primary
foreman_870_GACACGCGTAAACACA	2457	5947	0.1032453337817387	870	ST-RELA	G1	CEC	primary
foreman_870_GACAGAGTCGCCAAAT	2607	7063	0.07234886025768088	870	ST-RELA	S	CEC	primary
foreman_870_GACCTGGTCATATCGG	2773	7028	0.04880478087649402	870	ST-RELA	G1	CEC	primary
foreman_870_GACGCGTGTGCAACTT	2446	6078	0.06449489963803882	870	ST-RELA	G1	CEC	primary
foreman_870_GACTACACATCGACGC	3205	9579	0.03194487942373943	870	ST-RELA	G1	CEC	primary
foreman_870_GCGCAACCACAGGAGT	2401	5875	0.08697872340425532	870	ST-RELA	G1	CEC	primary
foreman_870_GCGCAGTCAAGTTGTC	2400	5491	0.05336004370788563	870	ST-RELA	S	CEC	primary
foreman_870_GCGGGTTGTCTACCTC	3057	8697	0.07117396803495459	870	ST-RELA	G1	CEC	primary
foreman_870_GGACAAGCATTTGCCC	2733	6353	0.04029592318589643	870	ST-RELA	S	CEC	primary
foreman_870_GGACATTAGAACTGTA	5011	15934	0.05322287077135505	870	ST-RELA	G1	CEC	primary
foreman_870_GGATTACTCGGTCTAA	3233	8118	0.051983247105198326	870	ST-RELA	G1	CEC	primary
foreman_870_GGCGACTGTGACGCCT	3014	8327	0.052486187845303865	870	ST-RELA	S	CEC	primary
foreman_870_GGCTGGTGTTCTGGTA	3399	9863	0.08709317651830072	870	ST-RELA	G1	CEC	primary
foreman_870_GGGAATGCACACATGT	3127	7816	0.05118362124120281	870	ST-RELA	G1	CEC	primary
foreman_870_GGGAGATAGAGCCCAA	2493	6717	0.07504466944609887	870	ST-RELA	G1	CEC	primary
foreman_870_GGTATTGCACTGTCGG	1006	1472	0.058423913043478264	870	ST-RELA	G1	CEC	primary
foreman_870_GGTGAAGTCGGCATCG	3097	8345	0.039309683604985615	870	ST-RELA	G2M	CEC	primary
foreman_870_GGTGCGTTCCCTTGCA	2959	7672	0.05462130100378047	870	ST-RELA	G1	CEC	primary
foreman_870_GTAGGCCTCCGGGTGT	4563	15075	0.058640132669983414	870	ST-RELA	G1	CEC	primary
foreman_870_GTAGGCCTCTAGCACA	3233	7971	0.05545796737766625	870	ST-RELA	G2M	CEC	primary
foreman_870_GTCAAGTCAGGAACGT	3849	10359	0.0517424461820639	870	ST-RELA	G1	CEC	primary
foreman_870_GTCATTTAGGACGAAA	4656	17177	0.03400093153237075	870	ST-RELA	G1	CEC	primary
foreman_870_GTCATTTTCCTAGAAC	2814	7418	0.08991641952008628	870	ST-RELA	G1	CEC	primary
foreman_870_GTCATTTTCGGCTACG	3555	11817	0.0781078107810781	870	ST-RELA	G1	CEC	primary
foreman_870_GTCGGGTCATCCGGGT	3624	11395	0.13656310338774794	870	ST-RELA	G1	CEC	primary
foreman_870_GTGCGGTGTGACGCCT	2601	6544	0.0707518337408313	870	ST-RELA	G1	CEC	primary
foreman_870_GTGCTTCAGTTGTCGT	3765	11254	0.06575439843611161	870	ST-RELA	S	CEC	primary
foreman_870_GTGCTTCTCGGTTAAC	3072	7847	0.0787662503186337	870	ST-RELA	S	CEC	primary
foreman_870_GTGTTAGGTCTAGCCG	4506	14899	0.09520612327111588	870	ST-RELA	G1	CEC	primary
foreman_870_GTTAAGCTCCCTAACC	1731	3870	0.11963824289405685	870	ST-RELA	G1	CEC	primary
foreman_870_GTTACAGGTGTGACGA	3290	9124	0.092393686979395	870	ST-RELA	G1	CEC	primary
foreman_870_TACTCGCAGGCCCTCA	2860	7590	0.0383399209486166	870	ST-RELA	S	CEC	primary
foreman_870_TACTTACTCGTTGCCT	3051	8651	0.10265895953757226	870	ST-RELA	S	CEC	primary
foreman_870_TATCTCAAGCTACCGC	2292	4887	0.07591569470022509	870	ST-RELA	G1	CEC	primary
foreman_870_TCAACGATCTCCGGTT	2100	3943	0.042099923915800155	870	ST-RELA	G2M	CEC	primary
foreman_870_TCACGAAGTAGTGAAT	4578	16892	0.09874496803220459	870	ST-RELA	G1	CEC	primary
foreman_870_TCAGCAATCTTCGAGA	3366	10053	0.04018700885307868	870	ST-RELA	G1	CEC	primary
foreman_870_TCGTACCCAAACCTAC	2281	5291	0.1048951048951049	870	ST-RELA	S	CEC	primary
foreman_870_TCTTTCCCAGACGTAG	3831	10820	0.05259266105924762	870	ST-RELA	G1	CEC	primary
foreman_870_TGAAAGATCAAACCGT	2863	6610	0.04253064931133646	870	ST-RELA	G1	CEC	primary
foreman_870_TGACAACAGACAAGCC	1547	3005	0.10319573901464714	870	ST-RELA	G1	CEC	primary
foreman_870_TGACGGCAGATCCCAT	2755	6664	0.032267747260993546	870	ST-RELA	G1	CEC	primary
foreman_870_TGAGCATAGCGATATA	4485	15889	0.07571275725344578	870	ST-RELA	G1	CEC	primary
foreman_870_TGCCCTAGTTATTCTC	3386	9591	0.05651720542231491	870	ST-RELA	S	CEC	primary
foreman_870_TGGACGCAGACCACGA	1346	2932	0.1446111869031378	870	ST-RELA	G1	CEC	primary
foreman_870_TGGACGCGTCGGGTCT	3552	10665	0.035911861228316924	870	ST-RELA	G1	CEC	primary
foreman_870_TGGTTCCCACAACGTT	2923	7338	0.03815753611338239	870	ST-RELA	G1	CEC	primary
foreman_870_TGTGTTTGTCCATGAT	4573	15767	0.05727514905492833	870	ST-RELA	G1	CEC	primary
foreman_870_TTAGGACTCGTTACGA	2492	5661	0.11645166990634388	870	ST-RELA	G1	CEC	primary
foreman_870_TTCTCCTTCAACTCTT	2178	4228	0.05203405865657521	870	ST-RELA	S	CEC	primary
foreman_870_TTGCCGTGTACCAGTT	4765	17010	0.0527336860670194	870	ST-RELA	G1	CEC	primary
foreman_870_TTGCCGTTCAACGCTA	4113	12578	0.04874363867684478	870	ST-RELA	S	CEC	primary
foreman_870_TTGGCAAGTCATACTG	3148	8124	0.03126923550412409	870	ST-RELA	G1	CEC	primary
foreman_870_TTGTAGGTCAAGGCTT	2475	5652	0.0727176220806794	870	ST-RELA	G1	CEC	primary
foreman_870_TTTGGTTCACTCTGTC	4069	11248	0.03920697012802276	870	ST-RELA	G1	CEC	primary
foreman_1347_CTTGATTAGAATCTAG	6719	26455	0.14837636562960724	1347	PFA1	S	CEC	primary
foreman_1347_AAGCATCTCGAGGCAA	4303	13664	0.15612648221343872	1347	PFA1	G1	CEC	primary
foreman_1347_ACCTGAATCCATGCAA	1921	3833	0.19451697127937337	1347	PFA1	G1	CEC	primary
foreman_1347_ACTGTCCGTAGCTAAA	1191	2368	0.24408783783783783	1347	PFA1	G1	CEC	primary
foreman_1347_AGCGATTCACTCCTTG	2302	5819	0.23444482640082503	1347	PFA1	G1	CEC	primary
foreman_1347_AGCGCTGCAGGCCTGT	3793	9218	0.1382228490832158	1347	PFA1	G1	CEC	primary
foreman_1347_ATGAGTCAGAAATTGC	4448	16097	0.27186878727634195	1347	PFA1	G1	CEC	primary
foreman_1347_ATTCATCAGACCTGGA	4731	15911	0.18314373703726983	1347	PFA1	G1	CEC	primary
foreman_1347_CATGAGTCAGAGGCAT	3142	8445	0.2102333293852896	1347	PFA1	G1	CEC	primary
foreman_1347_CATTCATCACCTCTGT	4247	11456	0.12747751680782327	1347	PFA1	G1	CEC	primary
foreman_1347_CTGGCAGGTCCAGGTC	6033	24570	0.14428751678945012	1347	PFA1	S	CEC	primary
foreman_1347_GATGATCCAGTCAGCC	5134	17677	0.1296746817538897	1347	PFA1	S	CEC	primary
foreman_1347_GGGAAGTTCATTCGGA	4076	12080	0.20140728476821193	1347	PFA1	G1	CEC	primary
foreman_1347_GTGGTTATCCGAGATT	805	1370	0.272992700729927	1347	PFA1	G1	CEC	primary
foreman_1347_GTTGTAGGTCCAATCA	1801	3514	0.1591232564759465	1347	PFA1	S	CEC	primary
foreman_1347_TAACACGCAATTCTCT	5669	20969	0.12786760146897505	1347	PFA1	G1	CEC	primary
foreman_1347_TACCTCGGTTTGAAAG	1352	2418	0.1401985111662531	1347	PFA1	G1	CEC	primary
foreman_1347_TATTTCGTCCAAGCAT	3246	7556	0.12854117024093195	1347	PFA1	G1	CEC	primary
foreman_1347_TGAGGTTGTGTACGCC	2032	2905	0.07541322314049587	1347	PFA1	G1	CEC	primary
foreman_1347_TGGAGGACATCGAGCC	2397	5384	0.29189892233370496	1347	PFA1	G1	CEC	primary
foreman_1347_TTCCTTCTCGAGCCAC	3311	9164	0.16512059369202226	1347	PFA1	G1	CEC	primary
foreman_723_ACCTTTAAGGCGTACA	2246	6017	0.022776392352452202	723	PFA1	S	RELA-sc4	primary
foreman_727_AACACGTAGTGTACGG	429	676	0.1348148148148148	727	PFA2	G1	RELA-sc4	primary
foreman_1048_GGTCACGCAAATCCCA	649	833	0.04321728691476591	1048	PFA1	G1	RELA-sc4	primary
foreman_1329_CTACGTCAGAGGACGG	2756	9185	0.010779616724738676	1329	ST-RELA	G2M	RELA-sc4	recurrence
foreman_1329_GACAGAGGTAATCACC	1464	4628	0.05035660255024854	1329	ST-RELA	S	RELA-sc4	recurrence
foreman_1329_GATCGCGCAAGTAGTA	3903	15501	0.04019095542223083	1329	ST-RELA	S	RELA-sc4	recurrence
foreman_1329_GCAAACTGTGTGACCC	2918	8869	0.1324839327996392	1329	ST-RELA	S	RELA-sc4	recurrence
foreman_1329_GGTGAAGGTGATGCCC	3005	10690	0.023952095808383235	1329	ST-RELA	S	RELA-sc4	recurrence
foreman_1329_GTAACGTGTTAAGTAG	3939	13000	0.027309793061004693	1329	ST-RELA	S	RELA-sc4	recurrence
foreman_1329_GTATCTTTCCAAAGTC	4562	18670	0.0281214848143982	1329	ST-RELA	G1	RELA-sc4	recurrence
foreman_1329_GTCGGGTAGGCAAAGA	1840	4933	0.029191161564970605	1329	ST-RELA	S	RELA-sc4	recurrence
foreman_1329_TGACAACCACAAGACG	3636	14213	0.02835432350664884	1329	ST-RELA	S	RELA-sc4	recurrence
foreman_1329_TCAACGATCGTCCAGG	1573	4594	0.03373966042664345	1329	ST-RELA	S	RELA-sc4	recurrence
foreman_1329_CTCAGAATCTGGTGTA	4008	15885	0.01794145420207743	1329	ST-RELA	G1	RELA-sc4	recurrence
foreman_1329_TCGGGACGTCGAAAGC	3023	11096	0.008471521268925739	1329	ST-RELA	S	RELA-sc4	recurrence
foreman_1329_TCTCATAAGGAGTACC	2505	7782	0.01670521716782318	1329	ST-RELA	G1	RELA-sc4	recurrence
foreman_1329_TGCCCTAGTTTGGGCC	3436	10994	0.029109433275720912	1329	ST-RELA	S	RELA-sc4	recurrence
foreman_1329_ACATGGTGTAAAGGAG	2924	10598	0.01028495942630685	1329	ST-RELA	G1	RELA-sc4	recurrence
foreman_1329_ACGAGCCGTAGAAAGG	2410	7462	0.03149289734655588	1329	ST-RELA	S	RELA-sc4	recurrence
foreman_1329_ACTGCTCTCGCCTGAG	2268	6900	0.028115942028985506	1329	ST-RELA	G1	RELA-sc4	recurrence
foreman_1329_AGCGTCGGTACCGCTG	2261	8103	0.008638775762063433	1329	ST-RELA	G1	RELA-sc4	recurrence
foreman_1329_CGGACTGGTGTGACGA	2818	9960	0.03172690763052209	1329	ST-RELA	G1	RELA-sc4	recurrence
foreman_1329_CGGAGTCGTATTCTCT	4083	17213	0.07110904548887469	1329	ST-RELA	S	RELA-sc4	recurrence
foreman_1329_CGGTTAAGTCCTCTTG	4661	20567	0.0532892497690475	1329	ST-RELA	S	RELA-sc4	recurrence
foreman_1329_CGTAGCGGTACTCGCG	1210	2661	0.11616541353383458	1329	ST-RELA	G1	RELA-sc4	recurrence
foreman_1329_CGTCCATAGCCACCTG	2795	8662	0.12250317515298464	1329	ST-RELA	G1	RELA-sc4	recurrence
foreman_1329_CGTGTCTCATGCTGGC	2638	7205	0.04747362576346474	1329	ST-RELA	S	RELA-sc4	recurrence
foreman_1329_CTAATGGTCAACACCA	2792	8911	0.02962630456738862	1329	ST-RELA	S	RELA-sc4	recurrence
foreman_1329_CTACCCAGTCACCCAG	3267	9633	0.07257059800664452	1329	ST-RELA	G1	RELA-sc4	recurrence
foreman_1329_CTACGTCCAACGCACC	2407	5942	0.003702457085156513	1329	ST-RELA	S	RELA-sc4	recurrence
foreman_1329_CTAGAGTCACTGTCGG	2839	10522	0.032506415739948676	1329	ST-RELA	S	RELA-sc4	recurrence
foreman_1329_CTCACACGTATGAATG	2306	6684	0.032769714200209486	1329	ST-RELA	S	RELA-sc4	recurrence
foreman_1329_CTCGGGACAGACAAGC	2638	8337	0.03730806142034549	1329	ST-RELA	S	RELA-sc4	recurrence
foreman_1329_CTCGTCATCGGATGTT	2268	6889	0.03178980984177675	1329	ST-RELA	S	RELA-sc4	recurrence
foreman_1329_CTGAAGTGTTAGGGTG	2524	9083	0.045259332672613145	1329	ST-RELA	S	RELA-sc4	recurrence
foreman_1329_CTGCGGAGTCGGCATC	2860	10710	0.029598506069094303	1329	ST-RELA	S	RELA-sc4	recurrence
foreman_1329_CTGTGCTGTAGGCTGA	2479	7749	0.04336043360433604	1329	ST-RELA	S	RELA-sc4	recurrence
foreman_1329_CTGTTTAAGGCTCAGA	2694	9217	0.03319952262124336	1329	ST-RELA	S	RELA-sc4	recurrence
foreman_1329_CTTACCGAGCGAAGGG	2626	7956	0.02287581699346405	1329	ST-RELA	S	RELA-sc4	recurrence
foreman_1329_GAATAAGAGCCTTGAT	3976	14651	0.06362643364281813	1329	ST-RELA	S	RELA-sc4	recurrence
foreman_1329_GAATAAGCAGGAATCG	1857	5190	0.015414258188824663	1329	ST-RELA	G1	RELA-sc4	recurrence
foreman_1329_GACTGCGAGTCAAGGC	2698	8882	0.03355477986713208	1329	ST-RELA	S	RELA-sc4	recurrence
foreman_1329_GATCAGTAGGCAGGTT	2886	10191	0.040035325287017955	1329	ST-RELA	S	RELA-sc4	recurrence
foreman_1329_GATGAAACAGCTGCTG	2567	8999	0.036337370818979885	1329	ST-RELA	G1	RELA-sc4	recurrence
foreman_1329_GCACTCTCAAGCCCAC	4768	20059	0.1064858666932549	1329	ST-RELA	G2M	RELA-sc4	recurrence
foreman_1329_GCATGATTCATTGCCC	2727	9862	0.033468559837728194	1329	ST-RELA	S	RELA-sc4	recurrence
foreman_1329_GCGGGTTGTGTTTGTG	3024	9943	0.04737000905159409	1329	ST-RELA	G1	RELA-sc4	recurrence
foreman_1329_GCTCTGTTCAAACCAC	3463	12481	0.05296898789967145	1329	ST-RELA	S	RELA-sc4	recurrence
foreman_1329_GCTTGAAGTAGAAGGA	2482	6890	0.04252539912917271	1329	ST-RELA	S	RELA-sc4	recurrence
foreman_1329_GGAAAGCAGTATCTCG	3057	8514	0.08080808080808081	1329	ST-RELA	S	RELA-sc4	recurrence
foreman_1329_GGAAAGCAGTCACGCC	2507	7104	0.03688063063063063	1329	ST-RELA	S	RELA-sc4	recurrence
foreman_1329_GGAGCAAGTCAATGTC	1274	2531	0.00434610825760569	1329	ST-RELA	S	RELA-sc4	recurrence
foreman_1329_GGCAATTAGTAGCGGT	2515	8006	0.036347739195603294	1329	ST-RELA	G1	RELA-sc4	recurrence
foreman_1329_GGCAATTGTCTCGTTC	2760	8688	0.04212707182320442	1329	ST-RELA	G2M	RELA-sc4	recurrence
foreman_1329_GGCTGGTCAAAGGAAG	2304	6787	0.03123618682775895	1329	ST-RELA	G2M	RELA-sc4	recurrence
foreman_1329_GGGACCTTCCCAAGTA	2708	9981	0.009018939773524401	1329	ST-RELA	S	RELA-sc4	recurrence
foreman_1329_GGGCACTAGTAATCCC	2150	7338	0.03243390569637503	1329	ST-RELA	G1	RELA-sc4	recurrence
foreman_1329_GTACGTAGTTGAGTTC	3405	13143	0.0286105615583625	1329	ST-RELA	G2M	RELA-sc4	recurrence
foreman_1329_GTATCTTTCTACGAGT	2511	8759	0.03151044639799064	1329	ST-RELA	G1	RELA-sc4	recurrence
foreman_1329_GTCATTTTCTTGGGTA	3891	14303	0.019506397259316226	1329	ST-RELA	S	RELA-sc4	recurrence
foreman_1329_GTCCTCAAGTAATCCC	2878	8817	0.03187386569872958	1329	ST-RELA	S	RELA-sc4	recurrence
foreman_1329_GTCGTAACAAGTCTGT	3562	12701	0.040478815561505746	1329	ST-RELA	S	RELA-sc4	recurrence
foreman_1329_GTCTCGTGTTACCGAT	3282	10995	0.03683827542295798	1329	ST-RELA	S	RELA-sc4	recurrence
foreman_1329_GTCTCGTTCGCATGGC	2593	7792	0.02707905544147844	1329	ST-RELA	G1	RELA-sc4	recurrence
foreman_1329_GTCTTCGGTAGCGATG	3526	12453	0.05315988115313579	1329	ST-RELA	S	RELA-sc4	recurrence
foreman_1329_GTCTTCGGTTACGACT	2493	8250	0.05684848484848485	1329	ST-RELA	S	RELA-sc4	recurrence
foreman_1329_GTGCATACAAGGGTCA	2270	6399	0.04438193467729333	1329	ST-RELA	G2M	RELA-sc4	recurrence
foreman_1329_GTGCGGTCAAGCTGGA	3631	13570	0.04716981132075472	1329	ST-RELA	S	RELA-sc4	recurrence
foreman_1329_GTGCTTCCACAGAGGT	2945	10359	0.026064291920069503	1329	ST-RELA	S	RELA-sc4	recurrence
foreman_1329_GTGCTTCCAGTGGAGT	3145	13109	0.03486154550308948	1329	ST-RELA	S	RELA-sc4	recurrence
foreman_1329_GTTAAGCTCAGTTGAC	2472	7424	0.05051185344827586	1329	ST-RELA	S	RELA-sc4	recurrence
foreman_1329_GTTCATTTCTGGTGTA	1919	5373	0.009121370067014148	1329	ST-RELA	S	RELA-sc4	recurrence
foreman_1329_GTTCTCGAGGATATAC	2301	7524	0.03269537480063796	1329	ST-RELA	G1	RELA-sc4	recurrence
foreman_1329_TAAGCGTAGCTACCGC	2634	7920	0.011868686868686869	1329	ST-RELA	S	RELA-sc4	recurrence
foreman_1329_TACACGAGTCTCCACT	2713	9258	0.01911860012961763	1329	ST-RELA	G1	RELA-sc4	recurrence
foreman_1329_TACCTTAAGCCTATGT	2556	8912	0.049483842010771995	1329	ST-RELA	S	RELA-sc4	recurrence
foreman_1329_TACGGTAGTGTTTGGT	2858	11934	0.03477459359812301	1329	ST-RELA	S	RELA-sc4	recurrence
foreman_1329_TACTCATAGTGGCACA	2755	9297	0.04141120791653222	1329	ST-RELA	S	RELA-sc4	recurrence
foreman_1329_TAGACCAGTAAGTAGT	5289	23847	0.04294221253040342	1329	ST-RELA	G2M	RELA-sc4	recurrence
foreman_1329_TAGCCGGCACGTAAGG	3537	12722	0.03521458890111618	1329	ST-RELA	S	RELA-sc4	recurrence
foreman_1329_TATCAGGCACGCCAGT	3248	11154	0.046440738748431055	1329	ST-RELA	S	RELA-sc4	recurrence
foreman_1329_TCAACGAGTTAAGTAG	2705	9526	0.03170270837707327	1329	ST-RELA	G1	RELA-sc4	recurrence
foreman_1329_TCACAAGAGATCCTGT	2968	10199	0.03892920180427535	1329	ST-RELA	S	RELA-sc4	recurrence
foreman_1329_TCACAAGGTGACGCCT	2443	8721	0.01719986240110079	1329	ST-RELA	S	RELA-sc4	recurrence
foreman_1329_TCATTTGTCGGCATCG	2992	10496	0.016101371951219513	1329	ST-RELA	G2M	RELA-sc4	recurrence
foreman_1329_TCGGGACAGCCGCCTA	3882	14616	0.05836469380773178	1329	ST-RELA	S	RELA-sc4	recurrence
foreman_1329_TCTCATATCCCTTGCA	2976	10274	0.0317305820517812	1329	ST-RELA	G1	RELA-sc4	recurrence
foreman_1329_TCTCTAAGTTAAGACA	3306	11050	0.029592760180995475	1329	ST-RELA	S	RELA-sc4	recurrence
foreman_1329_TGACTAGAGGACTGGT	2499	7594	0.05122465104029497	1329	ST-RELA	G2M	RELA-sc4	recurrence
foreman_1329_TGACTAGAGGGATACC	3109	12293	0.04018874064432151	1329	ST-RELA	G1	RELA-sc4	recurrence
foreman_1329_TGAGAGGCATGTCGAT	3228	10280	0.044167720595388656	1329	ST-RELA	S	RELA-sc4	recurrence
foreman_1329_TGCCAAAGTCACCTAA	3510	12440	0.05530546623794212	1329	ST-RELA	S	RELA-sc4	recurrence
foreman_1329_TGCGTGGCACTCAGGC	3107	11490	0.04369777158774373	1329	ST-RELA	S	RELA-sc4	recurrence
foreman_1329_TGGGCGTAGTAGCCGA	3530	14483	0.04598494786991646	1329	ST-RELA	S	RELA-sc4	recurrence
foreman_1329_TGGTTAGAGTACGTAA	2917	10018	0.031346710591993614	1329	ST-RELA	S	RELA-sc4	recurrence
foreman_1329_TTATGCTTCTGTCCGT	4658	18768	0.0610613810741688	1329	ST-RELA	S	RELA-sc4	recurrence
foreman_1329_TTCGAAGTCACATGCA	1584	2719	0.013980868285504048	1329	ST-RELA	S	RELA-sc4	recurrence
foreman_1329_TTCGGTCAGTTCGCGC	2770	8910	0.04354657687991021	1329	ST-RELA	G1	RELA-sc4	recurrence
foreman_1329_AACTCTTCACATGACT	2815	9562	0.023844384020079483	1329	ST-RELA	G1	RELA-sc4	recurrence
foreman_1329_AAGACCTCATAAGACA	1703	4323	0.055285681239879716	1329	ST-RELA	S	RELA-sc4	recurrence
foreman_1329_AAGGCAGCAGATAATG	2101	6545	0.012377750611246944	1329	ST-RELA	G1	RELA-sc4	recurrence
foreman_1329_AAGGTTCGTACTCAAC	2825	9875	0.038079805549929104	1329	ST-RELA	S	RELA-sc4	recurrence
foreman_1329_AAGTCTGAGCCTATGT	2789	9845	0.0312880942706217	1329	ST-RELA	S	RELA-sc4	recurrence
foreman_1329_ACATCAGTCGGAAACG	3104	11070	0.04155374887082204	1329	ST-RELA	G1	RELA-sc4	recurrence
foreman_1329_ACCAGTACACCTTGTC	3639	13289	0.04876580373269115	1329	ST-RELA	S	RELA-sc4	recurrence
foreman_1329_ACCGTAATCAGGATCT	2007	4858	0.00514615067929189	1329	ST-RELA	G1	RELA-sc4	recurrence
foreman_1329_ACGATACAGAGGTAGA	2774	9230	0.0133261105092091	1329	ST-RELA	G1	RELA-sc4	recurrence
foreman_1329_ACGCCGAGTACCGGCT	3016	9251	0.02572972972972973	1329	ST-RELA	S	RELA-sc4	recurrence
foreman_1329_ACGCCGATCAGTGTTG	4520	17716	0.09138631745314969	1329	ST-RELA	G2M	RELA-sc4	recurrence
foreman_1329_ACGCCGATCTAAGCCA	2943	9289	0.060191665769355016	1329	ST-RELA	G1	RELA-sc4	recurrence
foreman_1329_ACGGAGACATCACGAT	4192	17937	0.029109971001561454	1329	ST-RELA	S	RELA-sc4	recurrence
foreman_1329_ACGGGCTGTGTAACGG	3896	15603	0.08	1329	ST-RELA	G1	RELA-sc4	recurrence
foreman_1329_ACTATCTTCCTATGTT	3424	11963	0.02984201287302516	1329	ST-RELA	S	RELA-sc4	recurrence
foreman_1329_ACTGCTCTCCACGTTC	3307	11172	0.04332259219477264	1329	ST-RELA	S	RELA-sc4	recurrence
foreman_1329_ACTTTCAGTACACCGC	2801	8283	0.03513219847881202	1329	ST-RELA	G1	RELA-sc4	recurrence
foreman_1329_AGACGTTAGGCATGGT	3367	12764	0.04544030084612974	1329	ST-RELA	S	RELA-sc4	recurrence
foreman_1329_AGAGCTTGTTGTACAC	2279	6854	0.039398803443747264	1329	ST-RELA	S	RELA-sc4	recurrence
foreman_1329_AGATCTGCAGGTGCCT	2886	10351	0.045704899024060296	1329	ST-RELA	S	RELA-sc4	recurrence
foreman_1329_AGATTGCTCATGTGGT	3645	13378	0.07131110778890716	1329	ST-RELA	S	RELA-sc4	recurrence
foreman_1329_AGCGGTCTCAGAAATG	5428	24143	0.05537837054218614	1329	ST-RELA	S	RELA-sc4	recurrence
foreman_1329_AGCGTATAGCGTTCCG	3593	12790	0.049335418295543394	1329	ST-RELA	S	RELA-sc4	recurrence
foreman_1329_AGCGTCGGTCCTGCTT	2302	7008	0.027829313543599257	1329	ST-RELA	G1	RELA-sc4	recurrence
foreman_1329_AGCTCCTCACACAGAG	3197	9671	0.10722779443697653	1329	ST-RELA	S	RELA-sc4	recurrence
foreman_1329_AGGCCACCAGGCGATA	3118	11984	0.027787049399198932	1329	ST-RELA	S	RELA-sc4	recurrence
foreman_1329_AGGCCGTCAAGAAGAG	2474	6184	0.047056921086675293	1329	ST-RELA	G2M	RELA-sc4	recurrence
foreman_1329_AGGGAGTCACTGTCGG	2675	9904	0.05452342487883683	1329	ST-RELA	G1	RELA-sc4	recurrence
foreman_1329_AGGGATGAGACCTTTG	4648	18062	0.04264038099457304	1329	ST-RELA	S	RELA-sc4	recurrence
foreman_1329_AGTGGGATCACATAGC	1165	2900	0.020689655172413793	1329	ST-RELA	G2M	RELA-sc4	recurrence
foreman_1329_AGTTGGTCATTTCACT	3646	13768	0.028183336965206654	1329	ST-RELA	S	RELA-sc4	recurrence
foreman_1329_ATAACGCGTAGAGCTG	3675	11298	0.08151885289431758	1329	ST-RELA	G1	RELA-sc4	recurrence
foreman_1329_ATAAGAGGTTCGTCTC	3630	13535	0.04736219890645781	1329	ST-RELA	S	RELA-sc4	recurrence
foreman_1329_ATAGACCGTAGATTAG	4632	19410	0.06414219474497682	1329	ST-RELA	S	RELA-sc4	recurrence
foreman_1329_ATCATCTGTGTCAATC	1980	5408	0.01257396449704142	1329	ST-RELA	S	RELA-sc4	recurrence
foreman_1329_ATGAGGGGTCTTGATG	4828	19749	0.048458149779735685	1329	ST-RELA	S	RELA-sc4	recurrence
foreman_1329_ATTACTCCAGTACACT	2917	11045	0.03168854685377999	1329	ST-RELA	S	RELA-sc4	recurrence
foreman_1329_ATTGGACGTGGTGTAG	2710	8317	0.03306878306878307	1329	ST-RELA	S	RELA-sc4	recurrence
foreman_1329_ATTTCTGCAGGGATTG	2647	8767	0.030119794637763833	1329	ST-RELA	S	RELA-sc4	recurrence
foreman_1329_CAACTAGCAATCGGTT	4630	16992	0.05973750809251957	1329	ST-RELA	G2M	RELA-sc4	recurrence
foreman_1329_CAAGGCCGTATATGGA	3041	11454	0.03466340696760674	1329	ST-RELA	G1	RELA-sc4	recurrence
foreman_1329_CACAAACAGGTGTGGT	2314	7775	0.04990353697749196	1329	ST-RELA	G1	RELA-sc4	recurrence
foreman_1329_CACACCTTCATTTGGG	2773	7975	0.020940438871473354	1329	ST-RELA	S	RELA-sc4	recurrence
foreman_1329_CACACTCAGGACACCA	4709	18370	0.079858464888405	1329	ST-RELA	S	RELA-sc4	recurrence
foreman_1329_CACAGTAAGTAGCGGT	4226	16007	0.05303929530830262	1329	ST-RELA	S	RELA-sc4	recurrence
foreman_1329_CACATTTAGTGATCGG	3247	10293	0.05479984453944812	1329	ST-RELA	G1	RELA-sc4	recurrence
foreman_1329_CACCAGGAGTCTCCTC	2909	9908	0.02149777957206298	1329	ST-RELA	S	RELA-sc4	recurrence
foreman_1329_CAGATCAAGACCTAGG	3161	11148	0.050506862833049254	1329	ST-RELA	S	RELA-sc4	recurrence
foreman_1329_CAGCAGCAGTACATGA	3005	11644	0.040882933951730656	1329	ST-RELA	S	RELA-sc4	recurrence
foreman_1329_CAGCTGGAGAGGTTGC	2742	8410	0.04708680142687277	1329	ST-RELA	S	RELA-sc4	recurrence
foreman_1329_CAGGTGCGTTCGGGCT	1746	3735	0.004551539491298527	1329	ST-RELA	S	RELA-sc4	recurrence
foreman_1329_CAGTAACAGCAGGTCA	3778	13232	0.041490326481257556	1329	ST-RELA	S	RELA-sc4	recurrence
foreman_1329_CATCCACAGCGATATA	1437	5111	0.017416829745596867	1329	ST-RELA	S	RELA-sc4	recurrence
foreman_1329_CATCGGGCAGTATCTG	2245	5853	0.011449077238550922	1329	ST-RELA	S	RELA-sc4	recurrence
foreman_1329_CATCGGGTCGCGCCAA	4483	16280	0.04527027027027027	1329	ST-RELA	S	RELA-sc4	recurrence
foreman_1329_CATGGCGAGAATGTTG	2071	4945	0.017597087378640776	1329	ST-RELA	S	RELA-sc4	recurrence
foreman_1329_CCAATCCCAGTCCTTC	3458	12224	0.03288612565445026	1329	ST-RELA	S	RELA-sc4	recurrence
foreman_1329_CCAGCGAGTATGCTTG	3905	12716	0.07061969172695816	1329	ST-RELA	G1	RELA-sc4	recurrence
foreman_1329_CCATTCGAGCAATATG	3012	10709	0.03501727518909328	1329	ST-RELA	S	RELA-sc4	recurrence
foreman_1329_CCCAGTTAGTGAATTG	3501	12638	0.0741473450977289	1329	ST-RELA	S	RELA-sc4	recurrence
foreman_1329_CCTAAAGGTCTAGAGG	2815	9252	0.04031560743623001	1329	ST-RELA	S	RELA-sc4	recurrence
foreman_1329_CCTACACCATTCACTT	3702	14396	0.03800194525496735	1329	ST-RELA	S	RELA-sc4	recurrence
foreman_1329_CCTAGCTTCTGGGCCA	3468	11788	0.05845918886814865	1329	ST-RELA	G1	RELA-sc4	recurrence
foreman_1329_CCTCAGTAGACACTAA	3328	11994	0.04443888610972153	1329	ST-RELA	S	RELA-sc4	recurrence
foreman_1329_CCTCAGTGTCTAGCGC	3315	11944	0.043536503683858	1329	ST-RELA	S	RELA-sc4	recurrence
foreman_1329_CCTTCCCGTGTGACCC	3162	10738	0.029335071707953065	1329	ST-RELA	S	RELA-sc4	recurrence
foreman_1329_CCTTTCTCAATCGAAA	4872	19148	0.09219117262992949	1329	ST-RELA	S	RELA-sc4	recurrence
foreman_1329_CGAGAAGGTTCGGGCT	4953	18217	0.17115880770708677	1329	ST-RELA	S	RELA-sc4	recurrence
foreman_1329_CGAGCACAGGTGCACA	3053	10669	0.03552347923891649	1329	ST-RELA	S	RELA-sc4	recurrence
foreman_1329_CGAGCCAAGCACGCCT	3464	13123	0.03421473748380706	1329	ST-RELA	S	RELA-sc4	recurrence
foreman_1329_CGAGCCACACCAACCG	3084	11031	0.03789321004442027	1329	ST-RELA	S	RELA-sc4	recurrence
foreman_1329_CGATGTACATGGTAGG	2798	9818	0.037482175595844366	1329	ST-RELA	S	RELA-sc4	recurrence
foreman_1329_CGCGGTAAGGCAATTA	3508	15322	0.027543894001697017	1329	ST-RELA	S	RELA-sc4	recurrence
foreman_1329_CGCTATCTCATACGGT	2431	8646	0.029030765671987046	1329	ST-RELA	G1	RELA-sc4	recurrence
foreman_1329_CGGACACGTCCTGCTT	2816	9918	0.03953206938281565	1329	ST-RELA	S	RELA-sc4	recurrence
foreman_1329_CGTGTCTAGTCGATAA	3764	12384	0.09060809173867398	1329	ST-RELA	S	RELA-sc4	recurrence
foreman_1329_CTACATTAGCTAACAA	4041	13405	0.07490301402566397	1329	ST-RELA	S	RELA-sc4	recurrence
foreman_1329_CTGCTGTCACGGTAAG	2874	8206	0.06508226691042047	1329	ST-RELA	S	RELA-sc4	recurrence
foreman_1329_GATCGCGGTGATAAGT	3253	10321	0.06763565891472868	1329	ST-RELA	S	RELA-sc4	recurrence
foreman_1329_GCATGCGCAAGTCTGT	2017	5321	0.02593497462882917	1329	ST-RELA	S	RELA-sc4	recurrence
foreman_1329_GCTCTGTGTCATGCAT	2617	9536	0.038066275167785234	1329	ST-RELA	S	RELA-sc4	recurrence
foreman_1329_GGACAGATCAGAGCTT	4033	16723	0.045508910417414186	1329	ST-RELA	G1	RELA-sc4	recurrence
foreman_1329_GGATTACAGAGAGCTC	1169	2351	0.09953211399404509	1329	ST-RELA	G1	RELA-sc4	recurrence
foreman_1329_GGCGACTTCTTGTCAT	2785	9353	0.014756201881950384	1329	ST-RELA	S	RELA-sc4	recurrence
foreman_1329_GGCTGGTCACAACGCC	4839	19222	0.1280303818541255	1329	ST-RELA	S	RELA-sc4	recurrence
foreman_1329_GTATCTTCATTCCTGC	2519	8327	0.027861174492614386	1329	ST-RELA	G1	RELA-sc4	recurrence
foreman_1329_GTCATTTTCACAGGCC	4319	15858	0.08361710177828226	1329	ST-RELA	S	RELA-sc4	recurrence
foreman_1329_TAGACCACATAGAAAC	3784	13746	0.03659778812572759	1329	ST-RELA	S	RELA-sc4	recurrence
foreman_1329_TATCAGGAGCAATATG	4956	17559	0.08986844353323083	1329	ST-RELA	S	RELA-sc4	recurrence
foreman_1329_TATCTCATCGGGAGTA	3446	14852	0.041745219499057365	1329	ST-RELA	S	RELA-sc4	recurrence
foreman_1329_TCTCTAAAGACCTAGG	3002	11098	0.029917995854735514	1329	ST-RELA	S	RELA-sc4	recurrence
foreman_1329_TGCTACCGTTGTGGCC	2910	11131	0.027852650494159928	1329	ST-RELA	S	RELA-sc4	recurrence
foreman_1329_TTAGGACGTCGAACAG	3253	12601	0.035394016347908897	1329	ST-RELA	G1	RELA-sc4	recurrence
foreman_1329_TTGGAACTCTATGTGG	4945	24792	0.021663708245925447	1329	ST-RELA	S	RELA-sc4	recurrence
foreman_1329_TTTATGCCATACGCTA	2525	7827	0.05417837975977511	1329	ST-RELA	S	RELA-sc4	recurrence
foreman_1158_2_TTCGCTGCATAAGCGG	499	928	0.2834051724137931	1158	ST-RELA	G1	RELA-sc4	recurrence
foreman_723_AGTAGTCGTATGAAAC	1168	2600	0.021923076923076924	723	PFA1	G1	RELA-sc2	primary
foreman_723_GCAAACTGTAAGTGGC	596	979	0.18098159509202455	723	PFA1	S	RELA-sc2	primary
foreman_723_ACGATGTCAAGTACCT	337	693	0.11544011544011544	723	PFA1	S	RELA-sc2	primary
foreman_723_ATCATGGCATATGGTC	244	486	0.08641975308641975	723	PFA1	G1	RELA-sc2	primary
foreman_723_CGTCCATTCGAGAACG	397	927	0.06256742179072276	723	PFA1	S	RELA-sc2	primary
foreman_723_CGTGAGCGTTCCACAA	254	536	0.08768656716417911	723	PFA1	G1	RELA-sc2	primary
foreman_723_CTAATGGAGGGATGGG	322	744	0.21505376344086022	723	PFA1	G1	RELA-sc2	primary
foreman_723_AAATGCCCAGCCTTGG	626	1160	0.01206896551724138	723	PFA1	G2M	RELA-sc2	primary
foreman_723_TGGGAAGGTCTTCTCG	443	748	0.14171122994652408	723	PFA1	S	RELA-sc2	primary
foreman_723_AGTGGGATCAAACGGG	553	964	0.12136929460580913	723	PFA1	S	RELA-sc2	primary
foreman_723_CATGCCTTCAGCTTAG	642	1603	0.036805988771054274	723	PFA1	G1	RELA-sc2	primary
foreman_723_GGCCGATAGAAGGTTT	418	682	0.04838709677419355	723	PFA1	S	RELA-sc2	primary
foreman_723_TAAGCGTCAACACCCG	304	501	0.07784431137724551	723	PFA1	S	RELA-sc2	primary
foreman_727_CATGACATCTTGTACT	837	2096	0.16364503816793893	727	PFA2	G2M	RELA-sc2	primary
foreman_727_TTTGTCAGTGATAAAC	258	524	0.13931297709923665	727	PFA2	G1	RELA-sc2	primary
foreman_727_GATCAGTGTCGTTGTA	400	548	0.012773722627737226	727	PFA2	G1	RELA-sc2	primary
foreman_727_TACAGTGAGATATACG	429	633	0.07582938388625593	727	PFA2	S	RELA-sc2	primary
foreman_781_CTACATTAGACCTTTG	589	1651	0.2543912780133253	781	PFA1	G1	RELA-sc2	primary
foreman_781_GTTAAGCCAGGGATTG	239	507	0.1341222879684418	781	PFA1	G1	RELA-sc2	primary
foreman_781_TCGAGGCGTCTTGTCC	250	601	0.20133111480865223	781	PFA1	G1	RELA-sc2	primary
foreman_781_CCACCTATCAATCTCT	400	637	0.2087912087912088	781	PFA1	S	RELA-sc2	primary
foreman_839_ATTCTACTCCTTTCGG	237	349	0.10028653295128939	839	PFA1	G2M	RELA-sc2	primary
foreman_839_TACGGTATCTGTCTAT	213	296	0.08445945945945946	839	PFA1	S	RELA-sc2	primary
foreman_839_TCGTAGATCTGCGTAA	304	431	0.04176334106728538	839	PFA1	G1	RELA-sc2	primary
foreman_839_ACCGTAAAGATTACCC	937	2157	0.1730055658627087	839	PFA1	G1	RELA-sc2	primary
foreman_839_ATCATCTCAATCCAAC	209	241	0.04979253112033195	839	PFA1	G2M	RELA-sc2	primary
foreman_839_CAAGAAACATGGGAAC	233	270	0.05925925925925926	839	PFA1	S	RELA-sc2	primary
foreman_839_CGGTTAACAACTGGCC	780	2059	0.2690626517727052	839	PFA1	S	RELA-sc2	primary
foreman_839_CGTAGCGCAAGGCTCC	228	316	0.012658227848101266	839	PFA1	G1	RELA-sc2	primary
foreman_839_CGTCCATAGGAATGGA	217	270	0.025925925925925925	839	PFA1	G2M	RELA-sc2	primary
foreman_839_GACTACAGTTCCGTCT	646	1214	0.24237427864798022	839	PFA1	G1	RELA-sc2	primary
foreman_839_TAAGCGTGTGGCGAAT	472	854	0.23653395784543327	839	PFA1	G1	RELA-sc2	primary
foreman_839_TCAGATGCATACTCTT	620	1087	0.24033149171270718	839	PFA1	S	RELA-sc2	primary
foreman_839_TTGCCGTAGTTAGGTA	966	1896	0.22427440633245382	839	PFA1	S	RELA-sc2	primary
foreman_848_ACGATGTTCCACGACG	384	665	0.2857142857142857	848	PFA1	S	RELA-sc2	primary
foreman_848_ACGATACCAATTGCTG	484	650	0.016923076923076923	848	PFA1	G1	RELA-sc2	primary
foreman_848_CACCACTGTCATGCAT	400	638	0.03134796238244514	848	PFA1	G1	RELA-sc2	primary
foreman_848_CTCGTCAGTTCCACTC	347	530	0.020754716981132074	848	PFA1	G1	RELA-sc2	primary
foreman_848_GCAGTTACACTATCTT	432	682	0.04398826979472141	848	PFA1	G1	RELA-sc2	primary
foreman_848_GGCCGATCACAACTGT	449	661	0.07715582450832073	848	PFA1	G1	RELA-sc2	primary
foreman_848_TCTCTAACAGCCTTTC	376	634	0.015772870662460567	848	PFA1	G1	RELA-sc2	primary
foreman_848_TCTTCGGGTAGGAGTC	498	873	0.22451317296678122	848	PFA1	G1	RELA-sc2	primary
foreman_848_TTAACTCGTGACTACT	589	813	0.04551045510455105	848	PFA1	G2M	RELA-sc2	primary
foreman_848_TTAGGCAGTTCCTCCA	388	591	0.08629441624365482	848	PFA1	G1	RELA-sc2	primary
foreman_848_AAAGTAGAGTTCCACA	419	559	0.08602150537634409	848	PFA1	G2M	RELA-sc2	primary
foreman_848_AACTCTTTCTTGTTTG	445	748	0.053475935828877004	848	PFA1	S	RELA-sc2	primary
foreman_848_AAGGTTCAGGAATGGA	406	545	0.10825688073394496	848	PFA1	G1	RELA-sc2	primary
foreman_848_CACAAACTCTTACCTA	362	506	0.10869565217391304	848	PFA1	G2M	RELA-sc2	primary
foreman_848_CGGAGCTTCCTCAACC	346	524	0.15076335877862596	848	PFA1	S	RELA-sc2	primary
foreman_848_GCCTCTAAGTCGTACT	390	533	0.08067542213883677	848	PFA1	G1	RELA-sc2	primary
foreman_848_GGCCGATTCAGCACAT	457	636	0.0330188679245283	848	PFA1	G2M	RELA-sc2	primary
foreman_848_GTTAAGCCATACCATG	685	1207	0.028169014084507043	848	PFA1	S	RELA-sc2	primary
foreman_848_TTGCCGTGTCTCCCTA	332	545	0.10275229357798166	848	PFA1	G2M	RELA-sc2	primary
foreman_848_CATCGGGTCACAGTAC	375	550	0.19454545454545455	848	PFA1	S	RELA-sc2	primary
foreman_848_CTACCCACAATCCGAT	376	555	0.043243243243243246	848	PFA1	G1	RELA-sc2	primary
foreman_848_CTGATCCCATCATCCC	386	532	0.04143126177024482	848	PFA1	G1	RELA-sc2	primary
foreman_848_GATGAGGAGCATCATC	377	503	0.033797216699801194	848	PFA1	G1	RELA-sc2	primary
foreman_848_GCAATCACACTGTTAG	304	518	0.25675675675675674	848	PFA1	S	RELA-sc2	primary
foreman_848_GTTCATTGTGTGCCTG	346	530	0.2169811320754717	848	PFA1	G1	RELA-sc2	primary
foreman_848_TGCCCATTCCTCGCAT	342	522	0.017241379310344827	848	PFA1	G2M	RELA-sc2	primary
foreman_848_TTATGCTGTTATGCGT	335	625	0.1104	848	PFA1	G1	RELA-sc2	primary
foreman_859_TGACGGCAGTCTTGCA	268	398	0.10552763819095477	859	PFA1	G1	RELA-sc2	primary
foreman_859_CTCGTCATCACATACG	282	396	0.06565656565656566	859	PFA1	G1	RELA-sc2	primary
foreman_859_AAAGCAAGTATAGGTA	340	449	0.028953229398663696	859	PFA1	G1	RELA-sc2	primary
foreman_859_ACCAGTATCAGCCTAA	299	399	0.05513784461152882	859	PFA1	G2M	RELA-sc2	primary
foreman_859_ACCTTTACAGATGGGT	306	389	0.02570694087403599	859	PFA1	G1	RELA-sc2	primary
foreman_859_ATTGGACTCGTTTAGG	291	429	0.06060606060606061	859	PFA1	S	RELA-sc2	primary
foreman_859_CAAGGCCAGCGTCAAG	332	498	0.06626506024096386	859	PFA1	G2M	RELA-sc2	primary
foreman_859_CAGCAGCTCTGAGTGT	388	555	0.05405405405405406	859	PFA1	G1	RELA-sc2	primary
foreman_859_CTAGCCTGTCATGCCG	347	465	0.047311827956989246	859	PFA1	S	RELA-sc2	primary
foreman_859_CTCAGAATCTACCTGC	327	470	0.05319148936170213	859	PFA1	G1	RELA-sc2	primary
foreman_859_CTGGTCTTCACTATTC	393	558	0.04121863799283154	859	PFA1	S	RELA-sc2	primary
foreman_859_GACGTTAAGCAAATCA	287	391	0.09207161125319693	859	PFA1	G1	RELA-sc2	primary
foreman_859_GAGGTGAAGACGCACA	281	399	0.06766917293233082	859	PFA1	G2M	RELA-sc2	primary
foreman_859_GCGACCACACCGATAT	304	442	0.12217194570135746	859	PFA1	G1	RELA-sc2	primary
foreman_859_GTCGTAATCGTATCAG	297	408	0.08333333333333333	859	PFA1	G1	RELA-sc2	primary
foreman_859_TAGTGGTGTGACAAAT	293	402	0.03233830845771144	859	PFA1	G1	RELA-sc2	primary
foreman_859_TCGTAGAAGATATGGT	276	399	0.10275689223057644	859	PFA1	G1	RELA-sc2	primary
foreman_859_TCGTAGATCGGCGGTT	328	454	0.08149779735682819	859	PFA1	G1	RELA-sc2	primary
foreman_859_TCTCTAACAGTTAACC	314	412	0.012135922330097087	859	PFA1	G1	RELA-sc2	primary
foreman_859_TCTTCGGTCGGCGCTA	391	554	0.05054151624548736	859	PFA1	G1	RELA-sc2	primary
foreman_859_TTTGCGCTCTCCCTGA	330	452	0.035398230088495575	859	PFA1	S	RELA-sc2	primary
foreman_859_CGTCACTCAGCTATTG	288	439	0.009111617312072893	859	PFA1	G2M	RELA-sc2	primary
foreman_859_GAACATCGTCCAAGTT	305	763	0.039318479685452164	859	PFA1	G1	RELA-sc2	primary
foreman_859_GGGCACTCACGGACAA	364	547	0.14442413162705667	859	PFA1	S	RELA-sc2	primary
foreman_859_TCTGAGACAATAGCGG	566	1114	0.05385996409335727	859	PFA1	G2M	RELA-sc2	primary
foreman_871_AGGCCGTAGAACTCGG	256	372	0.08064516129032258	871	PFA1	G1	RELA-sc2	primary
foreman_871_ATCGAGTAGCTCCCAG	245	425	0.20705882352941177	871	PFA1	G1	RELA-sc2	primary
foreman_871_CGATGGCCAAGCGAGT	238	296	0.02364864864864865	871	PFA1	S	RELA-sc2	primary
foreman_871_ACCAGTAAGTGCGATG	241	318	0.07547169811320754	871	PFA1	G2M	RELA-sc2	primary
foreman_871_ACGAGGATCACTGGGC	286	410	0.07560975609756097	871	PFA1	G2M	RELA-sc2	primary
foreman_871_GGTGAAGCACTCGACG	203	246	0.036585365853658534	871	PFA1	G1	RELA-sc2	primary
foreman_911_ATTCTACTCCTTTCGG	330	483	0.09316770186335403	911	PFA2	S	RELA-sc2	primary
foreman_911_GTATCTTCAAACTGTC	227	337	0.16023738872403562	911	PFA2	G2M	RELA-sc2	primary
foreman_911_TCGTAGATCTGCGTAA	373	564	0.03546099290780142	911	PFA2	S	RELA-sc2	primary
foreman_911_ACATGGTGTACAGTTC	325	475	0.056842105263157895	911	PFA2	G2M	RELA-sc2	primary
foreman_911_AGGTCATGTGCAACGA	343	595	0.12773109243697478	911	PFA2	S	RELA-sc2	primary
foreman_911_GCATGATTCCTATTCA	271	365	0.043835616438356165	911	PFA2	G2M	RELA-sc2	primary
foreman_928_GCACTCTAGGATATAC	256	345	0.0782608695652174	928	PFA1	G1	RELA-sc2	primary
foreman_928_ACATGGTGTACAGTTC	329	490	0.04081632653061224	928	PFA1	G2M	RELA-sc2	primary
foreman_928_AGGTCATGTGCAACGA	380	624	0.09294871794871795	928	PFA1	G1	RELA-sc2	primary
foreman_928_ATTCTACTCCTTTCGG	294	458	0.12445414847161572	928	PFA1	S	RELA-sc2	primary
foreman_965_CCTATTATCAGTTCGA	438	863	0.18076477404403243	965	PFA2	G1	RELA-sc2	primary
foreman_965_GGATGTTAGACGCAAC	298	515	0.23300970873786409	965	PFA2	G1	RELA-sc2	primary
foreman_987_ACCACAATCACAAGGG	442	890	0.12260967379077616	987	PFA2	S	RELA-sc2	primary
foreman_987_ACCTACCAGGCGAAGG	349	670	0.08208955223880597	987	PFA2	G2M	RELA-sc2	primary
foreman_987_ACGATCAAGTGGACGT	369	585	0.0905982905982906	987	PFA2	G2M	RELA-sc2	primary
foreman_987_ACGTACACACGACGAA	294	564	0.12234042553191489	987	PFA2	G2M	RELA-sc2	primary
foreman_987_CACCGTTTCTACTTCA	474	914	0.087527352297593	987	PFA2	S	RELA-sc2	primary
foreman_987_CACGTTCAGTGGCCTC	397	670	0.07014925373134329	987	PFA2	S	RELA-sc2	primary
foreman_987_CATCCACGTGGCTGAA	345	572	0.07867132867132867	987	PFA2	G1	RELA-sc2	primary
foreman_987_CATCCACTCCCGTGTT	446	1005	0.11741293532338308	987	PFA2	G1	RELA-sc2	primary
foreman_987_CATCCGTTCTCGACCT	349	656	0.13414634146341464	987	PFA2	G1	RELA-sc2	primary
foreman_987_CCACTTGGTGCGCTCA	480	903	0.06976744186046512	987	PFA2	S	RELA-sc2	primary
foreman_987_CCCTGATAGGTTTGAA	273	511	0.060665362035225046	987	PFA2	G1	RELA-sc2	primary
foreman_987_CCGATGGTCGCCTCTA	297	540	0.09814814814814815	987	PFA2	G1	RELA-sc2	primary
foreman_987_CCGTTCAGTGTTCCAA	328	601	0.1497504159733777	987	PFA2	G1	RELA-sc2	primary
foreman_987_CTGAATGCATCATGAC	381	681	0.14684287812041116	987	PFA2	G1	RELA-sc2	primary
foreman_987_GAACGTTTCTGAATGC	326	616	0.13474025974025974	987	PFA2	G1	RELA-sc2	primary
foreman_987_GACCAATTCCCGAGGT	257	504	0.08333333333333333	987	PFA2	G1	RELA-sc2	primary
foreman_987_GACGTTACAGCAGTTT	443	926	0.091792656587473	987	PFA2	S	RELA-sc2	primary
foreman_987_GAGTTTGCAATGGCCC	567	1289	0.06749418153607448	987	PFA2	S	RELA-sc2	primary
foreman_987_GCGAGAATCCGTATAG	380	698	0.11318051575931232	987	PFA2	S	RELA-sc2	primary
foreman_987_GGAATGGAGAGGGTAA	384	849	0.08844339622641509	987	PFA2	G1	RELA-sc2	primary
foreman_987_GGAGATGAGGGCAGAG	255	521	0.12476007677543186	987	PFA2	G1	RELA-sc2	primary
foreman_987_GGCGTCAAGATGCTTC	288	518	0.09266409266409266	987	PFA2	G1	RELA-sc2	primary
foreman_987_GTCGCGACAGCCTACG	265	566	0.1431095406360424	987	PFA2	G2M	RELA-sc2	primary
foreman_987_GTTCCGTAGGCGATAC	439	946	0.1226215644820296	987	PFA2	G2M	RELA-sc2	primary
foreman_987_TATCAGGCAATGAAAC	319	767	0.1290743155149935	987	PFA2	G1	RELA-sc2	primary
foreman_987_TCAGTTTAGTAGGAAG	301	556	0.11330935251798561	987	PFA2	G1	RELA-sc2	primary
foreman_987_TCCTTCTAGTATGACA	377	704	0.11079545454545454	987	PFA2	S	RELA-sc2	primary
foreman_987_TCGCACTTCAAAGCCT	289	505	0.07920792079207921	987	PFA2	G1	RELA-sc2	primary
foreman_987_TCTTCCTCAAAGAACT	724	1664	0.10402886349969934	987	PFA2	S	RELA-sc2	primary
foreman_987_TGAATGCCAGTTGTCA	358	751	0.14247669773635152	987	PFA2	G1	RELA-sc2	primary
foreman_987_TGGGAAGGTGCCGGTT	319	640	0.10625	987	PFA2	S	RELA-sc2	primary
foreman_987_TGGGAGAGTACCTGTA	600	1510	0.09602649006622517	987	PFA2	G1	RELA-sc2	primary
foreman_987_TTCCGGTCACGTGAGA	313	555	0.12252252252252252	987	PFA2	G2M	RELA-sc2	primary
foreman_987_TTCTTGACATGACTAC	768	1619	0.08214947498455837	987	PFA2	S	RELA-sc2	primary
foreman_1010_TGCAGTACAATCCTAG	1141	2846	0.11107205623901582	1010	PFA1	G1	RELA-sc2	primary
foreman_1010_GAGAAATCATTCGATG	1289	2793	0.003938417472252059	1010	PFA1	G2M	RELA-sc2	primary
foreman_1010_ACTATGGGTCAGACTT	766	1046	0.040152963671128104	1010	PFA1	G1	RELA-sc2	primary
foreman_1010_GGCTTGGTCCCATAAG	1967	5360	0.18193692853144244	1010	PFA1	G1	RELA-sc2	primary
foreman_1010_GGTTCTCTCTTCGGAA	921	1788	0.16834451901565994	1010	PFA1	G2M	RELA-sc2	primary
foreman_1010_GTCGTAACAACAAGAT	1475	3285	0.17174177831912302	1010	PFA1	G1	RELA-sc2	primary
foreman_1010_AGAGAGCCAGAGAGGG	1150	2151	0.0297951582867784	1010	PFA1	S	RELA-sc2	primary
foreman_1010_ATTACCTTCTTCGCTG	647	1029	0.061224489795918366	1010	PFA1	G1	RELA-sc2	primary
foreman_1010_GGGCGTTAGGCTAGCA	967	2052	0.12536585365853659	1010	PFA1	G2M	RELA-sc2	primary
foreman_1010_TGTGCGGAGTCGAGGT	1654	3389	0.14521841794569068	1010	PFA1	G1	RELA-sc2	primary
foreman_1048_AACGTCAGTTAGTTCG	1013	2030	0.24778325123152709	1048	PFA1	G1	RELA-sc2	primary
foreman_1048_AGGAGGTTCAAGCTGT	541	771	0.03761348897535668	1048	PFA1	S	RELA-sc2	primary
foreman_1048_ATTACCTGTTGTTGAC	775	1720	0.26833527357392317	1048	PFA1	S	RELA-sc2	primary
foreman_1048_CAATTTCGTATCGTGT	2909	6690	0.0764055023923445	1048	PFA1	G1	RELA-sc2	primary
foreman_1048_GTAACCACATACTTTC	671	1580	0.2645569620253165	1048	PFA1	G1	RELA-sc2	primary
foreman_1048_TATCTTGAGATGCTTC	1087	2225	0.21842696629213484	1048	PFA1	G1	RELA-sc2	primary
foreman_1048_ACCAACATCAAAGACA	336	515	0.03501945525291829	1048	PFA1	S	RELA-sc2	primary
foreman_1048_ACCCTTGAGCGGACAT	1059	2687	0.297729810197246	1048	PFA1	G1	RELA-sc2	primary
foreman_1048_CATGCGGGTCTACATG	478	1365	0.20366300366300366	1048	PFA1	S	RELA-sc2	primary
foreman_1048_GGCTGTGTCGATTGAC	460	898	0.23719376391982183	1048	PFA1	G1	RELA-sc2	primary
foreman_1048_GTAATCGGTCACTGAT	512	790	0.13037974683544304	1048	PFA1	G1	RELA-sc2	primary
foreman_1048_TCGGGACGTTGTGGCC	723	1421	0.2800844475721323	1048	PFA1	G1	RELA-sc2	primary
foreman_1048_TTCTCTCAGGATTTCC	1318	3332	0.019513659561693184	1048	PFA1	G1	RELA-sc2	primary
foreman_1048_CAACGGCTCTACTCAT	443	579	0.025906735751295335	1048	PFA1	G2M	RELA-sc2	primary
foreman_1048_GAGTTGTGTGGGACAT	900	1629	0.0767341927562922	1048	PFA1	G2M	RELA-sc2	primary
foreman_1048_TACATTCTCGGTCATA	657	1148	0.14982578397212543	1048	PFA1	G1	RELA-sc2	primary
foreman_1048_TGAATGCGTCTTGCGG	1008	1929	0.14307931570762053	1048	PFA1	G1	RELA-sc2	primary
foreman_1048_ACCTGAAAGTCGGGAT	1540	3291	0.09176542084472805	1048	PFA1	G2M	RELA-sc2	primary
foreman_1048_AGACAAATCTAATTCC	1387	2437	0.0016420361247947454	1048	PFA1	G2M	RELA-sc2	primary
foreman_1048_AGTGCCGGTGTTGACT	1627	3246	0.1860751694393099	1048	PFA1	S	RELA-sc2	primary
foreman_1048_ATGCGATCAGCTCATA	660	1088	0.16743330266789327	1048	PFA1	G2M	RELA-sc2	primary
foreman_1048_ATTCGTTAGTAGGGTC	587	1061	0.09519321394910461	1048	PFA1	G1	RELA-sc2	primary
foreman_1048_CTACAGAAGGGTTAGC	467	846	0.11347517730496454	1048	PFA1	S	RELA-sc2	primary
foreman_1048_CTCCATGTCTCAAAGC	990	2194	0.27894257064721967	1048	PFA1	G1	RELA-sc2	primary
foreman_1048_GACATCACAACACTAC	1029	2602	0.2598001537279016	1048	PFA1	S	RELA-sc2	primary
foreman_1048_GCACTAAAGGAGAATG	560	911	0.11098901098901098	1048	PFA1	S	RELA-sc2	primary
foreman_1048_GGGTTTACAACCGTAT	441	694	0.056195965417867436	1048	PFA1	G1	RELA-sc2	primary
foreman_1048_GTCTAGATCGCCTTGT	773	1529	0.2701111837802485	1048	PFA1	G2M	RELA-sc2	primary
foreman_1048_GTTAGTGCAAGAAACT	1263	2238	0.18998658918194009	1048	PFA1	G2M	RELA-sc2	primary
foreman_1048_TAAGCCATCGTAGTGT	1218	2714	0.17649226234340457	1048	PFA1	G1	RELA-sc2	primary
foreman_1048_TACATTCCAACACAAA	624	877	0.04218928164196123	1048	PFA1	G2M	RELA-sc2	primary
foreman_1048_TCTTAGTCAAACAGGC	532	765	0.09554973821989529	1048	PFA1	S	RELA-sc2	primary
foreman_1067_AATCACGGTACCTGTA	1220	3169	0.1309561375828337	1067	PFB	G1	RELA-sc2	primary
foreman_1067_CGGGACTCACATTGTG	548	5982	0.03788767812238055	1067	PFB	G1	RELA-sc2	primary
foreman_1067_GTAATGCTCCAAAGGG	380	664	0.2635542168674699	1067	PFB	G1	RELA-sc2	primary
foreman_1101_GGTATTGGTTCCGTCT	665	1196	0.004180602006688963	1101	PFA2	G1	RELA-sc2	primary
foreman_1101_ACAGCCGGTACCATCA	839	1216	0.004118616144975288	1101	PFA2	S	RELA-sc2	primary
foreman_1101_ACATACGAGCGATCCC	614	808	0.0161090458488228	1101	PFA2	G2M	RELA-sc2	primary
foreman_1101_ACGGGTCTCTTTAGGG	614	931	0.0010741138560687433	1101	PFA2	G1	RELA-sc2	primary
foreman_1101_ATAGACCTCGCTAGCG	440	790	0.07088607594936709	1101	PFA2	G2M	RELA-sc2	primary
foreman_1101_CAGCCGATCTACCTGC	877	1611	0.12042209807572936	1101	PFA2	G1	RELA-sc2	primary
foreman_1101_CGGACTGAGAAGATTC	1012	1482	0.018893387314439947	1101	PFA2	S	RELA-sc2	primary
foreman_1101_CTCGGGACATCTCGCT	317	717	0.019525801952580194	1101	PFA2	G2M	RELA-sc2	primary
foreman_1101_GCGCAGTCACCGCTAG	702	1233	0.01868399675060926	1101	PFA2	G1	RELA-sc2	primary
foreman_1101_TACCTTAGTGCGAAAC	473	733	0.01092896174863388	1101	PFA2	G2M	RELA-sc2	primary
foreman_1101_TGTGTTTAGTGGGTTG	540	1760	0.13700966458214894	1101	PFA2	S	RELA-sc2	primary
foreman_1101_AGCTCCTGTCTGCCAG	723	1543	0.028515878159429683	1101	PFA2	G1	RELA-sc2	primary
foreman_1101_CTGAAACAGCCACGCT	732	1550	0.019367333763718526	1101	PFA2	G1	RELA-sc2	primary
foreman_1101_GTGTGCGAGACGCTTT	517	953	0.014705882352941176	1101	PFA2	G1	RELA-sc2	primary
foreman_1101_TGTTCCGGTGGTTTCA	508	864	0.004629629629629629	1101	PFA2	G2M	RELA-sc2	primary
foreman_1101_CCGTACTGTCAACTGT	818	1809	0.061946902654867256	1101	PFA2	G1	RELA-sc2	primary
foreman_1101_CGTAGCGAGTTGTCGT	679	1019	0.001968503937007874	1101	PFA2	G1	RELA-sc2	primary
foreman_1101_TGACTTTAGTGTTGAA	749	1459	0.003429355281207133	1101	PFA2	G1	RELA-sc2	primary
foreman_1185_CCGATCTGTCACCTTC	522	611	0.0032733224222585926	1185	ST-YAP	S	RELA-sc2	primary
foreman_1185_CTGCCATAGTAATTGG	274	643	0.02332814930015552	1185	ST-YAP	G2M	RELA-sc2	primary
foreman_1185_AGCCAATTCAAGGCTT	735	1293	0.25676720804331016	1185	ST-YAP	G1	RELA-sc2	primary
foreman_1386_AAGGAGCTCCTTGACC	780	1582	0.01580278128950695	1386	ST-RELA	G1	RELA-sc2	recurrence
foreman_1386_ACATACGAGTAAGTAC	1266	2895	0.09084628670120898	1386	ST-RELA	G1	RELA-sc2	recurrence
foreman_1386_ACCAGTATCTCTTGAT	476	764	0.04581151832460733	1386	ST-RELA	G2M	RELA-sc2	recurrence
foreman_1386_ACGGAGAGTCTAACGT	1741	4183	0.056179775280898875	1386	ST-RELA	S	RELA-sc2	recurrence
foreman_1386_ACTGCTCAGGGTGTGT	437	530	0.033962264150943396	1386	ST-RELA	G2M	RELA-sc2	recurrence
foreman_1386_CACACTCTCAGGTAAA	2765	7668	0.04969349158732229	1386	ST-RELA	S	RELA-sc2	recurrence
foreman_1386_CACCACTTCAGCCTAA	3856	12776	0.04477144646211647	1386	ST-RELA	S	RELA-sc2	recurrence
foreman_1386_CAGCTGGCAATGAAAC	957	2001	0.12843578210894552	1386	ST-RELA	G2M	RELA-sc2	recurrence
foreman_1386_CATGGCGTCGGAGCAA	618	1347	0.14996288047512993	1386	ST-RELA	G1	RELA-sc2	recurrence
foreman_1386_CCTTCCCCAAAGGTGC	3658	11634	0.033015217952024764	1386	ST-RELA	S	RELA-sc2	recurrence
foreman_1386_CCTTTCTCAAACTGCT	3600	12470	0.046271050521251	1386	ST-RELA	S	RELA-sc2	recurrence
foreman_1386_CGGTTAAGTCGCTTCT	757	1416	0.08757062146892655	1386	ST-RELA	G2M	RELA-sc2	recurrence
foreman_1386_CTACACCAGGAGTCTG	649	1468	0.081799591002045	1386	ST-RELA	G1	RELA-sc2	recurrence
foreman_1386_CTCGGAGTCGCGGATC	1038	2537	0.15214820654316122	1386	ST-RELA	G1	RELA-sc2	recurrence
foreman_1386_CTTAGGACATCGATTG	1190	2070	0.03140096618357488	1386	ST-RELA	S	RELA-sc2	recurrence
foreman_1386_GAACCTAAGTTCCACA	878	1917	0.10172143974960876	1386	ST-RELA	G1	RELA-sc2	recurrence
foreman_1386_TCAGGATCACTGTCGG	1926	5948	0.0018493611297915266	1386	ST-RELA	S	RELA-sc2	recurrence
foreman_1386_TGCGCAGTCTCCAACC	735	1957	0.11292795094532447	1386	ST-RELA	S	RELA-sc2	recurrence
foreman_1386_TTTGGTTTCTGCCAGG	745	1742	0.04936854190585534	1386	ST-RELA	G1	RELA-sc2	recurrence
foreman_1386_GGACATTCACATTTCT	874	1817	0.15520088057237205	1386	ST-RELA	G2M	RELA-sc2	recurrence
foreman_1386_GGAGCAACATGTTGAC	793	1900	0.1731578947368421	1386	ST-RELA	G2M	RELA-sc2	recurrence
foreman_1386_AAAGTAGTCCTCGCAT	1471	3384	0.0056146572104018916	1386	ST-RELA	G1	RELA-sc2	recurrence
foreman_1386_AACTTTCGTTAAGAAC	536	868	0.03917050691244239	1386	ST-RELA	S	RELA-sc2	recurrence
foreman_1386_AAGTCTGCACAAGTAA	365	919	0.1838955386289445	1386	ST-RELA	G2M	RELA-sc2	recurrence
foreman_1386_ACCTTTATCTGTGCAA	456	1260	0.10555555555555556	1386	ST-RELA	G2M	RELA-sc2	recurrence
foreman_1386_ACGATGTTCCTCAACC	779	1589	0.13341724354940215	1386	ST-RELA	S	RELA-sc2	recurrence
foreman_1386_ACTGAACAGTGCGATG	317	951	0.19453207150368035	1386	ST-RELA	G1	RELA-sc2	recurrence
foreman_1386_AGGGAGTAGTGGGTTG	491	1249	0.14171337069655723	1386	ST-RELA	G2M	RELA-sc2	recurrence
foreman_1386_ATGAGGGGTGTCTGAT	447	818	0.08068459657701711	1386	ST-RELA	G2M	RELA-sc2	recurrence
foreman_1386_ATTGGTGGTACTCGCG	396	1258	0.13910969793322733	1386	ST-RELA	G2M	RELA-sc2	recurrence
foreman_1386_CAAGTTGGTCATCGGC	497	847	0.18417945690672963	1386	ST-RELA	G1	RELA-sc2	recurrence
foreman_1386_CACACTCTCACGACTA	297	816	0.16789215686274508	1386	ST-RELA	S	RELA-sc2	recurrence
foreman_1386_CACCTTGCACGGCCAT	618	1873	0.09877202349172451	1386	ST-RELA	S	RELA-sc2	recurrence
foreman_1386_CAGAATCGTAAAGTCA	450	921	0.11183496199782844	1386	ST-RELA	G1	RELA-sc2	recurrence
foreman_1386_CAGCAGCAGGCAGTCA	757	2865	0.13577661431064572	1386	ST-RELA	G1	RELA-sc2	recurrence
foreman_1386_CAGCATAAGAGACTTA	685	1984	0.18901209677419356	1386	ST-RELA	G1	RELA-sc2	recurrence
foreman_1386_CAGGTGCGTGACTCAT	470	1272	0.12106918238993711	1386	ST-RELA	S	RELA-sc2	recurrence
foreman_1386_CCCAATCCAGATGGGT	646	1246	0.09309791332263243	1386	ST-RELA	S	RELA-sc2	recurrence
foreman_1386_CCTATTACAGTGGAGT	563	970	0.16391752577319588	1386	ST-RELA	S	RELA-sc2	recurrence
foreman_1386_CGACCTTCAATACGCT	873	1964	0.14816700610997963	1386	ST-RELA	G1	RELA-sc2	recurrence
foreman_1386_CGAGAAGGTGCATCTA	638	1473	0.18669382213170402	1386	ST-RELA	G1	RELA-sc2	recurrence
foreman_1386_CGATCGGTCAACTCTT	635	1785	0.1753501400560224	1386	ST-RELA	S	RELA-sc2	recurrence
foreman_1386_CGATGGCGTTGGTTTG	321	569	0.08260105448154657	1386	ST-RELA	G1	RELA-sc2	recurrence
foreman_1386_CGCCAAGTCATCACCC	329	704	0.18039772727272727	1386	ST-RELA	G1	RELA-sc2	recurrence
foreman_1386_CGCTTCAGTGAGTATA	361	956	0.07635983263598327	1386	ST-RELA	G1	RELA-sc2	recurrence
foreman_1386_CGGACGTTCCGATATG	450	1044	0.21168582375478928	1386	ST-RELA	S	RELA-sc2	recurrence
foreman_1386_CGTCACTGTGATGATA	628	1269	0.12529550827423167	1386	ST-RELA	S	RELA-sc2	recurrence
foreman_1386_CGTCAGGTCAGCACAT	426	907	0.14332965821389196	1386	ST-RELA	S	RELA-sc2	recurrence
foreman_1386_CTAATGGAGTCGATAA	758	1997	0.11573146292585171	1386	ST-RELA	S	RELA-sc2	recurrence
foreman_1386_CTCGAGGTCTGCCCTA	404	1141	0.17879053461875546	1386	ST-RELA	G1	RELA-sc2	recurrence
foreman_1386_CTGAAACGTCAACATC	432	1148	0.156794425087108	1386	ST-RELA	S	RELA-sc2	recurrence
foreman_1386_CTGCCTACACGGACAA	472	646	0.14241486068111456	1386	ST-RELA	G1	RELA-sc2	recurrence
foreman_1386_CTGCCTACATGCCCGA	588	1090	0.163302752293578	1386	ST-RELA	G1	RELA-sc2	recurrence
foreman_1386_CTTCTCTGTGTTCTTT	549	798	0.11779448621553884	1386	ST-RELA	G1	RELA-sc2	recurrence
foreman_1386_GACCTGGAGCTGCAAG	529	1179	0.14079728583545378	1386	ST-RELA	S	RELA-sc2	recurrence
foreman_1386_GACTGCGGTCACACGC	254	534	0.00749063670411985	1386	ST-RELA	G1	RELA-sc2	recurrence
foreman_1386_GATCGTATCACCGGGT	561	1411	0.13749114103472715	1386	ST-RELA	S	RELA-sc2	recurrence
foreman_1386_GATGCTAAGATCACGG	713	1476	0.14905149051490515	1386	ST-RELA	G1	RELA-sc2	recurrence
foreman_1386_GATGCTAGTCACTTCC	370	894	0.22706935123042504	1386	ST-RELA	G1	RELA-sc2	recurrence
foreman_1386_GCACTCTCATTAGCCA	642	1351	0.13555555555555557	1386	ST-RELA	G2M	RELA-sc2	recurrence
foreman_1386_GGACATTAGCGTTTAC	437	907	0.15214994487320838	1386	ST-RELA	G1	RELA-sc2	recurrence
foreman_1386_GGCGACTAGTTCGCGC	531	1208	0.1597682119205298	1386	ST-RELA	G2M	RELA-sc2	recurrence
foreman_1386_GGGAATGCAGCCTTTC	573	980	0.036734693877551024	1386	ST-RELA	G2M	RELA-sc2	recurrence
foreman_1386_GGGAGATAGTGTTAGA	628	1409	0.1050390347764372	1386	ST-RELA	G1	RELA-sc2	recurrence
foreman_1386_GGGTCTGTCTCTAGGA	387	888	0.2195945945945946	1386	ST-RELA	S	RELA-sc2	recurrence
foreman_1386_GGGTTGCCACGCGAAA	480	1186	0.2209106239460371	1386	ST-RELA	G2M	RELA-sc2	recurrence
foreman_1386_GTCTTCGCACAGATTC	281	598	0.1505016722408027	1386	ST-RELA	G2M	RELA-sc2	recurrence
foreman_1386_GTGAAGGCAGCAGTTT	684	1958	0.13738508682328907	1386	ST-RELA	S	RELA-sc2	recurrence
foreman_1386_TACCTATTCGAATCCA	695	2515	0.15228628230616303	1386	ST-RELA	S	RELA-sc2	recurrence
foreman_1386_TACGGGCCACCTCGGA	360	978	0.21779141104294478	1386	ST-RELA	G1	RELA-sc2	recurrence
foreman_1386_TAGACCATCCTCCTAG	627	1563	0.13499680102367242	1386	ST-RELA	G1	RELA-sc2	recurrence
foreman_1386_TAGGCATAGGCGCTCT	765	1777	0.18683173888576252	1386	ST-RELA	G1	RELA-sc2	recurrence
foreman_1386_TCACAAGCAAGCGAGT	653	1381	0.09123823316437364	1386	ST-RELA	S	RELA-sc2	recurrence
foreman_1386_TCACGAAAGTCAATAG	433	524	0.009541984732824428	1386	ST-RELA	S	RELA-sc2	recurrence
foreman_1386_TCGGTAACAAGGGTCA	376	893	0.16349384098544234	1386	ST-RELA	S	RELA-sc2	recurrence
foreman_1386_TCTCATATCTATGTGG	299	911	0.15587266739846323	1386	ST-RELA	G1	RELA-sc2	recurrence
foreman_1386_TGAGCATGTGGGTATG	494	863	0.15063731170336037	1386	ST-RELA	S	RELA-sc2	recurrence
foreman_1386_TGCTACCTCGTGGGAA	463	1217	0.12982744453574363	1386	ST-RELA	S	RELA-sc2	recurrence
foreman_1386_TGGCGCAGTAATTGGA	651	1945	0.10231362467866324	1386	ST-RELA	G1	RELA-sc2	recurrence
foreman_1386_TGGGAAGAGCGTGTCC	543	989	0.07684529828109202	1386	ST-RELA	G2M	RELA-sc2	recurrence
foreman_1386_TTCGGTCCAGCTGTGC	490	1485	0.11851851851851852	1386	ST-RELA	S	RELA-sc2	recurrence
foreman_1386_TTGGAACGTCCAGTGC	551	888	0.018018018018018018	1386	ST-RELA	G1	RELA-sc2	recurrence
foreman_1386_TTTGTCATCTGCGTAA	591	1376	0.19186046511627908	1386	ST-RELA	S	RELA-sc2	recurrence
foreman_1386_CGCCAAGAGTCTCCTC	647	1816	0.049586776859504134	1386	ST-RELA	S	RELA-sc2	recurrence
foreman_1386_CTCGTCAAGAGATGAG	1056	2563	0.092469761997659	1386	ST-RELA	G1	RELA-sc2	recurrence
foreman_1386_GATGAGGAGAAACCAT	1169	3353	2.984183825723665e-4	1386	ST-RELA	S	RELA-sc2	recurrence
foreman_1386_GTACTTTGTGCACCAC	545	1107	0.026196928635953028	1386	ST-RELA	S	RELA-sc2	recurrence
foreman_1386_TTAACTCCACAGAGGT	821	1599	0.05378361475922452	1386	ST-RELA	G1	RELA-sc2	recurrence
foreman_1386_AACGTTGGTTACGCGC	3503	10709	0.03977962461480997	1386	ST-RELA	S	RELA-sc2	recurrence
foreman_1386_AACTCCCTCTGACCTC	1208	3753	0.1286970423661071	1386	ST-RELA	S	RELA-sc2	recurrence
foreman_1386_AACTGGTAGAAGATTC	685	2015	0.15037220843672455	1386	ST-RELA	S	RELA-sc2	recurrence
foreman_1386_AACTTTCTCACAGTAC	1331	3256	0.08292383292383293	1386	ST-RELA	S	RELA-sc2	recurrence
foreman_1386_AAGGAGCTCTCGGACG	1410	3139	0.005734310289901242	1386	ST-RELA	S	RELA-sc2	recurrence
foreman_1386_AAGTCTGTCCGTTGCT	1203	3573	0.10747271200671704	1386	ST-RELA	S	RELA-sc2	recurrence
foreman_1386_AAGTCTGTCTGGTATG	3451	11409	0.044972385377399844	1386	ST-RELA	S	RELA-sc2	recurrence
foreman_1386_ACACCAAAGGCGTACA	484	765	0.09281045751633987	1386	ST-RELA	G2M	RELA-sc2	recurrence
foreman_1386_ACATACGGTACAAGTA	1051	2543	0.07274872198191112	1386	ST-RELA	S	RELA-sc2	recurrence
foreman_1386_ACGAGGACATCCAACA	855	2472	0.03681229773462783	1386	ST-RELA	S	RELA-sc2	recurrence
foreman_1386_ACGATACGTAGCGTGA	1865	4618	0.047206582936336075	1386	ST-RELA	S	RELA-sc2	recurrence
foreman_1386_ACGATACGTGTGGTTT	1342	3467	0.057975194692818	1386	ST-RELA	S	RELA-sc2	recurrence
foreman_1386_ACGCAGCTCCGTAGTA	669	1123	0.19679430097951914	1386	ST-RELA	S	RELA-sc2	recurrence
foreman_1386_ACGTCAACACAACGTT	897	2370	0.1021097046413502	1386	ST-RELA	S	RELA-sc2	recurrence
foreman_1386_ACGTCAATCTCGATGA	2382	6370	0.040188383045525904	1386	ST-RELA	G1	RELA-sc2	recurrence
foreman_1386_ACTATCTGTCGGATCC	872	2354	0.10025488530161428	1386	ST-RELA	G2M	RELA-sc2	recurrence
foreman_1386_ACTTGTTAGCCTATGT	1432	3404	0.05258519388954171	1386	ST-RELA	S	RELA-sc2	recurrence
foreman_1386_AGCATACTCGAACGGA	613	1507	0.1519575315195753	1386	ST-RELA	G1	RELA-sc2	recurrence
foreman_1386_AGCGGTCCATCCAACA	2219	6118	0.03792088917947042	1386	ST-RELA	S	RELA-sc2	recurrence
foreman_1386_AGCGTATTCTGAAAGA	1380	3088	0.11823777129899579	1386	ST-RELA	S	RELA-sc2	recurrence
foreman_1386_AGCTCTCTCCAAATGC	2066	5157	0.018421562924180724	1386	ST-RELA	S	RELA-sc2	recurrence
foreman_1386_AGGCCGTAGAGCAATT	2187	5136	0.03485202492211838	1386	ST-RELA	S	RELA-sc2	recurrence
foreman_1386_AGTGTCAGTATCAGTC	808	1728	0.10648148148148148	1386	ST-RELA	G1	RELA-sc2	recurrence
foreman_1386_ATAGACCCATGTAGTC	847	1801	0.13159355913381454	1386	ST-RELA	G1	RELA-sc2	recurrence
foreman_1386_ATCCGAAGTTGATTGC	727	1807	0.02767017155506364	1386	ST-RELA	G1	RELA-sc2	recurrence
foreman_1386_ATGCGATAGAATTCCC	2167	5207	0.03688052247406838	1386	ST-RELA	G1	RELA-sc2	recurrence
foreman_1386_ATGGGAGTCAGAGACG	653	1430	0.0986013986013986	1386	ST-RELA	G1	RELA-sc2	recurrence
foreman_1386_CAAGGCCCAGATTGCT	1756	5068	0.06570639305445936	1386	ST-RELA	S	RELA-sc2	recurrence
foreman_1386_CACATTTTCCACTCCA	2143	5619	0.029186688022779853	1386	ST-RELA	G1	RELA-sc2	recurrence
foreman_1386_CACCTTGGTGTTCGAT	3023	10738	0.026820636990128516	1386	ST-RELA	S	RELA-sc2	recurrence
foreman_1386_CACTCCAAGGCCCGTT	2151	4958	0.03307785397337636	1386	ST-RELA	G1	RELA-sc2	recurrence
foreman_1386_CAGAGAGCATCCTAGA	1079	2124	0.0583804143126177	1386	ST-RELA	G1	RELA-sc2	recurrence
foreman_1386_CAGCGACTCTTTAGTC	1255	2886	0.1257796257796258	1386	ST-RELA	S	RELA-sc2	recurrence
foreman_1386_CAGGTGCAGTCCGTAT	2578	7457	0.025211210942738368	1386	ST-RELA	S	RELA-sc2	recurrence
foreman_1386_CATGACAAGAGTTGGC	799	1523	0.14839133289560077	1386	ST-RELA	S	RELA-sc2	recurrence
foreman_1386_CATGACACAACTTGAC	2056	5224	0.036753445635528334	1386	ST-RELA	S	RELA-sc2	recurrence
foreman_1386_CCACTACGTAGCGCTC	2356	6475	0.03953667953667954	1386	ST-RELA	S	RELA-sc2	recurrence
foreman_1386_CCACTACGTTCTGTTT	2860	8461	0.008983451536643027	1386	ST-RELA	S	RELA-sc2	recurrence
foreman_1386_CCACTACTCTTGAGAC	2126	5171	0.02900792883388126	1386	ST-RELA	S	RELA-sc2	recurrence
foreman_1386_CCAGCGAAGCCAGTTT	656	1073	0.11183597390493942	1386	ST-RELA	S	RELA-sc2	recurrence
foreman_1386_CCCAGTTGTACTTAGC	1865	4806	0.026222684703433922	1386	ST-RELA	S	RELA-sc2	recurrence
foreman_1386_CCCTCCTAGCTGAAAT	992	2879	0.14657867315039944	1386	ST-RELA	G2M	RELA-sc2	recurrence
foreman_1386_CCGTTCACACAGATTC	2247	6128	0.041122715404699736	1386	ST-RELA	G1	RELA-sc2	recurrence
foreman_1386_CCTAGCTGTCAGCTAT	1335	3009	0.060485211033565967	1386	ST-RELA	S	RELA-sc2	recurrence
foreman_1386_CCTCAGTGTAAGTTCC	1094	2379	0.044136191677175286	1386	ST-RELA	G1	RELA-sc2	recurrence
foreman_1386_CCTTTCTAGGTGCAAC	1681	4928	0.037540584415584416	1386	ST-RELA	S	RELA-sc2	recurrence
foreman_1386_CGAGAAGAGTCGTACT	1431	3288	0.04683698296836983	1386	ST-RELA	G1	RELA-sc2	recurrence
foreman_1386_CGATGGCCACGACTCG	899	1956	0.10940695296523517	1386	ST-RELA	G1	RELA-sc2	recurrence
foreman_1386_CGCTATCCAAGTAGTA	2049	5124	0.025175644028103045	1386	ST-RELA	S	RELA-sc2	recurrence
foreman_1386_CGCTATCGTAAGCACG	1941	4422	0.060153776571687016	1386	ST-RELA	G1	RELA-sc2	recurrence
foreman_1386_CGGACACCATCTGGTA	2785	8563	0.03760364358285648	1386	ST-RELA	G1	RELA-sc2	recurrence
foreman_1386_CGGACTGAGCGATTCT	833	1784	0.0812780269058296	1386	ST-RELA	G1	RELA-sc2	recurrence
foreman_1386_CGGAGCTAGGACGAAA	896	1642	0.13093788063337394	1386	ST-RELA	S	RELA-sc2	recurrence
foreman_1386_CGTCACTGTGATGTGG	827	1756	0.11275626423690205	1386	ST-RELA	G1	RELA-sc2	recurrence
foreman_1386_CGTTAGACAAGCGATG	978	2279	0.17332163229486616	1386	ST-RELA	G2M	RELA-sc2	recurrence
foreman_1386_CGTTCTGCAAACTGTC	849	2177	0.07261029411764706	1386	ST-RELA	S	RELA-sc2	recurrence
foreman_1386_CTAGCCTAGAGACGAA	1838	4231	0.08012290238714252	1386	ST-RELA	S	RELA-sc2	recurrence
foreman_1386_CTCAGAATCCTTCAAT	2525	7050	0.04723404255319149	1386	ST-RELA	G1	RELA-sc2	recurrence
foreman_1386_CTGGTCTGTCTGCCAG	1934	4928	0.05154220779220779	1386	ST-RELA	G1	RELA-sc2	recurrence
foreman_1386_GACCTGGTCCAGATCA	1917	4487	0.047470470247381324	1386	ST-RELA	S	RELA-sc2	recurrence
foreman_1386_GACGCGTAGAGTCGGT	879	2182	0.09165902841429881	1386	ST-RELA	S	RELA-sc2	recurrence
foreman_1386_GAGGTGAAGCTAGTCT	688	1752	0.12728310502283105	1386	ST-RELA	S	RELA-sc2	recurrence
foreman_1386_GCAGCCAAGTGTACGG	2055	5292	0.02418745275888133	1386	ST-RELA	S	RELA-sc2	recurrence
foreman_1386_GCATGATGTTATTCTC	2256	7341	0.030653950953678476	1386	ST-RELA	G1	RELA-sc2	recurrence
foreman_1386_GCATGCGAGTTACGGG	2282	6294	0.047664442326024785	1386	ST-RELA	G1	RELA-sc2	recurrence
foreman_1386_GCTGCAGGTCCGAATT	1033	2990	0.15852842809364548	1386	ST-RELA	S	RELA-sc2	recurrence
foreman_1386_GGAATAATCAACACGT	2064	5178	0.04808806488991889	1386	ST-RELA	S	RELA-sc2	recurrence
foreman_1386_GGAGCAATCCAAACTG	2518	7805	0.011531069827033953	1386	ST-RELA	G1	RELA-sc2	recurrence
foreman_1386_GGATGTTTCCTTTACA	1375	3319	0.11087677011147937	1386	ST-RELA	G1	RELA-sc2	recurrence
foreman_1386_GGCGACTGTGAACCTT	1901	5665	0.033192090395480225	1386	ST-RELA	S	RELA-sc2	recurrence
foreman_1386_GGCTGGTGTATCTGCA	822	2352	0.1092687074829932	1386	ST-RELA	S	RELA-sc2	recurrence
foreman_1386_GGGAATGAGTGTCTCA	1131	2264	0.10159010600706714	1386	ST-RELA	S	RELA-sc2	recurrence
foreman_1386_GGGTCTGGTTGCGCAC	1638	3432	0.051573426573426576	1386	ST-RELA	G1	RELA-sc2	recurrence
foreman_1386_GGGTTGCCATTTCAGG	2506	6771	0.0358883473637572	1386	ST-RELA	S	RELA-sc2	recurrence
foreman_1386_GGTGTTACACCGATAT	549	1171	0.07514944491887275	1386	ST-RELA	G1	RELA-sc2	recurrence
foreman_1386_GTAACGTAGTCTTGCA	856	1736	0.1261520737327189	1386	ST-RELA	S	RELA-sc2	recurrence
foreman_1386_GTAACGTTCTGCGTAA	953	1732	0.14953810623556582	1386	ST-RELA	S	RELA-sc2	recurrence
foreman_1386_GTCACGGAGCAACGGT	1033	2643	0.08096859629209231	1386	ST-RELA	G1	RELA-sc2	recurrence
foreman_1386_GTCCTCAAGAGAACAG	669	2020	0.1311881188118812	1386	ST-RELA	S	RELA-sc2	recurrence
foreman_1386_GTCTTCGGTCGACTAT	2101	6463	0.05755840940739595	1386	ST-RELA	G1	RELA-sc2	recurrence
foreman_1386_GTGAAGGTCACCTCGT	585	1522	0.09658344283837056	1386	ST-RELA	S	RELA-sc2	recurrence
foreman_1386_GTGCTTCCAATGTTGC	2276	6067	0.06197461677929784	1386	ST-RELA	G1	RELA-sc2	recurrence
foreman_1386_TAGTTGGGTCTTTCAT	537	1571	0.049013367281986	1386	ST-RELA	S	RELA-sc2	recurrence
foreman_1386_TCGGTAAAGTATCGAA	504	1309	0.05733944954128441	1386	ST-RELA	G1	RELA-sc2	recurrence
foreman_1386_AAAGATGCATTTCACT	762	1354	0.03988183161004431	1386	ST-RELA	S	RELA-sc2	recurrence
foreman_1386_ACAGCTACACGGCGTT	704	1691	0.11768184506209343	1386	ST-RELA	S	RELA-sc2	recurrence
foreman_1386_CACAGTATCTTGAGAC	1042	2381	0.14027719445611087	1386	ST-RELA	G2M	RELA-sc2	recurrence
foreman_1386_CCGGTAGGTCTCATCC	533	905	0.014364640883977901	1386	ST-RELA	G2M	RELA-sc2	recurrence
foreman_1386_CTGATAGTCACCACCT	914	3442	0.07117954677513073	1386	ST-RELA	S	RELA-sc2	recurrence
foreman_1386_CTTTGCGCAGATGGCA	605	1400	0.052142857142857144	1386	ST-RELA	G1	RELA-sc2	recurrence
foreman_1386_GTACTCCCACGGCCAT	553	930	0.0956989247311828	1386	ST-RELA	S	RELA-sc2	recurrence
foreman_1386_GTCTCGTCAGTTCATG	534	895	0.017877094972067038	1386	ST-RELA	G1	RELA-sc2	recurrence
foreman_1386_TAAGCGTTCTGGTGTA	661	1207	0.06048053024026512	1386	ST-RELA	G1	RELA-sc2	recurrence
foreman_1329_CTTACCGGTCAATACC	774	1376	0.07122093023255814	1329	ST-RELA	G1	RELA-sc2	recurrence
foreman_1329_GCCAAATCAGACGCCT	407	630	0.07301587301587302	1329	ST-RELA	G2M	RELA-sc2	recurrence
foreman_1329_GCTGGGTAGAGGTAGA	350	623	0.052969502407704656	1329	ST-RELA	G1	RELA-sc2	recurrence
foreman_1329_GCTGGGTTCGTTTAGG	1214	2433	0.17838060008220305	1329	ST-RELA	S	RELA-sc2	recurrence
foreman_1329_GGCTGGTCAATGGAAT	643	1137	0.0395778364116095	1329	ST-RELA	S	RELA-sc2	recurrence
foreman_1329_GGTGTTACATGGGACA	408	655	0.14198473282442747	1329	ST-RELA	G1	RELA-sc2	recurrence
foreman_1329_GTATCTTAGAATTCCC	1353	2815	0.014564831261101243	1329	ST-RELA	S	RELA-sc2	recurrence
foreman_1329_GTGTGCGAGAGCTTCT	694	999	0.03803803803803804	1329	ST-RELA	S	RELA-sc2	recurrence
foreman_1329_GTTCATTAGTGGTAAT	562	1390	0.05755395683453238	1329	ST-RELA	G1	RELA-sc2	recurrence
foreman_1329_TCGCGAGAGGAATCGC	605	1448	0.17058011049723756	1329	ST-RELA	G1	RELA-sc2	recurrence
foreman_1329_TCTGGAATCCGCATAA	1139	2292	0.02181500872600349	1329	ST-RELA	S	RELA-sc2	recurrence
foreman_1329_TCTTCGGCACATTCGA	511	838	0.057279236276849645	1329	ST-RELA	G1	RELA-sc2	recurrence
foreman_1329_TCTTCGGCATGCCCGA	577	1107	0.06323396567299007	1329	ST-RELA	G1	RELA-sc2	recurrence
foreman_1329_TGAGCATCATGCCTAA	597	843	0.018979833926453145	1329	ST-RELA	G1	RELA-sc2	recurrence
foreman_1329_TGGGAAGAGCTTATCG	390	797	0.018820577164366373	1329	ST-RELA	G1	RELA-sc2	recurrence
foreman_1329_TTCGAAGTCAGTTCGA	914	1768	0.03506787330316742	1329	ST-RELA	G1	RELA-sc2	recurrence
foreman_1329_TCCACACGTCTACCTC	1277	3101	0.16317316994517897	1329	ST-RELA	S	RELA-sc2	recurrence
foreman_1329_AAAGATGGTTGGGACA	699	1830	0.16775956284153004	1329	ST-RELA	G2M	RELA-sc2	recurrence
foreman_1329_ACGATGTTCCACGACG	418	641	0.07332293291731669	1329	ST-RELA	G1	RELA-sc2	recurrence
foreman_1329_ACGCCGACAGGACGTA	737	1538	0.2665799739921977	1329	ST-RELA	S	RELA-sc2	recurrence
foreman_1329_ACTGATGAGATATGCA	585	1056	0.16098484848484848	1329	ST-RELA	G2M	RELA-sc2	recurrence
foreman_1329_ACTTACTAGGATGGTC	290	505	0.13465346534653466	1329	ST-RELA	S	RELA-sc2	recurrence
foreman_1329_AGAGTGGAGGCATGGT	700	1385	0.244043321299639	1329	ST-RELA	S	RELA-sc2	recurrence
foreman_1329_AGATTGCTCATATCGG	781	2072	0.29777992277992277	1329	ST-RELA	S	RELA-sc2	recurrence
foreman_1329_AGATTGCTCCTCTAGC	383	629	0.11605723370429252	1329	ST-RELA	G2M	RELA-sc2	recurrence
foreman_1329_AGGGATGCATGTTCCC	489	929	0.23168103448275862	1329	ST-RELA	G1	RELA-sc2	recurrence
foreman_1329_AGGTCATAGCTAGTGG	354	590	0.08983050847457627	1329	ST-RELA	S	RELA-sc2	recurrence
foreman_1329_AGTGTCAGTACCCAAT	503	927	0.21143473570658036	1329	ST-RELA	G1	RELA-sc2	recurrence
foreman_1329_ATCACGATCCTATTCA	513	1261	0.17287866772402855	1329	ST-RELA	G1	RELA-sc2	recurrence
foreman_1329_ATCATGGAGCGATAGC	462	881	0.2340909090909091	1329	ST-RELA	G1	RELA-sc2	recurrence
foreman_1329_ATCATGGGTAATTGGA	436	783	0.21839080459770116	1329	ST-RELA	G2M	RELA-sc2	recurrence
foreman_1329_ATCCACCAGTATCGAA	381	503	0.11133200795228629	1329	ST-RELA	G2M	RELA-sc2	recurrence
foreman_1329_CACACAATCCTAGTGA	746	1599	0.19199499687304566	1329	ST-RELA	S	RELA-sc2	recurrence
foreman_1329_CACCACTCAGAGCCAA	617	1021	0.14201762977473065	1329	ST-RELA	G1	RELA-sc2	recurrence
foreman_1329_CACCAGGCAAACTGTC	562	1057	0.21570482497634816	1329	ST-RELA	S	RELA-sc2	recurrence
foreman_1329_CAGAATCTCACTTATC	808	2037	0.23073146784486992	1329	ST-RELA	S	RELA-sc2	recurrence
foreman_1329_CATTATCGTCGCGTGT	590	1192	0.1493288590604027	1329	ST-RELA	G1	RELA-sc2	recurrence
foreman_1329_CCAGCGAGTCTTGATG	539	1666	0.0078031212484993995	1329	ST-RELA	S	RELA-sc2	recurrence
foreman_1329_CGATCGGTCCCAAGAT	652	1318	0.19119878603945373	1329	ST-RELA	G2M	RELA-sc2	recurrence
foreman_1329_CGGAGTCCAGCTGGCT	713	1526	0.19593709043250326	1329	ST-RELA	G2M	RELA-sc2	recurrence
foreman_1329_CGTCTACCATCGATGT	1060	2117	0.13752362948960303	1329	ST-RELA	S	RELA-sc2	recurrence
foreman_1329_CGTCTACGTCAGTGGA	862	1965	0.216793893129771	1329	ST-RELA	S	RELA-sc2	recurrence
foreman_1329_CTCACACGTTGAACTC	1157	2902	0.23294279807029636	1329	ST-RELA	G2M	RELA-sc2	recurrence
foreman_1329_CTCAGAAAGTTTGCGT	327	517	0.15860735009671179	1329	ST-RELA	G1	RELA-sc2	recurrence
foreman_1329_CTCATTATCGCTAGCG	1140	2612	0.17993874425727413	1329	ST-RELA	S	RELA-sc2	recurrence
foreman_1329_CTCGTACGTACATCCA	686	1424	0.17485955056179775	1329	ST-RELA	S	RELA-sc2	recurrence
foreman_1329_GATCAGTAGCCTTGAT	709	1555	0.21864951768488747	1329	ST-RELA	S	RELA-sc2	recurrence
foreman_1329_GATTCAGAGAGCTTCT	331	515	0.12233009708737864	1329	ST-RELA	S	RELA-sc2	recurrence
foreman_1329_GCAATCACAAACAACA	948	2461	0.14262494920763918	1329	ST-RELA	S	RELA-sc2	recurrence
foreman_1329_GCGCGATCACACTGCG	391	581	0.11187607573149742	1329	ST-RELA	G1	RELA-sc2	recurrence
foreman_1329_GGAACTTAGTCCAGGA	491	1004	0.12350597609561753	1329	ST-RELA	S	RELA-sc2	recurrence
foreman_1329_GGTATTGTCGGCGGTT	565	1207	0.19469759734879868	1329	ST-RELA	S	RELA-sc2	recurrence
foreman_1329_GGTGTTAAGCCACGTC	456	979	0.18488253319713993	1329	ST-RELA	G1	RELA-sc2	recurrence
foreman_1329_GGTGTTACATCACGTA	565	1242	0.16666666666666666	1329	ST-RELA	S	RELA-sc2	recurrence
foreman_1329_GTACTTTCATATGAGA	438	720	0.18055555555555555	1329	ST-RELA	S	RELA-sc2	recurrence
foreman_1329_GTCATTTTCACTTACT	573	1066	0.21388367729831145	1329	ST-RELA	S	RELA-sc2	recurrence
foreman_1329_GTCTCGTCACCGATAT	378	1099	0.02456778889899909	1329	ST-RELA	G2M	RELA-sc2	recurrence
foreman_1329_GTTCATTGTAAGCACG	821	1974	0.2563323201621074	1329	ST-RELA	S	RELA-sc2	recurrence
foreman_1329_GTTTCTATCGAGGTAG	561	1293	0.24671307037896364	1329	ST-RELA	G1	RELA-sc2	recurrence
foreman_1329_TAAGAGAGTACAGACG	578	1106	0.21699819168173598	1329	ST-RELA	G2M	RELA-sc2	recurrence
foreman_1329_TACGGATAGGAGCGTT	367	622	0.18488745980707397	1329	ST-RELA	S	RELA-sc2	recurrence
foreman_1329_TATCAGGGTGATGTGG	731	1770	0.2096045197740113	1329	ST-RELA	G1	RELA-sc2	recurrence
foreman_1329_TCACAAGGTTCACCTC	619	1598	0.18397997496871088	1329	ST-RELA	S	RELA-sc2	recurrence
foreman_1329_TCAGCTCGTGAGGCTA	252	527	0.2713472485768501	1329	ST-RELA	S	RELA-sc2	recurrence
foreman_1329_TCAGGTATCGCTTGTC	646	1170	0.1794871794871795	1329	ST-RELA	G2M	RELA-sc2	recurrence
foreman_1329_TCATTTGCACGCTTTC	640	1389	0.28797696184305255	1329	ST-RELA	S	RELA-sc2	recurrence
foreman_1329_TGAAAGAAGCGTGTCC	481	1076	0.2137546468401487	1329	ST-RELA	S	RELA-sc2	recurrence
foreman_1329_TGCTACCCATGCAATC	736	1718	0.1740395809080326	1329	ST-RELA	G2M	RELA-sc2	recurrence
foreman_1329_TGCTGCTAGCCCTAAT	689	1826	0.1823658269441402	1329	ST-RELA	S	RELA-sc2	recurrence
foreman_1329_TTCCCAGTCAACACTG	547	1169	0.2617621899059025	1329	ST-RELA	S	RELA-sc2	recurrence
foreman_1329_TTCTCAACAACACCCG	539	1181	0.19729043183742592	1329	ST-RELA	G2M	RELA-sc2	recurrence
foreman_1329_CGGTTAACAGACGCTC	485	1381	0.18609703113685735	1329	ST-RELA	S	RELA-sc2	recurrence
foreman_1329_GACGCGTGTCTAGAGG	481	1068	0.18164794007490637	1329	ST-RELA	G1	RELA-sc2	recurrence
foreman_1329_GTGAAGGTCCAAATGC	408	911	0.18990120746432493	1329	ST-RELA	S	RELA-sc2	recurrence
foreman_1329_CGGTTAAAGCGTAATA	1004	2259	0.14209827357237717	1329	ST-RELA	G1	RELA-sc2	recurrence
foreman_1329_CGTCACTTCAGCACAT	529	833	0.15486194477791115	1329	ST-RELA	G1	RELA-sc2	recurrence
foreman_1329_CGTGAGCTCTGTACGA	1992	5242	0.021179164281625643	1329	ST-RELA	G1	RELA-sc2	recurrence
foreman_1329_CTAATGGCAAGCCCAC	1536	3342	0.05026929982046679	1329	ST-RELA	S	RELA-sc2	recurrence
foreman_1329_CTACATTAGAGATGAG	660	1493	0.18218352310783656	1329	ST-RELA	G2M	RELA-sc2	recurrence
foreman_1329_CTACGTCCAGCATACT	825	1670	0.2251497005988024	1329	ST-RELA	G1	RELA-sc2	recurrence
foreman_1329_CTCGGGAAGATGTGGC	816	1549	0.051000645577792124	1329	ST-RELA	G1	RELA-sc2	recurrence
foreman_1329_CTCGGGAAGCCGATTT	621	1204	0.09219269102990033	1329	ST-RELA	G1	RELA-sc2	recurrence
foreman_1329_CTCTACGCAGCATGAG	746	2498	0.07646116893514812	1329	ST-RELA	G1	RELA-sc2	recurrence
foreman_1329_CTGAAGTTCCTCGCAT	961	1832	0.1326419213973799	1329	ST-RELA	G2M	RELA-sc2	recurrence
foreman_1329_CTGCTGTTCCACGTGG	1539	3579	0.12126292260407935	1329	ST-RELA	S	RELA-sc2	recurrence
foreman_1329_GAACCTAGTTTAGGAA	1272	2286	0.03237095363079615	1329	ST-RELA	G1	RELA-sc2	recurrence
foreman_1329_GACAGAGGTCAACATC	670	1343	0.04169769173492182	1329	ST-RELA	G1	RELA-sc2	recurrence
foreman_1329_GACCAATTCATTGCGA	1225	2281	0.015344147303814117	1329	ST-RELA	S	RELA-sc2	recurrence
foreman_1329_GACGGCTTCAACTCTT	623	1434	0.12761506276150628	1329	ST-RELA	G1	RELA-sc2	recurrence
foreman_1329_GAGGTGAGTGCCTGCA	395	615	0.0975609756097561	1329	ST-RELA	S	RELA-sc2	recurrence
foreman_1329_GAGTCCGAGGTGCAAC	1063	1967	0.15658362989323843	1329	ST-RELA	S	RELA-sc2	recurrence
foreman_1329_GATCGATAGATCCGAG	558	974	0.12012320328542095	1329	ST-RELA	G2M	RELA-sc2	recurrence
foreman_1329_GCAAACTCATGGGACA	686	1262	0.044374009508716325	1329	ST-RELA	G1	RELA-sc2	recurrence
foreman_1329_GCAGCCACATCATCCC	1090	3164	0.14032869785082175	1329	ST-RELA	G1	RELA-sc2	recurrence
foreman_1329_GCAGTTAAGGATGCGT	809	1876	0.06343283582089553	1329	ST-RELA	S	RELA-sc2	recurrence
foreman_1329_GCATGTATCTAGAGTC	838	1645	0.14468085106382977	1329	ST-RELA	G1	RELA-sc2	recurrence
foreman_1329_GCGCCAAAGACCTAGG	606	1338	0.15844544095665172	1329	ST-RELA	G1	RELA-sc2	recurrence
foreman_1329_GCGCGATAGGGATGGG	470	922	0.14642082429501085	1329	ST-RELA	G2M	RELA-sc2	recurrence
foreman_1329_GCGCGATTCTCGGACG	1260	2664	0.14414414414414414	1329	ST-RELA	G1	RELA-sc2	recurrence
foreman_1329_GGAATAATCCTCATTA	654	1290	0.21722265321955003	1329	ST-RELA	G1	RELA-sc2	recurrence
foreman_1329_GGCGACTTCGTCGTTC	1247	2605	0.028417818740399385	1329	ST-RELA	G1	RELA-sc2	recurrence
foreman_1329_GGCTGGTCAGGCTGAA	822	1674	0.15531660692951016	1329	ST-RELA	S	RELA-sc2	recurrence
foreman_1329_GGGTTGCAGGTGGGTT	837	1712	0.13843457943925233	1329	ST-RELA	G1	RELA-sc2	recurrence
foreman_1329_GGTGAAGCAGCTGCAC	776	1543	0.08619572261827609	1329	ST-RELA	S	RELA-sc2	recurrence
foreman_1329_GTAACGTAGTTGTCGT	758	1487	0.12239408204438466	1329	ST-RELA	G1	RELA-sc2	recurrence
foreman_1329_GTACGTACAAACTGTC	640	1466	0.13915416098226466	1329	ST-RELA	G1	RELA-sc2	recurrence
foreman_1329_GTACTCCAGATAGCAT	2694	9036	0.02545655783065855	1329	ST-RELA	G1	RELA-sc2	recurrence
foreman_1329_GTACTTTTCCATGCTC	1093	2773	0.11648034619545619	1329	ST-RELA	G1	RELA-sc2	recurrence
foreman_1329_GTAGGCCGTTCAGTAC	771	2132	0.15103189493433397	1329	ST-RELA	G1	RELA-sc2	recurrence
foreman_1329_GTATCTTGTCAGATAA	1015	2107	0.1291547958214625	1329	ST-RELA	G2M	RELA-sc2	recurrence
foreman_1329_GTCACGGGTTCGTGAT	1491	2818	0.013844515441959531	1329	ST-RELA	S	RELA-sc2	recurrence
foreman_1329_GTCGTAAAGATCACGG	1064	2117	0.20652173913043478	1329	ST-RELA	S	RELA-sc2	recurrence
foreman_1329_GTCTTCGAGACATAAC	612	1345	0.035687732342007436	1329	ST-RELA	G1	RELA-sc2	recurrence
foreman_1329_GTCTTCGAGGCTATCT	854	1762	0.009648127128263337	1329	ST-RELA	S	RELA-sc2	recurrence
foreman_1329_GTGAAGGCACTTCGAA	729	1519	0.043449637919684	1329	ST-RELA	S	RELA-sc2	recurrence
foreman_1329_GTGCAGCGTACTTAGC	1052	1885	0.010610079575596816	1329	ST-RELA	G2M	RELA-sc2	recurrence
foreman_1329_GTGTTAGGTTCTGGTA	2037	5369	0.14903129657228018	1329	ST-RELA	S	RELA-sc2	recurrence
foreman_1329_TAAGAGAAGAGCCCAA	382	591	0.04568527918781726	1329	ST-RELA	S	RELA-sc2	recurrence
foreman_1329_TACCTATGTCGAACAG	895	1990	0.14228255404725992	1329	ST-RELA	S	RELA-sc2	recurrence
foreman_1329_TACGGTACAAGTCTGT	695	1384	0.023121387283236993	1329	ST-RELA	S	RELA-sc2	recurrence
foreman_1329_TAGAGCTGTCGCTTCT	595	1170	0.04188034188034188	1329	ST-RELA	G1	RELA-sc2	recurrence
foreman_1329_TAGGCATGTTAAGAAC	705	1502	0.04730179880079947	1329	ST-RELA	S	RELA-sc2	recurrence
foreman_1329_TAGGCATTCGCTAGCG	907	2092	0.10611854684512428	1329	ST-RELA	S	RELA-sc2	recurrence
foreman_1329_TAGTGGTAGCCCAGCT	770	1617	0.027829313543599257	1329	ST-RELA	S	RELA-sc2	recurrence
foreman_1329_TCACAAGCAGGGAGAG	798	1458	0.05075445816186557	1329	ST-RELA	G1	RELA-sc2	recurrence
foreman_1329_TCACGAACACATCCAA	1054	2544	0.014150943396226415	1329	ST-RELA	S	RELA-sc2	recurrence
foreman_1329_TCCCGATAGTCCGGTC	1275	3309	0.014505893019038985	1329	ST-RELA	S	RELA-sc2	recurrence
foreman_1329_TCGAGGCTCGACAGCC	1057	2462	0.17221770917952883	1329	ST-RELA	S	RELA-sc2	recurrence
foreman_1329_TCTCTAAAGCTAGGCA	514	1300	0.03230769230769231	1329	ST-RELA	S	RELA-sc2	recurrence
foreman_1329_TCTCTAACACAACGCC	927	1470	0.007482993197278911	1329	ST-RELA	G1	RELA-sc2	recurrence
foreman_1329_TCTGAGAAGTCACGCC	3035	10621	0.033236041803973264	1329	ST-RELA	S	RELA-sc2	recurrence
foreman_1329_TCTTCGGGTTTGTTTC	3116	9321	0.03487124463519313	1329	ST-RELA	G1	RELA-sc2	recurrence
foreman_1329_TCTTCGGTCACCACCT	889	1886	0.06362672322375397	1329	ST-RELA	G1	RELA-sc2	recurrence
foreman_1329_TGAGCATCAGATCTGT	703	1252	0.09345047923322684	1329	ST-RELA	G1	RELA-sc2	recurrence
foreman_1329_TGAGGGAAGAATAGGG	450	796	0.17587939698492464	1329	ST-RELA	S	RELA-sc2	recurrence
foreman_1329_TGAGGGAAGGAGCGAG	917	1467	0.07498295841854125	1329	ST-RELA	G2M	RELA-sc2	recurrence
foreman_1329_TGAGGGACAGGTCCAC	708	1324	0.12084592145015106	1329	ST-RELA	G2M	RELA-sc2	recurrence
foreman_1329_TGCACCTAGTGTGAAT	859	2104	0.10646387832699619	1329	ST-RELA	G2M	RELA-sc2	recurrence
foreman_1329_TGCCAAAAGGCTAGGT	1046	2017	0.07486365889935548	1329	ST-RELA	S	RELA-sc2	recurrence
foreman_1329_TGCTGCTAGAGCTGCA	772	1511	0.10390469887491727	1329	ST-RELA	S	RELA-sc2	recurrence
foreman_1329_TGGGAAGAGCGAAGGG	364	665	0.13984962406015036	1329	ST-RELA	G1	RELA-sc2	recurrence
foreman_1329_TGGGCGTCAGTAACGG	875	1767	0.10582908885116016	1329	ST-RELA	G1	RELA-sc2	recurrence
foreman_1329_TGTATTCGTACCGCTG	693	1351	0.14877868245743894	1329	ST-RELA	G1	RELA-sc2	recurrence
foreman_1329_TTAGGCACAGCTCGCA	387	539	0.07235621521335807	1329	ST-RELA	S	RELA-sc2	recurrence
foreman_1329_TTCTACAAGGAGTTTA	1216	2339	0.12398460880718255	1329	ST-RELA	G2M	RELA-sc2	recurrence
foreman_1329_TTCTACATCGGTCCGA	397	539	0.06679035250463822	1329	ST-RELA	S	RELA-sc2	recurrence
foreman_1329_AAACCTGGTGGTTTCA	535	907	0.05292171995589857	1329	ST-RELA	S	RELA-sc2	recurrence
foreman_1329_AAACGGGGTCATTAGC	2637	5856	0.08590947907771136	1329	ST-RELA	S	RELA-sc2	recurrence
foreman_1329_AAACGGGTCGTCTGCT	1789	3709	0.03478026422216231	1329	ST-RELA	S	RELA-sc2	recurrence
foreman_1329_AAAGATGCAGAAGCAC	3561	11049	0.20173771382025524	1329	ST-RELA	S	RELA-sc2	recurrence
foreman_1329_AAAGCAAGTAGAGGAA	831	1225	0.031020408163265307	1329	ST-RELA	G1	RELA-sc2	recurrence
foreman_1329_AAAGTAGAGACTTTCG	352	560	0.10535714285714286	1329	ST-RELA	G1	RELA-sc2	recurrence
foreman_1329_AAAGTAGTCTCTTGAT	503	952	0.2552521008403361	1329	ST-RELA	S	RELA-sc2	recurrence
foreman_1329_AACCGCGTCCAGAAGG	599	1175	0.08347529812606473	1329	ST-RELA	G1	RELA-sc2	recurrence
foreman_1329_AACGTTGGTGCTTCTC	960	2235	0.16196868008948545	1329	ST-RELA	S	RELA-sc2	recurrence
foreman_1329_AACTCAGCAAAGGAAG	872	1746	0.14833906071019473	1329	ST-RELA	S	RELA-sc2	recurrence
foreman_1329_AACTCAGCACTTCGAA	1049	2401	0.05875	1329	ST-RELA	S	RELA-sc2	recurrence
foreman_1329_AACTCCCTCTCGCTTG	524	711	0.057665260196905765	1329	ST-RELA	S	RELA-sc2	recurrence
foreman_1329_AACTCTTAGGACATTA	793	1522	0.1340341655716163	1329	ST-RELA	S	RELA-sc2	recurrence
foreman_1329_AACTCTTGTACTTGAC	601	980	0.21224489795918366	1329	ST-RELA	G2M	RELA-sc2	recurrence
foreman_1329_AACTTTCTCAGTTTGG	1048	2260	0.021238938053097345	1329	ST-RELA	S	RELA-sc2	recurrence
foreman_1329_AAGACCTTCTTCAACT	576	1269	0.07801418439716312	1329	ST-RELA	S	RELA-sc2	recurrence
foreman_1329_AAGGCAGAGTGAAGTT	511	896	0.13392857142857142	1329	ST-RELA	G2M	RELA-sc2	recurrence
foreman_1329_AAGGTTCAGTGGGCTA	1584	3406	0.1655901350557839	1329	ST-RELA	S	RELA-sc2	recurrence
foreman_1329_AAGGTTCTCCTAGAAC	2356	5709	0.1440084092501752	1329	ST-RELA	S	RELA-sc2	recurrence
foreman_1329_ACACCGGAGTTCGCGC	3073	9866	0.04388810054733428	1329	ST-RELA	S	RELA-sc2	recurrence
foreman_1329_ACACCGGTCAAAGTAG	2471	6285	0.1954169318905156	1329	ST-RELA	G2M	RELA-sc2	recurrence
foreman_1329_ACACTGATCCAGGGCT	916	1687	0.058091286307053944	1329	ST-RELA	S	RELA-sc2	recurrence
foreman_1329_ACATCAGCAGGATTGG	1037	2096	0.05200381679389313	1329	ST-RELA	S	RELA-sc2	recurrence
foreman_1329_ACATCAGGTACCGTTA	748	1394	0.11477761836441894	1329	ST-RELA	G1	RELA-sc2	recurrence
foreman_1329_ACATCAGTCAACGCTA	1157	2642	0.10181680545041635	1329	ST-RELA	S	RELA-sc2	recurrence
foreman_1329_ACCAGTAAGATATGGT	764	1927	0.1593149974052932	1329	ST-RELA	G2M	RELA-sc2	recurrence
foreman_1329_ACCAGTAAGCTAGTGG	855	1749	0.06918238993710692	1329	ST-RELA	G1	RELA-sc2	recurrence
foreman_1329_ACCAGTATCCGTAGTA	687	1425	0.1256140350877193	1329	ST-RELA	G1	RELA-sc2	recurrence
foreman_1329_ACCGTAATCCGTAGGC	1755	4363	0.17262723521320494	1329	ST-RELA	S	RELA-sc2	recurrence
foreman_1329_ACGAGCCAGGTGATAT	812	1514	0.08190224570673713	1329	ST-RELA	S	RELA-sc2	recurrence
foreman_1329_ACGAGCCAGTGGTAGC	535	895	0.058165548098434	1329	ST-RELA	G1	RELA-sc2	recurrence
foreman_1329_ACGAGGAAGTGTCCAT	1117	2140	0.09158878504672897	1329	ST-RELA	S	RELA-sc2	recurrence
foreman_1329_ACGATACCACTTCTGC	947	1863	0.15789473684210525	1329	ST-RELA	S	RELA-sc2	recurrence
foreman_1329_ACGATGTTCTGGTGTA	692	1238	0.0888529886914378	1329	ST-RELA	G1	RELA-sc2	recurrence
foreman_1329_ACGGCCACACACCGCA	720	1437	0.23938761308281142	1329	ST-RELA	S	RELA-sc2	recurrence
foreman_1329_ACGGGTCAGGACATTA	976	2069	0.08897485493230174	1329	ST-RELA	G1	RELA-sc2	recurrence
foreman_1329_ACTATCTAGTAGGTGC	2710	7873	0.051321138211382115	1329	ST-RELA	S	RELA-sc2	recurrence
foreman_1329_ACTATCTTCCGTTGCT	1137	2352	0.04634353741496599	1329	ST-RELA	S	RELA-sc2	recurrence
foreman_1329_ACTGAGTCATTCACTT	1103	2430	0.06175380815150268	1329	ST-RELA	S	RELA-sc2	recurrence
foreman_1329_ACTGCTCAGCTCCTTC	612	1398	0.06366237482117311	1329	ST-RELA	G1	RELA-sc2	recurrence
foreman_1329_ACTGTCCCAGCGAACA	874	2217	0.16012629679747406	1329	ST-RELA	G2M	RELA-sc2	recurrence
foreman_1329_ACTTTCAAGTTACGGG	935	1404	0.014245014245014245	1329	ST-RELA	S	RELA-sc2	recurrence
foreman_1329_AGACGTTGTCGACTAT	955	1635	0.04159021406727829	1329	ST-RELA	S	RELA-sc2	recurrence
foreman_1329_AGACGTTGTGCAGGTA	631	1325	0.047547169811320754	1329	ST-RELA	S	RELA-sc2	recurrence
foreman_1329_AGAGCGACACCCATGG	1679	3984	0.2761044176706827	1329	ST-RELA	S	RELA-sc2	recurrence
foreman_1329_AGAGCTTGTAATTGGA	1599	3691	0.20671904632890817	1329	ST-RELA	S	RELA-sc2	recurrence
foreman_1329_AGATTGCAGAAGCCCA	778	1755	0.06841505131128849	1329	ST-RELA	S	RELA-sc2	recurrence
foreman_1329_AGCATACCAGATCCAT	485	895	0.23128491620111732	1329	ST-RELA	S	RELA-sc2	recurrence
foreman_1329_AGCATACGTTTGTTTC	905	1672	0.1034688995215311	1329	ST-RELA	G2M	RELA-sc2	recurrence
foreman_1329_AGCCTAACAGCCTTGG	963	2317	0.16098403107466552	1329	ST-RELA	S	RELA-sc2	recurrence
foreman_1329_AGCTCCTAGCCCTAAT	1377	3262	0.11560870898497394	1329	ST-RELA	S	RELA-sc2	recurrence
foreman_1329_AGGCCACAGCCTTGAT	618	1244	0.16559485530546625	1329	ST-RELA	G2M	RELA-sc2	recurrence
foreman_1329_AGGCCACTCTTGTATC	2580	8323	0.030277544154751892	1329	ST-RELA	S	RELA-sc2	recurrence
foreman_1329_AGGCCGTCAAGCTGTT	1224	2662	0.08414725770097671	1329	ST-RELA	G2M	RELA-sc2	recurrence
foreman_1329_AGGGAGTTCCCACTTG	799	1829	0.12520503007107708	1329	ST-RELA	S	RELA-sc2	recurrence
foreman_1329_AGGGATGCAGACGCAA	593	974	0.029774127310061602	1329	ST-RELA	G1	RELA-sc2	recurrence
foreman_1329_AGGGATGGTAGCGTAG	694	1392	0.1925287356321839	1329	ST-RELA	G1	RELA-sc2	recurrence
foreman_1329_AGGGTGAGTCGCGAAA	1340	2869	0.1376786336702684	1329	ST-RELA	S	RELA-sc2	recurrence
foreman_1329_AGTGAGGCATTCTTAC	771	1601	0.0924422236102436	1329	ST-RELA	S	RELA-sc2	recurrence
foreman_1329_AGTGAGGGTTACGTCA	1282	2345	0.17526652452025587	1329	ST-RELA	G2M	RELA-sc2	recurrence
foreman_1329_AGTGTCAGTACAGTTC	692	1347	0.028953229398663696	1329	ST-RELA	G2M	RELA-sc2	recurrence
foreman_1329_AGTGTCATCGGCATCG	1428	3211	0.048894425412644035	1329	ST-RELA	S	RELA-sc2	recurrence
foreman_1329_ATAACGCAGTTCGCAT	1168	2533	0.24318989340702724	1329	ST-RELA	G2M	RELA-sc2	recurrence
foreman_1329_ATAAGAGGTAAGGGAA	1542	2841	0.07215769095388948	1329	ST-RELA	G1	RELA-sc2	recurrence
foreman_1329_ATCACGATCAACGAAA	1899	4551	0.09096901779828609	1329	ST-RELA	S	RELA-sc2	recurrence
foreman_1329_ATCCACCCATTGGGCC	1095	2083	0.13538166106577051	1329	ST-RELA	S	RELA-sc2	recurrence
foreman_1329_ATCCACCTCGTGTAGT	484	899	0.16129032258064516	1329	ST-RELA	S	RELA-sc2	recurrence
foreman_1329_ATCCGAATCAGTACGT	2092	5549	0.027217015140591203	1329	ST-RELA	G1	RELA-sc2	recurrence
foreman_1329_ATCGAGTCATGCTAGT	731	1274	0.21271585557299844	1329	ST-RELA	S	RELA-sc2	recurrence
foreman_1329_ATCGAGTGTCTGGAGA	1136	2421	0.18463444857496902	1329	ST-RELA	S	RELA-sc2	recurrence
foreman_1329_ATCTACTCAGCTCGAC	507	851	0.21504112808460635	1329	ST-RELA	G2M	RELA-sc2	recurrence
foreman_1329_ATGAGGGGTTGACGTT	735	1533	0.15013054830287206	1329	ST-RELA	S	RELA-sc2	recurrence
foreman_1329_ATTCTACCAGCGATCC	1312	2917	0.025377229080932786	1329	ST-RELA	S	RELA-sc2	recurrence
foreman_1329_ATTGGACTCCGCGGTA	744	1731	0.18601964182553438	1329	ST-RELA	G1	RELA-sc2	recurrence
foreman_1329_ATTTCTGTCCTCAATT	918	2250	0.14933333333333335	1329	ST-RELA	G1	RELA-sc2	recurrence
foreman_1329_CAACCTCCACAGACAG	890	2013	0.20466964729259812	1329	ST-RELA	S	RELA-sc2	recurrence
foreman_1329_CAAGAAACAGACGCCT	793	1478	0.04871447902571042	1329	ST-RELA	S	RELA-sc2	recurrence
foreman_1329_CAAGGCCAGCAAATCA	1082	2562	0.06869633099141297	1329	ST-RELA	S	RELA-sc2	recurrence
foreman_1329_CACACCTGTGTCGCTG	520	835	0.13892215568862276	1329	ST-RELA	S	RELA-sc2	recurrence
foreman_1329_CACACCTGTTTCGCTC	2494	9201	0.024888599065318987	1329	ST-RELA	G1	RELA-sc2	recurrence
foreman_1329_CACACTCAGACAAGCC	1835	4606	0.12353452019105514	1329	ST-RELA	S	RELA-sc2	recurrence
foreman_1329_CACAGTACAGTTCATG	741	1017	0.02261553588987217	1329	ST-RELA	G2M	RELA-sc2	recurrence
foreman_1329_CACATAGAGGACAGAA	2266	5528	0.17948254025692056	1329	ST-RELA	S	RELA-sc2	recurrence
foreman_1329_CACATAGCATGATCCA	1015	2123	0.08195949128591616	1329	ST-RELA	S	RELA-sc2	recurrence
foreman_1329_CACCAGGTCTTGTACT	1020	2181	0.09403669724770643	1329	ST-RELA	S	RELA-sc2	recurrence
foreman_1329_CAGAATCAGACTTGAA	617	1101	0.1335149863760218	1329	ST-RELA	S	RELA-sc2	recurrence
foreman_1329_CAGCAGCGTAGAGTGC	851	1545	0.1889967637540453	1329	ST-RELA	G2M	RELA-sc2	recurrence
foreman_1329_CAGCTGGTCCGATATG	600	1073	0.05312208760484623	1329	ST-RELA	G1	RELA-sc2	recurrence
foreman_1329_CAGTAACTCAACGGGA	1380	3649	0.20772814469717732	1329	ST-RELA	G1	RELA-sc2	recurrence
foreman_1329_CATCAGAGTACAGACG	2223	5624	0.15380512091038406	1329	ST-RELA	G1	RELA-sc2	recurrence
foreman_1329_CATCCACGTTCGAATC	935	1577	0.028553299492385786	1329	ST-RELA	G2M	RELA-sc2	recurrence
foreman_1329_CATGACACACAACGTT	1043	1652	0.024818401937046004	1329	ST-RELA	S	RELA-sc2	recurrence
foreman_1329_CATGACACATAGGATA	763	1515	0.02046204620462046	1329	ST-RELA	S	RELA-sc2	recurrence
foreman_1329_CCAATCCAGCCGGTAA	1124	2490	0.10401606425702811	1329	ST-RELA	S	RELA-sc2	recurrence
foreman_1329_CCAATCCCATCCCACT	618	1065	0.04131455399061033	1329	ST-RELA	G1	RELA-sc2	recurrence
foreman_1329_CCACCTAGTTACGGAG	1011	1569	0.017208413001912046	1329	ST-RELA	G1	RELA-sc2	recurrence
foreman_1329_CCACCTATCGACAGCC	3818	12241	0.08896331999019688	1329	ST-RELA	S	RELA-sc2	recurrence
foreman_1329_CCAGCGAGTACCCAAT	1135	2489	0.043390920048212135	1329	ST-RELA	S	RELA-sc2	recurrence
foreman_1329_CCATTCGAGCTCAACT	1277	3053	0.16148051097281363	1329	ST-RELA	G1	RELA-sc2	recurrence
foreman_1329_CCCAATCAGGCTCATT	1576	4055	0.04784217016029593	1329	ST-RELA	S	RELA-sc2	recurrence
foreman_1329_CCCAATCGTAGAGGAA	918	1869	0.18619582664526485	1329	ST-RELA	G2M	RELA-sc2	recurrence
foreman_1329_CCCAATCTCCTACAGA	2709	7583	0.12753890793985756	1329	ST-RELA	S	RELA-sc2	recurrence
foreman_1329_CCGGGATCATGAGCGA	874	1746	0.042406876790830945	1329	ST-RELA	S	RELA-sc2	recurrence
foreman_1329_CCGTGGAAGCAAATCA	975	2195	0.18177676537585422	1329	ST-RELA	S	RELA-sc2	recurrence
foreman_1329_CCGTTCACAGGAATCG	879	1915	0.21775456919060052	1329	ST-RELA	G1	RELA-sc2	recurrence
foreman_1329_CCGTTCATCGGACAAG	1334	2929	0.18641174462273813	1329	ST-RELA	G1	RELA-sc2	recurrence
foreman_1329_CCTACACCAAGGTTCT	2127	5435	0.15565777368905243	1329	ST-RELA	S	RELA-sc2	recurrence
foreman_1329_CCTACACCATAAGACA	3358	11025	0.09462033929057426	1329	ST-RELA	S	RELA-sc2	recurrence
foreman_1329_CCTACACCATCGTCGG	1291	2756	0.06059506531204644	1329	ST-RELA	S	RELA-sc2	recurrence
foreman_1329_CCTACCAAGCGTTTAC	622	1322	0.2323996971990916	1329	ST-RELA	G2M	RELA-sc2	recurrence
foreman_1329_CCTATTACAACTGGCC	1137	2052	0.01608187134502924	1329	ST-RELA	G1	RELA-sc2	recurrence
foreman_1329_CCTTACGAGAGCTGCA	1007	2009	0.11398705823792932	1329	ST-RELA	S	RELA-sc2	recurrence
foreman_1329_CCTTCCCTCAGAGACG	743	1288	0.18788819875776397	1329	ST-RELA	G2M	RELA-sc2	recurrence
foreman_1329_CCTTCGAAGAAGATTC	628	1277	0.21064996084573218	1329	ST-RELA	G2M	RELA-sc2	recurrence
foreman_1329_CGAACATGTACCTACA	929	1730	0.11098265895953757	1329	ST-RELA	G2M	RELA-sc2	recurrence
foreman_1329_CGACTTCGTAGATTAG	581	1017	0.0688298918387414	1329	ST-RELA	S	RELA-sc2	recurrence
foreman_1329_CGAGAAGGTTAGTGGG	818	2030	0.28423645320197044	1329	ST-RELA	S	RELA-sc2	recurrence
foreman_1329_CGATGGCCAAGTCATC	728	1273	0.1791044776119403	1329	ST-RELA	G1	RELA-sc2	recurrence
foreman_1329_CGATTGAAGGGTGTTG	693	1354	0.1085672082717873	1329	ST-RELA	S	RELA-sc2	recurrence
foreman_1329_CGATTGATCAGCAACT	651	1441	0.06800832755031229	1329	ST-RELA	S	RELA-sc2	recurrence
foreman_1329_CGCGGTAGTCAGTGGA	663	1226	0.132952691680261	1329	ST-RELA	G1	RELA-sc2	recurrence
foreman_1329_CGCGTTTAGGGATGGG	798	1571	0.20942075111394018	1329	ST-RELA	S	RELA-sc2	recurrence
foreman_1329_CGCTATCCAAACGTGG	1775	4162	0.15044460466234078	1329	ST-RELA	S	RELA-sc2	recurrence
foreman_1329_CGCTATCTCTTCGGTC	950	1592	0.09170854271356783	1329	ST-RELA	S	RELA-sc2	recurrence
foreman_1329_CGCTGGATCTCACATT	488	986	0.1440162271805274	1329	ST-RELA	G1	RELA-sc2	recurrence
foreman_1329_CGCTTCACAGATCCAT	2024	4999	0.08901780356071214	1329	ST-RELA	S	RELA-sc2	recurrence
foreman_1329_CGGAGTCTCAGGATCT	758	1319	0.23881728582259287	1329	ST-RELA	S	RELA-sc2	recurrence
foreman_1329_CGGTTAACACTCAGGC	553	764	0.1400523560209424	1329	ST-RELA	G2M	RELA-sc2	recurrence
foreman_1329_CGGTTAACAGTGGGAT	963	1913	0.1228437009932044	1329	ST-RELA	S	RELA-sc2	recurrence
foreman_1329_CGTCCATAGGCGACAT	1404	3420	0.11842105263157894	1329	ST-RELA	S	RELA-sc2	recurrence
foreman_1329_CGTCCATGTCTTCGTC	1707	3785	0.08084544253632761	1329	ST-RELA	S	RELA-sc2	recurrence
foreman_1329_CGTCTACAGCCAGTTT	1318	2356	0.0865874363327674	1329	ST-RELA	G2M	RELA-sc2	recurrence
foreman_1329_CGTTAGAAGACGCACA	809	1590	0.06792452830188679	1329	ST-RELA	S	RELA-sc2	recurrence
foreman_1329_CTAATGGCAAACTGTC	1112	2611	0.20911528150134048	1329	ST-RELA	S	RELA-sc2	recurrence
foreman_1329_CTAATGGCAATCAGAA	577	781	0.1382842509603073	1329	ST-RELA	G2M	RELA-sc2	recurrence
foreman_1329_CTACCCACAGCATGAG	1764	3922	0.11626721060683325	1329	ST-RELA	G2M	RELA-sc2	recurrence
foreman_1329_CTACGTCAGCGTTTAC	1611	3354	0.14315538323889054	1329	ST-RELA	S	RELA-sc2	recurrence
foreman_1329_CTCATTATCGGAGGTA	613	1110	0.2	1329	ST-RELA	G2M	RELA-sc2	recurrence
foreman_1329_CTCGAGGAGGACATTA	991	1717	0.0512521840419336	1329	ST-RELA	G1	RELA-sc2	recurrence
foreman_1329_CTCGTCATCGTCCGTT	1176	2652	0.14102564102564102	1329	ST-RELA	S	RELA-sc2	recurrence
foreman_1329_CTGATAGCATCCAACA	1915	4115	0.1528554070473876	1329	ST-RELA	S	RELA-sc2	recurrence
foreman_1329_CTGATAGGTGCCTGCA	617	1258	0.12639109697933226	1329	ST-RELA	S	RELA-sc2	recurrence
foreman_1329_CTGATAGTCAGCCTAA	1024	1955	0.18618925831202046	1329	ST-RELA	G1	RELA-sc2	recurrence
foreman_1329_CTGCTGTGTCAATACC	839	1482	0.02564102564102564	1329	ST-RELA	G2M	RELA-sc2	recurrence
foreman_1329_CTGTTTAAGTGGACGT	1820	4244	0.21583411875589067	1329	ST-RELA	S	RELA-sc2	recurrence
foreman_1329_CTTTGCGAGTTATCGC	1857	4321	0.055542698449433	1329	ST-RELA	S	RELA-sc2	recurrence
foreman_1329_GAAACTCCACTGTTAG	732	1454	0.08253094910591471	1329	ST-RELA	S	RELA-sc2	recurrence
foreman_1329_GAACATCAGGAATTAC	943	1708	0.11007025761124122	1329	ST-RELA	S	RELA-sc2	recurrence
foreman_1329_GAACATCTCCTTTCTC	1108	2730	0.16886446886446888	1329	ST-RELA	S	RELA-sc2	recurrence
foreman_1329_GAACCTAGTAGCTTGT	767	1673	0.020322773460848775	1329	ST-RELA	S	RELA-sc2	recurrence
foreman_1329_GACGCGTGTAACGACG	744	1662	0.14139590854392298	1329	ST-RELA	G2M	RELA-sc2	recurrence
foreman_1329_GACTAACAGCGCCTCA	884	2229	0.21354867653656348	1329	ST-RELA	G2M	RELA-sc2	recurrence
foreman_1329_GACTAACTCAGGATCT	1593	3795	0.1712779973649539	1329	ST-RELA	S	RELA-sc2	recurrence
foreman_1329_GATCAGTTCTTGTACT	782	1686	0.1768545994065282	1329	ST-RELA	G2M	RELA-sc2	recurrence
foreman_1329_GATGAGGGTTGCGCAC	1045	2096	0.20372137404580154	1329	ST-RELA	G1	RELA-sc2	recurrence
foreman_1329_GATGCTAAGGATGTAT	1774	4559	0.11866637420486949	1329	ST-RELA	S	RELA-sc2	recurrence
foreman_1329_GATTCAGTCTCTTGAT	1358	3065	0.10277324632952692	1329	ST-RELA	S	RELA-sc2	recurrence
foreman_1329_GCACATAGTCACCCAG	1001	2783	0.06252245777937478	1329	ST-RELA	G1	RELA-sc2	recurrence
foreman_1329_GCACATATCTTAGCCC	832	1851	0.11459459459459459	1329	ST-RELA	S	RELA-sc2	recurrence
foreman_1329_GCAGCCATCGGAGCAA	1012	1626	0.020910209102091022	1329	ST-RELA	G1	RELA-sc2	recurrence
foreman_1329_GCAGTTATCAGAGACG	1550	3645	0.24252400548696845	1329	ST-RELA	G1	RELA-sc2	recurrence
foreman_1329_GCGACCAGTCGTCTTC	1967	5037	0.14175104228707563	1329	ST-RELA	S	RELA-sc2	recurrence
foreman_1329_GCGCCAAGTCGGCATC	1429	3041	0.1262742518908254	1329	ST-RELA	G1	RELA-sc2	recurrence
foreman_1329_GCTCCTACAGCGATCC	890	1705	0.1278592375366569	1329	ST-RELA	S	RELA-sc2	recurrence
foreman_1329_GCTCCTACATGATCCA	1006	2434	0.10846343467543139	1329	ST-RELA	S	RELA-sc2	recurrence
foreman_1329_GCTTCCACACACGCTG	820	1739	0.17538815411155836	1329	ST-RELA	S	RELA-sc2	recurrence
foreman_1329_GCTTCCATCCTTAATC	585	1037	0.09836065573770492	1329	ST-RELA	G1	RELA-sc2	recurrence
foreman_1329_GCTTGAACACTTGGAT	417	647	0.15765069551777433	1329	ST-RELA	S	RELA-sc2	recurrence
foreman_1329_GGACAAGAGACAAGCC	778	1440	0.0798611111111111	1329	ST-RELA	S	RELA-sc2	recurrence
foreman_1329_GGACAAGCACGTAAGG	1484	3600	0.17527777777777778	1329	ST-RELA	S	RELA-sc2	recurrence
foreman_1329_GGACATTCATCGGAAG	779	1313	0.09291698400609291	1329	ST-RELA	S	RELA-sc2	recurrence
foreman_1329_GGGACCTAGTGGCACA	818	1511	0.16887417218543047	1329	ST-RELA	G2M	RELA-sc2	recurrence
foreman_1329_GGGACCTTCTTACCGC	2781	7808	0.0894069424875112	1329	ST-RELA	S	RELA-sc2	recurrence
foreman_1329_GGGAGATGTCGCGTGT	717	1349	0.17642698295033357	1329	ST-RELA	S	RELA-sc2	recurrence
foreman_1329_GGGCACTCAGGCGATA	802	1750	0.168	1329	ST-RELA	G1	RELA-sc2	recurrence
foreman_1329_GGGTTGCGTATAATGG	2010	4428	0.11249152925231534	1329	ST-RELA	S	RELA-sc2	recurrence
foreman_1329_GTAACTGTCGGCGCTA	861	2059	0.10199125789218066	1329	ST-RELA	G1	RELA-sc2	recurrence
foreman_1329_GTAGGCCCACATTCGA	862	1867	0.146223888591323	1329	ST-RELA	S	RELA-sc2	recurrence
foreman_1329_GTATCTTCATATACGC	580	1435	0.1951219512195122	1329	ST-RELA	G1	RELA-sc2	recurrence
foreman_1329_GTCACGGTCACCGTAA	1162	2351	0.07443641003828158	1329	ST-RELA	S	RELA-sc2	recurrence
foreman_1329_GTGCAGCCAAACCCAT	1237	2249	0.09559804357492219	1329	ST-RELA	G1	RELA-sc2	recurrence
foreman_1329_GTGCAGCGTTTGTTTC	1193	2174	0.08647654093836246	1329	ST-RELA	S	RELA-sc2	recurrence
foreman_1329_GTGCTTCAGTATTGGA	1660	3918	0.0479836651352731	1329	ST-RELA	G1	RELA-sc2	recurrence
foreman_1329_GTGTGCGGTGCTTCTC	3344	8343	0.09530088707743946	1329	ST-RELA	S	RELA-sc2	recurrence
foreman_1329_GTGTTAGAGAAGATTC	683	1164	0.041237113402061855	1329	ST-RELA	S	RELA-sc2	recurrence
foreman_1329_GTTTCTAGTCCTAGCG	793	1586	0.06746532156368222	1329	ST-RELA	G1	RELA-sc2	recurrence
foreman_1329_TAAGAGATCTCAACTT	1963	5205	0.10240153698366955	1329	ST-RELA	S	RELA-sc2	recurrence
foreman_1329_TATTACCGTAAGTAGT	1467	3418	0.20011702750146285	1329	ST-RELA	G1	RELA-sc2	recurrence
foreman_1329_TCACGAAGTTGTTTGG	816	1898	0.15384615384615385	1329	ST-RELA	S	RELA-sc2	recurrence
foreman_1329_TCAGATGAGCACCGTC	887	1676	0.15274463007159905	1329	ST-RELA	S	RELA-sc2	recurrence
foreman_1329_TCCACACGTATAGTAG	601	1294	0.12287480680061824	1329	ST-RELA	G1	RELA-sc2	recurrence
foreman_1329_TCGCGAGTCAACCATG	1149	1876	0.01279317697228145	1329	ST-RELA	S	RELA-sc2	recurrence
foreman_1329_TCGCGAGTCTTGCCGT	1472	3288	0.18004866180048662	1329	ST-RELA	S	RELA-sc2	recurrence
foreman_1329_TCGCGTTCATGAGCGA	837	2097	0.1044349070100143	1329	ST-RELA	G1	RELA-sc2	recurrence
foreman_1329_TCGGTAACACGAAATA	791	1563	0.1708253358925144	1329	ST-RELA	S	RELA-sc2	recurrence
foreman_1329_TCGTACCTCACAAACC	794	1804	0.1712860310421286	1329	ST-RELA	G2M	RELA-sc2	recurrence
foreman_1329_TCTATTGGTTTGGCGC	556	1310	0.1099236641221374	1329	ST-RELA	S	RELA-sc2	recurrence
foreman_1329_TGACAACGTGGCTCCA	951	1968	0.23983739837398374	1329	ST-RELA	G2M	RELA-sc2	recurrence
foreman_1329_TGACTTTCACACGCTG	1115	2387	0.01550712489522213	1329	ST-RELA	G2M	RELA-sc2	recurrence
foreman_1329_TGAGAGGCAATGTAAG	1337	2789	0.01541771244173539	1329	ST-RELA	S	RELA-sc2	recurrence
foreman_1329_TGAGAGGGTACCGCTG	1772	3962	0.15555555555555556	1329	ST-RELA	G2M	RELA-sc2	recurrence
foreman_1329_TGAGCCGCATGCCTAA	601	1060	0.15958451369216242	1329	ST-RELA	S	RELA-sc2	recurrence
foreman_1329_TGAGGGAAGTCTCAAC	1309	2875	0.06365217391304348	1329	ST-RELA	S	RELA-sc2	recurrence
foreman_1329_TGATTTCCAGCTTAAC	3513	12544	0.05612244897959184	1329	ST-RELA	S	RELA-sc2	recurrence
foreman_1329_TGATTTCTCCCAACGG	1037	2373	0.1639275179098188	1329	ST-RELA	G2M	RELA-sc2	recurrence
foreman_1329_TGCCCTAGTAAATGAC	652	1119	0.18588025022341376	1329	ST-RELA	G1	RELA-sc2	recurrence
foreman_1329_TGCGGGTCAAATTGCC	1377	3502	0.237932019423022	1329	ST-RELA	S	RELA-sc2	recurrence
foreman_1329_TGCGGGTGTGAAGGCT	944	2216	0.14395306859205775	1329	ST-RELA	S	RELA-sc2	recurrence
foreman_1329_TGGCGCATCGGCTACG	582	1088	0.13983440662373506	1329	ST-RELA	S	RELA-sc2	recurrence
foreman_1329_TGGGCGTTCGCGATCG	1303	2343	0.021340162185232606	1329	ST-RELA	G1	RELA-sc2	recurrence
foreman_1329_TGTTCCGCAACGATCT	1090	1663	0.0703547805171377	1329	ST-RELA	G2M	RELA-sc2	recurrence
foreman_1329_TTAGTTCGTTGATTGC	983	1927	0.043072132848988066	1329	ST-RELA	G1	RELA-sc2	recurrence
foreman_1329_TTCGAAGAGATCGATA	416	646	0.05417956656346749	1329	ST-RELA	S	RELA-sc2	recurrence
foreman_1329_TTCGGTCCATTTGCCC	1546	4061	0.16502463054187191	1329	ST-RELA	S	RELA-sc2	recurrence
foreman_1329_TTCTACATCAACACGT	1175	2629	0.016736401673640166	1329	ST-RELA	G2M	RELA-sc2	recurrence
foreman_1329_TTCTACATCGTACCGG	2477	6743	0.11834495031884917	1329	ST-RELA	S	RELA-sc2	recurrence
foreman_1329_TTCTCCTTCATGCTCC	1166	1920	0.0067708333333333336	1329	ST-RELA	S	RELA-sc2	recurrence
foreman_1329_TTCTCCTTCCAGTATG	1611	4081	0.18181818181818182	1329	ST-RELA	S	RELA-sc2	recurrence
foreman_1329_TTGCGTCAGAGATGAG	925	1712	0.08936915887850468	1329	ST-RELA	S	RELA-sc2	recurrence
foreman_1329_TTGGAACCAGCCACCA	1550	3242	0.06847624922887106	1329	ST-RELA	S	RELA-sc2	recurrence
foreman_1329_TTGGCAAAGATCGGGT	956	2004	0.1596806387225549	1329	ST-RELA	S	RELA-sc2	recurrence
foreman_1329_TTGTAGGAGTTAAGTG	392	707	0.10042432814710042	1329	ST-RELA	S	RELA-sc2	recurrence
foreman_1329_TTTACTGTCAGCTTAG	936	1989	0.08195072900955254	1329	ST-RELA	G2M	RELA-sc2	recurrence
foreman_1329_TTTATGCCATTGCGGC	1104	2374	0.13316477033291194	1329	ST-RELA	S	RELA-sc2	recurrence
foreman_1329_TTTATGCGTCGCTTCT	950	1906	0.1379853095487933	1329	ST-RELA	S	RELA-sc2	recurrence
foreman_1329_TTTATGCTCCAGATCA	1580	3449	0.12757320962597854	1329	ST-RELA	S	RELA-sc2	recurrence
foreman_1329_TTTCCTCAGACCCACC	730	1707	0.07381370826010544	1329	ST-RELA	G1	RELA-sc2	recurrence
foreman_1329_TTTCCTCCACCTCGGA	616	1285	0.1822429906542056	1329	ST-RELA	S	RELA-sc2	recurrence
foreman_1329_TTTGTCAAGTGTTAGA	755	1517	0.2030323005932762	1329	ST-RELA	S	RELA-sc2	recurrence
foreman_870_AAACGGGAGTCTCCTC	1109	2596	0.1590909090909091	870	ST-RELA	S	RELA-sc2	primary
foreman_870_CACTCCATCAGTTAGC	711	1536	0.08729641693811074	870	ST-RELA	S	RELA-sc2	primary
foreman_870_TGATTTCTCATCTGCC	671	1534	0.2105606258148631	870	ST-RELA	G1	RELA-sc2	primary
foreman_870_AACTCCCTCTGATACG	399	1085	0.18064516129032257	870	ST-RELA	G1	RELA-sc2	primary
foreman_870_ATCACGAAGTGACTCT	516	1271	0.16129032258064516	870	ST-RELA	G2M	RELA-sc2	primary
foreman_870_ATTATCCAGTACGACG	528	1471	0.1964649898028552	870	ST-RELA	G1	RELA-sc2	primary
foreman_870_CAAGTTGCAAATACAG	508	940	0.14893617021276595	870	ST-RELA	G2M	RELA-sc2	primary
foreman_870_CACCACTAGTTCGCAT	292	588	0.21768707482993196	870	ST-RELA	G1	RELA-sc2	primary
foreman_870_CCGGTAGTCAGCTCTC	399	551	0.043557168784029036	870	ST-RELA	G2M	RELA-sc2	primary
foreman_870_CCTTCGAAGCAAATCA	804	2062	0.1469447138700291	870	ST-RELA	G1	RELA-sc2	primary
foreman_870_CGAACATGTTGCCTCT	522	1280	0.21953125	870	ST-RELA	G1	RELA-sc2	primary
foreman_870_CGCGTTTAGGATGGTC	493	1079	0.17330861909175163	870	ST-RELA	G2M	RELA-sc2	primary
foreman_870_CTCACACTCCCTGACT	959	3020	0.1781456953642384	870	ST-RELA	G1	RELA-sc2	primary
foreman_870_CTCATTATCAAGAAGT	380	1033	0.1781219748305905	870	ST-RELA	G1	RELA-sc2	primary
foreman_870_CTCTGGTTCCTTGACC	311	747	0.2074966532797858	870	ST-RELA	G1	RELA-sc2	primary
foreman_870_CTGGTCTCAGTCTTCC	427	873	0.14891179839633448	870	ST-RELA	G1	RELA-sc2	primary
foreman_870_GTTTCTACAGTATGCT	442	1054	0.1954459203036053	870	ST-RELA	G1	RELA-sc2	primary
foreman_870_TACGGTACAGCGTCCA	834	2445	0.18895705521472392	870	ST-RELA	G2M	RELA-sc2	primary
foreman_870_TGGGAAGAGGCTAGGT	527	1320	0.21986353297952996	870	ST-RELA	S	RELA-sc2	primary
foreman_870_TGGGCGTTCATGTGGT	531	1162	0.24978466838931956	870	ST-RELA	G2M	RELA-sc2	primary
foreman_870_TTCTTAGTCTAACCGA	538	1356	0.25958702064896755	870	ST-RELA	G1	RELA-sc2	primary
foreman_870_TTTATGCAGAGCTTCT	819	2627	0.2466692044156833	870	ST-RELA	G1	RELA-sc2	primary
foreman_870_TCTCATATCTAACGGT	727	1689	0.2559241706161137	870	ST-RELA	G1	RELA-sc2	primary
foreman_870_ACATGGTGTACATCCA	957	2222	0.23267326732673269	870	ST-RELA	G1	RELA-sc2	primary
foreman_870_ACCTTTACAAGACGTG	730	1424	0.17626404494382023	870	ST-RELA	G1	RELA-sc2	primary
foreman_870_ACGATGTCACCAGGTC	901	2050	0.1791117618350415	870	ST-RELA	G1	RELA-sc2	primary
foreman_870_ACTATCTTCAGCATGT	662	1242	0.22302737520128824	870	ST-RELA	G2M	RELA-sc2	primary
foreman_870_AGTGAGGGTCATCCCT	1233	2515	0.11133200795228629	870	ST-RELA	G1	RELA-sc2	primary
foreman_870_ATCACGATCCAGTATG	1021	2571	0.17315175097276264	870	ST-RELA	G2M	RELA-sc2	primary
foreman_870_CCCATACGTTGCCTCT	2214	5325	0.14929577464788732	870	ST-RELA	G1	RELA-sc2	primary
foreman_870_CTCTAATTCGTTTATC	1872	4047	0.09735606622189276	870	ST-RELA	G1	RELA-sc2	primary
foreman_870_GAAACTCGTTTAGCTG	882	1922	0.1389177939646202	870	ST-RELA	G1	RELA-sc2	primary
foreman_870_GATCGTAAGTTGTAGA	1537	3072	0.1650390625	870	ST-RELA	G1	RELA-sc2	primary
foreman_870_GGGACCTCAATGACCT	1426	4745	0.21500843170320405	870	ST-RELA	G1	RELA-sc2	primary
foreman_870_GTAACTGAGAGACGAA	1624	3512	0.1600227790432802	870	ST-RELA	S	RELA-sc2	primary
foreman_870_CAGCAGCCACTCGACG	684	1841	0.18532608695652175	870	ST-RELA	G1	RELA-sc2	primary
foreman_870_CCTACCACAGCTCCGA	1040	3157	0.17073170731707318	870	ST-RELA	G1	RELA-sc2	primary
foreman_870_CGAGAAGTCACCGTAA	1124	2806	0.2505345687811832	870	ST-RELA	G1	RELA-sc2	primary
foreman_870_CGCCAAGAGTTAGCGG	1305	2879	0.26884334838485585	870	ST-RELA	S	RELA-sc2	primary
foreman_870_CGGACACCAGGTTTCA	752	2148	0.1601489757914339	870	ST-RELA	G2M	RELA-sc2	primary
foreman_870_CGGTTAAGTACAGACG	749	1657	0.18044659022329512	870	ST-RELA	G1	RELA-sc2	primary
foreman_870_CGTCAGGGTCCAGTGC	808	2056	0.17315175097276264	870	ST-RELA	G1	RELA-sc2	primary
foreman_870_CGTTAGACACGCTTTC	917	2143	0.2221185254316379	870	ST-RELA	G1	RELA-sc2	primary
foreman_870_CTCGGAGAGATTACCC	920	1996	0.15781563126252504	870	ST-RELA	G1	RELA-sc2	primary
foreman_870_CTCGTCACATTTGCTT	743	2064	0.2059108527131783	870	ST-RELA	S	RELA-sc2	primary
foreman_870_GACACGCGTCAGATAA	914	1820	0.12197802197802197	870	ST-RELA	G1	RELA-sc2	primary
foreman_870_GACACGCTCCTCCTAG	2233	8108	0.19476995189342544	870	ST-RELA	G1	RELA-sc2	primary
foreman_870_GACCAATAGCTGCCCA	1339	3387	0.1848243283141423	870	ST-RELA	S	RELA-sc2	primary
foreman_870_GACGGCTAGCCCAACC	474	976	0.2223360655737705	870	ST-RELA	S	RELA-sc2	primary
foreman_870_GCACATAGTCTAGTCA	479	877	0.1961231470923603	870	ST-RELA	G1	RELA-sc2	primary
foreman_870_GCACTCTAGCGATCCC	958	2835	0.152787579393084	870	ST-RELA	G1	RELA-sc2	primary
foreman_870_GCGAGAATCACTTCAT	662	1586	0.14186633039092056	870	ST-RELA	G1	RELA-sc2	primary
foreman_870_GCTCCTATCCTCCTAG	847	2143	0.17592160522631825	870	ST-RELA	G2M	RELA-sc2	primary
foreman_870_GCTGGGTAGCGAAGGG	922	2119	0.1849929211892402	870	ST-RELA	G1	RELA-sc2	primary
foreman_870_GTAGTCAGTGAGGCTA	1023	2498	0.13250600480384309	870	ST-RELA	S	RELA-sc2	primary
foreman_870_GTCACGGTCTACCAGA	693	1818	0.23982398239823982	870	ST-RELA	G1	RELA-sc2	primary
foreman_870_GTTAAGCTCACGAAGG	1102	2634	0.17046317388003038	870	ST-RELA	G1	RELA-sc2	primary
foreman_870_TACTCATGTGTAATGA	510	1136	0.1814977973568282	870	ST-RELA	G2M	RELA-sc2	primary
foreman_870_TAGCCGGCATTGCGGC	477	825	0.14684466019417475	870	ST-RELA	S	RELA-sc2	primary
foreman_870_TATCTCAAGATACACA	765	2277	0.22495606326889278	870	ST-RELA	G1	RELA-sc2	primary
foreman_870_TCTGGAATCTCCTATA	1067	2855	0.18318739054290717	870	ST-RELA	G1	RELA-sc2	primary
foreman_870_TGACTTTCATAGAAAC	1124	2479	0.14608555286521388	870	ST-RELA	S	RELA-sc2	primary
foreman_870_TGTATTCGTCGGATCC	1018	2452	0.149673735725938	870	ST-RELA	G2M	RELA-sc2	primary
foreman_1158_2_ACACAGTGTCAGATTC	3892	10135	0.08386778490379872	1158	ST-RELA	G1	RELA-sc2	recurrence
foreman_1158_2_ACACTGACATCCGAGC	2304	5818	0.1342385699553111	1158	ST-RELA	G1	RELA-sc2	recurrence
foreman_1158_2_ACCACAACAGGCTATT	3620	10353	0.11060664605873262	1158	ST-RELA	G1	RELA-sc2	recurrence
foreman_1158_2_ACCGTTCGTGATGAAT	3085	8194	0.12374908469611912	1158	ST-RELA	G1	RELA-sc2	recurrence
foreman_1158_2_ACGATCATCGTCTAAG	4900	16417	0.12420808966861599	1158	ST-RELA	G1	RELA-sc2	recurrence
foreman_1158_2_ACTTAGGCATTCCTCG	5725	22074	0.10600706713780919	1158	ST-RELA	S	RELA-sc2	recurrence
foreman_1158_2_AGAACAATCGAAGAAT	2328	5571	0.08741698079339437	1158	ST-RELA	S	RELA-sc2	recurrence
foreman_1158_2_AGACCCGGTTGTGCAT	2685	6413	0.14537513648416783	1158	ST-RELA	G1	RELA-sc2	recurrence
foreman_1158_2_AGATCCAGTGCCTAAT	6644	28821	0.1311589174184594	1158	ST-RELA	S	RELA-sc2	recurrence
foreman_1158_2_AGATCGTTCTGGCCAG	2665	6999	0.10690295841074747	1158	ST-RELA	G1	RELA-sc2	recurrence
foreman_1158_2_AGCGATTAGAGTATAC	3003	7183	0.08408742865098148	1158	ST-RELA	G1	RELA-sc2	recurrence
foreman_1158_2_AGCGATTGTCCTTAAG	1884	3915	0.15555555555555556	1158	ST-RELA	S	RELA-sc2	recurrence
foreman_1158_2_AGTCACAAGTCTAACC	6551	28727	0.14875026108751654	1158	ST-RELA	S	RELA-sc2	recurrence
foreman_1158_2_AGTGACTCAGGGAATC	2937	7945	0.12938955317809944	1158	ST-RELA	G1	RELA-sc2	recurrence
foreman_1158_2_AGTGATCCACATATGC	2320	5355	0.12903828197945846	1158	ST-RELA	S	RELA-sc2	recurrence
foreman_1158_2_AGTTCGATCTCTCTAA	3052	7437	0.10205728116175877	1158	ST-RELA	G1	RELA-sc2	recurrence
foreman_1158_2_ATAGAGATCATTGTTC	2919	7928	0.12299735082628989	1158	ST-RELA	G1	RELA-sc2	recurrence
foreman_1158_2_ATCCACCGTCGTTCAA	3607	10524	0.16552641581147853	1158	ST-RELA	G1	RELA-sc2	recurrence
foreman_1158_2_ATCGCCTCACAGGATG	1314	2499	0.10444177671068428	1158	ST-RELA	G1	RELA-sc2	recurrence
foreman_1158_2_ATGACCAAGTGGACTG	2022	4901	0.17220975311160988	1158	ST-RELA	G1	RELA-sc2	recurrence
foreman_1158_2_ATGACCAGTTAAGAAC	3109	8341	0.12360628222035727	1158	ST-RELA	G1	RELA-sc2	recurrence
foreman_1158_2_ATGAGTCAGTATAGGT	3187	9804	0.0890452876376989	1158	ST-RELA	S	RELA-sc2	recurrence
foreman_1158_2_ATGGGAGGTCCAAAGG	483	636	0.08647798742138364	1158	ST-RELA	G2M	RELA-sc2	recurrence
foreman_1158_2_ATGGGAGTCAACCTTT	3103	7974	0.08966641585151743	1158	ST-RELA	G1	RELA-sc2	recurrence
foreman_1158_2_ATTCAGGAGCGTATAA	2724	6826	0.14754578754578754	1158	ST-RELA	S	RELA-sc2	recurrence
foreman_1158_2_ATTCAGGGTGATACTC	1831	3490	0.04756446991404011	1158	ST-RELA	S	RELA-sc2	recurrence
foreman_1158_2_ATTGGGTGTGTATACC	1344	2681	0.09660574412532637	1158	ST-RELA	G2M	RELA-sc2	recurrence
foreman_1158_2_CAACCAAGTCATAAAG	4210	12303	0.1271234658213444	1158	ST-RELA	S	RELA-sc2	recurrence
foreman_1158_2_CAAGACTGTGTTCGAT	2300	5453	0.10783055198973042	1158	ST-RELA	G1	RELA-sc2	recurrence
foreman_1158_2_CACACAAAGCGCCTCA	3074	7813	0.07538717522078588	1158	ST-RELA	G1	RELA-sc2	recurrence
foreman_1158_2_CACACAATCAGCTCTC	3503	8805	0.15347040781551743	1158	ST-RELA	G1	RELA-sc2	recurrence
foreman_1158_2_CACAGGCCATATACCG	1930	4225	0.1770414201183432	1158	ST-RELA	G1	RELA-sc2	recurrence
foreman_1158_2_CACTGAATCACCCTTG	3543	9784	0.12009403107113654	1158	ST-RELA	G1	RELA-sc2	recurrence
foreman_1158_2_CATGAGTTCAAGTTGC	4007	12008	0.09027315123251166	1158	ST-RELA	G2M	RELA-sc2	recurrence
foreman_1158_2_CATTGCCGTACATACC	4997	17225	0.09521044992743107	1158	ST-RELA	G1	RELA-sc2	recurrence
foreman_1158_2_CCACCATGTGGGCTCT	3598	11041	0.14101983515985872	1158	ST-RELA	S	RELA-sc2	recurrence
foreman_1158_2_CCCTCTCCAGCCCAGT	2505	6547	0.10355888193065527	1158	ST-RELA	G1	RELA-sc2	recurrence
foreman_1158_2_CCCTCTCGTAAGACCG	2165	5150	0.14504854368932038	1158	ST-RELA	G1	RELA-sc2	recurrence
foreman_1158_2_CCTCACAGTGGCTACC	3419	9430	0.0904559915164369	1158	ST-RELA	S	RELA-sc2	recurrence
foreman_1158_2_CGAGAAGTCCTCAGGG	5884	25219	0.10492505353319058	1158	ST-RELA	G1	RELA-sc2	recurrence
foreman_1158_2_CGAGTTATCCACAAGT	1195	2092	0.04541108986615679	1158	ST-RELA	G1	RELA-sc2	recurrence
foreman_1158_2_CGATGCGCACAGCATT	2191	5133	0.17299824663939217	1158	ST-RELA	G1	RELA-sc2	recurrence
foreman_1158_2_CGTAAGTGTAATGCTC	3877	11508	0.11141044581559051	1158	ST-RELA	G1	RELA-sc2	recurrence
foreman_1158_2_CTAACTTCAAGGAGTC	2828	7854	0.08263305322128851	1158	ST-RELA	G1	RELA-sc2	recurrence
foreman_1158_2_CTAACTTTCGCATTAG	4126	11690	0.115160848733744	1158	ST-RELA	G1	RELA-sc2	recurrence
foreman_1158_2_CTACCTGCACGGCTAC	3450	8830	0.10033975084937713	1158	ST-RELA	G1	RELA-sc2	recurrence
foreman_1158_2_CTAGGTATCCACCTGT	3312	9071	0.11784808731121155	1158	ST-RELA	G1	RELA-sc2	recurrence
foreman_1158_2_CTCATTAGTTGATCGT	1719	3451	0.06954505940307157	1158	ST-RELA	G1	RELA-sc2	recurrence
foreman_1158_2_CTCCCAACAAGAATAC	4868	15586	0.06224332648870637	1158	ST-RELA	G1	RELA-sc2	recurrence
foreman_1158_2_CTCCCAATCTCATGGA	1944	3942	0.06037544393708777	1158	ST-RELA	G1	RELA-sc2	recurrence
foreman_1158_2_CTGCCATGTAGATGTA	2710	8279	0.10810484358014252	1158	ST-RELA	S	RELA-sc2	recurrence
foreman_1158_2_CTTACCGTCGTCTAAG	2674	6318	0.10558809561500712	1158	ST-RELA	G1	RELA-sc2	recurrence
foreman_1158_2_GAATAGAAGCGATGAC	2811	6648	0.08634175691937425	1158	ST-RELA	G1	RELA-sc2	recurrence
foreman_1158_2_GACCAATCAGCTTTCC	3685	10131	0.0863770977295163	1158	ST-RELA	S	RELA-sc2	recurrence
foreman_1158_2_GAGGGTAAGTTTCGAC	1950	4036	0.1506442021803766	1158	ST-RELA	G1	RELA-sc2	recurrence
foreman_1158_2_GAGTTACTCATGAGGG	2555	7073	0.14322069843065177	1158	ST-RELA	S	RELA-sc2	recurrence
foreman_1158_2_GATAGCTCAACCAGAG	3558	12586	0.13690901867302344	1158	ST-RELA	G1	RELA-sc2	recurrence
foreman_1158_2_GATCACAAGATCACCT	3486	10180	0.10521662245800177	1158	ST-RELA	G1	RELA-sc2	recurrence
foreman_1158_2_GCAACATCACGGTGTC	1066	1820	0.05989010989010989	1158	ST-RELA	S	RELA-sc2	recurrence
foreman_1158_2_GCCTGTTGTCACCCTT	3244	8234	0.13480689822686423	1158	ST-RELA	G1	RELA-sc2	recurrence
foreman_1158_2_GCGTTTCTCGGATAAA	2583	5742	0.12630662020905922	1158	ST-RELA	G1	RELA-sc2	recurrence
foreman_1158_2_GCTACCTCAACTAGAA	1748	3381	0.11860396332446022	1158	ST-RELA	G1	RELA-sc2	recurrence
foreman_1158_2_GGATCTATCGTGCACG	2659	6628	0.1191913095956548	1158	ST-RELA	G1	RELA-sc2	recurrence
foreman_1158_2_GGGAGATCACCAAAGG	3357	9677	0.1520099204298853	1158	ST-RELA	G1	RELA-sc2	recurrence
foreman_1158_2_GGGATGACATACAGCT	3785	10536	0.08741457858769931	1158	ST-RELA	G1	RELA-sc2	recurrence
foreman_1158_2_GGGTAGACACACCTAA	2860	6933	0.1316890235107457	1158	ST-RELA	S	RELA-sc2	recurrence
foreman_1158_2_GGGTATTAGATGCGAC	2365	6163	0.13777994157740994	1158	ST-RELA	G1	RELA-sc2	recurrence
foreman_1158_2_GGGTCACGTCGGATTT	747	1046	0.08126195028680688	1158	ST-RELA	G1	RELA-sc2	recurrence
foreman_1158_2_GGTCTGGAGTAAACTG	4821	15449	0.08395365395818499	1158	ST-RELA	G2M	RELA-sc2	recurrence
foreman_1158_2_GTAAGTCAGTCAACAA	2264	6114	0.10878455750040897	1158	ST-RELA	S	RELA-sc2	recurrence
foreman_1158_2_GTAGGAGGTCCGAAGA	4896	16982	0.15387786349449384	1158	ST-RELA	G1	RELA-sc2	recurrence
foreman_1158_2_GTCAAACCAGAAATTG	3147	8247	0.12040742088032011	1158	ST-RELA	G1	RELA-sc2	recurrence
foreman_1158_2_GTGCAGCCATCAGCAT	3312	10608	0.140096162911285	1158	ST-RELA	G1	RELA-sc2	recurrence
foreman_1158_2_TAACCAGAGCATGATA	2515	6064	0.11840369393139842	1158	ST-RELA	G1	RELA-sc2	recurrence
foreman_1158_2_TAACCAGAGTGCGCTC	3996	13960	0.12972779369627507	1158	ST-RELA	G1	RELA-sc2	recurrence
foreman_1158_2_TAAGCACCAACCACAT	3527	9413	0.10518487037824055	1158	ST-RELA	G1	RELA-sc2	recurrence
foreman_1158_2_TACAACGGTAGCACGA	3332	8592	0.10626163873370577	1158	ST-RELA	G1	RELA-sc2	recurrence
foreman_1158_2_TACCTCGAGAGCAACC	1872	3650	0.1	1158	ST-RELA	G1	RELA-sc2	recurrence
foreman_1158_2_TATATCCAGCTTTCCC	5186	17224	0.10400696864111499	1158	ST-RELA	G1	RELA-sc2	recurrence
foreman_1158_2_TATCCTAGTCGTTTCC	2418	6051	0.11270864319947116	1158	ST-RELA	G2M	RELA-sc2	recurrence
foreman_1158_2_TCACGGGTCGAGGCAA	1015	1786	0.20056022408963586	1158	ST-RELA	S	RELA-sc2	recurrence
foreman_1158_2_TCACTATAGCTAAATG	1432	2753	0.19179077370141664	1158	ST-RELA	G1	RELA-sc2	recurrence
foreman_1158_2_TCAGTTTCAAAGTGTA	1639	4019	0.09380442896242847	1158	ST-RELA	G1	RELA-sc2	recurrence
foreman_1158_2_TCATCCGTCTGGTTGA	3154	8669	0.1294266928134733	1158	ST-RELA	G1	RELA-sc2	recurrence
foreman_1158_2_TCATGTTTCTACCCAC	3111	7905	0.06299810246679317	1158	ST-RELA	G1	RELA-sc2	recurrence
foreman_1158_2_TCCATGCTCCTAGCCT	6515	27006	0.12201444177004259	1158	ST-RELA	S	RELA-sc2	recurrence
foreman_1158_2_TCCCAGTTCTCGAACA	3882	9805	0.11250509995920033	1158	ST-RELA	G1	RELA-sc2	recurrence
foreman_1158_2_TCCTCGATCCTTTAGT	3033	8087	0.13948312105848892	1158	ST-RELA	S	RELA-sc2	recurrence
foreman_1158_2_TCGAAGTAGCTGAAGC	4076	13595	0.08820716545280659	1158	ST-RELA	G1	RELA-sc2	recurrence
foreman_1158_2_TCGCTCAAGAGAATCT	2337	6332	0.1396083385975995	1158	ST-RELA	G1	RELA-sc2	recurrence
foreman_1158_2_TCGGTCTAGAACAAGG	2005	5353	0.09900990099009901	1158	ST-RELA	G1	RELA-sc2	recurrence
foreman_1158_2_TCGTAGAGTCGACTGC	2562	6767	0.1395005172159007	1158	ST-RELA	G1	RELA-sc2	recurrence
foreman_1158_2_TGACCCTCAGCAGTGA	3223	8634	0.16724577252721798	1158	ST-RELA	G1	RELA-sc2	recurrence
foreman_1158_2_TGACCCTGTACGGTTT	2214	5274	0.17406143344709898	1158	ST-RELA	G1	RELA-sc2	recurrence
foreman_1158_2_TGAGGAGCATCCGGCA	3793	11461	0.1266905156618096	1158	ST-RELA	S	RELA-sc2	recurrence
foreman_1158_2_TGATGCAAGGTGATAT	530	833	0.11284513805522209	1158	ST-RELA	G2M	RELA-sc2	recurrence
foreman_1158_2_AAGGAATCACTGCTTC	869	1819	0.15283122594832327	1158	ST-RELA	G1	RELA-sc2	recurrence
foreman_1158_2_ACACAGTCAGAGCGTA	2723	7361	0.12063578318163293	1158	ST-RELA	G1	RELA-sc2	recurrence
foreman_1158_2_AGACCCGCATACTGTG	1848	3978	0.14328808446455504	1158	ST-RELA	G1	RELA-sc2	recurrence
foreman_1158_2_ATCGTAGGTCCTCAGG	3757	12514	0.10292472430877417	1158	ST-RELA	S	RELA-sc2	recurrence
foreman_1158_2_ATGAAAGGTGGCTCTG	3411	9231	0.12772180695482613	1158	ST-RELA	S	RELA-sc2	recurrence
foreman_1158_2_ATTGGGTCAACCTATG	2624	6417	0.09786504597163784	1158	ST-RELA	G1	RELA-sc2	recurrence
foreman_1158_2_CAAAGAAGTCATCGCG	906	1437	0.14126652748782184	1158	ST-RELA	G1	RELA-sc2	recurrence
foreman_1158_2_CAGAGCCGTCGCTGCA	1322	2357	0.13958421722528638	1158	ST-RELA	S	RELA-sc2	recurrence
foreman_1158_2_CCCGGAAAGATCGCCC	1140	1986	0.1500503524672709	1158	ST-RELA	G1	RELA-sc2	recurrence
foreman_1158_2_CCGGGTATCTTGCGCT	1992	4248	0.17184557438794726	1158	ST-RELA	S	RELA-sc2	recurrence
foreman_1158_2_CCTACGTGTTAGCGGA	3194	8509	0.1963803032083676	1158	ST-RELA	S	RELA-sc2	recurrence
foreman_1158_2_CCTCAGTAGTTCCATG	2697	6292	0.14780673871582964	1158	ST-RELA	S	RELA-sc2	recurrence
foreman_1158_2_CGAAGGAGTCCAAATC	1254	2314	0.14174589455488332	1158	ST-RELA	G1	RELA-sc2	recurrence
foreman_1158_2_CGAGGAAGTAGAGCTG	3099	8669	0.13807820971276963	1158	ST-RELA	G2M	RELA-sc2	recurrence
foreman_1158_2_CTACAGACAGAATTCC	1347	2908	0.23211829436038514	1158	ST-RELA	S	RELA-sc2	recurrence
foreman_1158_2_CTCTGGTCACCTTCCA	1299	2752	0.2612645348837209	1158	ST-RELA	G1	RELA-sc2	recurrence
foreman_1158_2_CTTCCGACATGTGTCA	2876	7903	0.12337087182082754	1158	ST-RELA	S	RELA-sc2	recurrence
foreman_1158_2_GAAGTAACACATTACG	2250	5337	0.15854572713643178	1158	ST-RELA	G2M	RELA-sc2	recurrence
foreman_1158_2_GACTCAAGTTCGGACC	2490	6250	0.15856	1158	ST-RELA	G1	RELA-sc2	recurrence
foreman_1158_2_GCACATATCGTAATGC	2195	5128	0.11895475819032761	1158	ST-RELA	S	RELA-sc2	recurrence
foreman_1158_2_GCTTCACTCATGCCGG	820	1458	0.1364883401920439	1158	ST-RELA	S	RELA-sc2	recurrence
foreman_1158_2_GTTACCCTCGGCTTCT	1989	4364	0.15329972502291475	1158	ST-RELA	S	RELA-sc2	recurrence
foreman_1158_2_TAATTCCCAATGACCT	732	1263	0.05859065716547902	1158	ST-RELA	S	RELA-sc2	recurrence
foreman_1158_2_TAGATCGAGGGAGGAC	2298	7186	0.08711383245198998	1158	ST-RELA	G1	RELA-sc2	recurrence
foreman_1158_2_TCACATTCAGTTTCAG	2563	6482	0.139484647430952	1158	ST-RELA	S	RELA-sc2	recurrence
foreman_1158_2_TCATGGAGTGATGAAT	2536	5839	0.18496317862647713	1158	ST-RELA	S	RELA-sc2	recurrence
foreman_1158_2_TCGGATATCGCCTTTG	3864	11505	0.12759669708822252	1158	ST-RELA	S	RELA-sc2	recurrence
foreman_1158_2_ACTGTCCTCGGCCTTT	3965	11424	0.048144257703081235	1158	ST-RELA	G1	RELA-sc2	recurrence
foreman_1158_2_ATTACCTGTCCAAAGG	3126	7793	0.13039014373716631	1158	ST-RELA	G1	RELA-sc2	recurrence
foreman_1158_2_CAGGGCTGTGAGCAGT	2225	5900	0.1056111205289032	1158	ST-RELA	G1	RELA-sc2	recurrence
foreman_1158_2_CATACAGCAGACCAGA	2754	6947	0.046494889880523964	1158	ST-RELA	S	RELA-sc2	recurrence
foreman_1158_2_CGCAGGTAGGATTCCT	2740	7022	0.09186725537672696	1158	ST-RELA	G1	RELA-sc2	recurrence
foreman_1158_2_GCAGGCTGTTGTTGCA	2382	5636	0.1497515968772179	1158	ST-RELA	G1	RELA-sc2	recurrence
foreman_1158_2_GTACAACTCCTCTAGC	2450	5651	0.18350734383294992	1158	ST-RELA	S	RELA-sc2	recurrence
foreman_1158_2_GTTCTATCAGTCTGGC	2400	5714	0.10484859093295991	1158	ST-RELA	G2M	RELA-sc2	recurrence
foreman_1158_2_TAGAGTCAGAACTCCT	2920	7335	0.08440141805290428	1158	ST-RELA	G1	RELA-sc2	recurrence
foreman_1158_2_TCGACGGCACTTTATC	2620	5877	0.1410583631104305	1158	ST-RELA	G1	RELA-sc2	recurrence
foreman_1158_2_TCGTGCTAGTATGATG	1590	3214	0.11263223397635345	1158	ST-RELA	G1	RELA-sc2	recurrence
foreman_1158_2_TGACGCGGTATGGGAC	3087	8595	0.11262361838278069	1158	ST-RELA	S	RELA-sc2	recurrence
foreman_1158_2_ACATCGACATGAATCC	2573	6855	0.0700218818380744	1158	ST-RELA	G2M	RELA-sc2	recurrence
foreman_1158_2_ACCCTTGCATACAGAA	2862	7452	0.09648416532474503	1158	ST-RELA	G1	RELA-sc2	recurrence
foreman_1158_2_AGAAGTATCGAATCCA	3352	8245	0.07519708914493632	1158	ST-RELA	G1	RELA-sc2	recurrence
foreman_1158_2_ATCACGAAGGATTCAA	2705	6448	0.11104218362282878	1158	ST-RELA	G1	RELA-sc2	recurrence
foreman_1158_2_ATCCGTCAGCGTGAAC	3234	8072	0.08870168483647176	1158	ST-RELA	G1	RELA-sc2	recurrence
foreman_1158_2_ATCCTATCAAGCTGCC	4633	12920	0.10162538699690403	1158	ST-RELA	S	RELA-sc2	recurrence
foreman_1158_2_ATCGGATAGGCCTTGC	3381	8414	0.09448538150701212	1158	ST-RELA	G1	RELA-sc2	recurrence
foreman_1158_2_ATGATCGGTCACCGCA	2853	7985	0.08041082164328657	1158	ST-RELA	G1	RELA-sc2	recurrence
foreman_1158_2_CATCAAGAGGACTTCT	3021	7437	0.02810272959526691	1158	ST-RELA	S	RELA-sc2	recurrence
foreman_1158_2_CATGAGTAGTCTACCA	3412	8111	0.04993219085192948	1158	ST-RELA	G1	RELA-sc2	recurrence
foreman_1158_2_CATGAGTTCCCTCAAC	3875	10197	0.10680659081992938	1158	ST-RELA	G1	RELA-sc2	recurrence
foreman_1158_2_CATGGATGTGCATTTG	2640	6467	0.08288232565331684	1158	ST-RELA	G1	RELA-sc2	recurrence
foreman_1158_2_CCATAAGGTTGACTGT	3064	7548	0.08214096449390568	1158	ST-RELA	G1	RELA-sc2	recurrence
foreman_1158_2_CTACAGAGTAGCTCGC	2705	7046	0.10544990065285269	1158	ST-RELA	G1	RELA-sc2	recurrence
foreman_1158_2_CTACCTGGTTACGTAC	4254	10661	0.04849451270987712	1158	ST-RELA	S	RELA-sc2	recurrence
foreman_1158_2_GACCCAGCATTGTCGA	2535	6467	0.036956857893922994	1158	ST-RELA	G1	RELA-sc2	recurrence
foreman_1158_2_GCAACATCACCAGCCA	2258	5461	0.07014652014652015	1158	ST-RELA	G1	RELA-sc2	recurrence
foreman_1158_2_GGGTTTACAGGATCTT	3553	9346	0.1155574577359298	1158	ST-RELA	S	RELA-sc2	recurrence
foreman_1158_2_GTCATTTTCCTTATGT	3737	9563	0.08261869901694206	1158	ST-RELA	G2M	RELA-sc2	recurrence
foreman_1158_2_TAGACCATCTCCCTAG	2675	6181	0.07312732567545704	1158	ST-RELA	G1	RELA-sc2	recurrence
foreman_1158_2_TCATGCCCATGCACTA	3429	8643	0.11015968525804212	1158	ST-RELA	G1	RELA-sc2	recurrence
foreman_1158_2_TCCAGAATCGATGGAG	3490	8697	0.019661952397378408	1158	ST-RELA	S	RELA-sc2	recurrence
foreman_1158_2_TGATTCTCAGTGGCTC	5339	17588	0.08227200363884467	1158	ST-RELA	S	RELA-sc2	recurrence
foreman_1158_2_AAACCCAAGCGCAATG	3261	8199	0.11284616323045016	1158	ST-RELA	G2M	RELA-sc2	recurrence
foreman_1158_2_AAACCCACAAGCGATG	3080	7967	0.0999121375674658	1158	ST-RELA	G1	RELA-sc2	recurrence
foreman_1158_2_AAACCCATCTTTGATC	3262	8703	0.06963916341071018	1158	ST-RELA	G1	RELA-sc2	recurrence
foreman_1158_2_AAACGCTCACAACGCC	4739	14433	0.11523004434589801	1158	ST-RELA	S	RELA-sc2	recurrence
foreman_1158_2_AAACGCTCACCGTCGA	3774	10928	0.17368228404099562	1158	ST-RELA	S	RELA-sc2	recurrence
foreman_1158_2_AAACGCTTCGGAGATG	2877	7048	0.09208286038592509	1158	ST-RELA	S	RELA-sc2	recurrence
foreman_1158_2_AAAGTCCAGCCATTTG	3104	8197	0.09491277296571916	1158	ST-RELA	G1	RELA-sc2	recurrence
foreman_1158_2_AAAGTCCAGCGGTATG	2683	5931	0.057663125948406675	1158	ST-RELA	G1	RELA-sc2	recurrence
foreman_1158_2_AAATGGACAATTGCGT	3373	8930	0.09025755879059351	1158	ST-RELA	S	RELA-sc2	recurrence
foreman_1158_2_AACAAAGCAAATGATG	3220	8833	0.10619268651647232	1158	ST-RELA	G1	RELA-sc2	recurrence
foreman_1158_2_AACAAGACAGAGACTG	3550	10149	0.13025913883141196	1158	ST-RELA	G1	RELA-sc2	recurrence
foreman_1158_2_AACCAACAGTAGACCG	3740	9996	0.14715886354541816	1158	ST-RELA	S	RELA-sc2	recurrence
foreman_1158_2_AACCAACCACGGTGTC	3216	8439	0.09588716368377385	1158	ST-RELA	G1	RELA-sc2	recurrence
foreman_1158_2_AACCATGGTCTGATAC	1747	3438	0.06486329261198372	1158	ST-RELA	G1	RELA-sc2	recurrence
foreman_1158_2_AACCCAATCCCAGTGG	3208	7660	0.09033942558746737	1158	ST-RELA	G1	RELA-sc2	recurrence
foreman_1158_2_AACCCAATCCGATAAC	3190	7875	0.15403174603174602	1158	ST-RELA	G1	RELA-sc2	recurrence
foreman_1158_2_AACCTGAAGCTCATAC	2832	7436	0.0814954276492738	1158	ST-RELA	G1	RELA-sc2	recurrence
foreman_1158_2_AACGAAAAGCGTTGTT	5131	19191	0.16873371547681085	1158	ST-RELA	G1	RELA-sc2	recurrence
foreman_1158_2_AAGACAACACCTGAAT	3202	8908	0.11203412662775034	1158	ST-RELA	G1	RELA-sc2	recurrence
foreman_1158_2_AAGACAATCAGGAGAC	2696	6434	0.11796705004662729	1158	ST-RELA	G1	RELA-sc2	recurrence
foreman_1158_2_AAGCCATTCCTATTGT	3075	7565	0.07508261731658955	1158	ST-RELA	G1	RELA-sc2	recurrence
foreman_1158_2_AAGGTAACAAAGACTA	4686	15092	0.12147117296222663	1158	ST-RELA	G2M	RELA-sc2	recurrence
foreman_1158_2_AAGTTCGCACGTAACT	3877	10908	0.11817015034836817	1158	ST-RELA	S	RELA-sc2	recurrence
foreman_1158_2_AATCGACTCTGGACTA	4820	15754	0.11698616224450933	1158	ST-RELA	G1	RELA-sc2	recurrence
foreman_1158_2_AATCGTGGTTAGAGTA	2484	6218	0.09118687680926343	1158	ST-RELA	G1	RELA-sc2	recurrence
foreman_1158_2_AATGAAGCACCTGCGA	2866	7055	0.08518781006378455	1158	ST-RELA	S	RELA-sc2	recurrence
foreman_1158_2_AATGGAACATTGAGCT	3041	7039	0.1027134536155704	1158	ST-RELA	G1	RELA-sc2	recurrence
foreman_1158_2_AATGGCTTCGGAGTGA	3295	9036	0.12372731297034086	1158	ST-RELA	S	RELA-sc2	recurrence
foreman_1158_2_ACAACCAAGCTGGTGA	2956	7658	0.08161399843301123	1158	ST-RELA	G1	RELA-sc2	recurrence
foreman_1158_2_ACAACCATCGTCCTTG	2901	7254	0.11510890543148608	1158	ST-RELA	G1	RELA-sc2	recurrence
foreman_1158_2_ACACTGAAGCACACAG	3382	9108	0.12549407114624506	1158	ST-RELA	G1	RELA-sc2	recurrence
foreman_1158_2_ACAGCCGAGGGTATAT	3455	8891	0.15138904510178833	1158	ST-RELA	S	RELA-sc2	recurrence
foreman_1158_2_ACAGCCGTCGACCAAT	3049	7032	0.04977246871444824	1158	ST-RELA	G1	RELA-sc2	recurrence
foreman_1158_2_ACATCCCTCGCAGTGC	4145	12695	0.12430090586845215	1158	ST-RELA	G1	RELA-sc2	recurrence
foreman_1158_2_ACATTTCAGGCATCTT	3060	7961	0.08215048360758699	1158	ST-RELA	S	RELA-sc2	recurrence
foreman_1158_2_ACCACAATCAACCTCC	4056	10959	0.09590291084953007	1158	ST-RELA	G1	RELA-sc2	recurrence
foreman_1158_2_ACCCAAAGTGGGCTCT	3261	9196	0.0925402348847325	1158	ST-RELA	G1	RELA-sc2	recurrence
foreman_1158_2_ACCCTCAGTCAAACGG	3218	8762	0.11059118922620406	1158	ST-RELA	G1	RELA-sc2	recurrence
foreman_1158_2_ACCGTTCTCCGACGGT	3307	8637	0.08822507815213616	1158	ST-RELA	G1	RELA-sc2	recurrence
foreman_1158_2_ACCTGAAGTACCGCGT	2837	7259	0.1237255442270598	1158	ST-RELA	G1	RELA-sc2	recurrence
foreman_1158_2_ACCTGAATCGTCCTCA	3240	8389	0.09178686375014901	1158	ST-RELA	G2M	RELA-sc2	recurrence
foreman_1158_2_ACGGAAGCAGCTGTCG	1921	4014	0.1340308918784255	1158	ST-RELA	G1	RELA-sc2	recurrence
foreman_1158_2_ACGGAAGTCGATTTCT	2122	5447	0.08206352120433266	1158	ST-RELA	G1	RELA-sc2	recurrence
foreman_1158_2_ACGGTCGGTACCCGCA	3082	8585	0.10774606872451951	1158	ST-RELA	S	RELA-sc2	recurrence
foreman_1158_2_ACGTAACCACTCCCTA	3792	9564	0.099435382685069	1158	ST-RELA	G1	RELA-sc2	recurrence
foreman_1158_2_ACGTAACCATGAAGCG	4998	16303	0.11617493712813592	1158	ST-RELA	G1	RELA-sc2	recurrence
foreman_1158_2_ACGTACATCGCTTTAT	3335	9799	0.11992243314962237	1158	ST-RELA	G1	RELA-sc2	recurrence
foreman_1158_2_ACGTTCCTCTCCGCAT	3361	8598	0.07525881121321391	1158	ST-RELA	G1	RELA-sc2	recurrence
foreman_1158_2_ACTATGGCATGTTTGG	3348	7300	0.0909713659405398	1158	ST-RELA	S	RELA-sc2	recurrence
foreman_1158_2_ACTGCAAGTGTAGTGG	3092	8145	0.09232658072437078	1158	ST-RELA	G1	RELA-sc2	recurrence
foreman_1158_2_ACTTATCAGAAGCCAC	2681	6940	0.10981409424989191	1158	ST-RELA	G2M	RELA-sc2	recurrence
foreman_1158_2_ACTTATCTCATGTCAG	2583	6184	0.08716041397153945	1158	ST-RELA	G1	RELA-sc2	recurrence
foreman_1158_2_ACTTCGCAGAAATCCA	2772	6656	0.12276483846731781	1158	ST-RELA	G2M	RELA-sc2	recurrence
foreman_1158_2_ACTTTGTCACTTGAGT	2848	6953	0.13677549259312527	1158	ST-RELA	G1	RELA-sc2	recurrence
foreman_1158_2_ACTTTGTGTAACTAAG	2828	6867	0.072520751419834	1158	ST-RELA	G1	RELA-sc2	recurrence
foreman_1158_2_ACTTTGTGTACTCCCT	2807	7204	0.10771793448084398	1158	ST-RELA	G1	RELA-sc2	recurrence
foreman_1158_2_ACTTTGTTCGGCTGAC	3486	10121	0.15067681059183874	1158	ST-RELA	S	RELA-sc2	recurrence
foreman_1158_2_AGACAAACATCTGCGG	3758	10175	0.1362162162162162	1158	ST-RELA	G1	RELA-sc2	recurrence
foreman_1158_2_AGACAGGAGGGTGAGG	4564	14472	0.10573600552868002	1158	ST-RELA	G1	RELA-sc2	recurrence
foreman_1158_2_AGACAGGAGTCTTCGA	2786	6766	0.11025716819391072	1158	ST-RELA	G1	RELA-sc2	recurrence
foreman_1158_2_AGACAGGTCATGGGAG	5488	19838	0.13918435247265212	1158	ST-RELA	S	RELA-sc2	recurrence
foreman_1158_2_AGACCCGCAATAGGAT	3172	8809	0.12192076285616983	1158	ST-RELA	G1	RELA-sc2	recurrence
foreman_1158_2_AGAGAATCACGACGAA	2022	3953	0.09511763217809259	1158	ST-RELA	G1	RELA-sc2	recurrence
foreman_1158_2_AGATAGAAGACAACTA	1343	2278	0.1549604916593503	1158	ST-RELA	G1	RELA-sc2	recurrence
foreman_1158_2_AGATGCTAGCCGTTAT	2789	7172	0.09230340211935303	1158	ST-RELA	S	RELA-sc2	recurrence
foreman_1158_2_AGCATCAGTCTTTATC	3687	10120	0.08538393121849985	1158	ST-RELA	G1	RELA-sc2	recurrence
foreman_1158_2_AGCATCAGTTGTCCCT	3005	7447	0.08943198603464482	1158	ST-RELA	G1	RELA-sc2	recurrence
foreman_1158_2_AGCGCCAAGAGCATCG	2309	5361	0.10259279985077412	1158	ST-RELA	S	RELA-sc2	recurrence
foreman_1158_2_AGCTCAAAGCGAGTAC	4712	16049	0.1317298105682951	1158	ST-RELA	G1	RELA-sc2	recurrence
foreman_1158_2_AGGAATATCTAAACGC	3323	8357	0.1300705994974273	1158	ST-RELA	S	RELA-sc2	recurrence
foreman_1158_2_AGGACGACACACGTGC	3148	7844	0.16473288282544946	1158	ST-RELA	G1	RELA-sc2	recurrence
foreman_1158_2_AGGATAACACATAACC	3088	7975	0.1438244514106583	1158	ST-RELA	G2M	RELA-sc2	recurrence
foreman_1158_2_AGGCCACGTGTCCGGT	2863	7672	0.11157455683003129	1158	ST-RELA	G1	RELA-sc2	recurrence
foreman_1158_2_AGGCTGCAGTGGATTA	3063	7777	0.10556769962710556	1158	ST-RELA	G1	RELA-sc2	recurrence
foreman_1158_2_AGGCTGCCAGCGGTTC	3188	8418	0.13403041825095058	1158	ST-RELA	G1	RELA-sc2	recurrence
foreman_1158_2_AGGCTGCGTGACAGGT	3001	7102	0.11771332019149536	1158	ST-RELA	G1	RELA-sc2	recurrence
foreman_1158_2_AGGGTTTAGCTGCCTG	2859	7796	0.12480759363776296	1158	ST-RELA	S	RELA-sc2	recurrence
foreman_1158_2_AGGGTTTAGCTTTGTG	754	1152	0.03819444444444445	1158	ST-RELA	G1	RELA-sc2	recurrence
foreman_1158_2_AGGGTTTAGGTTCTAC	3864	10556	0.05721864342553998	1158	ST-RELA	G1	RELA-sc2	recurrence
foreman_1158_2_AGGTCTACAGACATCT	3275	8795	0.12075042637862422	1158	ST-RELA	G1	RELA-sc2	recurrence
foreman_1158_2_AGGTCTAGTGGACCAA	2731	6955	0.10841121495327102	1158	ST-RELA	G1	RELA-sc2	recurrence
foreman_1158_2_AGTAACCAGGTGAGAA	2949	7815	0.13218170185540626	1158	ST-RELA	G1	RELA-sc2	recurrence
foreman_1158_2_AGTAACCCAAGCGGAT	3582	9206	0.1325366648560565	1158	ST-RELA	S	RELA-sc2	recurrence
foreman_1158_2_AGTACTGGTCCAGAAG	3656	10479	0.121767344212234	1158	ST-RELA	G1	RELA-sc2	recurrence
foreman_1158_2_AGTAGCTGTTCCGCTT	3404	8996	0.1034904401956425	1158	ST-RELA	G2M	RELA-sc2	recurrence
foreman_1158_2_AGTCATGGTCCAGAAG	3548	10012	0.08550594346219159	1158	ST-RELA	G1	RELA-sc2	recurrence
foreman_1158_2_AGTGATCCACACCTGG	2876	7185	0.07933194154488518	1158	ST-RELA	G1	RELA-sc2	recurrence
foreman_1158_2_AGTTCCCAGACGGATC	2662	5989	0.1496076139589247	1158	ST-RELA	G1	RELA-sc2	recurrence
foreman_1158_2_AGTTCCCTCAACTCTT	2919	6075	0.06783009548896937	1158	ST-RELA	G1	RELA-sc2	recurrence
foreman_1158_2_ATACCTTAGGACTATA	3282	8350	0.11017964071856287	1158	ST-RELA	S	RELA-sc2	recurrence
foreman_1158_2_ATAGACCCAAACCACT	2839	7085	0.11206774876499648	1158	ST-RELA	G1	RELA-sc2	recurrence
foreman_1158_2_ATAGACCGTAGTTAGA	4382	12250	0.11976487876561352	1158	ST-RELA	S	RELA-sc2	recurrence
foreman_1158_2_ATAGGCTCATTAAGCC	1013	1579	0.03609879670677644	1158	ST-RELA	G1	RELA-sc2	recurrence
foreman_1158_2_ATCAGGTTCTGGTCAA	2611	6607	0.1283681501665153	1158	ST-RELA	G1	RELA-sc2	recurrence
foreman_1158_2_ATCCATTAGCGTGAAC	3232	8919	0.1099899091826438	1158	ST-RELA	G1	RELA-sc2	recurrence
foreman_1158_2_ATCCTATCAACCGCTG	3250	8865	0.10366610265087423	1158	ST-RELA	G1	RELA-sc2	recurrence
foreman_1158_2_ATCGATGCAAGGACAC	4871	15882	0.09508217366664568	1158	ST-RELA	G1	RELA-sc2	recurrence
foreman_1158_2_ATCGCCTAGGCAGGTT	1970	4393	0.17163669474163443	1158	ST-RELA	G1	RELA-sc2	recurrence
foreman_1158_2_ATCGTAGCATTATGCG	2969	8315	0.10777002646139043	1158	ST-RELA	G1	RELA-sc2	recurrence
foreman_1158_2_ATCGTAGTCGGTATGT	3860	10619	0.11375835766079669	1158	ST-RELA	G1	RELA-sc2	recurrence
foreman_1158_2_ATCGTCCCAGATAAAC	3099	7350	0.05360544217687075	1158	ST-RELA	G1	RELA-sc2	recurrence
foreman_1158_2_ATCTCTACAATGAAAC	3782	10236	0.12175102599179206	1158	ST-RELA	G1	RELA-sc2	recurrence
foreman_1158_2_ATCTCTAGTTCTGAGT	3445	8961	0.09486607142857142	1158	ST-RELA	G1	RELA-sc2	recurrence
foreman_1158_2_ATGAAAGAGTAGGTTA	3733	9905	0.10661282180716809	1158	ST-RELA	S	RELA-sc2	recurrence
foreman_1158_2_ATGACCAGTTCCGCGA	3317	8691	0.08469505178365938	1158	ST-RELA	S	RELA-sc2	recurrence
foreman_1158_2_ATGAGTCGTCTACGAT	3681	11561	0.10474872415880979	1158	ST-RELA	S	RELA-sc2	recurrence
foreman_1158_2_ATGCATGTCCTGCTAC	3073	7865	0.11088504577822991	1158	ST-RELA	G1	RELA-sc2	recurrence
foreman_1158_2_ATGGAGGTCAAGTGGG	2414	5717	0.09095679552212699	1158	ST-RELA	G2M	RELA-sc2	recurrence
foreman_1158_2_ATGGGAGTCCGAAGGA	2895	8015	0.11478477854023705	1158	ST-RELA	G1	RELA-sc2	recurrence
foreman_1158_2_ATGTCTTCAGGTCAAG	2448	5970	0.10839336572290166	1158	ST-RELA	G1	RELA-sc2	recurrence
foreman_1158_2_ATGTCTTTCCTTTGAT	5306	18704	0.11906544054747648	1158	ST-RELA	G1	RELA-sc2	recurrence
foreman_1158_2_ATTACCTCAGGTCAGA	3559	10031	0.11833316718173661	1158	ST-RELA	G1	RELA-sc2	recurrence
foreman_1158_2_ATTACCTCATCAGCAT	3028	7397	0.07259699878329053	1158	ST-RELA	G1	RELA-sc2	recurrence
foreman_1158_2_ATTATCCCACAGAAGC	3229	8758	0.10219228134277232	1158	ST-RELA	G1	RELA-sc2	recurrence
foreman_1158_2_ATTATCCTCCGATAAC	5008	17399	0.11742054141042589	1158	ST-RELA	G1	RELA-sc2	recurrence
foreman_1158_2_ATTCAGGAGTCCGTCG	3183	9731	0.14695303668687698	1158	ST-RELA	G1	RELA-sc2	recurrence
foreman_1158_2_ATTCCCGTCATACGAC	3455	9020	0.10588757068411132	1158	ST-RELA	S	RELA-sc2	recurrence
foreman_1158_2_ATTCGTTCAACTGGTT	3553	9655	0.11869497669601242	1158	ST-RELA	G1	RELA-sc2	recurrence
foreman_1158_2_ATTCTACGTCTGCAAT	2850	7109	0.10578140385426923	1158	ST-RELA	S	RELA-sc2	recurrence
foreman_1158_2_ATTCTTGGTCACTTCC	2641	6262	0.10507824976045992	1158	ST-RELA	S	RELA-sc2	recurrence
foreman_1158_2_ATTGTTCGTTACCCTC	4657	16176	0.14212413452027695	1158	ST-RELA	G1	RELA-sc2	recurrence
foreman_1158_2_CAACAGTCACCTGAAT	3905	11862	0.09425054796830214	1158	ST-RELA	G1	RELA-sc2	recurrence
foreman_1158_2_CAACAGTCAGAGTAAT	3306	9375	0.12225304032430126	1158	ST-RELA	G1	RELA-sc2	recurrence
foreman_1158_2_CAAGACTCAGCTCATA	5005	17128	0.13142990599638	1158	ST-RELA	S	RELA-sc2	recurrence
foreman_1158_2_CAATACGAGGGCAGAG	5177	17064	0.12681669010782934	1158	ST-RELA	G1	RELA-sc2	recurrence
foreman_1158_2_CAATCGAGTCATCGGC	2946	7703	0.09918213682980657	1158	ST-RELA	G1	RELA-sc2	recurrence
foreman_1158_2_CACAACAGTTACGGAG	2935	7676	0.10148514851485149	1158	ST-RELA	G1	RELA-sc2	recurrence
foreman_1158_2_CACACAATCCTACAAG	3347	8233	0.05599416980444553	1158	ST-RELA	G1	RELA-sc2	recurrence
foreman_1158_2_CACAGGCGTGAGAACC	2536	6299	0.12543664655446174	1158	ST-RELA	G1	RELA-sc2	recurrence
foreman_1158_2_CACCAAAGTAGTGTGG	2354	6091	0.09704433497536946	1158	ST-RELA	G1	RELA-sc2	recurrence
foreman_1158_2_CACGAATAGTCGGGAT	3598	9112	0.10372077708264735	1158	ST-RELA	G1	RELA-sc2	recurrence
foreman_1158_2_CACGGGTGTCTTCTAT	4781	17061	0.10427290311236152	1158	ST-RELA	G1	RELA-sc2	recurrence
foreman_1158_2_CACGTTCGTACTGCCG	3217	8744	0.1086459286367795	1158	ST-RELA	G1	RELA-sc2	recurrence
foreman_1158_2_CACGTTCTCCATCTGC	3773	10261	0.12493908975733359	1158	ST-RELA	G2M	RELA-sc2	recurrence
foreman_1158_2_CACTGAATCATCGTAG	3218	8574	0.10952991951475563	1158	ST-RELA	G1	RELA-sc2	recurrence
foreman_1158_2_CACTTCGCATGGCGCT	3163	8459	0.09327343657642748	1158	ST-RELA	S	RELA-sc2	recurrence
foreman_1158_2_CACTTCGGTGGTCTAT	3652	10115	0.10104805220486454	1158	ST-RELA	G1	RELA-sc2	recurrence
foreman_1158_2_CAGATCACACAGTCAT	3065	8703	0.08123635527978858	1158	ST-RELA	S	RELA-sc2	recurrence
foreman_1158_2_CAGATTGCACCTCTGT	2948	7041	0.0872035222269564	1158	ST-RELA	G1	RELA-sc2	recurrence
foreman_1158_2_CAGCAATTCAGACAAA	3322	9024	0.11602393617021277	1158	ST-RELA	G1	RELA-sc2	recurrence
foreman_1158_2_CAGGCCATCGCACGAC	2739	6746	0.09576045063741477	1158	ST-RELA	G1	RELA-sc2	recurrence
foreman_1158_2_CAGGTATTCCGTTTCG	3245	8447	0.11792564527587024	1158	ST-RELA	G1	RELA-sc2	recurrence
foreman_1158_2_CAGTTAGCAGTCAGCC	3249	8223	0.09704487413352791	1158	ST-RELA	S	RELA-sc2	recurrence
foreman_1158_2_CAGTTCCCACTCTGCT	3274	8836	0.0898596650067904	1158	ST-RELA	G2M	RELA-sc2	recurrence
foreman_1158_2_CATAAGCGTATAGGAT	4006	11659	0.12652255961571454	1158	ST-RELA	G1	RELA-sc2	recurrence
foreman_1158_2_CATCAAGCATACTGTG	4009	10709	0.11430706014194994	1158	ST-RELA	S	RELA-sc2	recurrence
foreman_1158_2_CATCCGTAGGTTCAGG	1667	3058	0.05462872096826955	1158	ST-RELA	G1	RELA-sc2	recurrence
foreman_1158_2_CATCGCTTCTCCGTGT	2538	5747	0.10788237341221507	1158	ST-RELA	G1	RELA-sc2	recurrence
foreman_1158_2_CATCGTCAGCATTGTC	3490	9035	0.07614831211953514	1158	ST-RELA	G1	RELA-sc2	recurrence
foreman_1158_2_CATGAGTGTGTGTACT	4062	13441	0.13064504129157056	1158	ST-RELA	G1	RELA-sc2	recurrence
foreman_1158_2_CATGAGTTCGACTCCT	4280	11981	0.10065937734746683	1158	ST-RELA	G2M	RELA-sc2	recurrence
foreman_1158_2_CATGGATAGCGGTAAC	2504	6314	0.07982261640798226	1158	ST-RELA	G1	RELA-sc2	recurrence
foreman_1158_2_CATTCTAAGGATTTGA	2461	6346	0.1203907973526631	1158	ST-RELA	G1	RELA-sc2	recurrence
foreman_1158_2_CATTGCCCATCCCGTT	2914	6733	0.11406505272538245	1158	ST-RELA	G1	RELA-sc2	recurrence
foreman_1158_2_CCAAGCGCACCTGATA	3339	8854	0.09464648746329343	1158	ST-RELA	G1	RELA-sc2	recurrence
foreman_1158_2_CCAATTTGTTAAGACA	4254	13328	0.15028511404561826	1158	ST-RELA	G1	RELA-sc2	recurrence
foreman_1158_2_CCACAAACAGTGTATC	2454	5785	0.16248919619706137	1158	ST-RELA	G1	RELA-sc2	recurrence
foreman_1158_2_CCACGAGGTGCAGATG	3233	9030	0.11539313399778516	1158	ST-RELA	G1	RELA-sc2	recurrence
foreman_1158_2_CCACTTGGTGGCATCC	3661	9301	0.08052897537899151	1158	ST-RELA	G1	RELA-sc2	recurrence
foreman_1158_2_CCACTTGGTTGGAGGT	2396	5552	0.1985227886867231	1158	ST-RELA	G1	RELA-sc2	recurrence
foreman_1158_2_CCATAAGAGACGCATG	3237	9375	0.11872	1158	ST-RELA	G1	RELA-sc2	recurrence
foreman_1158_2_CCATCACAGTTTGGCT	3322	9481	0.09345005801075836	1158	ST-RELA	G1	RELA-sc2	recurrence
foreman_1158_2_CCCAACTAGTCGCCCA	3298	8450	0.0962130177514793	1158	ST-RELA	S	RELA-sc2	recurrence
foreman_1158_2_CCCATTGCAGTCGTTA	2894	8381	0.10977210356759337	1158	ST-RELA	S	RELA-sc2	recurrence
foreman_1158_2_CCCTAACTCGCTGTTC	1817	3783	0.10573618821041501	1158	ST-RELA	G1	RELA-sc2	recurrence
foreman_1158_2_CCCTCTCCACAGTCGC	3070	8096	0.11476219888820259	1158	ST-RELA	S	RELA-sc2	recurrence
foreman_1158_2_CCGGACACAGGCATGA	3902	11143	0.08597325675311855	1158	ST-RELA	S	RELA-sc2	recurrence
foreman_1158_2_CCGGACATCATGGATC	3372	8984	0.10117987533392699	1158	ST-RELA	G1	RELA-sc2	recurrence
foreman_1158_2_CCGGGTAAGATACCAA	2429	6044	0.171409662475182	1158	ST-RELA	G1	RELA-sc2	recurrence
foreman_1158_2_CCGGGTACAACTCATG	4576	14628	0.10590004785670336	1158	ST-RELA	G1	RELA-sc2	recurrence
foreman_1158_2_CCGGTAGCACAGCTGC	3838	10448	0.1193644108356466	1158	ST-RELA	G1	RELA-sc2	recurrence
foreman_1158_2_CCGGTGACATTCAGCA	3644	9888	0.10954885696945175	1158	ST-RELA	G1	RELA-sc2	recurrence
foreman_1158_2_CCGTAGGGTAGCACAG	2554	5727	0.09745022703457912	1158	ST-RELA	G1	RELA-sc2	recurrence
foreman_1158_2_CCGTTCAGTACCCGAC	3468	9007	0.11468857555234817	1158	ST-RELA	G1	RELA-sc2	recurrence
foreman_1158_2_CCTAACCGTTCTCAGA	2994	7586	0.12986156888595912	1158	ST-RELA	G1	RELA-sc2	recurrence
foreman_1158_2_CCTAACCTCCCATTTA	3087	7514	0.073729039126963	1158	ST-RELA	S	RELA-sc2	recurrence
foreman_1158_2_CCTAACCTCTTGTTAC	3928	10761	0.10761081683858377	1158	ST-RELA	G1	RELA-sc2	recurrence
foreman_1158_2_CCTATCGAGGACTTCT	3089	9081	0.13258451712366479	1158	ST-RELA	G1	RELA-sc2	recurrence
foreman_1158_2_CCTCAACAGACCTCAT	3478	9223	0.13618128591564566	1158	ST-RELA	G1	RELA-sc2	recurrence
foreman_1158_2_CCTCAACTCTCTTCAA	3152	8236	0.07710053423992229	1158	ST-RELA	G1	RELA-sc2	recurrence
foreman_1158_2_CCTCAGTGTTCCTAAG	4243	12173	0.13020619403598127	1158	ST-RELA	S	RELA-sc2	recurrence
foreman_1158_2_CCTCAGTTCTGTTCAT	3092	7945	0.11113908118313405	1158	ST-RELA	G1	RELA-sc2	recurrence
foreman_1158_2_CCTCATGCATGGCTGC	3552	9807	0.09615580707657795	1158	ST-RELA	G1	RELA-sc2	recurrence
foreman_1158_2_CCTCTAGTCAATGCAC	2366	5055	0.09910979228486647	1158	ST-RELA	G1	RELA-sc2	recurrence
foreman_1158_2_CCTGCATTCGCAGATT	2872	8044	0.13042397115504165	1158	ST-RELA	G1	RELA-sc2	recurrence
foreman_1158_2_CCTGCATTCGTAGCCG	2853	7484	0.11998931052912881	1158	ST-RELA	S	RELA-sc2	recurrence
foreman_1158_2_CGAAGTTTCTAAACGC	3590	10082	0.09988097599682602	1158	ST-RELA	G1	RELA-sc2	recurrence
foreman_1158_2_CGAGTGCGTAATGCGG	2988	7338	0.12060506950122649	1158	ST-RELA	G1	RELA-sc2	recurrence
foreman_1158_2_CGATCGGGTTTCCCAC	3416	8421	0.11257570359814749	1158	ST-RELA	G1	RELA-sc2	recurrence
foreman_1158_2_CGATGGCTCACTTATC	3373	8766	0.08887621220764404	1158	ST-RELA	S	RELA-sc2	recurrence
foreman_1158_2_CGGAATTCATACACCA	7259	34942	0.10357756153405838	1158	ST-RELA	S	RELA-sc2	recurrence
foreman_1158_2_CGGACACCACAGTATC	3740	9980	0.09268537074148296	1158	ST-RELA	G1	RELA-sc2	recurrence
foreman_1158_2_CGGAGAATCCCTCATG	4255	14274	0.12015693967631191	1158	ST-RELA	S	RELA-sc2	recurrence
foreman_1158_2_CGGAGAATCTATGCCC	3997	10920	0.11785714285714285	1158	ST-RELA	G1	RELA-sc2	recurrence
foreman_1158_2_CGGGTGTGTCGGCCTA	2569	6226	0.09219402505621586	1158	ST-RELA	G1	RELA-sc2	recurrence
foreman_1158_2_CGTCCATGTATCCTTT	3974	11217	0.09611269614835949	1158	ST-RELA	G1	RELA-sc2	recurrence
foreman_1158_2_CGTGAATTCCGCTAGG	2798	7122	0.12175256284229743	1158	ST-RELA	S	RELA-sc2	recurrence
foreman_1158_2_CGTTAGAGTAACTGCT	3346	9078	0.11280017625027539	1158	ST-RELA	G1	RELA-sc2	recurrence
foreman_1158_2_CGTTCTGAGATGCTAA	3734	10165	0.1160846040334481	1158	ST-RELA	G1	RELA-sc2	recurrence
foreman_1158_2_CTAACTTGTGTTACAC	3700	10347	0.10931761067079064	1158	ST-RELA	S	RELA-sc2	recurrence
foreman_1158_2_CTACGGGGTCGATGCC	3153	7905	0.11511701454775458	1158	ST-RELA	S	RELA-sc2	recurrence
foreman_1158_2_CTACTATTCACTACTT	2859	6993	0.062070938215102976	1158	ST-RELA	S	RELA-sc2	recurrence
foreman_1158_2_CTAGACACAGCACACC	2675	6892	0.11404526987811955	1158	ST-RELA	S	RELA-sc2	recurrence
foreman_1158_2_CTATCCGGTCTAGTGT	2175	5294	0.13808084624102757	1158	ST-RELA	G1	RELA-sc2	recurrence
foreman_1158_2_CTCAACCGTTGCCGCA	3365	9043	0.10881344686497843	1158	ST-RELA	G1	RELA-sc2	recurrence
foreman_1158_2_CTCAGAAAGCACTCAT	3095	8025	0.10431206380857427	1158	ST-RELA	G1	RELA-sc2	recurrence
foreman_1158_2_CTCAGGGGTACTGCCG	3727	10297	0.11549295774647887	1158	ST-RELA	G1	RELA-sc2	recurrence
foreman_1158_2_CTCATCGGTGTTGCCG	2939	8458	0.08299834476235517	1158	ST-RELA	G1	RELA-sc2	recurrence
foreman_1158_2_CTCATGCTCGTTATCT	2741	6711	0.10880906245342077	1158	ST-RELA	G1	RELA-sc2	recurrence
foreman_1158_2_CTCATTAGTCGCTTGG	2707	6891	0.11667392250761863	1158	ST-RELA	G1	RELA-sc2	recurrence
foreman_1158_2_CTCCAACTCAGGTAAA	4967	15471	0.06638226358994247	1158	ST-RELA	S	RELA-sc2	recurrence
foreman_1158_2_CTCCACACAGGTTTAC	4714	14194	0.08144286318162604	1158	ST-RELA	S	RELA-sc2	recurrence
foreman_1158_2_CTCCCAAGTTGTTGTG	1879	3685	0.09283387622149837	1158	ST-RELA	G1	RELA-sc2	recurrence
foreman_1158_2_CTCCCAATCTCTAGGA	3375	8363	0.12830324046394834	1158	ST-RELA	S	RELA-sc2	recurrence
foreman_1158_2_CTCCGATCATACAGAA	3393	8664	0.0961449676823638	1158	ST-RELA	G1	RELA-sc2	recurrence
foreman_1158_2_CTCCTCCAGGTTGAGC	3102	7266	0.16006055601431324	1158	ST-RELA	G1	RELA-sc2	recurrence
foreman_1158_2_CTCCTCCCAAATGGCG	3952	11542	0.12614798128573904	1158	ST-RELA	G1	RELA-sc2	recurrence
foreman_1158_2_CTCGAGGAGGCAATGC	3196	9318	0.14037347070186734	1158	ST-RELA	G1	RELA-sc2	recurrence
foreman_1158_2_CTCGAGGGTCCGATCG	2848	6844	0.08344293438550343	1158	ST-RELA	S	RELA-sc2	recurrence
foreman_1158_2_CTCTCAGTCCCGTGAG	2744	6719	0.11207024854889121	1158	ST-RELA	G1	RELA-sc2	recurrence
foreman_1158_2_CTGAGGCGTACTCCGG	4194	14915	0.11425506235751642	1158	ST-RELA	S	RELA-sc2	recurrence
foreman_1158_2_CTGAGGCTCCAATGCA	3331	9244	0.1224578104716573	1158	ST-RELA	S	RELA-sc2	recurrence
foreman_1158_2_CTGCATCCATCGTCCT	3251	8447	0.10050905646975257	1158	ST-RELA	G1	RELA-sc2	recurrence
foreman_1158_2_CTGCCATCAGCTGTTA	3507	8775	0.12229313881923866	1158	ST-RELA	G1	RELA-sc2	recurrence
foreman_1158_2_CTGCCTAGTATTGGCT	2325	6138	0.10557184750733138	1158	ST-RELA	G1	RELA-sc2	recurrence
foreman_1158_2_CTGCGAGCAGACGATG	3077	7694	0.1341479266865982	1158	ST-RELA	G1	RELA-sc2	recurrence
foreman_1158_2_CTGGTCTGTCGCATCG	3772	10273	0.09354618903922905	1158	ST-RELA	G1	RELA-sc2	recurrence
foreman_1158_2_CTGTCGTCAGAGTGTG	2792	7432	0.12299825057192841	1158	ST-RELA	G1	RELA-sc2	recurrence
foreman_1158_2_CTGTGAATCCCGTTCA	3601	9921	0.09273258744078218	1158	ST-RELA	G1	RELA-sc2	recurrence
foreman_1158_2_CTTACCGCAAAGCGTG	3287	8546	0.13047039550666978	1158	ST-RELA	G1	RELA-sc2	recurrence
foreman_1158_2_CTTAGGATCATCGGGC	3150	8418	0.12568306010928962	1158	ST-RELA	G1	RELA-sc2	recurrence
foreman_1158_2_CTTAGGATCGTGCATA	3232	8553	0.10195253127557583	1158	ST-RELA	G1	RELA-sc2	recurrence
foreman_1158_2_CTTCGGTAGGTTCCGC	1742	3435	0.0943231441048035	1158	ST-RELA	G1	RELA-sc2	recurrence
foreman_1158_2_CTTCTCTAGTATTCCG	3339	8776	0.09094017094017094	1158	ST-RELA	G2M	RELA-sc2	recurrence
foreman_1158_2_CTTGATTCAGTCTCTC	3428	9702	0.09237113402061856	1158	ST-RELA	S	RELA-sc2	recurrence
foreman_1158_2_CTTTCGGGTTTGAAAG	2729	6682	0.033672553127806044	1158	ST-RELA	G1	RELA-sc2	recurrence
foreman_1158_2_CTTTCGGTCGTGTGAT	2500	6079	0.1151505181773318	1158	ST-RELA	G1	RELA-sc2	recurrence
foreman_1158_2_GAAGAATCAGTAGAAT	5221	18664	0.10700889508091309	1158	ST-RELA	G1	RELA-sc2	recurrence
foreman_1158_2_GAAGCCCTCCCGGTAG	3785	10956	0.10368747718145309	1158	ST-RELA	S	RELA-sc2	recurrence
foreman_1158_2_GAAGGGTTCCATGAGT	2442	6210	0.10048309178743961	1158	ST-RELA	S	RELA-sc2	recurrence
foreman_1158_2_GAAGTAACAACCACGC	3138	8282	0.11639700555421396	1158	ST-RELA	G1	RELA-sc2	recurrence
foreman_1158_2_GAATCGTAGCCTATTG	3193	8853	0.11476335705410595	1158	ST-RELA	G1	RELA-sc2	recurrence
foreman_1158_2_GACCCTTCAACGTATC	2630	6186	0.12609117361784675	1158	ST-RELA	G1	RELA-sc2	recurrence
foreman_1158_2_GACGCTGCATCCAATG	3314	8543	0.15498068594170666	1158	ST-RELA	S	RELA-sc2	recurrence
foreman_1158_2_GACGCTGGTGATCATC	2800	7165	0.1274427694025684	1158	ST-RELA	S	RELA-sc2	recurrence
foreman_1158_2_GACTGATGTCATAACC	3305	7935	0.08405797101449275	1158	ST-RELA	G1	RELA-sc2	recurrence
foreman_1158_2_GACTTCCTCAGTGCGC	3044	7847	0.10691984197782592	1158	ST-RELA	G1	RELA-sc2	recurrence
foreman_1158_2_GAGAAATTCCGTTGGG	3401	9734	0.12985411958085064	1158	ST-RELA	G1	RELA-sc2	recurrence
foreman_1158_2_GAGACTTCACTAAACC	3564	10179	0.12772646885439182	1158	ST-RELA	S	RELA-sc2	recurrence
foreman_1158_2_GAGAGGTCAGTAGTTC	3112	8435	0.0979253112033195	1158	ST-RELA	G1	RELA-sc2	recurrence
foreman_1158_2_GAGAGGTGTGAGGATC	3129	7634	0.09811370186009956	1158	ST-RELA	G1	RELA-sc2	recurrence
foreman_1158_2_GAGCCTGGTTCTAACG	1629	3754	0.05460841768779968	1158	ST-RELA	G2M	RELA-sc2	recurrence
foreman_1158_2_GAGCCTGGTTTACGTG	2737	6689	0.1251308117805352	1158	ST-RELA	G1	RELA-sc2	recurrence
foreman_1158_2_GAGCTGCTCCATTTAC	3260	9069	0.12603374131657294	1158	ST-RELA	G1	RELA-sc2	recurrence
foreman_1158_2_GAGTCTACACTGTCCT	2572	6574	0.09598418010343779	1158	ST-RELA	G2M	RELA-sc2	recurrence
foreman_1158_2_GAGTCTATCATGAGAA	3611	9549	0.09969630327783013	1158	ST-RELA	S	RELA-sc2	recurrence
foreman_1158_2_GAGTCTATCTCCTGAC	3951	10800	0.08601851851851852	1158	ST-RELA	G1	RELA-sc2	recurrence
foreman_1158_2_GAGTGTTAGATCCCAT	2908	6991	0.10772532188841202	1158	ST-RELA	G1	RELA-sc2	recurrence
foreman_1158_2_GAGTTGTCACATCATG	2684	6962	0.1292731973570813	1158	ST-RELA	G1	RELA-sc2	recurrence
foreman_1158_2_GATCACAAGTTGCCCG	2911	7680	0.08997395833333334	1158	ST-RELA	S	RELA-sc2	recurrence
foreman_1158_2_GATCCCTAGGGCAATC	2461	5867	0.14251619502216162	1158	ST-RELA	G1	RELA-sc2	recurrence
foreman_1158_2_GATGAGGTCCAAGAGG	2906	7669	0.12948233146433694	1158	ST-RELA	S	RELA-sc2	recurrence
foreman_1158_2_GATGAGGTCTTCGGAA	2643	6354	0.11740635819955933	1158	ST-RELA	G1	RELA-sc2	recurrence
foreman_1158_2_GATGATCTCTCACCCA	2513	5629	0.15049751243781095	1158	ST-RELA	G2M	RELA-sc2	recurrence
foreman_1158_2_GATGTTGCAGATGCGA	2776	7194	0.12830136224631639	1158	ST-RELA	G1	RELA-sc2	recurrence
foreman_1158_2_GATTCGATCCTACCAC	3027	8083	0.11468514165532599	1158	ST-RELA	G1	RELA-sc2	recurrence
foreman_1158_2_GATTCTTGTACTAAGA	2193	5178	0.10312862108922363	1158	ST-RELA	G1	RELA-sc2	recurrence
foreman_1158_2_GCAACATTCTGCAGCG	3095	8747	0.06607979878815594	1158	ST-RELA	G1	RELA-sc2	recurrence
foreman_1158_2_GCAACCGAGTGTCATC	2771	6761	0.09497041420118343	1158	ST-RELA	G1	RELA-sc2	recurrence
foreman_1158_2_GCACGGTTCCCATAAG	2876	7277	0.05235674041500618	1158	ST-RELA	S	RELA-sc2	recurrence
foreman_1158_2_GCACGTGGTTTACACG	2056	4474	0.15958873491282968	1158	ST-RELA	G1	RELA-sc2	recurrence
foreman_1158_2_GCATCTCAGATCCGAG	658	1016	0.054133858267716536	1158	ST-RELA	G2M	RELA-sc2	recurrence
foreman_1158_2_GCATCTCCAGCACAAG	3023	7959	0.1772835783389873	1158	ST-RELA	G1	RELA-sc2	recurrence
foreman_1158_2_GCATGATAGTGGACTG	3627	10224	0.12413185953242688	1158	ST-RELA	G1	RELA-sc2	recurrence
foreman_1158_2_GCATTAGAGGTCACTT	3900	10888	0.1356539309331374	1158	ST-RELA	G1	RELA-sc2	recurrence
foreman_1158_2_GCCATGGTCTTCCTAA	2572	6323	0.1042391648212591	1158	ST-RELA	G1	RELA-sc2	recurrence
foreman_1158_2_GCCCGAACACAACATC	1806	3741	0.09355787222667736	1158	ST-RELA	S	RELA-sc2	recurrence
foreman_1158_2_GCCGTGACAGTCTACA	2835	7130	0.07799130312806846	1158	ST-RELA	G2M	RELA-sc2	recurrence
foreman_1158_2_GCGGAAAGTTGCATTG	2826	7229	0.11246368792364089	1158	ST-RELA	G1	RELA-sc2	recurrence
foreman_1158_2_GCGTTTCGTATCAAGA	3253	8370	0.0959378733572282	1158	ST-RELA	S	RELA-sc2	recurrence
foreman_1158_2_GCTTGGGGTTCCTACC	4561	14231	0.1653432647038156	1158	ST-RELA	S	RELA-sc2	recurrence
foreman_1158_2_GCTTTCGGTATACCTG	3082	7602	0.10470928702972902	1158	ST-RELA	G1	RELA-sc2	recurrence
foreman_1158_2_GGAGAACCACGGTCTG	3288	9100	0.1332014507088691	1158	ST-RELA	G1	RELA-sc2	recurrence
foreman_1158_2_GGGAAGTTCCACGGAC	3425	9460	0.11408331571156692	1158	ST-RELA	G1	RELA-sc2	recurrence
foreman_1158_2_GGGACTCTCACAATGC	3610	10629	0.11460293564170117	1158	ST-RELA	G1	RELA-sc2	recurrence
foreman_1158_2_GGGATCCCATCCGAGC	3336	8757	0.11386477843764276	1158	ST-RELA	G1	RELA-sc2	recurrence
foreman_1158_2_GGGATCCTCTGAGTCA	3284	9121	0.15021929824561403	1158	ST-RELA	G1	RELA-sc2	recurrence
foreman_1158_2_GGGCCATTCGTGCGAC	3579	9753	0.11073515841279606	1158	ST-RELA	G1	RELA-sc2	recurrence
foreman_1158_2_GGGTAGATCATCACAG	2189	4660	0.07467811158798283	1158	ST-RELA	G1	RELA-sc2	recurrence
foreman_1158_2_GGGTATTAGCGATGAC	2550	6571	0.15159817351598173	1158	ST-RELA	G1	RELA-sc2	recurrence
foreman_1158_2_GGGTATTCACTCGATA	3148	8967	0.0740492918478867	1158	ST-RELA	S	RELA-sc2	recurrence
foreman_1158_2_GGGTCACAGACCAAGC	2848	6769	0.09720785935884178	1158	ST-RELA	G1	RELA-sc2	recurrence
foreman_1158_2_GGGTCACAGGGAGATA	2492	6582	0.09193131742896217	1158	ST-RELA	G1	RELA-sc2	recurrence
foreman_1158_2_GGGTCACTCCCTTCCC	2815	6774	0.1285798641865958	1158	ST-RELA	G2M	RELA-sc2	recurrence
foreman_1158_2_GGGTCTGTCCGACAGC	2887	6750	0.09688888888888889	1158	ST-RELA	S	RELA-sc2	recurrence
foreman_1158_2_GGTAACTAGACGGAAA	3686	10133	0.11033257672949769	1158	ST-RELA	G1	RELA-sc2	recurrence
foreman_1158_2_GGTAACTGTATGGTTC	3658	10222	0.10800234787712776	1158	ST-RELA	G1	RELA-sc2	recurrence
foreman_1158_2_GGTTAACGTTCGGTTA	2708	7381	0.09307681885923316	1158	ST-RELA	G1	RELA-sc2	recurrence
foreman_1158_2_GTAACCAAGCTGTTCA	3347	8629	0.09550301344459898	1158	ST-RELA	G1	RELA-sc2	recurrence
foreman_1158_2_GTAGCTATCCACGAAT	3091	7767	0.09746362817046479	1158	ST-RELA	S	RELA-sc2	recurrence
foreman_1158_2_GTAGGAGCAAGACAAT	3294	8716	0.16238237319256368	1158	ST-RELA	G1	RELA-sc2	recurrence
foreman_1158_2_GTAGGAGTCTGAGATC	3097	8036	0.09821984314701855	1158	ST-RELA	G1	RELA-sc2	recurrence
foreman_1158_2_GTAGTACGTGCCTAAT	2463	6431	0.1105582335562121	1158	ST-RELA	G1	RELA-sc2	recurrence
foreman_1158_2_GTCATGATCAATCCGA	3490	9318	0.13983687486585103	1158	ST-RELA	S	RELA-sc2	recurrence
foreman_1158_2_GTCCCATCACTTACAG	3484	9433	0.08852841391009329	1158	ST-RELA	S	RELA-sc2	recurrence
foreman_1158_2_GTCCCATTCACTGTTT	3385	9082	0.10526315789473684	1158	ST-RELA	S	RELA-sc2	recurrence
foreman_1158_2_GTCTTTAGTACAAAGT	3072	7952	0.12945024531387597	1158	ST-RELA	G1	RELA-sc2	recurrence
foreman_1158_2_GTCTTTATCTTCGGAA	3644	9810	0.08664627930682976	1158	ST-RELA	G1	RELA-sc2	recurrence
foreman_1158_2_GTGACGCTCATGACAC	3118	7959	0.0853122251539138	1158	ST-RELA	G1	RELA-sc2	recurrence
foreman_1158_2_GTGAGGAGTCTAGGTT	2510	6241	0.16343534689953534	1158	ST-RELA	G2M	RELA-sc2	recurrence
foreman_1158_2_GTGAGGATCAGCGTCG	3543	11054	0.11961635903003981	1158	ST-RELA	G1	RELA-sc2	recurrence
foreman_1158_2_GTGATGTTCGTAATGC	2689	6558	0.11726136017078377	1158	ST-RELA	G1	RELA-sc2	recurrence
foreman_1158_2_GTGGCGTAGAATTGTG	3484	10488	0.1812720511108992	1158	ST-RELA	S	RELA-sc2	recurrence
foreman_1158_2_GTGGCGTAGCCACCGT	2914	8161	0.10415390270800147	1158	ST-RELA	G1	RELA-sc2	recurrence
foreman_1158_2_GTGGGAACAGGGTTGA	4739	16233	0.19160865011397943	1158	ST-RELA	G2M	RELA-sc2	recurrence
foreman_1158_2_GTGTAACCAGCTCCTT	3344	8343	0.10332014862759199	1158	ST-RELA	G1	RELA-sc2	recurrence
foreman_1158_2_GTGTAACTCCCAATAG	3074	7859	0.0974802748791041	1158	ST-RELA	G2M	RELA-sc2	recurrence
foreman_1158_2_GTGTAACTCTCTGGTC	2660	6740	0.12212494435376169	1158	ST-RELA	S	RELA-sc2	recurrence
foreman_1158_2_GTTACCCGTCCTGAAT	2433	4860	0.047736625514403296	1158	ST-RELA	G2M	RELA-sc2	recurrence
foreman_1158_2_GTTAGACGTAGCCAGA	3494	9773	0.11595537815986082	1158	ST-RELA	G1	RELA-sc2	recurrence
foreman_1158_2_GTTGAACCACTCGATA	3251	7852	0.13160912218116957	1158	ST-RELA	S	RELA-sc2	recurrence
foreman_1158_2_GTTGTGATCTATGCCC	1939	4321	0.1175925925925926	1158	ST-RELA	G1	RELA-sc2	recurrence
foreman_1158_2_GTTTGGACATCGTGCG	2742	7360	0.12540760869565218	1158	ST-RELA	S	RELA-sc2	recurrence
foreman_1158_2_GTTTGGATCCCGAACG	3280	8070	0.0943349448369902	1158	ST-RELA	S	RELA-sc2	recurrence
foreman_1158_2_TAACCAGCATCGCTAA	3752	10482	0.11438656744896013	1158	ST-RELA	S	RELA-sc2	recurrence
foreman_1158_2_TAAGTCGGTTACCTGA	2487	6155	0.13826157595450853	1158	ST-RELA	G1	RELA-sc2	recurrence
foreman_1158_2_TAATTCCGTGAGACCA	1580	2589	0.035534955581305525	1158	ST-RELA	S	RELA-sc2	recurrence
foreman_1158_2_TACCCGTCAGAATGTA	3359	8520	0.13029698321399225	1158	ST-RELA	G1	RELA-sc2	recurrence
foreman_1158_2_TACCGAATCAAGGCTT	4056	11392	0.08454042665262049	1158	ST-RELA	S	RELA-sc2	recurrence
foreman_1158_2_TACCTCGCAACCCTCT	3679	10012	0.1206552137435078	1158	ST-RELA	S	RELA-sc2	recurrence
foreman_1158_2_TACGCTCCACCCATAA	3855	11075	0.1181941309255079	1158	ST-RELA	G1	RELA-sc2	recurrence
foreman_1158_2_TACGCTCCATGGGTTT	1966	3953	0.10981781376518218	1158	ST-RELA	S	RELA-sc2	recurrence
foreman_1158_2_TACGGGCGTGAAGCTG	2905	7190	0.11223922114047288	1158	ST-RELA	S	RELA-sc2	recurrence
foreman_1158_2_TAGACCAAGAGCCGTA	3191	9118	0.0903806076560272	1158	ST-RELA	G1	RELA-sc2	recurrence
foreman_1158_2_TAGATCGTCCACTGGG	2827	7729	0.17673696467848363	1158	ST-RELA	G1	RELA-sc2	recurrence
foreman_1158_2_TAGCACAGTAACGGTG	3661	9690	0.0957688338493292	1158	ST-RELA	G1	RELA-sc2	recurrence
foreman_1158_2_TAGGGTTAGTCATCGT	3117	8645	0.10792365529207634	1158	ST-RELA	G1	RELA-sc2	recurrence
foreman_1158_2_TAGGTACAGATCACTC	3865	11049	0.10896913747850484	1158	ST-RELA	G1	RELA-sc2	recurrence
foreman_1158_2_TAGGTACGTTCTCTCG	2430	5691	0.11966262519768055	1158	ST-RELA	G1	RELA-sc2	recurrence
foreman_1158_2_TAGGTACTCATCTATC	3012	7494	0.09422127318830908	1158	ST-RELA	G1	RELA-sc2	recurrence
foreman_1158_2_TAGGTTGTCGACGAGA	1861	3369	0.05758385277530424	1158	ST-RELA	S	RELA-sc2	recurrence
foreman_1158_2_TATACCTTCACCTGTC	3640	9632	0.12596053997923157	1158	ST-RELA	S	RELA-sc2	recurrence
foreman_1158_2_TATCCTACACAGCTGC	3356	7745	0.07488702388637831	1158	ST-RELA	S	RELA-sc2	recurrence
foreman_1158_2_TATCCTATCATTTCCA	3576	9439	0.1018116325881979	1158	ST-RELA	S	RELA-sc2	recurrence
foreman_1158_2_TATCTGTAGTGAGGCT	3082	8412	0.109961959106039	1158	ST-RELA	G1	RELA-sc2	recurrence
foreman_1158_2_TATCTTGCACAGTACT	4006	11151	0.11362209667294414	1158	ST-RELA	G1	RELA-sc2	recurrence
foreman_1158_2_TATTCCATCCACTGAA	3449	8644	0.07901434521055067	1158	ST-RELA	S	RELA-sc2	recurrence
foreman_1158_2_TCAAGCAAGCCAGACA	3363	9704	0.10449299258037922	1158	ST-RELA	G1	RELA-sc2	recurrence
foreman_1158_2_TCAAGCAAGCCTGGAA	3574	10129	0.11472011057360056	1158	ST-RELA	G1	RELA-sc2	recurrence
foreman_1158_2_TCAAGCACACCTGCAG	3546	9798	0.09083486425801184	1158	ST-RELA	G2M	RELA-sc2	recurrence
foreman_1158_2_TCAAGCATCGAGATAA	2753	7280	0.09546703296703296	1158	ST-RELA	S	RELA-sc2	recurrence
foreman_1158_2_TCAATCTAGGGTGAGG	3567	9879	0.09790422192973575	1158	ST-RELA	G1	RELA-sc2	recurrence
foreman_1158_2_TCAATCTGTCCACAGC	3340	8054	0.10379935435808293	1158	ST-RELA	G1	RELA-sc2	recurrence
foreman_1158_2_TCACATTCACGACGTC	3068	8421	0.11756323477021731	1158	ST-RELA	G1	RELA-sc2	recurrence
foreman_1158_2_TCACTATAGACGCCAA	3145	8909	0.10899090807049051	1158	ST-RELA	G1	RELA-sc2	recurrence
foreman_1158_2_TCACTCGCAATCCTAG	3995	11899	0.11177409866375326	1158	ST-RELA	G1	RELA-sc2	recurrence
foreman_1158_2_TCAGCCTTCTGCTAGA	2886	7424	0.11774215276842247	1158	ST-RELA	G1	RELA-sc2	recurrence
foreman_1158_2_TCAGTCCGTAACTGCT	4067	11910	0.10654911838790931	1158	ST-RELA	G1	RELA-sc2	recurrence
foreman_1158_2_TCAGTGATCCCTTCCC	3119	7813	0.13861512863176756	1158	ST-RELA	G1	RELA-sc2	recurrence
foreman_1158_2_TCATCATCACGCTATA	3112	7448	0.08848012889366273	1158	ST-RELA	S	RELA-sc2	recurrence
foreman_1158_2_TCATGAGGTACGGTTT	3585	9259	0.1285235986607625	1158	ST-RELA	G1	RELA-sc2	recurrence
foreman_1158_2_TCATGCCAGGAACGAA	2912	7506	0.13522515321076473	1158	ST-RELA	G1	RELA-sc2	recurrence
foreman_1158_2_TCATGCCTCCGCACGA	3279	9099	0.15551159468073414	1158	ST-RELA	G1	RELA-sc2	recurrence
foreman_1158_2_TCATGTTAGCGTGAGT	2605	6560	0.10792682926829268	1158	ST-RELA	G1	RELA-sc2	recurrence
foreman_1158_2_TCCACCACACGGAAGT	3241	8906	0.06939921392476137	1158	ST-RELA	G1	RELA-sc2	recurrence
foreman_1158_2_TCCATGCGTCTTTCAT	4200	12296	0.12923952826352175	1158	ST-RELA	S	RELA-sc2	recurrence
foreman_1158_2_TCCATGCTCTACGGTA	3078	7734	0.09996120522436312	1158	ST-RELA	G1	RELA-sc2	recurrence
foreman_1158_2_TCCCAGTAGAGTTGTA	3184	8370	0.10991636798088411	1158	ST-RELA	S	RELA-sc2	recurrence
foreman_1158_2_TCCGATCGTCTTAGTG	2255	4773	0.08862350722815839	1158	ST-RELA	G1	RELA-sc2	recurrence
foreman_1158_2_TCCTAATCAGTGTACT	2909	7281	0.13912924048894382	1158	ST-RELA	S	RELA-sc2	recurrence
foreman_1158_2_TCCTCGAAGAGAGGGC	3593	9703	0.10121624407338693	1158	ST-RELA	S	RELA-sc2	recurrence
foreman_1158_2_TCCTCTTAGGCACCAA	3679	10294	0.09792111909850398	1158	ST-RELA	S	RELA-sc2	recurrence
foreman_1158_2_TCCTGCACATGGCTAT	3366	8752	0.09632084095063985	1158	ST-RELA	G1	RELA-sc2	recurrence
foreman_1158_2_TCGAACAAGCAGGCTA	5294	19037	0.11010138152019751	1158	ST-RELA	G1	RELA-sc2	recurrence
foreman_1158_2_TCGAACATCGAAATCC	3107	8607	0.08713837574067619	1158	ST-RELA	G1	RELA-sc2	recurrence
foreman_1158_2_TCGACCTAGTCGAAGC	3156	7587	0.12402794253328062	1158	ST-RELA	G1	RELA-sc2	recurrence
foreman_1158_2_TCGACGGAGAGTTGCG	4034	13416	0.11039057841383423	1158	ST-RELA	G1	RELA-sc2	recurrence
foreman_1158_2_TCGCACTAGCTCCGAC	3642	9337	0.13376887651279853	1158	ST-RELA	S	RELA-sc2	recurrence
foreman_1158_2_TCGGGACTCTTCGACC	2618	6473	0.08666769658581801	1158	ST-RELA	G1	RELA-sc2	recurrence
foreman_1158_2_TCGGTCTAGAAATTGC	5710	22638	0.12337662337662338	1158	ST-RELA	G1	RELA-sc2	recurrence
foreman_1158_2_TCGTCCAGTCCAGCAC	3280	7503	0.10835665733706518	1158	ST-RELA	G1	RELA-sc2	recurrence
foreman_1158_2_TCTATCACAAACGTGG	3933	12399	0.12493950637199548	1158	ST-RELA	G1	RELA-sc2	recurrence
foreman_1158_2_TCTCAGCAGCATCAGG	5971	22894	0.06128510898527934	1158	ST-RELA	G1	RELA-sc2	recurrence
foreman_1158_2_TCTGCCAAGGATATGT	3599	8488	0.05761074458058436	1158	ST-RELA	G1	RELA-sc2	recurrence
foreman_1158_2_TCTGCCATCACTCGAA	3920	10562	0.07886763870479076	1158	ST-RELA	S	RELA-sc2	recurrence
foreman_1158_2_TCTGGCTAGGCACTAG	3258	9022	0.14065617379738418	1158	ST-RELA	S	RELA-sc2	recurrence
foreman_1158_2_TCTTAGTAGCGTTCAT	1900	3786	0.06735340729001585	1158	ST-RELA	S	RELA-sc2	recurrence
foreman_1158_2_TCTTAGTCAGTAACAA	3231	8520	0.12171361502347418	1158	ST-RELA	G1	RELA-sc2	recurrence
foreman_1158_2_TCTTCCTCAATACGAA	4311	12914	0.13544490048788044	1158	ST-RELA	G1	RELA-sc2	recurrence
foreman_1158_2_TCTTTGAAGATGCTTC	2636	5922	0.055733828745144404	1158	ST-RELA	G2M	RELA-sc2	recurrence
foreman_1158_2_TGAACGTCATCGTGGC	3325	8588	0.10992081974848626	1158	ST-RELA	S	RELA-sc2	recurrence
foreman_1158_2_TGACAGTAGTACAGCG	3068	7623	0.1242456048281291	1158	ST-RELA	G1	RELA-sc2	recurrence
foreman_1158_2_TGACAGTCAAGCGGAT	3326	10413	0.16383366945164698	1158	ST-RELA	G1	RELA-sc2	recurrence
foreman_1158_2_TGACAGTCACAACGTT	1902	3631	0.053704213715229966	1158	ST-RELA	G1	RELA-sc2	recurrence
foreman_1158_2_TGACGCGTCAGACTGT	4058	12300	0.09390243902439024	1158	ST-RELA	S	RELA-sc2	recurrence
foreman_1158_2_TGAGCGCAGCGAACTG	2863	7096	0.11573160417254018	1158	ST-RELA	S	RELA-sc2	recurrence
foreman_1158_2_TGAGGAGAGCACGATG	5882	24828	0.15260995650072498	1158	ST-RELA	S	RELA-sc2	recurrence
foreman_1158_2_TGAGGAGGTCTCTCCA	3031	8172	0.10830987639211846	1158	ST-RELA	G1	RELA-sc2	recurrence
foreman_1158_2_TGAGGGATCCATTCGC	3600	9746	0.08670223681510363	1158	ST-RELA	G1	RELA-sc2	recurrence
foreman_1158_2_TGCACGGGTGGCACTC	7355	38557	0.1175951862226372	1158	ST-RELA	G1	RELA-sc2	recurrence
foreman_1158_2_TGCAGATGTGTTTCTT	2793	6982	0.08965912346032655	1158	ST-RELA	G2M	RELA-sc2	recurrence
foreman_1158_2_TGCAGTAAGTACGTCT	3100	8279	0.03998067399444377	1158	ST-RELA	G1	RELA-sc2	recurrence
foreman_1158_2_TGCATCCCACCTCAGG	6146	26216	0.1213473716334783	1158	ST-RELA	G1	RELA-sc2	recurrence
foreman_1158_2_TGCCGAGCAGACCTGC	4794	16219	0.1073564777702411	1158	ST-RELA	S	RELA-sc2	recurrence
foreman_1158_2_TGCCGAGGTTTCTATC	3022	7293	0.17701905937200055	1158	ST-RELA	G1	RELA-sc2	recurrence
foreman_1158_2_TGCGGCAGTACCCGCA	3333	8099	0.13396715643906656	1158	ST-RELA	S	RELA-sc2	recurrence
foreman_1158_2_TGCTTCGGTGACTAAA	3596	10066	0.1408702563083648	1158	ST-RELA	S	RELA-sc2	recurrence
foreman_1158_2_TGCTTGCCACAAATGA	2122	5164	0.09027508717551337	1158	ST-RELA	S	RELA-sc2	recurrence
foreman_1158_2_TGCTTGCCACATGACT	3287	9078	0.10850407578761842	1158	ST-RELA	S	RELA-sc2	recurrence
foreman_1158_2_TGCTTGCGTTGAATCC	3323	8323	0.11053706596179262	1158	ST-RELA	G1	RELA-sc2	recurrence
foreman_1158_2_TGGAACTGTGACAGGT	1252	2141	0.07192900513778608	1158	ST-RELA	S	RELA-sc2	recurrence
foreman_1158_2_TGGAGAGAGTGGATTA	2391	5535	0.15847488254427178	1158	ST-RELA	G2M	RELA-sc2	recurrence
foreman_1158_2_TGGAGAGCAGATCCTA	3179	8162	0.12619456015682431	1158	ST-RELA	G1	RELA-sc2	recurrence
foreman_1158_2_TGGAGGACATATTCGG	3371	8504	0.12241298212605832	1158	ST-RELA	G1	RELA-sc2	recurrence
foreman_1158_2_TGGATCAGTGTATCCA	2859	7044	0.08986371379897785	1158	ST-RELA	G1	RELA-sc2	recurrence
foreman_1158_2_TGGGAAGAGTAGCCAG	2525	6412	0.13708671241422332	1158	ST-RELA	S	RELA-sc2	recurrence
foreman_1158_2_TGGGAGACAGAAGTGC	2157	4444	0.13973897389738973	1158	ST-RELA	G1	RELA-sc2	recurrence
foreman_1158_2_TGGGATTAGAAGCTCG	5993	26152	0.12737075558274702	1158	ST-RELA	G1	RELA-sc2	recurrence
foreman_1158_2_TGGGATTGTCGCACGT	3270	8815	0.11378332387975043	1158	ST-RELA	G1	RELA-sc2	recurrence
foreman_1158_2_TGGGATTTCCTTATAC	3318	8930	0.07827547592385219	1158	ST-RELA	G2M	RELA-sc2	recurrence
foreman_1158_2_TGGGCGTTCGTCAACA	3302	9117	0.12132514260640632	1158	ST-RELA	G1	RELA-sc2	recurrence
foreman_1158_2_TGGGTTACATAATGCC	2585	6755	0.14951887490747595	1158	ST-RELA	G1	RELA-sc2	recurrence
foreman_1158_2_TGGTACACATGGGAAC	3560	10145	0.11513060620995565	1158	ST-RELA	G1	RELA-sc2	recurrence
foreman_1158_2_TGGTACAGTTTACCTT	3123	8277	0.06379122870605292	1158	ST-RELA	G1	RELA-sc2	recurrence
foreman_1158_2_TGGTGATTCCATTCAT	3142	8294	0.07668193875090427	1158	ST-RELA	G1	RELA-sc2	recurrence
foreman_1158_2_TGTAACGAGACGTCGA	6593	30734	0.14134643542771613	1158	ST-RELA	S	RELA-sc2	recurrence
foreman_1158_2_TGTAAGCGTACTGACT	3424	8846	0.12005426181324892	1158	ST-RELA	G1	RELA-sc2	recurrence
foreman_1158_2_TGTCAGAGTCTACAAC	3532	9577	0.11946532999164577	1158	ST-RELA	G1	RELA-sc2	recurrence
foreman_1158_2_TGTCAGATCACATCAG	3105	8201	0.12426829268292683	1158	ST-RELA	G1	RELA-sc2	recurrence
foreman_1158_2_TGTCCCATCCCATAGA	3272	9445	0.09275730622617535	1158	ST-RELA	G1	RELA-sc2	recurrence
foreman_1158_2_TGTCCCATCTCCAATT	3134	7886	0.12098922003804692	1158	ST-RELA	G1	RELA-sc2	recurrence
foreman_1158_2_TGTGAGTCAATTCTTC	3132	7742	0.08564784911510141	1158	ST-RELA	G1	RELA-sc2	recurrence
foreman_1158_2_TGTGATGCACATAACC	4559	15767	0.11631889389230672	1158	ST-RELA	G1	RELA-sc2	recurrence
foreman_1158_2_TGTGCGGCACATAACC	2706	7167	0.1515278359146086	1158	ST-RELA	G1	RELA-sc2	recurrence
foreman_1158_2_TGTGCGGTCCGCAGTG	3032	7735	0.17349709114414996	1158	ST-RELA	S	RELA-sc2	recurrence
foreman_1158_2_TGTTACTCAGGTCCCA	3070	7783	0.09880508801233458	1158	ST-RELA	G2M	RELA-sc2	recurrence
foreman_1158_2_TGTTCATTCTTGTTAC	4055	10676	0.1190632318501171	1158	ST-RELA	S	RELA-sc2	recurrence
foreman_1158_2_TGTTCTATCTGAATGC	5950	25756	0.1465289641248641	1158	ST-RELA	G1	RELA-sc2	recurrence
foreman_1158_2_TTAATCCCAGTCGCTG	2822	7103	0.0719414331972406	1158	ST-RELA	G1	RELA-sc2	recurrence
foreman_1158_2_TTAATCCTCTGTAACG	3149	8271	0.10944491474180675	1158	ST-RELA	G1	RELA-sc2	recurrence
foreman_1158_2_TTACAGGTCTCTTGCG	2721	6449	0.1483951000155063	1158	ST-RELA	S	RELA-sc2	recurrence
foreman_1158_2_TTACCATGTCGCATTA	3974	11007	0.09793767602434814	1158	ST-RELA	S	RELA-sc2	recurrence
foreman_1158_2_TTACGCCAGTTTCGGT	2855	7307	0.10866292596140686	1158	ST-RELA	S	RELA-sc2	recurrence
foreman_1158_2_TTACGCCGTAATCAAG	3252	8785	0.10883424408014572	1158	ST-RELA	G1	RELA-sc2	recurrence
foreman_1158_2_TTACGTTGTGTGTCGC	2868	7810	0.11600512163892446	1158	ST-RELA	G1	RELA-sc2	recurrence
foreman_1158_2_TTAGGCAAGAGGCCAT	2724	6715	0.11662198391420911	1158	ST-RELA	S	RELA-sc2	recurrence
foreman_1158_2_TTAGGCACAACACAAA	5655	21786	0.09988982739625413	1158	ST-RELA	G1	RELA-sc2	recurrence
foreman_1158_2_TTAGGCACAGACCGCT	2781	7521	0.13734875681425343	1158	ST-RELA	G1	RELA-sc2	recurrence
foreman_1158_2_TTAGGCAGTCTTGCGG	4262	12931	0.12977571539056457	1158	ST-RELA	S	RELA-sc2	recurrence
foreman_1158_2_TTAGTCTAGCGTTACT	5717	22974	0.12292691420363035	1158	ST-RELA	S	RELA-sc2	recurrence
foreman_1158_2_TTAGTCTTCAATGCAC	3789	10157	0.08644284729743035	1158	ST-RELA	G1	RELA-sc2	recurrence
foreman_1158_2_TTCAATCAGACTCTAC	3364	8579	0.08019582701946613	1158	ST-RELA	G1	RELA-sc2	recurrence
foreman_1158_2_TTCAATCAGATTGACA	3619	10319	0.1309362279511533	1158	ST-RELA	S	RELA-sc2	recurrence
foreman_1158_2_TTCACGCCATTGGCAT	3054	7665	0.07788649706457926	1158	ST-RELA	G1	RELA-sc2	recurrence
foreman_1158_2_TTCACGCGTAAGGCCA	3793	10815	0.11919733678564823	1158	ST-RELA	S	RELA-sc2	recurrence
foreman_1158_2_TTCATGTCAGACATCT	3373	8300	0.08843373493975903	1158	ST-RELA	G1	RELA-sc2	recurrence
foreman_1158_2_TTCATGTGTACGCTAT	3802	10087	0.10450128891532817	1158	ST-RELA	G1	RELA-sc2	recurrence
foreman_1158_2_TTCCAATGTCGAATGG	2664	6431	0.11539657853810265	1158	ST-RELA	G2M	RELA-sc2	recurrence
foreman_1158_2_TTCCACGCACGTGAGA	3530	9356	0.11137238135955536	1158	ST-RELA	G1	RELA-sc2	recurrence
foreman_1158_2_TTCCGGTTCTCATTAC	3266	8974	0.15812346779585468	1158	ST-RELA	G1	RELA-sc2	recurrence
foreman_1158_2_TTCCGTGGTATAATGG	2686	6948	0.11398963730569948	1158	ST-RELA	G1	RELA-sc2	recurrence
foreman_1158_2_TTCGATTGTATGAAAC	1295	2085	0.09592326139088729	1158	ST-RELA	G2M	RELA-sc2	recurrence
foreman_1158_2_TTCGGTCCAGGATCTT	5511	23306	0.11606453273835064	1158	ST-RELA	G1	RELA-sc2	recurrence
foreman_1158_2_TTCTTCCAGTGGCCTC	3814	10829	0.08994366977560254	1158	ST-RELA	G1	RELA-sc2	recurrence
foreman_1158_2_TTCTTCCTCGCTAGCG	3506	9449	0.11441574936494496	1158	ST-RELA	G1	RELA-sc2	recurrence
foreman_1158_2_TTGAACGAGTATGGAT	3035	7980	0.11641604010025063	1158	ST-RELA	S	RELA-sc2	recurrence
foreman_1158_2_TTGAACGTCGCGCCAA	4256	13257	0.10545372256166553	1158	ST-RELA	G1	RELA-sc2	recurrence
foreman_1158_2_TTGAACGTCTTACACT	2169	4962	0.13563079403466344	1158	ST-RELA	G2M	RELA-sc2	recurrence
foreman_1158_2_TTGACCCCAGCCCACA	2373	5386	0.1273672484218344	1158	ST-RELA	G2M	RELA-sc2	recurrence
foreman_1158_2_TTGACCCGTCGTCTCT	4826	16194	0.10770085839560303	1158	ST-RELA	G1	RELA-sc2	recurrence
foreman_1158_2_TTGACCCTCCCGATCT	3673	10211	0.10225269343780607	1158	ST-RELA	G1	RELA-sc2	recurrence
foreman_1158_2_TTGATGGGTAGACAAT	2908	7766	0.10159670357970642	1158	ST-RELA	G1	RELA-sc2	recurrence
foreman_1158_2_TTGATGGGTCGGCTAC	3300	8927	0.09242661886623348	1158	ST-RELA	G1	RELA-sc2	recurrence
foreman_1158_2_TTGCGTCTCCGTGGTG	3095	7045	0.030376153300212917	1158	ST-RELA	G1	RELA-sc2	recurrence
foreman_1158_2_TTGCTGCCAGATTAAG	2728	6672	0.10836330935251799	1158	ST-RELA	G1	RELA-sc2	recurrence
foreman_1158_2_TTGGGATAGCGATGAC	2995	8016	0.11093087097579236	1158	ST-RELA	G1	RELA-sc2	recurrence
foreman_1158_2_TTGGGCGGTTCGGTTA	2555	6012	0.12242182302062542	1158	ST-RELA	S	RELA-sc2	recurrence
foreman_1158_2_TTGGTTTCAATTGCGT	3347	9201	0.07662210629279426	1158	ST-RELA	S	RELA-sc2	recurrence
foreman_1158_2_TTGGTTTGTATAGGGC	2910	7017	0.10944848225737494	1158	ST-RELA	G1	RELA-sc2	recurrence
foreman_1158_2_TTGTGGACACTTGGGC	4027	11334	0.09705311452267514	1158	ST-RELA	G1	RELA-sc2	recurrence
foreman_1158_2_TTGTTCAAGTAACAGT	3437	8836	0.07391058290888512	1158	ST-RELA	G1	RELA-sc2	recurrence
foreman_1158_2_TTGTTCAAGTGCTCGC	2559	6025	0.10290456431535269	1158	ST-RELA	G1	RELA-sc2	recurrence
foreman_1158_2_TTGTTCAGTCTACAGT	3093	7465	0.0842711682743837	1158	ST-RELA	G1	RELA-sc2	recurrence
foreman_1158_2_TTGTTGTTCGAGTCCG	2547	6349	0.11027095148078135	1158	ST-RELA	G1	RELA-sc2	recurrence
foreman_1158_2_TTTACGTTCCATTGTT	2526	5676	0.08491895701198027	1158	ST-RELA	S	RELA-sc2	recurrence
foreman_1158_2_TTTACTGAGCTATCCA	3122	7718	0.12529152630215082	1158	ST-RELA	S	RELA-sc2	recurrence
foreman_1158_2_TTTACTGCACTTCATT	3749	10268	0.07938827196571206	1158	ST-RELA	G1	RELA-sc2	recurrence
foreman_1158_2_TTTATGCCACGCACCA	1108	1921	0.06923477355543987	1158	ST-RELA	G1	RELA-sc2	recurrence
foreman_1158_2_TTTATGCGTTACGATC	5064	17497	0.1300371534724207	1158	ST-RELA	S	RELA-sc2	recurrence
foreman_1158_2_TTTCAGTAGGTCCCTG	3050	8457	0.11398841196641835	1158	ST-RELA	S	RELA-sc2	recurrence
foreman_1158_2_TTTCCTCCACGGAAGT	3096	8048	0.08511431411530815	1158	ST-RELA	G1	RELA-sc2	recurrence
foreman_1158_2_TTTGATCGTGACCGAA	3072	7987	0.1105546513083761	1158	ST-RELA	G1	RELA-sc2	recurrence
foreman_1158_2_TTTGATCTCGTGGGTC	2846	7360	0.08303886925795052	1158	ST-RELA	G1	RELA-sc2	recurrence
foreman_1158_2_TTTGGTTAGGTATCTC	3027	7664	0.1104006263865327	1158	ST-RELA	G1	RELA-sc2	recurrence
foreman_1158_2_AAACGAATCCATGCAA	2719	5980	0.10100334448160535	1158	ST-RELA	G1	RELA-sc2	recurrence
foreman_1158_2_AACAAAGGTCCTTGTC	1568	3233	0.21868233838540055	1158	ST-RELA	G2M	RELA-sc2	recurrence
foreman_1158_2_AACAACCGTAGTTCCA	3034	7965	0.1307132094424912	1158	ST-RELA	S	RELA-sc2	recurrence
foreman_1158_2_AACCAACTCCACAAGT	4642	14347	0.1524360493482958	1158	ST-RELA	S	RELA-sc2	recurrence
foreman_1158_2_AACCTGAGTTCTCACC	2740	6526	0.17453263867606497	1158	ST-RELA	G1	RELA-sc2	recurrence
foreman_1158_2_AACCTTTCACCAAAGG	3055	6462	0.09998452251973379	1158	ST-RELA	S	RELA-sc2	recurrence
foreman_1158_2_AACGTCATCACCACAA	3630	9205	0.10157523085279739	1158	ST-RELA	G1	RELA-sc2	recurrence
foreman_1158_2_AACTTCTTCTGGTCAA	3222	9028	0.09593441896532624	1158	ST-RELA	G1	RELA-sc2	recurrence
foreman_1158_2_AAGCGAGAGCATTTGC	3385	8244	0.12010190464636661	1158	ST-RELA	G1	RELA-sc2	recurrence
foreman_1158_2_AAGTACCTCCGTGTGG	3213	8322	0.10442201393895698	1158	ST-RELA	S	RELA-sc2	recurrence
foreman_1158_2_AATGACCCACCAATTG	2878	6594	0.10357901122232333	1158	ST-RELA	G1	RELA-sc2	recurrence
foreman_1158_2_ACAACCAGTTGGCCTG	3433	9822	0.14124236252545824	1158	ST-RELA	G1	RELA-sc2	recurrence
foreman_1158_2_ACCATTTCACTACAGT	3270	7402	0.03620643069440692	1158	ST-RELA	S	RELA-sc2	recurrence
foreman_1158_2_ACCTGAATCCATGAGT	3031	7761	0.10282180131426362	1158	ST-RELA	S	RELA-sc2	recurrence
foreman_1158_2_ACGTACAGTTGTACGT	3272	7828	0.07078063114858822	1158	ST-RELA	S	RELA-sc2	recurrence
foreman_1158_2_ACGTTCCAGTGCAACG	5152	17119	0.1112214498510427	1158	ST-RELA	S	RELA-sc2	recurrence
foreman_1158_2_ACGTTCCGTTCGGTCG	2088	4482	0.1463632307005801	1158	ST-RELA	G1	RELA-sc2	recurrence
foreman_1158_2_ACTACGAAGGCCTGAA	1829	4058	0.11015278462296697	1158	ST-RELA	S	RELA-sc2	recurrence
foreman_1158_2_ACTATCTAGGTGCTAG	2631	6336	0.09753787878787878	1158	ST-RELA	S	RELA-sc2	recurrence
foreman_1158_2_ACTATCTCATAATCCG	5034	16120	0.09913151364764268	1158	ST-RELA	S	RELA-sc2	recurrence
foreman_1158_2_ACTATTCAGGTAAGTT	3847	11414	0.1161832997459038	1158	ST-RELA	S	RELA-sc2	recurrence
foreman_1158_2_ACTTATCGTTGCTTGA	3874	10132	0.08981444926964074	1158	ST-RELA	S	RELA-sc2	recurrence
foreman_1158_2_ACTTCCGCAGCTTCCT	1755	3500	0.14971428571428572	1158	ST-RELA	G1	RELA-sc2	recurrence
foreman_1158_2_AGAAATGTCTGTCCCA	2835	7329	0.09373720835038886	1158	ST-RELA	G1	RELA-sc2	recurrence
foreman_1158_2_AGAAGCGTCGGTCGGT	2149	4759	0.10443370455978147	1158	ST-RELA	G1	RELA-sc2	recurrence
foreman_1158_2_AGACACTGTCTAACGT	5911	25833	0.09286930938371013	1158	ST-RELA	G1	RELA-sc2	recurrence
foreman_1158_2_AGACTCACACTTTATC	1402	2632	0.16299392097264437	1158	ST-RELA	S	RELA-sc2	recurrence
foreman_1158_2_AGAGAGCCAGATCATC	3432	8716	0.10304073436603557	1158	ST-RELA	S	RELA-sc2	recurrence
foreman_1158_2_AGATCGTAGATCCAAA	4764	15688	0.10448141773442979	1158	ST-RELA	G1	RELA-sc2	recurrence
foreman_1158_2_AGCATCATCGACACCG	3779	11194	0.13105234947293193	1158	ST-RELA	G1	RELA-sc2	recurrence
foreman_1158_2_AGCCAATTCGCCTAGG	2583	6355	0.08654602675059009	1158	ST-RELA	S	RELA-sc2	recurrence
foreman_1158_2_AGCCAGCTCTACCACC	3650	9877	0.08749367088607594	1158	ST-RELA	G1	RELA-sc2	recurrence
foreman_1158_2_AGCGATTGTCACAGAG	3511	9102	0.12184135354867062	1158	ST-RELA	G1	RELA-sc2	recurrence
foreman_1158_2_AGCGCTGAGACCAAAT	1976	4177	0.13502513765860666	1158	ST-RELA	G1	RELA-sc2	recurrence
foreman_1158_2_AGCTACAGTACACGCC	2468	5837	0.12232311118725372	1158	ST-RELA	G1	RELA-sc2	recurrence
foreman_1158_2_AGCTTCCTCTCTCTTC	2741	6140	0.10848672422218603	1158	ST-RELA	G1	RELA-sc2	recurrence
foreman_1158_2_AGGAAATAGTGGTTAA	4592	13815	0.18060079623597539	1158	ST-RELA	G1	RELA-sc2	recurrence
foreman_1158_2_AGGAGGTCAATCAAGA	4091	9762	0.09803318992009834	1158	ST-RELA	G2M	RELA-sc2	recurrence
foreman_1158_2_AGGCATTGTCCGACGT	3121	7539	0.10279877967900251	1158	ST-RELA	G1	RELA-sc2	recurrence
foreman_1158_2_AGGGAGTCAGTATGAA	3453	9724	0.1541546688605512	1158	ST-RELA	G1	RELA-sc2	recurrence
foreman_1158_2_AGGGTCCTCCGATCGG	4581	13632	0.10747560707211504	1158	ST-RELA	G1	RELA-sc2	recurrence
foreman_1158_2_AGGTAGGAGTACAGAT	2816	7214	0.09566061278247609	1158	ST-RELA	S	RELA-sc2	recurrence
foreman_1158_2_ATACCTTTCATGACAC	3649	10024	0.09277733439744613	1158	ST-RELA	S	RELA-sc2	recurrence
foreman_1158_2_ATCCTATCAAGAGTTA	2658	6422	0.10526315789473684	1158	ST-RELA	G2M	RELA-sc2	recurrence
foreman_1158_2_ATGATCGTCCTAGAGT	2297	5797	0.09832672071761256	1158	ST-RELA	S	RELA-sc2	recurrence
foreman_1158_2_ATTACTCTCATCCTAT	4552	14918	0.11034390292954348	1158	ST-RELA	G1	RELA-sc2	recurrence
foreman_1158_2_ATTCCCGCACTGCATA	3310	8712	0.08494031221303948	1158	ST-RELA	G1	RELA-sc2	recurrence
foreman_1158_2_ATTGTTCAGCTCGCAC	2384	5525	0.11420814479638008	1158	ST-RELA	G1	RELA-sc2	recurrence
foreman_1158_2_ATTGTTCGTTAACAGA	2997	8157	0.07882800049037636	1158	ST-RELA	G1	RELA-sc2	recurrence
foreman_1158_2_CACAGGCTCAACCTTT	3713	10541	0.09278057110331088	1158	ST-RELA	S	RELA-sc2	recurrence
foreman_1158_2_CACGTTCAGACGCCCT	3332	8708	0.10715516251292063	1158	ST-RELA	S	RELA-sc2	recurrence
foreman_1158_2_CAGATCATCCGCACGA	3239	8831	0.1039519873174046	1158	ST-RELA	S	RELA-sc2	recurrence
foreman_1158_2_CAGATTGCAGGCGAAT	3041	7005	0.13932905067808707	1158	ST-RELA	G1	RELA-sc2	recurrence
foreman_1158_2_CAGCACGAGCACCAGA	3742	9893	0.12109572424946932	1158	ST-RELA	G1	RELA-sc2	recurrence
foreman_1158_2_CAGCACGTCAAGCCAT	3175	8097	0.10781771026306039	1158	ST-RELA	G1	RELA-sc2	recurrence
foreman_1158_2_CATCCACTCATAGAGA	4017	10926	0.10691075514874142	1158	ST-RELA	S	RELA-sc2	recurrence
foreman_1158_2_CATCCGTTCTCCCTAG	4047	9903	0.07887295495859423	1158	ST-RELA	S	RELA-sc2	recurrence
foreman_1158_2_CATCGCTGTATAGGAT	3586	10367	0.10729448089540718	1158	ST-RELA	S	RELA-sc2	recurrence
foreman_1158_2_CATGCCTAGGCGAAGG	5028	14659	0.07381131045773927	1158	ST-RELA	S	RELA-sc2	recurrence
foreman_1158_2_CATGCTCAGGTTCAGG	2404	5531	0.1093834749593202	1158	ST-RELA	S	RELA-sc2	recurrence
foreman_1158_2_CATTGAGAGGTTGGAC	3089	7672	0.09932221063607925	1158	ST-RELA	G1	RELA-sc2	recurrence
foreman_1158_2_CCAATTTTCTCAGTCC	3550	9596	0.14933305543976658	1158	ST-RELA	S	RELA-sc2	recurrence
foreman_1158_2_CCCAACTCACGCCACA	3927	11568	0.07425656984785615	1158	ST-RELA	G1	RELA-sc2	recurrence
foreman_1158_2_CCCGGAACAAATTAGG	3875	10342	0.09215743158301905	1158	ST-RELA	G2M	RELA-sc2	recurrence
foreman_1158_2_CCCTCAACAATACCCA	3831	10712	0.09951456310679611	1158	ST-RELA	G1	RELA-sc2	recurrence
foreman_1158_2_CCTAACCGTCTGGTTA	3885	11568	0.17401452282157676	1158	ST-RELA	G1	RELA-sc2	recurrence
foreman_1158_2_CCTCACACACATTGTG	3001	6916	0.15211104684788895	1158	ST-RELA	S	RELA-sc2	recurrence
foreman_1158_2_CCTCCAAAGGTGCAGT	2451	5698	0.17251667251667252	1158	ST-RELA	G1	RELA-sc2	recurrence
foreman_1158_2_CCTGCATAGGTTATAG	3423	9424	0.11980050933786078	1158	ST-RELA	G1	RELA-sc2	recurrence
foreman_1158_2_CCTGCATCAGAACTCT	5448	18564	0.07708883262403707	1158	ST-RELA	G1	RELA-sc2	recurrence
foreman_1158_2_CCTTGTGTCTAGTCAG	5091	16667	0.07668306732269291	1158	ST-RELA	G2M	RELA-sc2	recurrence
foreman_1158_2_CCTTTGGCATCGATGT	2306	5634	0.04579339723109691	1158	ST-RELA	S	RELA-sc2	recurrence
foreman_1158_2_CGAAGTTTCACTCTTA	3472	9428	0.05049326402885329	1158	ST-RELA	G1	RELA-sc2	recurrence
foreman_1158_2_CGCATGGTCTGCACCT	2653	5800	0.14778410070701845	1158	ST-RELA	G1	RELA-sc2	recurrence
foreman_1158_2_CGTGCTTAGGCGTCCT	2639	6568	0.1458587088915956	1158	ST-RELA	S	RELA-sc2	recurrence
foreman_1158_2_CTCACTGGTTTCTATC	4878	14749	0.11717637485590289	1158	ST-RELA	G2M	RELA-sc2	recurrence
foreman_1158_2_CTCAGGGCAATCGTCA	3353	8715	0.11130235226620769	1158	ST-RELA	G1	RELA-sc2	recurrence
foreman_1158_2_CTCATCGGTGCTTATG	2591	6349	0.0926130099228225	1158	ST-RELA	G1	RELA-sc2	recurrence
foreman_1158_2_CTCATCGTCCCTATTA	3263	8394	0.1355891814607411	1158	ST-RELA	G1	RELA-sc2	recurrence
foreman_1158_2_CTCTGGTGTCGATTAC	3055	7578	0.1277381894959092	1158	ST-RELA	S	RELA-sc2	recurrence
foreman_1158_2_CTTCAATGTCCAGAAG	3483	8694	0.10146094558840446	1158	ST-RELA	G1	RELA-sc2	recurrence
foreman_1158_2_GAAGCCCTCCTCGATC	2898	7980	0.10150375939849623	1158	ST-RELA	G1	RELA-sc2	recurrence
foreman_1158_2_GAAGTAAGTATGTCAC	2745	7126	0.11240527645242773	1158	ST-RELA	S	RELA-sc2	recurrence
foreman_1158_2_GAATCACCAATTGCTG	2926	7721	0.14972153866079524	1158	ST-RELA	G1	RELA-sc2	recurrence
foreman_1158_2_GACACGCCACGGTCTG	4079	11153	0.09423473504886577	1158	ST-RELA	S	RELA-sc2	recurrence
foreman_1158_2_GACATCATCCATCTAT	3694	9876	0.17095402066032003	1158	ST-RELA	G1	RELA-sc2	recurrence
foreman_1158_2_GACGCTGTCGACCCAG	4718	15401	0.12682641729982466	1158	ST-RELA	G1	RELA-sc2	recurrence
foreman_1158_2_GAGATGGTCTGCCTCA	3275	8313	0.053296438883541866	1158	ST-RELA	G1	RELA-sc2	recurrence
foreman_1158_2_GAGGGATCATGGGTCC	4060	12167	0.14310373171132665	1158	ST-RELA	G1	RELA-sc2	recurrence
foreman_1158_2_GAGGGTAGTTCTCGTC	3160	7861	0.10240427426536064	1158	ST-RELA	S	RELA-sc2	recurrence
foreman_1158_2_GAGTCTAAGCTAGAAT	3025	7569	0.15023784355179703	1158	ST-RELA	S	RELA-sc2	recurrence
foreman_1158_2_GATCCCTTCGAACACT	4119	12153	0.11323238973008558	1158	ST-RELA	S	RELA-sc2	recurrence
foreman_1158_2_GATGATCAGACCATAA	2953	7168	0.06696428571428571	1158	ST-RELA	G1	RELA-sc2	recurrence
foreman_1158_2_GATGCTACAGGCACAA	4767	16266	0.14099489639057985	1158	ST-RELA	G1	RELA-sc2	recurrence
foreman_1158_2_GCAACATGTGCAAGAC	4769	16862	0.07205978293102426	1158	ST-RELA	G1	RELA-sc2	recurrence
foreman_1158_2_GCACATACATTCACCC	3411	9315	0.1111111111111111	1158	ST-RELA	G1	RELA-sc2	recurrence
foreman_1158_2_GCCAGTGCATGGAAGC	786	1597	0.24796493425172197	1158	ST-RELA	G2M	RELA-sc2	recurrence
foreman_1158_2_GCCATGGAGACGATAT	3317	8888	0.07673267326732673	1158	ST-RELA	G1	RELA-sc2	recurrence
foreman_1158_2_GCCATGGGTCGATTCA	3074	7395	0.11524414987150007	1158	ST-RELA	G1	RELA-sc2	recurrence
foreman_1158_2_GCCCAGACATTAGGCT	3185	7629	0.09830908375933936	1158	ST-RELA	G1	RELA-sc2	recurrence
foreman_1158_2_GCCCAGAGTACGATCT	3688	10775	0.11832946635730858	1158	ST-RELA	G1	RELA-sc2	recurrence
foreman_1158_2_GCCCAGATCGGTAAGG	3310	9258	0.11676387988766472	1158	ST-RELA	S	RELA-sc2	recurrence
foreman_1158_2_GCTGAATAGACTAAGT	3431	8710	0.10183696900114811	1158	ST-RELA	G2M	RELA-sc2	recurrence
foreman_1158_2_GCTGAATAGGAATTAC	4117	11158	0.10989602007888132	1158	ST-RELA	G1	RELA-sc2	recurrence
foreman_1158_2_GCTGAATTCAACTCTT	3559	9247	0.09669046073977937	1158	ST-RELA	S	RELA-sc2	recurrence
foreman_1158_2_GGAGATGCAGCGTTTA	3832	10683	0.12964523074042872	1158	ST-RELA	S	RELA-sc2	recurrence
foreman_1158_2_GGAGCAACAGCACCCA	3290	8591	0.07288392129467924	1158	ST-RELA	G1	RELA-sc2	recurrence
foreman_1158_2_GGCTTGGCATCCAATG	2864	6359	0.10850762698537506	1158	ST-RELA	G1	RELA-sc2	recurrence
foreman_1158_2_GGGCTCAAGGAATGTT	3525	9548	0.15636782572266444	1158	ST-RELA	G1	RELA-sc2	recurrence
foreman_1158_2_GGGTCTGAGCTTTCTT	4139	11978	0.1825317301269205	1158	ST-RELA	G1	RELA-sc2	recurrence
foreman_1158_2_GGGTGTCGTTCTAACG	1354	2450	0.19591836734693877	1158	ST-RELA	G1	RELA-sc2	recurrence
foreman_1158_2_GGTAATCAGGCTAAAT	3472	8491	0.07773851590106007	1158	ST-RELA	S	RELA-sc2	recurrence
foreman_1158_2_GGTAATCTCGGCCTTT	3528	9739	0.11048362254851628	1158	ST-RELA	G1	RELA-sc2	recurrence
foreman_1158_2_GGTCTGGTCTGGAAGG	2434	5647	0.137241012927218	1158	ST-RELA	G1	RELA-sc2	recurrence
foreman_1158_2_GGTGTTAAGAGCCGTA	2516	5257	0.11622598440175005	1158	ST-RELA	G1	RELA-sc2	recurrence
foreman_1158_2_GGTTAACAGTGATAGT	3333	8597	0.09654530650226824	1158	ST-RELA	S	RELA-sc2	recurrence
foreman_1158_2_GGTTCTCAGCGTCAAG	3897	10706	0.10816364655333457	1158	ST-RELA	S	RELA-sc2	recurrence
foreman_1158_2_GGTTCTCCAGACGATG	2794	7167	0.09725129063764476	1158	ST-RELA	G1	RELA-sc2	recurrence
foreman_1158_2_GTAACACGTGCCTATA	3747	9619	0.12538989394884592	1158	ST-RELA	S	RELA-sc2	recurrence
foreman_1158_2_GTACAACTCGGTCTAA	4089	11777	0.12668761144603888	1158	ST-RELA	S	RELA-sc2	recurrence
foreman_1158_2_GTACAGTAGAGTTGAT	3133	7912	0.14117795753286147	1158	ST-RELA	G1	RELA-sc2	recurrence
foreman_1158_2_GTCACTCCAGGAGGTT	2825	7250	0.10262068965517242	1158	ST-RELA	G1	RELA-sc2	recurrence
foreman_1158_2_GTCACTCCATTCACAG	5142	17643	0.09935951935611857	1158	ST-RELA	S	RELA-sc2	recurrence
foreman_1158_2_GTCCCATTCACATCAG	3950	11104	0.08888688760806916	1158	ST-RELA	S	RELA-sc2	recurrence
foreman_1158_2_GTGAGGAAGCAGAAAG	3085	8253	0.10456803586574578	1158	ST-RELA	G1	RELA-sc2	recurrence
foreman_1158_2_GTGAGGAAGTCATCGT	2240	4658	0.11872048089308716	1158	ST-RELA	S	RELA-sc2	recurrence
foreman_1158_2_GTGATGTCAACCGTGC	3393	8795	0.08880045480386584	1158	ST-RELA	G1	RELA-sc2	recurrence
foreman_1158_2_GTGCTTCAGGGTACAC	3382	8655	0.11059748064255172	1158	ST-RELA	S	RELA-sc2	recurrence
foreman_1158_2_GTGTCCTTCCGAGCTG	4178	12441	0.1482999758861828	1158	ST-RELA	G1	RELA-sc2	recurrence
foreman_1158_2_GTTATGGTCATTATCC	3686	10364	0.10054033191817831	1158	ST-RELA	G1	RELA-sc2	recurrence
foreman_1158_2_TACCGGGCACCATTCC	5324	19358	0.1682078834530144	1158	ST-RELA	S	RELA-sc2	recurrence
foreman_1158_2_TACGCTCGTGGAAGTC	2337	5335	0.09259606373008435	1158	ST-RELA	G1	RELA-sc2	recurrence
foreman_1158_2_TACTTCACACACGCCA	3135	8296	0.10800385728061716	1158	ST-RELA	G1	RELA-sc2	recurrence
foreman_1158_2_TAGCACACAACTGGTT	3538	10015	0.09425861208187719	1158	ST-RELA	G1	RELA-sc2	recurrence
foreman_1158_2_TAGGTACCAAGGTCAG	1015	1681	0.030933967876264127	1158	ST-RELA	G2M	RELA-sc2	recurrence
foreman_1158_2_TATACCTTCAACTGGT	4608	14496	0.12224061810154525	1158	ST-RELA	G1	RELA-sc2	recurrence
foreman_1158_2_TATTCCAAGTAGTCAA	2986	8050	0.12448751397689153	1158	ST-RELA	G1	RELA-sc2	recurrence
foreman_1158_2_TCAAGTGCACCCTATC	3603	9506	0.08290373487638085	1158	ST-RELA	S	RELA-sc2	recurrence
foreman_1158_2_TCACACCAGAAATTCG	2335	4573	0.03301989940957796	1158	ST-RELA	S	RELA-sc2	recurrence
foreman_1158_2_TCACACCCATGCCGCA	3280	7904	0.0949006706314058	1158	ST-RELA	S	RELA-sc2	recurrence
foreman_1158_2_TCACATTGTATCGAAA	4217	13140	0.10920852359208523	1158	ST-RELA	G1	RELA-sc2	recurrence
foreman_1158_2_TCAGCAACAGTCTGGC	3408	9432	0.09393553859202715	1158	ST-RELA	G2M	RELA-sc2	recurrence
foreman_1158_2_TCATACTGTATGGTAA	2447	5294	0.0736822218023805	1158	ST-RELA	S	RELA-sc2	recurrence
foreman_1158_2_TCCAGAAGTTAATCGC	2800	7434	0.11233687609309835	1158	ST-RELA	G1	RELA-sc2	recurrence
foreman_1158_2_TCCCACATCTGCTTAT	3099	7783	0.0965047545618093	1158	ST-RELA	G1	RELA-sc2	recurrence
foreman_1158_2_TCCTCGATCGTAGCTA	3444	8644	0.10192040721888015	1158	ST-RELA	S	RELA-sc2	recurrence
foreman_1158_2_TCCTGCAGTGTACATC	3167	7995	0.08968105065666042	1158	ST-RELA	G1	RELA-sc2	recurrence
foreman_1158_2_TCCTGCATCAACTGAC	2973	6678	0.09988020365378857	1158	ST-RELA	S	RELA-sc2	recurrence
foreman_1158_2_TCCTGCATCAGCTTCC	3239	7896	0.09257852077001014	1158	ST-RELA	S	RELA-sc2	recurrence
foreman_1158_2_TCGACCTTCAAAGGTA	3984	11726	0.15154357837284665	1158	ST-RELA	G1	RELA-sc2	recurrence
foreman_1158_2_TCGTCCATCTGGACCG	3270	8340	0.11258992805755395	1158	ST-RELA	G1	RELA-sc2	recurrence
foreman_1158_2_TCGTGCTGTATTTCTC	2146	4442	0.08937415578568213	1158	ST-RELA	S	RELA-sc2	recurrence
foreman_1158_2_TCTCACGGTCTAGATC	2755	7042	0.11802300809544099	1158	ST-RELA	G1	RELA-sc2	recurrence
foreman_1158_2_TCTCAGCTCGCTTTAT	3455	8613	0.08254963427377221	1158	ST-RELA	G1	RELA-sc2	recurrence
foreman_1158_2_TCTCCGACATCTTTCA	4088	10960	0.08204800584101488	1158	ST-RELA	S	RELA-sc2	recurrence
foreman_1158_2_TCTTAGTAGAAGGTAG	1873	3935	0.156289707750953	1158	ST-RELA	G1	RELA-sc2	recurrence
foreman_1158_2_TGACAGTCAGCGCGTT	3444	10306	0.12090044634193674	1158	ST-RELA	G1	RELA-sc2	recurrence
foreman_1158_2_TGAGTCATCCGTTGAA	3800	10186	0.08698213233850383	1158	ST-RELA	G2M	RELA-sc2	recurrence
foreman_1158_2_TGCTCGTCATCCGGCA	3501	9342	0.0967672875187326	1158	ST-RELA	G1	RELA-sc2	recurrence
foreman_1158_2_TGGAGGAGTCAGTCGC	1417	2932	0.25349709996588193	1158	ST-RELA	G1	RELA-sc2	recurrence
foreman_1158_2_TGGGAAGGTAACATGA	3021	7787	0.10313382995119445	1158	ST-RELA	G1	RELA-sc2	recurrence
foreman_1158_2_TGGTACACATTAAAGG	2160	4936	0.1940842787682334	1158	ST-RELA	S	RELA-sc2	recurrence
foreman_1158_2_TGGTTAGCAACTCCCT	2251	4912	0.1472205253512523	1158	ST-RELA	S	RELA-sc2	recurrence
foreman_1158_2_TGGTTAGGTATCGAAA	3392	9021	0.10587583148558759	1158	ST-RELA	S	RELA-sc2	recurrence
foreman_1158_2_TGTCCTGCACGGTGCT	2816	6906	0.1067187952505068	1158	ST-RELA	G1	RELA-sc2	recurrence
foreman_1158_2_TGTTTGTTCCATACTT	3344	8720	0.1419887601789196	1158	ST-RELA	G1	RELA-sc2	recurrence
foreman_1158_2_TTACCATAGACAACTA	3469	9615	0.12128146453089245	1158	ST-RELA	S	RELA-sc2	recurrence
foreman_1158_2_TTACGCCAGCTAGAGC	3078	8151	0.08747392957919274	1158	ST-RELA	G1	RELA-sc2	recurrence
foreman_1158_2_TTAGTCTGTTCTCCAC	3725	9831	0.09225918014444105	1158	ST-RELA	G1	RELA-sc2	recurrence
foreman_1158_2_TTCAATCCAAGATGGC	3815	10131	0.1142039285361761	1158	ST-RELA	G1	RELA-sc2	recurrence
foreman_1158_2_TTCCTCTTCGGTCATA	3208	8348	0.11742151929067816	1158	ST-RELA	G1	RELA-sc2	recurrence
foreman_1158_2_TTCGATTCATCAGTCA	2832	7246	0.14200938448799338	1158	ST-RELA	G2M	RELA-sc2	recurrence
foreman_1158_2_TTCTAACGTACGGTTT	4336	14490	0.14409937888198757	1158	ST-RELA	G1	RELA-sc2	recurrence
foreman_1158_2_TTCTTGAAGGATACCG	2466	5594	0.1637468716481945	1158	ST-RELA	S	RELA-sc2	recurrence
foreman_1158_2_TTGACCCCATCCTTCG	2044	4236	0.10694050991501416	1158	ST-RELA	S	RELA-sc2	recurrence
foreman_1158_2_TTGGGTAAGTAAACAC	3522	9214	0.08139787280225744	1158	ST-RELA	G1	RELA-sc2	recurrence
foreman_1158_2_TTTACTGCATGCTGCG	1704	3603	0.05800721620871496	1158	ST-RELA	G2M	RELA-sc2	recurrence
foreman_1158_2_TTTCGATAGCACACAG	4462	13094	0.11310523904078204	1158	ST-RELA	G2M	RELA-sc2	recurrence
foreman_1158_2_TTTGACTAGAGGATCC	3931	11126	0.14434657558871114	1158	ST-RELA	S	RELA-sc2	recurrence
foreman_1158_2_AAATGGAAGGGCAGGA	2697	6623	0.09829382455080779	1158	ST-RELA	G1	RELA-sc2	recurrence
foreman_1158_2_AACCTGAGTACCAATC	5760	21837	0.11173696020515639	1158	ST-RELA	G1	RELA-sc2	recurrence
foreman_1158_2_AAGAACACACGTAGAG	2912	6920	0.10635838150289018	1158	ST-RELA	G1	RELA-sc2	recurrence
foreman_1158_2_AAGAACAGTAGAGCTG	2652	6731	0.1042935670777002	1158	ST-RELA	S	RELA-sc2	recurrence
foreman_1158_2_AAGCCATAGAGGGTCT	2958	7743	0.13342805476621028	1158	ST-RELA	G1	RELA-sc2	recurrence
foreman_1158_2_AATTTCCAGACTTCCA	4116	11069	0.10308067576113471	1158	ST-RELA	S	RELA-sc2	recurrence
foreman_1158_2_ACATGCAAGAGAGGTA	2919	7690	0.07985433736506697	1158	ST-RELA	S	RELA-sc2	recurrence
foreman_1158_2_ACCATTTTCATGGCCG	3052	7359	0.07963038456312	1158	ST-RELA	G1	RELA-sc2	recurrence
foreman_1158_2_ACCGTTCGTGCAGATG	2493	5800	0.1196551724137931	1158	ST-RELA	G2M	RELA-sc2	recurrence
foreman_1158_2_ACGTACAAGCTGCCAC	3525	10010	0.11038961038961038	1158	ST-RELA	G1	RELA-sc2	recurrence
foreman_1158_2_ACTTTCATCTAGACCA	3617	9410	0.026567481402763018	1158	ST-RELA	S	RELA-sc2	recurrence
foreman_1158_2_AGACAAAGTAACATAG	2789	7109	0.10339006892671261	1158	ST-RELA	S	RELA-sc2	recurrence
foreman_1158_2_AGCATCACATAATCGC	4911	16585	0.11530575322639006	1158	ST-RELA	G1	RELA-sc2	recurrence
foreman_1158_2_AGGAGGTCAAACCACT	2831	7228	0.11068068622025456	1158	ST-RELA	G2M	RELA-sc2	recurrence
foreman_1158_2_AGGGCCTGTAGGTGCA	3998	11663	0.1511617937065935	1158	ST-RELA	G1	RELA-sc2	recurrence
foreman_1158_2_AGTGACTGTTCTGACA	3782	10260	0.11101364522417154	1158	ST-RELA	G1	RELA-sc2	recurrence
foreman_1158_2_CCGGTAGGTGTGTCGC	3408	8971	0.11860439192955077	1158	ST-RELA	G1	RELA-sc2	recurrence
foreman_1158_2_CGTGAATTCTACCACC	2608	6461	0.11037151702786378	1158	ST-RELA	G1	RELA-sc2	recurrence
foreman_1158_2_GCTACCTCACGGGTAA	5563	19960	0.09238476953907816	1158	ST-RELA	S	RELA-sc2	recurrence
foreman_1158_2_GTTACCCGTAGAGATT	2434	6351	0.13541174618170368	1158	ST-RELA	S	RELA-sc2	recurrence
foreman_1158_2_GTTACCCGTCCATCTC	3189	8112	0.11353550295857988	1158	ST-RELA	G1	RELA-sc2	recurrence
foreman_1158_2_TATACCTAGACCTCCG	3862	11163	0.1452378819102231	1158	ST-RELA	G1	RELA-sc2	recurrence
foreman_1158_2_TCCCATGTCTTGTTAC	3481	9262	0.13972573156246626	1158	ST-RELA	G1	RELA-sc2	recurrence
foreman_1158_2_TTGGGCGCAATTCACG	5213	17919	0.10859981025726882	1158	ST-RELA	S	RELA-sc2	recurrence
foreman_1347_TATCCTAAGGTAGATT	418	613	0.18760195758564438	1347	PFA1	G1	RELA-sc2	primary
foreman_1347_AACCATGTCACTGTTT	370	578	0.157439446366782	1347	PFA1	S	RELA-sc2	primary
foreman_1347_TGGTGATGTAGGGAGG	816	1741	0.29408385985066055	1347	PFA1	G1	RELA-sc2	primary
foreman_1347_TGCTCCAGTACGATTC	464	644	0.14906832298136646	1347	PFA1	G2M	RELA-sc2	primary
foreman_1347_TGTTGGACACGTACAT	692	1098	0.18795620437956204	1347	PFA1	G1	RELA-sc2	primary
foreman_1269_TGCGATAAGTCCTGCG	1226	2407	0.21977565434150395	1269	PFA1	S	RELA-sc2	primary
foreman_1269_TGGTAGTCAATCTGCA	1664	4272	0.2996956216342777	1269	PFA1	G1	RELA-sc2	primary
foreman_723_ATCCACCTCGACGGAA	494	831	0.05776173285198556	723	PFA1	G1	UEC-2	primary
foreman_723_CGATGTAGTAGGCATG	702	1386	0.1075036075036075	723	PFA1	S	UEC-2	primary
foreman_723_CGTTAGATCCAGTAGT	356	531	0.09227871939736347	723	PFA1	G1	UEC-2	primary
foreman_723_CTAACTTAGGTAGCCA	595	1408	0.05823863636363636	723	PFA1	S	UEC-2	primary
foreman_723_GCTTGAAAGTACGCGA	1116	2083	0.05376860297647624	723	PFA1	G2M	UEC-2	primary
foreman_723_GTACTTTCAGTCAGCC	596	1112	0.06294964028776978	723	PFA1	G1	UEC-2	primary
foreman_723_TGCTACCAGCACCGTC	645	1022	0.05185909980430528	723	PFA1	G1	UEC-2	primary
foreman_723_CAACTAGGTGGAAAGA	521	871	0.02066590126291619	723	PFA1	G1	UEC-2	primary
foreman_727_GACTACATCACATGCA	1084	2404	0.14850249584026623	727	PFA2	S	UEC-2	primary
foreman_781_CGTTAGATCGCTGATA	739	1467	0.13701431492842536	781	PFA1	S	UEC-2	primary
foreman_781_ATAACGCTCCCTGACT	362	915	0.006557377049180328	781	PFA1	G1	UEC-2	primary
foreman_781_GTCATTTGTAGGGACT	453	908	0.06277533039647577	781	PFA1	G1	UEC-2	primary
foreman_839_AGCCTAACATTACGAC	1086	2222	0.1566156615661566	839	PFA1	S	UEC-2	primary
foreman_839_ATGGGAGCAATCTGCA	990	1790	0.14086081609837897	839	PFA1	S	UEC-2	primary
foreman_839_CACCAGGGTATGAAAC	845	1530	0.19411764705882353	839	PFA1	G2M	UEC-2	primary
foreman_839_CAGCTGGTCATAACCG	1540	3943	0.11542364282090309	839	PFA1	S	UEC-2	primary
foreman_839_CTAATGGTCCCAACGG	2277	4952	0.061389337641357025	839	PFA1	S	UEC-2	primary
foreman_839_CTCGGGATCTCCAGGG	2702	6327	0.06228264306038571	839	PFA1	S	UEC-2	primary
foreman_839_CTTACCGGTCAGGACA	1183	2130	0.09248826291079812	839	PFA1	S	UEC-2	primary
foreman_839_GATCGTATCTACTTAC	813	1583	0.1749842072015161	839	PFA1	S	UEC-2	primary
foreman_839_GATCTAGCATCTCGCT	1175	2413	0.15961857379767827	839	PFA1	G1	UEC-2	primary
foreman_839_GGCCGATAGCACCGTC	1367	2761	0.1	839	PFA1	G2M	UEC-2	primary
foreman_839_GTAGTCAGTGGTGTAG	831	1602	0.1441947565543071	839	PFA1	G1	UEC-2	primary
foreman_839_TTGGCAAGTTCCGGCA	1293	2814	0.18017057569296374	839	PFA1	S	UEC-2	primary
foreman_839_GGCAATTGTATATGAG	818	1672	0.20825852782764812	839	PFA1	G2M	UEC-2	primary
foreman_839_TGTATTCGTGACCAAG	682	1309	0.15049656226126815	839	PFA1	S	UEC-2	primary
foreman_839_TTAACTCAGGGTCGAT	1124	2545	0.143811394891945	839	PFA1	S	UEC-2	primary
foreman_848_CCTAGCTAGTAAGTAC	998	2034	0.1583087512291052	848	PFA1	S	UEC-2	primary
foreman_848_CGATTGACAATTGCTG	810	1419	0.15785764622973925	848	PFA1	S	UEC-2	primary
foreman_848_TTAGGACGTTCTGAAC	365	664	0.13855421686746988	848	PFA1	S	UEC-2	primary
foreman_848_AGCCTAATCATCGATG	440	612	0.006535947712418301	848	PFA1	G1	UEC-2	primary
foreman_848_CCCTCCTTCACTATTC	566	911	0.03293084522502744	848	PFA1	S	UEC-2	primary
foreman_848_TGATTTCGTTCGTCTC	575	862	0.08004640371229699	848	PFA1	G2M	UEC-2	primary
foreman_848_ATAACGCGTAGCGCTC	702	1064	0.03383458646616541	848	PFA1	S	UEC-2	primary
foreman_848_CTGAAGTTCACAAACC	562	794	0.07682619647355164	848	PFA1	G1	UEC-2	primary
foreman_848_CAGCATAAGTGATCGG	540	1176	0.20238095238095238	848	PFA1	S	UEC-2	primary
foreman_848_CGCGGTATCTGTCCGT	597	909	0.034103410341034104	848	PFA1	G1	UEC-2	primary
foreman_848_TTCTCCTTCTCGCTTG	269	540	0.025925925925925925	848	PFA1	G2M	UEC-2	primary
foreman_859_CCTCTGAGTGCGAAAC	2005	5085	0.05999213217938631	859	PFA1	S	UEC-2	primary
foreman_897_ACCGTAATCAGCGATT	1313	2652	0.10294117647058823	897	PFA2	G1	UEC-2	primary
foreman_897_ACTTGTTGTCATGCCG	1420	2803	0.12557973599714592	897	PFA2	S	UEC-2	primary
foreman_897_CCGTACTAGATGGGTC	418	711	0.11251758087201125	897	PFA2	G1	UEC-2	primary
foreman_897_CTTGGCTCAACAACCT	1012	2303	0.08423795049934868	897	PFA2	G1	UEC-2	primary
foreman_897_GAACCTATCGCTTGTC	607	1105	0.16289592760180996	897	PFA2	G1	UEC-2	primary
foreman_911_AAGACCTAGGACGAAA	826	1513	0.12756113681427628	911	PFA2	G2M	UEC-2	primary
foreman_911_CACACCTCATTTGCCC	1245	3610	0.08088642659279778	911	PFA2	G1	UEC-2	primary
foreman_911_CTCTGGTAGGTACTCT	688	1814	0.12348401323042998	911	PFA2	G1	UEC-2	primary
foreman_911_TGCCCTAGTCGGCTCA	1283	2163	0.026814609338881183	911	PFA2	G1	UEC-2	primary
foreman_911_CCTCAGTAGTGTACTC	205	342	0.10818713450292397	911	PFA2	S	UEC-2	primary
foreman_930_GCTTCCACATGAAGTA	784	1472	0.14402173913043478	930	PFA2	G1	UEC-2	primary
foreman_965_AACTCCCCACCAGGTC	792	1331	0.12396694214876033	965	PFA2	G2M	UEC-2	primary
foreman_965_AAGGCAGTCACCAGGC	569	970	0.06288659793814433	965	PFA2	G1	UEC-2	primary
foreman_965_ACATACGTCTGGTTCC	1015	2040	0.16225490196078432	965	PFA2	S	UEC-2	primary
foreman_965_ACGCCAGAGGGAAACA	828	1777	0.11311198649409117	965	PFA2	G1	UEC-2	primary
foreman_965_ACGCCGATCATACGGT	935	1445	0.022837370242214532	965	PFA2	G1	UEC-2	primary
foreman_965_AGGCCACGTTCGCGAC	1145	2071	0.045871559633027525	965	PFA2	G1	UEC-2	primary
foreman_965_CATTCGCAGTACGATA	566	1004	0.10557768924302789	965	PFA2	S	UEC-2	primary
foreman_965_CTAGAGTCAGATAATG	455	929	0.15285252960172227	965	PFA2	G1	UEC-2	primary
foreman_965_GAAATGAGTTGAGTTC	1071	2391	0.10623170221664575	965	PFA2	G1	UEC-2	primary
foreman_965_GGCGTGTAGAACTGTA	385	629	0.08585055643879173	965	PFA2	G1	UEC-2	primary
foreman_965_TACAGTGTCACCGTAA	523	829	0.1942098914354644	965	PFA2	G2M	UEC-2	primary
foreman_965_TCAATCTAGGAGTTTA	649	1202	0.11730449251247921	965	PFA2	G1	UEC-2	primary
foreman_965_TGCTGCTAGGTGCAAC	537	1009	0.06845238095238096	965	PFA2	S	UEC-2	primary
foreman_965_TGGACGCTCTACTCAT	295	507	0.21301775147928995	965	PFA2	G2M	UEC-2	primary
foreman_965_TGTCCCATCTGATTCT	532	897	0.032329988851727984	965	PFA2	G2M	UEC-2	primary
foreman_965_TTTCCTCCAGTCAGCC	768	1676	0.09074626865671642	965	PFA2	G1	UEC-2	primary
foreman_965_CTCGGGAAGGCTAGGT	477	831	0.19374247894103488	965	PFA2	G1	UEC-2	primary
foreman_965_TACCTTATCTTTACGT	329	523	0.06118546845124283	965	PFA2	G1	UEC-2	primary
foreman_987_ACCCAAAAGCTGTTCA	2515	5960	0.13976510067114095	987	PFA2	G1	UEC-2	primary
foreman_987_CACGAATAGCTGTTAC	2373	5309	0.10435110190242984	987	PFA2	G2M	UEC-2	primary
foreman_987_CATCCGTTCATCGTAG	2481	6441	0.17080745341614906	987	PFA2	G1	UEC-2	primary
foreman_987_CTATCTAGTCCAACGC	1327	3518	0.2541939152686949	987	PFA2	G1	UEC-2	primary
foreman_987_AGGGCTCAGGTACAGC	580	828	0.11956521739130435	987	PFA2	G1	UEC-2	primary
foreman_987_CATTGAGTCGATGCAT	853	1617	0.24427952999381572	987	PFA2	S	UEC-2	primary
foreman_987_CTGGACGGTAAGATTG	3425	8101	0.0486359708677941	987	PFA2	G1	UEC-2	primary
foreman_987_GACACGCAGTTCGGTT	2414	4516	0.03387953941541187	987	PFA2	G1	UEC-2	primary
foreman_987_GACACGCTCATGCCGG	558	1028	0.25486381322957197	987	PFA2	G2M	UEC-2	primary
foreman_987_TATATCCCACATTCTT	700	1502	0.1577896138482024	987	PFA2	G1	UEC-2	primary
foreman_1010_AAACGAATCAACTTTC	1108	1787	0.012311135982092894	1010	PFA1	G1	UEC-2	primary
foreman_1010_AAGCGAGAGCTGACAG	991	2272	0.15940114487010126	1010	PFA1	G1	UEC-2	primary
foreman_1010_AAGGAATGTAAGGCCA	1678	3736	0.10870147255689425	1010	PFA1	G1	UEC-2	primary
foreman_1010_ACGGTTACACTTCATT	1684	4482	0.14524765729585007	1010	PFA1	G1	UEC-2	primary
foreman_1010_AGTGTTGCAGGCTACC	1812	3805	0.0911957950065703	1010	PFA1	G1	UEC-2	primary
foreman_1010_ATCACGATCGAAACAA	2333	4857	0.08323032550473836	1010	PFA1	G2M	UEC-2	primary
foreman_1010_ATTCACTGTCTGTCCT	5774	21003	0.10243948923194206	1010	PFA1	G1	UEC-2	primary
foreman_1010_CGGAGAAAGAACAGGA	2138	5627	0.09014935988620199	1010	PFA1	S	UEC-2	primary
foreman_1010_CGTGTCTCAGCTACCG	3306	8133	0.11657648794884408	1010	PFA1	S	UEC-2	primary
foreman_1010_CTTACCGGTGTTGATC	4365	11545	0.06134650376917078	1010	PFA1	G1	UEC-2	primary
foreman_1010_GAAGCCCAGACAGCGT	2636	7415	0.12447741065407956	1010	PFA1	G1	UEC-2	primary
foreman_1010_GATCGTATCCACCCTA	1984	4520	0.159070796460177	1010	PFA1	G1	UEC-2	primary
foreman_1010_GCCAGTGGTTGACTGT	1213	2341	0.13809320222317228	1010	PFA1	G1	UEC-2	primary
foreman_1010_GGACGTCAGCTCCGAC	3280	8064	0.06040684693624411	1010	PFA1	G1	UEC-2	primary
foreman_1010_GTAGCTAAGTCTGCAT	1721	3007	0.05952776854007316	1010	PFA1	G1	UEC-2	primary
foreman_1010_GTGAGCCGTCGAAACG	1221	2496	0.09943865276663993	1010	PFA1	G2M	UEC-2	primary
foreman_1010_GTGTGATCAACCAATC	1490	3137	0.16161938157475295	1010	PFA1	G1	UEC-2	primary
foreman_1010_GTTCATTAGTGTCATC	1849	4055	0.09326424870466321	1010	PFA1	S	UEC-2	primary
foreman_1010_TAGATCGAGGGCCCTT	1532	2820	0.04148936170212766	1010	PFA1	G1	UEC-2	primary
foreman_1010_TAGCACAGTTTAAGGA	1869	4150	0.03662650602409639	1010	PFA1	G1	UEC-2	primary
foreman_1010_TATGTTCGTGCGGTAA	2020	4099	0.024658203125	1010	PFA1	S	UEC-2	primary
foreman_1010_TCAGTCCTCGAGGCAA	3134	7806	0.14992311635058944	1010	PFA1	S	UEC-2	primary
foreman_1010_TCGTGCTTCACGATAC	1073	1898	0.11280969952556669	1010	PFA1	G1	UEC-2	primary
foreman_1010_TCTCCGATCCCAATAG	1059	2016	0.11359126984126984	1010	PFA1	G1	UEC-2	primary
foreman_1010_TCTTTGATCAAACCTG	1748	3902	0.14146591491542798	1010	PFA1	G2M	UEC-2	primary
foreman_1010_TGACTCCAGGCCACTC	2616	7205	0.16072172102706453	1010	PFA1	S	UEC-2	primary
foreman_1010_TGATCTTGTGACTCTA	3187	8342	0.07841726618705036	1010	PFA1	G1	UEC-2	primary
foreman_1010_TTCTGTAAGCTACGTT	2571	6463	0.05741256576911173	1010	PFA1	G1	UEC-2	primary
foreman_1010_TTTACCAGTTATGTCG	2282	5550	0.20565969718817592	1010	PFA1	G1	UEC-2	primary
foreman_1010_GAGTGTTAGGCCGCTT	1148	2423	0.09950454170107349	1010	PFA1	G2M	UEC-2	primary
foreman_1010_TCTCCGAAGCATGTTC	2972	6193	0.09463824289405685	1010	PFA1	G2M	UEC-2	primary
foreman_1010_CTTCGGTGTCGAACAG	1170	2802	0.244825124910778	1010	PFA1	G1	UEC-2	primary
foreman_1010_ATTGGGTAGATAGTCA	1849	3756	0.003727369542066028	1010	PFA1	S	UEC-2	primary
foreman_1010_GACATCATCCATAAGC	2670	7794	0.10753240087257795	1010	PFA1	G1	UEC-2	primary
foreman_1010_GACCCAGAGGCGCTCT	2540	6364	0.0858085808580858	1010	PFA1	G2M	UEC-2	primary
foreman_1048_AAACCCACAGCTTTGA	3347	7939	0.05139833711262283	1048	PFA1	S	UEC-2	primary
foreman_1048_AAATGGAGTTCGGCGT	2331	4833	0.11318021932547072	1048	PFA1	S	UEC-2	primary
foreman_1048_AACACACAGGCGTCCT	2202	5774	0.16418427433321786	1048	PFA1	G1	UEC-2	primary
foreman_1048_AACCTTTCAGTCGAGA	2138	5521	0.20304292700597718	1048	PFA1	S	UEC-2	primary
foreman_1048_ACACGCGGTTAAGCAA	1298	2898	0.2263630089717046	1048	PFA1	G2M	UEC-2	primary
foreman_1048_ACATGCATCACAACCA	4687	15252	0.1265490787489345	1048	PFA1	G1	UEC-2	primary
foreman_1048_ACGGTCGGTGAACTAA	1679	3904	0.11501024590163934	1048	PFA1	G1	UEC-2	primary
foreman_1048_AGAAGCGTCAGACCGC	1547	3302	0.16474863718958208	1048	PFA1	S	UEC-2	primary
foreman_1048_AGGGTGAGTCTACATG	1605	3467	0.24329004329004328	1048	PFA1	G1	UEC-2	primary
foreman_1048_AGTAGCTTCTGGTGGC	2840	7145	0.07516797312430011	1048	PFA1	G1	UEC-2	primary
foreman_1048_ATCACGACACCCTGTT	1996	4732	0.19534883720930232	1048	PFA1	G1	UEC-2	primary
foreman_1048_ATCGGCGGTCCACTCT	2985	7104	0.07868806306306306	1048	PFA1	G2M	UEC-2	primary
foreman_1048_ATCTTCACACTCCCTA	3574	8738	0.07348901098901099	1048	PFA1	S	UEC-2	primary
foreman_1048_ATGGATCGTACGTGTT	1719	4215	0.16892052194543297	1048	PFA1	S	UEC-2	primary
foreman_1048_ATGGTTGGTAAGTCAA	2729	7068	0.15579453799349088	1048	PFA1	G1	UEC-2	primary
foreman_1048_ATTACTCTCGATACGT	1822	4095	0.07252747252747253	1048	PFA1	S	UEC-2	primary
foreman_1048_ATTCCTAAGGGAACAA	2684	5932	0.07231962238705326	1048	PFA1	G1	UEC-2	primary
foreman_1048_CAAGGGAAGCCACTCG	1424	3048	0.18608467344929439	1048	PFA1	G1	UEC-2	primary
foreman_1048_CAATGACTCAACTTTC	619	794	0.015151515151515152	1048	PFA1	G1	UEC-2	primary
foreman_1048_CACAACAAGTCGGCAA	2446	5135	0.004284323271665044	1048	PFA1	G1	UEC-2	primary
foreman_1048_CACTGGGTCCGTTGGG	875	1442	0.14285714285714285	1048	PFA1	S	UEC-2	primary
foreman_1048_CAGGGCTAGCATGCGA	2606	5897	0.14130619168787106	1048	PFA1	S	UEC-2	primary
foreman_1048_CAGTGCGGTAGATCCT	1793	3279	0.03873132052455017	1048	PFA1	S	UEC-2	primary
foreman_1048_CATCGCTAGTTCATGC	1180	2337	0.1750106974753958	1048	PFA1	G2M	UEC-2	primary
foreman_1048_CATGCTCGTTGGATCT	2457	5942	0.07911126073051675	1048	PFA1	G1	UEC-2	primary
foreman_1048_CATGGTATCCGTGGGT	2486	5894	0.09009161859518154	1048	PFA1	S	UEC-2	primary
foreman_1048_CGAAGTTGTCAATGGG	3235	8930	0.14188129899216126	1048	PFA1	S	UEC-2	primary
foreman_1048_CGAGGAATCGTGTTCC	2005	4269	0.10798781916139612	1048	PFA1	G1	UEC-2	primary
foreman_1048_CGTCAAACAAGCGGAT	2130	4868	0.1877953564824327	1048	PFA1	S	UEC-2	primary
foreman_1048_CGTGAATCAGTTGTTG	2603	5747	0.11399234249912983	1048	PFA1	S	UEC-2	primary
foreman_1048_CGTTAGAGTTATAGCC	849	1452	0.09648518263266713	1048	PFA1	S	UEC-2	primary
foreman_1048_CTAGGTAGTTTAGACC	4993	17072	0.08652606912712361	1048	PFA1	S	UEC-2	primary
foreman_1048_CTCAACCAGTGTAGTA	1844	3990	0.09097744360902256	1048	PFA1	S	UEC-2	primary
foreman_1048_CTCATCGAGTATGACA	2714	6388	0.04744011272898074	1048	PFA1	G1	UEC-2	primary
foreman_1048_CTCATCGGTGCCTGAC	2220	4995	0.11075505707991187	1048	PFA1	G1	UEC-2	primary
foreman_1048_CTCCTTTAGGTTTGAA	2883	6514	0.048079877112135176	1048	PFA1	G1	UEC-2	primary
foreman_1048_CTGCCATGTTGCTGAT	1913	4872	0.1624229979466119	1048	PFA1	G1	UEC-2	primary
foreman_1048_CTGCGAGCACTTTAGG	3307	8232	0.1162536443148688	1048	PFA1	G1	UEC-2	primary
foreman_1048_GAAGAATGTCAATGGG	680	1457	0.20178448867536034	1048	PFA1	G2M	UEC-2	primary
foreman_1048_GAAGGACAGCTCTGTA	1444	3068	0.23533246414602346	1048	PFA1	S	UEC-2	primary
foreman_1048_GACTCTCCATGTGGCC	1320	2523	0.15390717969059897	1048	PFA1	G2M	UEC-2	primary
foreman_1048_GAGTGTTAGCCGTTGC	1114	1900	0.1631578947368421	1048	PFA1	S	UEC-2	primary
foreman_1048_GATCACAGTGGTATGG	2518	6395	0.13892365456821026	1048	PFA1	S	UEC-2	primary
foreman_1048_GCAGGCTCATGTGGTT	1466	2803	0.13806635747413484	1048	PFA1	G2M	UEC-2	primary
foreman_1048_GCCGTGAAGGTTCCAT	1643	3049	0.09052148245326337	1048	PFA1	G1	UEC-2	primary
foreman_1048_GCGAGAACACGCGCTA	2460	5844	0.1558219178082192	1048	PFA1	S	UEC-2	primary
foreman_1048_GCGGATCAGACTTCAC	1189	2274	0.23043095866314864	1048	PFA1	S	UEC-2	primary
foreman_1048_GGCTGTGTCTGCGGAC	1169	1820	0.0543956043956044	1048	PFA1	S	UEC-2	primary
foreman_1048_GGGACAAAGCGAACTG	2718	6348	0.05531043176804286	1048	PFA1	G1	UEC-2	primary
foreman_1048_GGGAGTAAGAGGATCC	1509	2893	0.061894882434301524	1048	PFA1	G2M	UEC-2	primary
foreman_1048_GGGTCTGCACGCACCA	1504	3165	0.21864139020537124	1048	PFA1	G2M	UEC-2	primary
foreman_1048_GGGTTTATCAAGTTGC	2089	4610	0.07505422993492408	1048	PFA1	G1	UEC-2	primary
foreman_1048_GGTAACTTCGACGCTG	1403	2732	0.19326500732064422	1048	PFA1	G1	UEC-2	primary
foreman_1048_GTAGAGGTCATGGAGG	2184	4748	0.17586352148272957	1048	PFA1	S	UEC-2	primary
foreman_1048_GTCATTTAGGGCAGAG	1369	2545	0.10805500982318271	1048	PFA1	S	UEC-2	primary
foreman_1048_GTGAGCCAGAAGCTCG	3467	8383	0.06573610116917203	1048	PFA1	G2M	UEC-2	primary
foreman_1048_GTGGAGAAGGTGCATG	1828	4051	0.08	1048	PFA1	G1	UEC-2	primary
foreman_1048_GTGGGAAAGAGCAGCT	2152	4153	0.1187665622741508	1048	PFA1	S	UEC-2	primary
foreman_1048_GTGTTCCCAAGGGCAT	1633	3011	0.09800664451827243	1048	PFA1	S	UEC-2	primary
foreman_1048_GTTCTATCAAAGCACG	2128	5067	0.18791946308724833	1048	PFA1	G1	UEC-2	primary
foreman_1048_TAACCAGGTGTTAGCT	1248	2532	0.18562401263823064	1048	PFA1	G1	UEC-2	primary
foreman_1048_TACGCTCCATTGACTG	2076	4539	0.020938946440379105	1048	PFA1	G1	UEC-2	primary
foreman_1048_TAGACTGGTAGATGTA	768	1159	0.0992234685073339	1048	PFA1	G1	UEC-2	primary
foreman_1048_TATCTTGGTGTTCATG	1294	2249	0.08314806580702534	1048	PFA1	G1	UEC-2	primary
foreman_1048_TATTGGGCACAGTGTT	4621	12226	0.08492186860836129	1048	PFA1	S	UEC-2	primary
foreman_1048_TCAAGACGTTGCATTG	1116	1735	0.054178674351585014	1048	PFA1	S	UEC-2	primary
foreman_1048_TCATGCCTCGCTAAAC	2663	6654	0.08297008868179769	1048	PFA1	G1	UEC-2	primary
foreman_1048_TCCACCAGTATCATGC	654	943	0.08076514346439957	1048	PFA1	S	UEC-2	primary
foreman_1048_TCCACGTCAAGGCTTT	2666	6299	0.11922527385299254	1048	PFA1	S	UEC-2	primary
foreman_1048_TCCTCTTTCTTAAGGC	2391	5273	0.05386949924127466	1048	PFA1	G1	UEC-2	primary
foreman_1048_TCGAAGTTCCGTGTAA	1392	2834	0.2552064948817508	1048	PFA1	G2M	UEC-2	primary
foreman_1048_TCTACCGAGAGGGTCT	2149	4448	0.09896536212325686	1048	PFA1	G2M	UEC-2	primary
foreman_1048_TCTATACAGCTAGAAT	1402	2820	0.1950354609929078	1048	PFA1	S	UEC-2	primary
foreman_1048_TCTGGCTCAGACTCTA	510	719	0.08484005563282336	1048	PFA1	G1	UEC-2	primary
foreman_1048_TCTTTGATCTTGGGCG	2310	4578	0.0666520979020979	1048	PFA1	S	UEC-2	primary
foreman_1048_TGATGCACATGCGGTC	2326	4979	0.07312173563680192	1048	PFA1	S	UEC-2	primary
foreman_1048_TGCTCCACATCAGTCA	2292	5337	0.09257871064467767	1048	PFA1	G1	UEC-2	primary
foreman_1048_TGTAGACCAGTATGAA	2659	6337	0.08429360694554065	1048	PFA1	G1	UEC-2	primary
foreman_1048_TGTGATGTCACCCTTG	2834	6228	0.07696015424164525	1048	PFA1	G1	UEC-2	primary
foreman_1048_TTACGCCTCGCTCTAC	1490	3290	0.19696048632218846	1048	PFA1	S	UEC-2	primary
foreman_1048_TTCACCGCAGGGTTGA	2409	5117	0.1254641391440297	1048	PFA1	S	UEC-2	primary
foreman_1048_TTCATGTGTATACGGG	1007	1643	0.09251369446135119	1048	PFA1	G2M	UEC-2	primary
foreman_1048_TTCCTCTTCATGGAGG	2470	5280	0.0625	1048	PFA1	G1	UEC-2	primary
foreman_1048_TTTCACAGTAATTGGA	3715	9665	0.1270826865362724	1048	PFA1	G1	UEC-2	primary
foreman_1048_GCCTGTTGTTGTGGCC	3488	9521	0.10945378151260504	1048	PFA1	G2M	UEC-2	primary
foreman_1048_CTTCTCTGTAGATGTA	815	1416	0.20636042402826854	1048	PFA1	S	UEC-2	primary
foreman_1048_GTATTTCGTATGGTAA	657	844	0.018957345971563982	1048	PFA1	G1	UEC-2	primary
foreman_1048_CTACCCAAGGACATCG	2518	6365	0.17991829038340668	1048	PFA1	G2M	UEC-2	primary
foreman_1048_CTACCCATCGAGTCTA	2257	4840	0.00826787928896238	1048	PFA1	G1	UEC-2	primary
foreman_1048_GACTGATGTCCACGCA	1178	1847	0.05901461829994586	1048	PFA1	G1	UEC-2	primary
foreman_1048_GTACAGTTCATCAGTG	1030	2235	0.1919463087248322	1048	PFA1	G1	UEC-2	primary
foreman_1048_TGGTAGTAGATCCAAA	2481	6683	0.0915756396827772	1048	PFA1	G1	UEC-2	primary
foreman_1048_TTCGGTCCAGGCCCTA	630	772	0.015544041450777202	1048	PFA1	G1	UEC-2	primary
foreman_1101_ACTGTCCAGCTACCTA	851	1582	0.07332490518331226	1101	PFA2	G1	UEC-2	primary
foreman_1101_ACTTACTGTTGTCGCG	1059	1934	0.10703205791106515	1101	PFA2	G1	UEC-2	primary
foreman_1101_CAAGGCCAGATCCCGC	673	1231	0.12753858651502845	1101	PFA2	G2M	UEC-2	primary
foreman_1101_CTTCTCTTCCGTAGTA	701	1187	0.07076663858466722	1101	PFA2	G2M	UEC-2	primary
foreman_1101_GACGTTATCTGACCTC	1356	3343	0.10502692998204669	1101	PFA2	G1	UEC-2	primary
foreman_1101_GATCTAGCAGACGCAA	1270	2391	0.09368465077373483	1101	PFA2	G1	UEC-2	primary
foreman_1101_TACGGGCAGCGTCTAT	603	1055	0.08056872037914692	1101	PFA2	G1	UEC-2	primary
foreman_1101_TGGCTGGCATTCACTT	636	1313	0.125	1101	PFA2	G2M	UEC-2	primary
foreman_1101_TGGCTGGGTCTCAACA	679	1203	0.09310058187863675	1101	PFA2	G2M	UEC-2	primary
foreman_1101_TTAGTTCCAAGTTCTG	757	1679	0.08874329958308518	1101	PFA2	S	UEC-2	primary
foreman_1101_GACACGCTCCCTCTTT	896	2108	0.09867172675521822	1101	PFA2	G1	UEC-2	primary
foreman_1101_TCAGATGCAATCTGCA	441	590	0.1016949152542373	1101	PFA2	G1	UEC-2	primary
foreman_1101_CCAGCGATCTCAAACG	386	549	0.06557377049180328	1101	PFA2	S	UEC-2	primary
foreman_1101_GCAGCCATCAACACTG	435	617	0.02113821138211382	1101	PFA2	G2M	UEC-2	primary
foreman_1101_GCTGGGTCATATGAGA	405	653	0.06278713629402756	1101	PFA2	G1	UEC-2	primary
foreman_1185_AGGGTCCCAATCGCAT	1628	2939	0.013950323239197007	1185	ST-YAP	G1	UEC-2	primary
foreman_1185_AACACACTCGTTATCT	950	1561	0.11467008327994875	1185	ST-YAP	G1	UEC-2	primary
foreman_1185_ACATCGAAGGATATAC	1071	1690	0.12189349112426036	1185	ST-YAP	G2M	UEC-2	primary
foreman_1185_ATCGGATCAAGTGGGT	651	997	0.0391566265060241	1185	ST-YAP	G2M	UEC-2	primary
foreman_1185_CATCCACGTGAGTTTC	1143	2077	0.10784785748675975	1185	ST-YAP	G1	UEC-2	primary
foreman_1185_CTGCCATGTTGTAAAG	1919	3611	0.20714483522569926	1185	ST-YAP	G1	UEC-2	primary
foreman_1185_GACAGCCAGTTCCATG	1230	1805	0.08259423503325942	1185	ST-YAP	G2M	UEC-2	primary
foreman_1185_GATGTTGTCACTCGAA	1028	1915	0.24438642297650132	1185	ST-YAP	S	UEC-2	primary
foreman_1185_GGGTCACGTCTCGGAC	952	1496	0.10561497326203209	1185	ST-YAP	G1	UEC-2	primary
foreman_1185_GGGTGTCCACGCGGTT	610	935	0.18181818181818182	1185	ST-YAP	S	UEC-2	primary
foreman_1185_TCATCCGAGTCTAGAA	660	957	0.1788702928870293	1185	ST-YAP	S	UEC-2	primary
foreman_1185_TCCACCATCACTTTGT	655	1203	0.171238570241064	1185	ST-YAP	G1	UEC-2	primary
foreman_1185_TGATGCACAGCTGTAT	642	973	0.23329907502569372	1185	ST-YAP	G1	UEC-2	primary
foreman_1185_TGCATGACATGGAACG	1021	1882	0.20085015940488843	1185	ST-YAP	S	UEC-2	primary
foreman_1185_TTTACGTGTACTCGTA	1128	2240	0.2584821428571429	1185	ST-YAP	G1	UEC-2	primary
foreman_1386_GGGAATGCAATGTAAG	432	740	0.00945945945945946	1386	ST-RELA	S	UEC-2	recurrence
foreman_1386_TCTGGAAGTCATATGC	891	2290	0.09781659388646288	1386	ST-RELA	S	UEC-2	recurrence
foreman_1386_AGTTGGTCAAGTAGTA	536	1110	0.17747747747747747	1386	ST-RELA	G1	UEC-2	recurrence
foreman_1386_GTCAAGTCAATGTAAG	538	1002	0.08183632734530938	1386	ST-RELA	S	UEC-2	recurrence
foreman_1386_TATTACCGTGGTTTCA	449	1175	0.08	1386	ST-RELA	S	UEC-2	recurrence
foreman_1386_AGTGTCAAGTGTTGAA	523	938	0.05970149253731343	1386	ST-RELA	S	UEC-2	recurrence
foreman_1386_GATTCAGTCATACGGT	969	1714	0.061260210035005834	1386	ST-RELA	S	UEC-2	recurrence
foreman_1386_GTGTGCGTCGCCTGTT	645	951	0.002103049421661409	1386	ST-RELA	S	UEC-2	recurrence
foreman_1386_TCCACACCAAGCTGGA	804	1852	0.001081081081081081	1386	ST-RELA	S	UEC-2	recurrence
foreman_1386_TGATTTCAGGGCTTCC	589	1119	0	1386	ST-RELA	S	UEC-2	recurrence
foreman_1386_GGGCACTCATTTCAGG	545	1664	0.10576923076923077	1386	ST-RELA	S	UEC-2	recurrence
foreman_1386_GTGGGTCGTTCATGGT	445	964	0.08609958506224066	1386	ST-RELA	G1	UEC-2	recurrence
foreman_1329_CGTCTACGTGTATGGG	493	811	0.05055487053020962	1329	ST-RELA	G2M	UEC-2	recurrence
foreman_1329_CTACATTAGACGCACA	735	1365	0.01098901098901099	1329	ST-RELA	G1	UEC-2	recurrence
foreman_1329_CTACATTGTAGTGAAT	786	1194	0.005025125628140704	1329	ST-RELA	S	UEC-2	recurrence
foreman_1329_CTCATTAAGTGGTAAT	922	1670	0.04431137724550898	1329	ST-RELA	S	UEC-2	recurrence
foreman_1329_GGAATAATCCTAAGTG	1248	2282	0.02498903989478299	1329	ST-RELA	S	UEC-2	recurrence
foreman_1329_GTAACTGAGCTGCCCA	696	1247	0.06415396952686447	1329	ST-RELA	G1	UEC-2	recurrence
foreman_1329_GTACTTTTCATGCAAC	1046	2793	0.06015037593984962	1329	ST-RELA	G1	UEC-2	recurrence
foreman_1329_TACTTACAGTCATGCT	1255	2379	0.010508617065994116	1329	ST-RELA	G1	UEC-2	recurrence
foreman_1329_TCACGAATCCTGCTTG	555	1232	0.013798701298701298	1329	ST-RELA	G1	UEC-2	recurrence
foreman_1329_TCAGATGCAGTAAGCG	630	1240	0.05887096774193548	1329	ST-RELA	S	UEC-2	recurrence
foreman_1329_TCTATTGGTCTCGTTC	1177	2561	0.018742678641155797	1329	ST-RELA	S	UEC-2	recurrence
foreman_1329_TGGTTCCGTCTTTCAT	611	1233	0.027575020275750203	1329	ST-RELA	S	UEC-2	recurrence
foreman_1329_CTGCCTATCATGGTCA	538	1706	0.07561547479484174	1329	ST-RELA	G1	UEC-2	recurrence
foreman_1329_TGCTGCTTCTTCTGGC	701	2227	0.08355795148247978	1329	ST-RELA	S	UEC-2	recurrence
foreman_1329_TACGGATTCCGCAGTG	867	1279	0.003909304143862392	1329	ST-RELA	S	UEC-2	recurrence
foreman_1329_AAAGCAATCGATAGAA	765	1679	0.03335318642048839	1329	ST-RELA	G1	UEC-2	recurrence
foreman_1329_AACCGCGAGGGATCTG	1117	2257	0.03322995126273815	1329	ST-RELA	S	UEC-2	recurrence
foreman_1329_ACACCCTGTCCAACTA	807	1504	0.01795212765957447	1329	ST-RELA	S	UEC-2	recurrence
foreman_1329_ACATCAGTCGCAAGCC	776	1695	0.07551622418879056	1329	ST-RELA	S	UEC-2	recurrence
foreman_1329_ACGGGCTGTAACGACG	956	1568	0.014668367346938776	1329	ST-RELA	G2M	UEC-2	recurrence
foreman_1329_ACGGGCTGTTACTGAC	774	1588	0.0743073047858942	1329	ST-RELA	S	UEC-2	recurrence
foreman_1329_ACTGATGGTAGCGTGA	998	1740	0.10459770114942529	1329	ST-RELA	S	UEC-2	recurrence
foreman_1329_ACTTTCACACGACTCG	651	1255	0.06055776892430279	1329	ST-RELA	G1	UEC-2	recurrence
foreman_1329_AGATCTGGTCCGACGT	567	1020	0.03823529411764706	1329	ST-RELA	G1	UEC-2	recurrence
foreman_1329_AGATTGCGTCCCTACT	521	1179	0.11365564037319763	1329	ST-RELA	G1	UEC-2	recurrence
foreman_1329_AGTGGGATCTACCAGA	1272	2134	0.033739456419868794	1329	ST-RELA	G2M	UEC-2	recurrence
foreman_1329_AGTGTCACAGTTCCCT	1484	2409	0.0224159402241594	1329	ST-RELA	S	UEC-2	recurrence
foreman_1329_ATCATGGTCCTTTCGG	551	1208	0.054635761589403975	1329	ST-RELA	S	UEC-2	recurrence
foreman_1329_ATCTACTCAATGGAAT	1320	2433	0.01726263871763255	1329	ST-RELA	S	UEC-2	recurrence
foreman_1329_CAAGAAACATCCAACA	580	1363	0.02714600146735143	1329	ST-RELA	G1	UEC-2	recurrence
foreman_1329_CAAGATCCAGTCACTA	862	1517	0.013183915622940013	1329	ST-RELA	G1	UEC-2	recurrence
foreman_1329_CACAAACCAGTTCATG	926	1366	0.01683748169838946	1329	ST-RELA	S	UEC-2	recurrence
foreman_1329_CACATAGCATGTAAGA	585	994	0.14084507042253522	1329	ST-RELA	G2M	UEC-2	recurrence
foreman_1329_CACCACTAGCGATATA	643	1200	0.0525	1329	ST-RELA	G1	UEC-2	recurrence
foreman_1329_CACTCCACACAGGTTT	709	1822	0.02579582875960483	1329	ST-RELA	S	UEC-2	recurrence
foreman_1329_CAGTCCTGTCGCATCG	519	813	0.015990159901599015	1329	ST-RELA	S	UEC-2	recurrence
foreman_1329_CATGCCTCACGAAGCA	585	1305	0.11800766283524904	1329	ST-RELA	G1	UEC-2	recurrence
foreman_1329_CCGGTAGCAGTATCTG	452	789	0.03929024081115336	1329	ST-RELA	S	UEC-2	recurrence
foreman_1329_CCGTGGAAGCCGGTAA	867	1507	0.039150630391506305	1329	ST-RELA	S	UEC-2	recurrence
foreman_1329_CCTAGCTGTCTAGCGC	580	1401	0.055674518201284794	1329	ST-RELA	G1	UEC-2	recurrence
foreman_1329_CGATTGAGTATTCTCT	910	1785	0.047058823529411764	1329	ST-RELA	S	UEC-2	recurrence
foreman_1329_CGCGTTTTCCGTTGTC	737	1624	0.0708128078817734	1329	ST-RELA	S	UEC-2	recurrence
foreman_1329_CGCTTCATCCCTGACT	956	1568	0.0548469387755102	1329	ST-RELA	S	UEC-2	recurrence
foreman_1329_CGGAGCTTCCGAGCCA	891	1514	0.10700132100396301	1329	ST-RELA	S	UEC-2	recurrence
foreman_1329_GGAACTTAGGCATGGT	1382	2423	0.06275805119735756	1329	ST-RELA	S	UEC-2	recurrence
foreman_1329_GGGTTGCAGTCACGCC	1595	3736	0.12071734475374732	1329	ST-RELA	S	UEC-2	recurrence
foreman_1329_GGTGTTAAGATGTTAG	1186	1860	0.04032258064516129	1329	ST-RELA	S	UEC-2	recurrence
foreman_1329_GTGTGCGTCCAGTATG	1021	2175	0.03264367816091954	1329	ST-RELA	S	UEC-2	recurrence
foreman_1329_TCTTCGGTCTGATACG	1430	2738	0.029218407596785977	1329	ST-RELA	S	UEC-2	recurrence
foreman_870_AACCATGGTCAGTGGA	750	1922	0.06815816857440167	870	ST-RELA	S	UEC-2	primary
foreman_870_ACGAGCCAGATACACA	501	993	0.24672708962739173	870	ST-RELA	G1	UEC-2	primary
foreman_870_ACGATACCAGGGATTG	670	1158	0.11053540587219343	870	ST-RELA	G1	UEC-2	primary
foreman_870_CACCTTGTCACGGTTA	753	1731	0.15424610051993068	870	ST-RELA	G1	UEC-2	primary
foreman_870_CCACTACCATAGAAAC	278	552	0.06521739130434782	870	ST-RELA	G1	UEC-2	primary
foreman_870_CCGGTAGAGGTAGCCA	365	519	0.07321772639691715	870	ST-RELA	G1	UEC-2	primary
foreman_870_CGCGGTATCCTTGACC	2003	5252	0.05121858339680122	870	ST-RELA	G1	UEC-2	primary
foreman_870_CTAAGACCAACGATGG	404	636	0.1320754716981132	870	ST-RELA	G1	UEC-2	primary
foreman_870_GCTCTGTCATGCCTTC	688	1298	0.0662557781201849	870	ST-RELA	G1	UEC-2	primary
foreman_870_GGGTCTGTCACTTATC	310	614	0.15798045602605862	870	ST-RELA	G1	UEC-2	primary
foreman_870_GTGCGGTTCGGAGCAA	339	703	0.12660028449502134	870	ST-RELA	G1	UEC-2	primary
foreman_870_GTTCGGGTCTCGGACG	393	805	0.06459627329192547	870	ST-RELA	S	UEC-2	primary
foreman_870_TCCACACTCTCTAAGG	648	1397	0.10164638511095204	870	ST-RELA	G2M	UEC-2	primary
foreman_870_TTCGGTCAGTTAAGTG	654	1194	0.0711892797319933	870	ST-RELA	G2M	UEC-2	primary
foreman_870_TTCTCCTGTAAGTGTA	376	857	0.1353558926487748	870	ST-RELA	G1	UEC-2	primary
foreman_1158_2_AGGGAGTAGTCATACC	779	1219	0.10910582444626743	1158	ST-RELA	S	UEC-2	recurrence
foreman_1158_2_CGGGTGTCACGGCACT	745	1288	0.18944099378881987	1158	ST-RELA	G1	UEC-2	recurrence
foreman_1158_2_CTCCATGGTCACCACG	842	1423	0.14195361911454674	1158	ST-RELA	G2M	UEC-2	recurrence
foreman_1158_2_GTCAGCGCAGAGGCAT	670	1023	0.13098729227761485	1158	ST-RELA	G2M	UEC-2	recurrence
foreman_1158_2_GTCTGTCTCGAGAGCA	544	890	0.06636670416197975	1158	ST-RELA	S	UEC-2	recurrence
foreman_1158_2_TTCGATTAGCAGCAGT	680	1012	0.08992094861660078	1158	ST-RELA	G1	UEC-2	recurrence
foreman_1158_2_TTCGGTCAGCCGAATG	1045	2058	0.24295432458697766	1158	ST-RELA	G1	UEC-2	recurrence
foreman_1158_2_CCCTGATGTACCATAC	2843	7013	0.08555539711963496	1158	ST-RELA	G1	UEC-2	recurrence
foreman_1158_2_CTCCAACTCATTTGTC	3262	7988	0.08626518091899336	1158	ST-RELA	S	UEC-2	recurrence
foreman_1158_2_CACGAATGTTGTTTGG	2969	6757	0.024863104928222583	1158	ST-RELA	S	UEC-2	recurrence
foreman_1158_2_CCTGTTGCAGACACCC	3412	8226	0.062127659574468086	1158	ST-RELA	G1	UEC-2	recurrence
foreman_1158_2_CTCCCAATCTCGAACA	3212	8010	0.06892246222999127	1158	ST-RELA	G1	UEC-2	recurrence
foreman_1158_2_CTGTATTTCCGTAATG	5541	17995	0.07808592230311788	1158	ST-RELA	G1	UEC-2	recurrence
foreman_1158_2_GGCTTTCTCTGCCTCA	3536	8862	0.08633337095135989	1158	ST-RELA	G1	UEC-2	recurrence
foreman_1158_2_TAACACGAGGCATTTC	3974	11118	0.0702464472027343	1158	ST-RELA	G1	UEC-2	recurrence
foreman_1158_2_TACCGGGGTCGGTGAA	1349	2437	0.09109560935576529	1158	ST-RELA	G1	UEC-2	recurrence
foreman_1158_2_TCCACCATCTTTGCTA	3214	7269	0.07526141992294992	1158	ST-RELA	G1	UEC-2	recurrence
foreman_1158_2_TCCCACAAGGAGTACC	2111	4121	0.09004854368932039	1158	ST-RELA	G1	UEC-2	recurrence
foreman_1158_2_AGATCCAGTCCGCAGT	1035	1617	0.08163265306122448	1158	ST-RELA	G2M	UEC-2	recurrence
foreman_1158_2_CTATAGGGTTCAGCTA	3891	12488	0.11138693145419602	1158	ST-RELA	G1	UEC-2	recurrence
foreman_1158_2_TAATTCCCAAGAGTAT	3195	7548	0.09485956544780075	1158	ST-RELA	G1	UEC-2	recurrence
foreman_1347_AACCAACTCCATTGTT	2339	4511	0.20687361419068737	1347	PFA1	G2M	UEC-2	primary
foreman_1347_AAGACAAGTGTGTTTG	1788	4066	0.2951303492375799	1347	PFA1	G1	UEC-2	primary
foreman_1347_AAGACAATCTCTTAAC	1443	3191	0.22281416483860858	1347	PFA1	G1	UEC-2	primary
foreman_1347_ACAACCAGTAGGATAT	2825	5297	0.03833081570996979	1347	PFA1	S	UEC-2	primary
foreman_1347_ACACGCGTCCCAATAG	1245	2372	0.04006748207507381	1347	PFA1	S	UEC-2	primary
foreman_1347_ACACTGAAGAATAACC	1826	3887	0.21924858466289243	1347	PFA1	G1	UEC-2	primary
foreman_1347_ACATTTCAGACTACCT	1426	3136	0.2885841836734694	1347	PFA1	G2M	UEC-2	primary
foreman_1347_ACGGGTCAGCGATGAC	548	871	0.029850746268656716	1347	PFA1	G1	UEC-2	primary
foreman_1347_ACGTACATCGACGCGT	938	1790	0.060335195530726256	1347	PFA1	G1	UEC-2	primary
foreman_1347_AGAGAATTCTTCCACG	3027	6552	0.04762631659288658	1347	PFA1	G1	UEC-2	primary
foreman_1347_AGCCAGCCACCAGCCA	2540	5749	0.20942772656114106	1347	PFA1	G1	UEC-2	primary
foreman_1347_AGCGATTCACTTGAAC	2647	5306	0.04769085768143261	1347	PFA1	G1	UEC-2	primary
foreman_1347_AGCGTATAGGCCATAG	859	1791	0.030709101060859854	1347	PFA1	G2M	UEC-2	primary
foreman_1347_AGGATCTAGCACACAG	1983	4031	0.13325062034739454	1347	PFA1	G1	UEC-2	primary
foreman_1347_AGGCCACGTGCTATTG	1662	3197	0.03159211761025962	1347	PFA1	G1	UEC-2	primary
foreman_1347_AGTTAGCCACAACGCC	2328	5252	0.19611576542269613	1347	PFA1	S	UEC-2	primary
foreman_1347_ATACCGAAGTTCTACG	2614	6397	0.2859599749843652	1347	PFA1	S	UEC-2	primary
foreman_1347_ATACTTCTCTTGTTAC	3750	8729	0.09543996333638863	1347	PFA1	S	UEC-2	primary
foreman_1347_ATATCCTAGACTACCT	2341	4852	0.08264633140972795	1347	PFA1	G2M	UEC-2	primary
foreman_1347_ATCACAGGTTATCCAG	2471	6414	0.2084502650452136	1347	PFA1	S	UEC-2	primary
foreman_1347_ATCGGATAGGGTACGT	2597	5211	0.041066973709460754	1347	PFA1	S	UEC-2	primary
foreman_1347_ATTACCTAGCGTCAAG	1182	2130	0.07981220657276995	1347	PFA1	S	UEC-2	primary
foreman_1347_ATTCCTAGTTCCACAA	1394	3628	0.20865490628445424	1347	PFA1	G1	UEC-2	primary
foreman_1347_CAACCAATCGCAATGT	1603	3732	0.16237942122186494	1347	PFA1	G1	UEC-2	primary
foreman_1347_CACTTCGTCTGTGCTC	840	1621	0.03824799506477483	1347	PFA1	G1	UEC-2	primary
foreman_1347_CAGCGTGGTTTAGTCG	1018	1929	0.2690513219284603	1347	PFA1	S	UEC-2	primary
foreman_1347_CAGTTAGTCTGCGGGT	1599	3750	0.2624	1347	PFA1	S	UEC-2	primary
foreman_1347_CATGGTAGTACTCCGG	1990	3939	0.11982736735211982	1347	PFA1	G1	UEC-2	primary
foreman_1347_CCACGTTTCTTCTGGC	1239	2750	0.19570753001091307	1347	PFA1	S	UEC-2	primary
foreman_1347_CCATAAGAGCACACAG	2764	6738	0.16062945368171022	1347	PFA1	S	UEC-2	primary
foreman_1347_CCGCAAGGTAATCAAG	1269	2517	0.23639253079062375	1347	PFA1	G1	UEC-2	primary
foreman_1347_CCTGTTGCATCCGAGC	1905	4199	0.24511672224868986	1347	PFA1	S	UEC-2	primary
foreman_1347_CGAAGGATCCACGTGG	1419	2361	0.03600169419737399	1347	PFA1	G1	UEC-2	primary
foreman_1347_CGGGTCAGTAGACAGC	2138	4274	0.026211092908963257	1347	PFA1	G1	UEC-2	primary
foreman_1347_CGGGTGTAGGGTGGGA	1749	3761	0.16298856687051316	1347	PFA1	S	UEC-2	primary
foreman_1347_CTCAATTCAAGAGTGC	1458	2533	0.10821484992101106	1347	PFA1	G1	UEC-2	primary
foreman_1347_CTCATGCTCGCTCATC	2102	4314	0.12030598052851182	1347	PFA1	G1	UEC-2	primary
foreman_1347_CTGCCATTCGTCTAAG	1159	1852	0.17818574514038876	1347	PFA1	G2M	UEC-2	primary
foreman_1347_CTGGCAGGTTAAGACA	4612	12631	0.16360468799493189	1347	PFA1	G1	UEC-2	primary
foreman_1347_GAAGTAAGTTCTCGCT	1210	2551	0.2877303018424147	1347	PFA1	G1	UEC-2	primary
foreman_1347_GAATCGTGTTCACCGG	1815	3980	0.22241769288766022	1347	PFA1	G1	UEC-2	primary
foreman_1347_GAGTGTTCACAGCGCT	661	887	0.016910935738444193	1347	PFA1	G1	UEC-2	primary
foreman_1347_GGCAGTCTCGAGCACC	510	771	0.14656290531776914	1347	PFA1	S	UEC-2	primary
foreman_1347_GGGAGTAAGGGTAGCT	507	771	0.10116731517509728	1347	PFA1	G1	UEC-2	primary
foreman_1347_GGGATGAGTCAGGCAA	3360	8498	0.10684867027535891	1347	PFA1	G1	UEC-2	primary
foreman_1347_GGGTGAAGTCAAACGG	1562	2727	0.11587825449211588	1347	PFA1	S	UEC-2	primary
foreman_1347_GTGTTCCTCTTGGTCC	526	1120	0.02142857142857143	1347	PFA1	S	UEC-2	primary
foreman_1347_GTTACCCCATAAGCAA	733	1135	0.13832599118942732	1347	PFA1	S	UEC-2	primary
foreman_1347_TACCCACGTTTGCAGT	2248	5422	0.16620549714074895	1347	PFA1	S	UEC-2	primary
foreman_1347_TACCGAATCGCCAATA	1070	1533	0.06592689295039164	1347	PFA1	S	UEC-2	primary
foreman_1347_TAGATCGGTCCTTAAG	1198	2198	0.0974055530268548	1347	PFA1	G1	UEC-2	primary
foreman_1347_TCACAAGGTTGTGTAC	1699	3591	0.19521024784182678	1347	PFA1	S	UEC-2	primary
foreman_1347_TCACGCTGTTGACTGT	751	1248	0.15144230769230768	1347	PFA1	G1	UEC-2	primary
foreman_1347_TCACGGGCAGCAGTCC	2011	4407	0.15838438847288405	1347	PFA1	S	UEC-2	primary
foreman_1347_TCATGGAGTGGATCGA	1130	2597	0.2980361956103196	1347	PFA1	G1	UEC-2	primary
foreman_1347_TCCACCAGTGCAGGAT	965	1912	0.2803347280334728	1347	PFA1	S	UEC-2	primary
foreman_1347_TCCACCATCTCAACCC	1855	4413	0.16749773345421579	1347	PFA1	S	UEC-2	primary
foreman_1347_TCCATCGAGGCCTGCT	1874	4475	0.2674860335195531	1347	PFA1	G1	UEC-2	primary
foreman_1347_TCCTTCTCAGACAAGC	3618	10545	0.08906383382338992	1347	PFA1	S	UEC-2	primary
foreman_1347_TCTAACTGTTCTCCAC	2701	5831	0.13496827302349512	1347	PFA1	S	UEC-2	primary
foreman_1347_TGCCGAGAGAACTGAT	2126	3979	0.08821311887408896	1347	PFA1	G1	UEC-2	primary
foreman_1347_TGCGGGTTCATACGGT	2335	5114	0.054556120453656626	1347	PFA1	S	UEC-2	primary
foreman_1347_TGTTGGAGTTGCTGAT	1799	3254	0.0046111281893636644	1347	PFA1	S	UEC-2	primary
foreman_1347_TTCGATTCAGGTGACA	1903	4435	0.22908680947012403	1347	PFA1	S	UEC-2	primary
foreman_1347_TTCTTCCTCTTGATTC	2562	5211	0.05873320537428023	1347	PFA1	G1	UEC-2	primary
foreman_1347_TTGTTTGTCGAACACT	562	879	0.17064846416382254	1347	PFA1	G1	UEC-2	primary
foreman_1347_TTTACCAAGTGATAAC	2325	5207	0.2076450249711871	1347	PFA1	G1	UEC-2	primary
foreman_1347_CACAGGCAGTTATGGA	369	521	0.036468330134357005	1347	PFA1	G1	UEC-2	primary
foreman_1347_GTGAGCCAGACTCAAA	1368	3005	0.15479360852197072	1347	PFA1	G1	UEC-2	primary
foreman_1347_TGTTGAGTCAGCGGAA	1154	1902	0.03838065194532071	1347	PFA1	G2M	UEC-2	primary
foreman_1269_GTAGAAAGTGACTCTA	1707	3688	0.2017900732302685	1269	PFA1	S	UEC-2	primary
foreman_1269_TTTACCACACACGTGC	2564	6846	0.22048509643483344	1269	PFA1	G1	UEC-2	primary
foreman_1269_AGGCTGCAGGGTTAAT	1064	1873	0.1211959423384944	1269	PFA1	G1	UEC-2	primary
foreman_1269_CGCAGGTCAATAGTCC	1402	3222	0.2824332712600869	1269	PFA1	G1	UEC-2	primary
foreman_1269_CTCGAGGCATCATTGG	992	1716	0.022727272727272728	1269	PFA1	G1	UEC-2	primary
foreman_1269_GACTCAACAAAGTATG	1657	3129	0.09076382230744647	1269	PFA1	G1	UEC-2	primary
foreman_723_CATCGAAAGTGACTCT	2223	5685	0.025505716798592787	723	PFA1	S	mitotic	primary
foreman_727_CGATGGCTCCCTTGCA	883	1547	0.17323852617970265	727	PFA2	G2M	mitotic	primary
foreman_727_GTCAAGTAGGCTCATT	821	2235	0.23445190156599552	727	PFA2	G2M	mitotic	primary
foreman_727_GTCAAGTTCTTCGAGA	1473	2488	0.18689710610932475	727	PFA2	G2M	mitotic	primary
foreman_727_TAAGAGAAGCCGATTT	1694	4422	0.1870617507351278	727	PFA2	G2M	mitotic	primary
foreman_727_GCGCAGTCACCACCAG	2767	8669	0.048217787518744955	727	PFA2	S	mitotic	primary
foreman_727_TGCGCAGGTTGCGCAC	636	1006	0.19383697813121273	727	PFA2	G2M	mitotic	primary
foreman_839_CCCAGTTCATTCTCAT	4365	15868	0.03585833123266952	839	PFA1	G2M	mitotic	primary
foreman_839_GCGCAGTCAGCGAACA	742	1401	0.15988579586009993	839	PFA1	G2M	mitotic	primary
foreman_839_GGGACCTGTCGCGAAA	2095	6007	0.10204761112035958	839	PFA1	S	mitotic	primary
foreman_839_CACAAACCACATCCAA	305	431	0.0069605568445475635	839	PFA1	G2M	mitotic	primary
foreman_839_GTTCGGGGTGGCGAAT	1287	2552	0.15869905956112854	839	PFA1	S	mitotic	primary
foreman_848_ATCATGGCAAAGCGGT	2062	5122	0.022456551454793985	848	PFA1	G2M	mitotic	primary
foreman_848_GCTTCCACATGCCTTC	2150	4769	0.1294043624161074	848	PFA1	G2M	mitotic	primary
foreman_848_GGGTCTGTCTGGAGCC	1623	3644	0.06613611416026345	848	PFA1	G2M	mitotic	primary
foreman_848_TGAGCCGAGTCTTGCA	1107	1806	0.09302325581395349	848	PFA1	G2M	mitotic	primary
foreman_848_TCATTTGGTCTAGTCA	398	657	0.2724505327245053	848	PFA1	G2M	mitotic	primary
foreman_859_GCGAGAAGTCTGATTG	298	564	0.03368794326241135	859	PFA1	G2M	mitotic	primary
foreman_911_ATTCTACTCGGAGGTA	980	1569	0.19439133205863607	911	PFA2	G2M	mitotic	primary
foreman_911_CAAGGCCAGTTATCGC	1039	1682	0.19940476190476192	911	PFA2	G2M	mitotic	primary
foreman_911_CCCAGTTCATTCTCAT	444	670	0.04477611940298507	911	PFA2	G2M	mitotic	primary
foreman_911_GGAATAATCTAGAGTC	842	1497	0.23529411764705882	911	PFA2	G2M	mitotic	primary
foreman_911_GGGAGATCATGCGCAC	1437	2687	0.18682545589877186	911	PFA2	G2M	mitotic	primary
foreman_911_TCGGGACCAGCTGCTG	2282	4695	0.1207667731629393	911	PFA2	G2M	mitotic	primary
foreman_911_TTGCGTCAGCGTAGTG	2273	5008	0.09624600638977636	911	PFA2	G2M	mitotic	primary
foreman_928_CCCAGTTCATTCTCAT	434	673	0.03714710252600297	928	PFA1	G2M	mitotic	primary
foreman_930_CCCAGTTCATTCTCAT	398	566	0.030035335689045935	930	PFA2	G2M	mitotic	primary
foreman_930_GGATGTTTCAGTTAGC	606	946	0.2547568710359408	930	PFA2	G2M	mitotic	primary
foreman_965_AACTCCCGTTAAGGGC	601	1182	0.0676818950930626	965	PFA2	G2M	mitotic	primary
foreman_965_ATGAGGGAGACTAGGC	2047	7959	0.06257067470787787	965	PFA2	G2M	mitotic	primary
foreman_965_ATTGGACCATTCCTCG	3745	11000	0.021272727272727273	965	PFA2	G2M	mitotic	primary
foreman_965_CATTCGCAGAACAACT	1048	1944	0.04835390946502058	965	PFA2	G2M	mitotic	primary
foreman_965_CTAGTGAGTATAGGTA	2981	8264	0.04368344627299129	965	PFA2	G2M	mitotic	primary
foreman_965_GAACCTAAGTTGTCGT	4174	13606	0.018156424581005588	965	PFA2	G2M	mitotic	primary
foreman_965_GGCAATTCAGAGTGTG	639	1063	0.046139359698681735	965	PFA2	G2M	mitotic	primary
foreman_987_ACATCCCCAGGCGTTC	444	832	0.14783653846153846	987	PFA2	G2M	mitotic	primary
foreman_987_AGAGAGCTCGGTCGAC	802	1733	0.06639722863741339	987	PFA2	G2M	mitotic	primary
foreman_987_CATCGCTAGTTCCGTA	975	2084	0.0892514395393474	987	PFA2	G2M	mitotic	primary
foreman_987_CATGCCTAGAGCATTA	608	1241	0.09186140209508462	987	PFA2	G2M	mitotic	primary
foreman_987_CGAATTGCAACTCATG	680	1199	0.07762938230383973	987	PFA2	G2M	mitotic	primary
foreman_987_CTCACTGAGGCGAACT	455	765	0.06274509803921569	987	PFA2	G2M	mitotic	primary
foreman_987_GAATCGTCACACTGGC	608	1080	0.0962962962962963	987	PFA2	G2M	mitotic	primary
foreman_987_GCCAGTGAGTTCTACG	6038	22651	0.08875347728175917	987	PFA2	S	mitotic	primary
foreman_987_GCTACCTAGAGATTCA	526	889	0.06749156355455568	987	PFA2	G2M	mitotic	primary
foreman_987_GGTGAAGTCGGTCATA	607	1209	0.12003311258278146	987	PFA2	G2M	mitotic	primary
foreman_987_TAAGCCAGTATTCCTT	1161	3100	0.07903225806451612	987	PFA2	G2M	mitotic	primary
foreman_987_TACTTGTGTCACGACC	547	1038	0.07032755298651253	987	PFA2	G2M	mitotic	primary
foreman_987_TCCTAATGTATGAAAC	532	1011	0.058358061325420374	987	PFA2	G2M	mitotic	primary
foreman_987_TCTTAGTGTTCAGTAC	490	739	0.07713125845737483	987	PFA2	G2M	mitotic	primary
foreman_987_TTGCGTCAGGAAGTGA	581	1316	0.10866261398176291	987	PFA2	G2M	mitotic	primary
foreman_987_AAGGAATAGCAACTTC	801	2045	0.1119804400977995	987	PFA2	S	mitotic	primary
foreman_987_CAACGATCAAACTCTG	727	1660	0.14698795180722893	987	PFA2	G2M	mitotic	primary
foreman_987_CGGGCATAGGGCCTCT	675	1296	0.12191358024691358	987	PFA2	S	mitotic	primary
foreman_987_GATGATCTCCGTGGCA	682	1622	0.05240443896424168	987	PFA2	G2M	mitotic	primary
foreman_987_GCCGATGGTAGGTCAG	636	1353	0.10946745562130178	987	PFA2	G2M	mitotic	primary
foreman_987_GTGGGAATCGCTCTCA	769	1700	0.15715126545026487	987	PFA2	G2M	mitotic	primary
foreman_987_TCACAAGGTACGATGG	672	1564	0.16432225063938619	987	PFA2	S	mitotic	primary
foreman_987_TCTCACGGTGACCTGC	582	1465	0.1372013651877133	987	PFA2	G2M	mitotic	primary
foreman_987_TTAGGCATCGCTACGG	581	1212	0.12623762376237624	987	PFA2	G2M	mitotic	primary
foreman_987_TTCCACGGTAGGAAAG	404	780	0.09358974358974359	987	PFA2	S	mitotic	primary
foreman_987_TTTGTTGGTTACGGAG	613	1400	0.15857142857142856	987	PFA2	G2M	mitotic	primary
foreman_1010_AGAGAGCTCGGTCGAC	1160	2941	0.08296497789867392	1010	PFA1	G2M	mitotic	primary
foreman_1010_CGAATTGCAACTCATG	933	1962	0.10397553516819572	1010	PFA1	G2M	mitotic	primary
foreman_1010_CGAGTGCTCTTAATCC	4097	11063	0.0881316098707403	1010	PFA1	G2M	mitotic	primary
foreman_1010_CGTGATAGTTTGGAAA	1795	4765	0.11754827875734676	1010	PFA1	G2M	mitotic	primary
foreman_1010_CTCCTTTGTGCACATT	886	1461	0.12457221081451061	1010	PFA1	G2M	mitotic	primary
foreman_1010_GAATCGTCACACTGGC	871	1784	0.09988776655443322	1010	PFA1	G2M	mitotic	primary
foreman_1010_GACATCAGTTCTGAGT	4014	12021	0.10701506199550637	1010	PFA1	G2M	mitotic	primary
foreman_1010_GCCGATGGTAGGTCAG	967	2217	0.1092057761732852	1010	PFA1	G2M	mitotic	primary
foreman_1010_GGTGAAGTCGGTCATA	905	1967	0.12963904422979156	1010	PFA1	G2M	mitotic	primary
foreman_1010_TACTTGTGTCACGACC	794	1625	0.05415384615384616	1010	PFA1	G2M	mitotic	primary
foreman_1010_TGGTAGTGTGTGTGTT	2980	6744	0.0671807800682189	1010	PFA1	G2M	mitotic	primary
foreman_1010_TTAGGCATCGCTACGG	909	2026	0.14363277393879564	1010	PFA1	G2M	mitotic	primary
foreman_1048_ACACAGTGTAGGTTTC	3502	10395	0.05531505531505532	1048	PFA1	S	mitotic	primary
foreman_1048_AGGTAGGTCGCCGTGA	3059	8594	0.06853618803816616	1048	PFA1	G2M	mitotic	primary
foreman_1048_AGTACCAGTTATGACC	5956	25766	0.06822944966234573	1048	PFA1	G2M	mitotic	primary
foreman_1048_AGTGACTAGGTTCACT	3982	12490	0.07159445823656603	1048	PFA1	G2M	mitotic	primary
foreman_1048_ATACCGAAGCCTCAAT	5625	25394	0.06887724963572638	1048	PFA1	G2M	mitotic	primary
foreman_1048_ATGGAGGTCCTTTAGT	5348	22385	0.09077912794853467	1048	PFA1	G2M	mitotic	primary
foreman_1048_CAGTTAGAGGTTATAG	3924	12115	0.07205943045810978	1048	PFA1	G2M	mitotic	primary
foreman_1048_CTACGGGTCGAACGCC	4155	13107	0.05683985656519417	1048	PFA1	S	mitotic	primary
foreman_1048_CTGAGGCCAGCTATAC	5873	26262	0.050338892696672	1048	PFA1	G2M	mitotic	primary
foreman_1048_GAAATGACATCGTGCG	4183	13499	0.07549266558008594	1048	PFA1	G2M	mitotic	primary
foreman_1048_GACAGCCAGCTAATGA	856	1288	7.763975155279503e-4	1048	PFA1	G2M	mitotic	primary
foreman_1048_GGAGCAAAGGTGTGAC	5057	15539	0.12203128016991698	1048	PFA1	G2M	mitotic	primary
foreman_1048_GTAGCTATCTTCGGTC	4785	18087	0.04804821408824505	1048	PFA1	G2M	mitotic	primary
foreman_1048_GTATTTCCAGAGGTAC	2235	5388	0.08484961010025993	1048	PFA1	G2M	mitotic	primary
foreman_1048_TCAATCTGTACACTCA	5521	17698	0.10680379746835443	1048	PFA1	G2M	mitotic	primary
foreman_1048_TCCTCGAGTGGAAGTC	2671	5633	0.13296644771879992	1048	PFA1	G2M	mitotic	primary
foreman_1048_TTCCTTCGTAGACAAT	1554	3706	0.27495952509444144	1048	PFA1	G2M	mitotic	primary
foreman_1048_TTGTTTGGTGCCGGTT	1202	2873	0.26557605290636965	1048	PFA1	G2M	mitotic	primary
foreman_1048_GTTACCCTCTAGCCTC	3024	20336	0.11497418244406196	1048	PFA1	G2M	mitotic	primary
foreman_1048_CTCAAGACACTACGGC	4800	18344	0.08406476585073325	1048	PFA1	S	mitotic	primary
foreman_1067_TGAGGTTGTAGGAGGG	2490	8812	0.05584562996594779	1067	PFB	G2M	mitotic	primary
foreman_1185_CAGGGCTTCATAGAGA	3047	9368	0.01750827372691363	1185	ST-YAP	G2M	mitotic	primary
foreman_1185_CGATGCGAGGGAGGCA	3655	8222	0.1036244222816833	1185	ST-YAP	G2M	mitotic	primary
foreman_1185_CGGAACCGTCTTAGTG	3096	7304	0.11870208105147864	1185	ST-YAP	G2M	mitotic	primary
foreman_1185_GACTCAATCTTCGACC	3709	8382	0.048556430446194225	1185	ST-YAP	G2M	mitotic	primary
foreman_1185_GTGAGTTAGAGTTCGG	1634	3010	0.1611295681063123	1185	ST-YAP	G2M	mitotic	primary
foreman_1185_TCCATGCCAAGGCAAC	6059	21254	0.052606813476378696	1185	ST-YAP	G2M	mitotic	primary
foreman_1185_TCGACCTAGGCTCTAT	3831	10137	0.11128650355169692	1185	ST-YAP	G2M	mitotic	primary
foreman_1185_CATTGCCCAAACGAGC	5748	21251	0.05821450421196291	1185	ST-YAP	G2M	mitotic	primary
foreman_1185_CTTGATTTCGAGAATA	1088	1679	0.039309112567004166	1185	ST-YAP	G2M	mitotic	primary
foreman_1386_AGTTGGTAGGATTCGG	2000	4902	0.046929198122832076	1386	ST-RELA	S	mitotic	recurrence
foreman_1386_AAAGTAGTCACGCGGT	3471	10593	0.05805720758991787	1386	ST-RELA	S	mitotic	recurrence
foreman_1386_AACTCTTGTTACGCGC	2098	5401	0.052582855026846884	1386	ST-RELA	G2M	mitotic	recurrence
foreman_1386_AACTGGTAGTTCGCGC	4381	15827	0.04012384683432327	1386	ST-RELA	G2M	mitotic	recurrence
foreman_1386_AAGACCTAGAATTCCC	3256	14124	0.014514301897479468	1386	ST-RELA	G2M	mitotic	recurrence
foreman_1386_AAGACCTTCAGTCAGT	4500	17933	0.037082473651926615	1386	ST-RELA	G2M	mitotic	recurrence
foreman_1386_AAGTCTGTCGGCCGAT	670	1739	0.2564692351926394	1386	ST-RELA	G2M	mitotic	recurrence
foreman_1386_ACACCGGTCTGTACGA	4046	15024	0.021367236903414764	1386	ST-RELA	G2M	mitotic	recurrence
foreman_1386_ACCTTTAAGATAGCAT	3571	10655	0.0366059695888868	1386	ST-RELA	S	mitotic	recurrence
foreman_1386_ACGGCCAAGATGCCTT	1255	3302	0.13718958207147183	1386	ST-RELA	G2M	mitotic	recurrence
foreman_1386_ACGGGTCTCTTAGCCC	2257	5786	0.028517110266159697	1386	ST-RELA	G2M	mitotic	recurrence
foreman_1386_ACTGAGTAGGTGACCA	3650	12077	0.03022273743479341	1386	ST-RELA	G2M	mitotic	recurrence
foreman_1386_ACTTACTGTGTGACCC	4124	14785	0.058437605681433885	1386	ST-RELA	G2M	mitotic	recurrence
foreman_1386_ACTTTCAAGAGTAAGG	947	1691	0.24009461856889414	1386	ST-RELA	G2M	mitotic	recurrence
foreman_1386_AGCATACGTCTCTTTA	557	882	0.2528344671201814	1386	ST-RELA	G2M	mitotic	recurrence
foreman_1386_AGCTCCTAGATCCTGT	737	1663	0.1232711966325917	1386	ST-RELA	G2M	mitotic	recurrence
foreman_1386_AGCTCCTTCCTCAACC	3257	8896	0.03126054199932531	1386	ST-RELA	G2M	mitotic	recurrence
foreman_1386_AGGGTGATCTTGTCAT	1130	2733	0.0845225027442371	1386	ST-RELA	G2M	mitotic	recurrence
foreman_1386_AGTAGTCCATCATCCC	733	1275	0.18588235294117647	1386	ST-RELA	G2M	mitotic	recurrence
foreman_1386_ATCACGATCCTATGTT	3127	9677	0.03596155833419448	1386	ST-RELA	G2M	mitotic	recurrence
foreman_1386_ATCTACTCAATGTAAG	3451	10547	0.043614297904617426	1386	ST-RELA	G2M	mitotic	recurrence
foreman_1386_ATCTGCCTCTGCTGCT	3029	9474	0.027129737147682888	1386	ST-RELA	G2M	mitotic	recurrence
foreman_1386_ATGCGATTCATGCAAC	2833	8371	0.03010393023533628	1386	ST-RELA	G2M	mitotic	recurrence
foreman_1386_ATGGGAGCATCCAACA	826	1628	0.2199017199017199	1386	ST-RELA	G2M	mitotic	recurrence
foreman_1386_ATTACTCCAATAGCAA	4814	23408	0.01939673587968897	1386	ST-RELA	G2M	mitotic	recurrence
foreman_1386_ATTCTACAGATCTGAA	3014	9844	0.03332317382911714	1386	ST-RELA	G2M	mitotic	recurrence
foreman_1386_ATTTCTGGTTTGGCGC	3417	11968	0.03952536141054567	1386	ST-RELA	S	mitotic	recurrence
foreman_1386_CAAGTTGAGGACTGGT	1975	4702	0.04125903870693322	1386	ST-RELA	G2M	mitotic	recurrence
foreman_1386_CACATAGAGATATACG	2548	6648	0.04332781706032797	1386	ST-RELA	G2M	mitotic	recurrence
foreman_1386_CAGAGAGAGAGCTGGT	1124	2570	0.1245136186770428	1386	ST-RELA	G2M	mitotic	recurrence
foreman_1386_CATATTCAGCGTAGTG	2944	8263	0.02468836984146194	1386	ST-RELA	S	mitotic	recurrence
foreman_1386_CATATTCGTATAGTAG	2526	6121	0.06469531122365627	1386	ST-RELA	G2M	mitotic	recurrence
foreman_1386_CCGTTCATCGTCTGCT	1871	4366	0.03893724232707284	1386	ST-RELA	G2M	mitotic	recurrence
foreman_1386_CCTCAGTGTATTAGCC	2382	6033	0.025037307245896204	1386	ST-RELA	G2M	mitotic	recurrence
foreman_1386_CGCGGTATCTTCGGTC	3295	10405	0.03989233874843795	1386	ST-RELA	G2M	mitotic	recurrence
foreman_1386_CGGTTAACAATAGAGT	2365	5759	0.04671761028134769	1386	ST-RELA	G2M	mitotic	recurrence
foreman_1386_CGTAGCGAGGCGACAT	3089	8022	0.03715247475377135	1386	ST-RELA	S	mitotic	recurrence
foreman_1386_CGTCTACCAGCATGAG	2782	7852	0.028145695364238412	1386	ST-RELA	G2M	mitotic	recurrence
foreman_1386_CGTGTAACAGCTGTAT	2498	6552	0.04471916971916972	1386	ST-RELA	G2M	mitotic	recurrence
foreman_1386_CTCCTAGGTTTACTCT	3764	13072	0.037258052176574095	1386	ST-RELA	G2M	mitotic	recurrence
foreman_1386_CTTAGGATCAACACCA	2873	8872	0.034941388638412986	1386	ST-RELA	S	mitotic	recurrence
foreman_1386_CTTCTCTGTGACGCCT	4573	16987	0.03673613564111621	1386	ST-RELA	G2M	mitotic	recurrence
foreman_1386_CTTTGCGCAGTCGTGC	2107	6161	0.0017854244440837527	1386	ST-RELA	G2M	mitotic	recurrence
foreman_1386_GACACGCTCTTCAACT	3815	12082	0.03633504386690945	1386	ST-RELA	G2M	mitotic	recurrence
foreman_1386_GACGCGTGTGGAAAGA	2982	8937	0.035246727089627394	1386	ST-RELA	G2M	mitotic	recurrence
foreman_1386_GATCGATCAGGTGCCT	3526	11065	0.03136014460009037	1386	ST-RELA	G2M	mitotic	recurrence
foreman_1386_GCACATAGTGTCAATC	3303	10106	0.041266699653636815	1386	ST-RELA	G2M	mitotic	recurrence
foreman_1386_GCTTCCAAGAAGATTC	3023	8517	0.040864255519023014	1386	ST-RELA	G2M	mitotic	recurrence
foreman_1386_GCTTCCATCCGGCACA	2347	7350	0.03238095238095238	1386	ST-RELA	G2M	mitotic	recurrence
foreman_1386_GGACATTGTTGAGGTG	3959	12219	0.028155180880667867	1386	ST-RELA	G2M	mitotic	recurrence
foreman_1386_GGGTCTGGTTAAGGGC	2015	4958	0.023598225090762405	1386	ST-RELA	G2M	mitotic	recurrence
foreman_1386_GGTGTTAAGATATACG	1880	4262	0.03003284842796809	1386	ST-RELA	G2M	mitotic	recurrence
foreman_1386_GTATCTTTCGTGGTCG	457	687	0.1222707423580786	1386	ST-RELA	G2M	mitotic	recurrence
foreman_1386_GTGCTTCAGATGGGTC	3616	13246	0.02853691680507323	1386	ST-RELA	G2M	mitotic	recurrence
foreman_1386_GTTAAGCTCGCAAACT	994	1729	0.1532677848467322	1386	ST-RELA	G2M	mitotic	recurrence
foreman_1386_GTTACAGTCATGCATG	3010	8870	0.04351747463359639	1386	ST-RELA	G2M	mitotic	recurrence
foreman_1386_TAAGTGCGTGTGAATA	1113	2604	0.09869431643625191	1386	ST-RELA	G2M	mitotic	recurrence
foreman_1386_TACGGGCAGCCGCCTA	2249	5311	0.03446327683615819	1386	ST-RELA	G2M	mitotic	recurrence
foreman_1386_TCAACGACATCCTTGC	1375	3089	0.07672385885399806	1386	ST-RELA	S	mitotic	recurrence
foreman_1386_TCAATCTCATAGACTC	3708	12695	0.027180335618057196	1386	ST-RELA	G2M	mitotic	recurrence
foreman_1386_TCAGCAAAGAGCTGCA	3706	11822	0.03832163099568565	1386	ST-RELA	G2M	mitotic	recurrence
foreman_1386_TCGGTAAAGGCCCTTG	3518	10714	0.029680791487773008	1386	ST-RELA	G2M	mitotic	recurrence
foreman_1386_TGACAACTCACCTCGT	784	2136	0.0028089887640449437	1386	ST-RELA	G2M	mitotic	recurrence
foreman_1386_TGACGGCAGAAGGACA	3064	9352	0.04972198460222412	1386	ST-RELA	G2M	mitotic	recurrence
foreman_1386_TGAGAGGCATACAGCT	4327	16439	0.05286209623456414	1386	ST-RELA	G2M	mitotic	recurrence
foreman_1386_TGAGGGATCACGCGGT	1100	2405	0.11434511434511435	1386	ST-RELA	G2M	mitotic	recurrence
foreman_1386_TGGCCAGTCAACCAAC	2321	6408	0.02372034956304619	1386	ST-RELA	G2M	mitotic	recurrence
foreman_1386_TGGCGCACAACACCCG	2991	9125	0.03890837352038579	1386	ST-RELA	G2M	mitotic	recurrence
foreman_1386_TTTGGTTCACGGCGTT	1010	1755	0.10427350427350428	1386	ST-RELA	G2M	mitotic	recurrence
foreman_1386_TGAGCATGTGTTGAGG	1590	3851	0.04777979745520644	1386	ST-RELA	S	mitotic	recurrence
foreman_1386_ACGATACAGCCAGTTT	3051	8922	0.03183142793095718	1386	ST-RELA	S	mitotic	recurrence
foreman_1386_ACTGATGCACTCTGTC	3381	10109	0.04669106736571372	1386	ST-RELA	S	mitotic	recurrence
foreman_1386_ATCCACCGTTGAACTC	3543	10101	0.040194040194040194	1386	ST-RELA	S	mitotic	recurrence
foreman_1386_ATGCGATAGCAATATG	2245	5892	0.032433350314145015	1386	ST-RELA	S	mitotic	recurrence
foreman_1386_CACAGGCTCGCAAACT	2496	6712	0.03575685339690107	1386	ST-RELA	S	mitotic	recurrence
foreman_1386_CATGACACAAGCCATT	3604	11641	0.04192079718237265	1386	ST-RELA	S	mitotic	recurrence
foreman_1386_CGGAGTCAGAGGACGG	2342	6238	0.06829111894838089	1386	ST-RELA	S	mitotic	recurrence
foreman_1386_CGTCAGGGTCGAGATG	2484	6565	0.0456968773800457	1386	ST-RELA	G2M	mitotic	recurrence
foreman_1386_GAAACTCGTCAAGCGA	3956	13522	0.0385326529102877	1386	ST-RELA	S	mitotic	recurrence
foreman_1386_GCGAGAACAACTTGAC	5202	21755	0.05521077552521491	1386	ST-RELA	S	mitotic	recurrence
foreman_1386_GTCACGGGTGATGTGG	738	1441	0.16724496877168632	1386	ST-RELA	S	mitotic	recurrence
foreman_1386_GTGCGGTAGTGTCCAT	2064	5242	0.052270125906142696	1386	ST-RELA	G2M	mitotic	recurrence
foreman_1386_GTGTGCGCAATCGAAA	2448	6109	0.039941070551645114	1386	ST-RELA	S	mitotic	recurrence
foreman_1329_GCTGCAGCATTACGAC	3704	14622	0.0365912044319814	1329	ST-RELA	S	mitotic	recurrence
foreman_1329_AAACCTGAGCGTTCCG	4240	17174	0.01583789449167346	1329	ST-RELA	G2M	mitotic	recurrence
foreman_1329_AAAGTAGAGCTTATCG	1294	2375	0.06526315789473684	1329	ST-RELA	S	mitotic	recurrence
foreman_1329_AAATGCCGTTATCACG	5650	27862	0.048203582068123904	1329	ST-RELA	G2M	mitotic	recurrence
foreman_1329_AAATGCCTCCTCAACC	932	2620	0.16526717557251908	1329	ST-RELA	G2M	mitotic	recurrence
foreman_1329_AACCATGAGGGTTTCT	1154	2662	0.0015026296018031556	1329	ST-RELA	S	mitotic	recurrence
foreman_1329_AACGTTGGTACTTGAC	1920	4588	0.023975588491717523	1329	ST-RELA	G2M	mitotic	recurrence
foreman_1329_AACTCTTCATGATCCA	2248	6045	0.16889991728701406	1329	ST-RELA	G2M	mitotic	recurrence
foreman_1329_AACTGGTAGCGCCTCA	1603	3794	0.11834475487612019	1329	ST-RELA	G2M	mitotic	recurrence
foreman_1329_AACTTTCTCTTGTTTG	4901	23393	0.03330055999658017	1329	ST-RELA	G2M	mitotic	recurrence
foreman_1329_AAGACCTTCACCCTCA	922	2336	0.1502568493150685	1329	ST-RELA	G2M	mitotic	recurrence
foreman_1329_AATCGGTAGCGCTCCA	4264	18291	0.04160971075509869	1329	ST-RELA	G2M	mitotic	recurrence
foreman_1329_AATCGGTCATCTCCCA	1964	4666	0.030647235319331334	1329	ST-RELA	G2M	mitotic	recurrence
foreman_1329_ACCAGTACACGGCTAC	3952	14903	0.05777360263034288	1329	ST-RELA	G2M	mitotic	recurrence
foreman_1329_ACGATGTCACTCTGTC	1196	2454	0.06071719641401793	1329	ST-RELA	G2M	mitotic	recurrence
foreman_1329_ACTTACTAGATGCCAG	1027	1852	0.18142548596112312	1329	ST-RELA	G2M	mitotic	recurrence
foreman_1329_ACTTACTGTCCCTACT	4713	22623	0.02568296348687119	1329	ST-RELA	G2M	mitotic	recurrence
foreman_1329_AGAGCGACACAGATTC	3180	9522	0.034240100829744775	1329	ST-RELA	G2M	mitotic	recurrence
foreman_1329_AGAGCTTCATAGTAAG	2371	7309	0.029826241619920646	1329	ST-RELA	G2M	mitotic	recurrence
foreman_1329_AGAGTGGCATCGGGTC	3545	15441	0.04092999158085616	1329	ST-RELA	G2M	mitotic	recurrence
foreman_1329_AGCCTAACAGGCAGTA	1211	2824	0.26487252124645894	1329	ST-RELA	G2M	mitotic	recurrence
foreman_1329_AGGGATGAGATCTGCT	4370	17164	0.03181632771982985	1329	ST-RELA	G2M	mitotic	recurrence
foreman_1329_AGTAGTCGTCAGAGGT	2969	9090	0.03597359735973597	1329	ST-RELA	G2M	mitotic	recurrence
foreman_1329_AGTCTTTAGTTACCCA	2254	5749	0.031663187195546276	1329	ST-RELA	G2M	mitotic	recurrence
foreman_1329_ATAAGAGCAGATAATG	648	1264	0	1329	ST-RELA	G2M	mitotic	recurrence
foreman_1329_ATCGAGTCAGACAAAT	909	2516	0.23887122416534182	1329	ST-RELA	G2M	mitotic	recurrence
foreman_1329_ATGGGAGTCGTTTGCC	1145	3182	0.08076681332495286	1329	ST-RELA	G2M	mitotic	recurrence
foreman_1329_ATTATCCCATTACCTT	3473	11855	0.03408419809330971	1329	ST-RELA	G2M	mitotic	recurrence
foreman_1329_ATTATCCGTATGGTTC	4800	21839	0.03937909244928797	1329	ST-RELA	G2M	mitotic	recurrence
foreman_1329_ATTCTACCATGCGCAC	847	1880	0.25957446808510637	1329	ST-RELA	G2M	mitotic	recurrence
foreman_1329_CACACAATCAGATAAG	936	1723	0.10388856645385955	1329	ST-RELA	G2M	mitotic	recurrence
foreman_1329_CACACTCGTTCTGAAC	2932	9364	0.006514310123878684	1329	ST-RELA	G2M	mitotic	recurrence
foreman_1329_CACATAGGTACGCTGC	5115	22491	0.05109164480412646	1329	ST-RELA	G2M	mitotic	recurrence
foreman_1329_CAGAGAGGTGTGAATA	2248	5854	0.033828805740645826	1329	ST-RELA	G2M	mitotic	recurrence
foreman_1329_CAGCTAATCAGTCAGT	1603	3891	0.17887432536622977	1329	ST-RELA	G2M	mitotic	recurrence
foreman_1329_CAGTAACGTCCTCTTG	4213	15900	0.03704402515723271	1329	ST-RELA	G2M	mitotic	recurrence
foreman_1329_CATATGGCACAACGTT	4416	18333	0.04718267604865543	1329	ST-RELA	S	mitotic	recurrence
foreman_1329_CATCCACCAGAGTGTG	3918	11546	0.006063230835859679	1329	ST-RELA	S	mitotic	recurrence
foreman_1329_CATCGGGGTACCTACA	4114	15195	0.041137365892187194	1329	ST-RELA	G2M	mitotic	recurrence
foreman_1329_CATGACACACGACGAA	4505	18936	0.047900712965407974	1329	ST-RELA	G2M	mitotic	recurrence
foreman_1329_CATGCCTGTCCCGACA	2557	7321	0.16885245901639345	1329	ST-RELA	G2M	mitotic	recurrence
foreman_1329_CCACCTAGTCGAACAG	3132	11166	0.03636689358652813	1329	ST-RELA	G2M	mitotic	recurrence
foreman_1329_CCATTCGCAAGCGCTC	1238	2171	0.12620912022109626	1329	ST-RELA	G2M	mitotic	recurrence
foreman_1329_CCCTCCTAGGTAAACT	895	1627	0.028272894898586354	1329	ST-RELA	G2M	mitotic	recurrence
foreman_1329_CCGGTAGTCTGGGCCA	1287	2698	0.27835433654558933	1329	ST-RELA	G2M	mitotic	recurrence
foreman_1329_CCGTACTCAAGGCTCC	3181	10443	0.0618655429994254	1329	ST-RELA	G2M	mitotic	recurrence
foreman_1329_CCGTTCACATGCTGGC	3903	15076	0.043512868134783764	1329	ST-RELA	G2M	mitotic	recurrence
foreman_1329_CCTACCACAGCTGTAT	3194	10069	0.02244735796583234	1329	ST-RELA	G2M	mitotic	recurrence
foreman_1329_CCTAGCTGTTATCGGT	1179	2600	0.2573076923076923	1329	ST-RELA	S	mitotic	recurrence
foreman_1329_CGCCAAGTCGTAGGTT	3028	7719	0.07734162456276719	1329	ST-RELA	G2M	mitotic	recurrence
foreman_1329_CGCGGTACACTGTGTA	1128	2038	0.045142296368989206	1329	ST-RELA	S	mitotic	recurrence
foreman_1329_CGCTGGAAGAGCTGGT	3419	12384	0.04102067183462532	1329	ST-RELA	S	mitotic	recurrence
foreman_1329_CGTGTAACAGGATCGA	643	835	0.046706586826347304	1329	ST-RELA	G2M	mitotic	recurrence
foreman_1329_CGTGTCTAGCAAATCA	1786	3341	0.007782101167315175	1329	ST-RELA	S	mitotic	recurrence
foreman_1329_CGTTCTGGTGACTACT	3886	15964	0.021109997494362317	1329	ST-RELA	G2M	mitotic	recurrence
foreman_1329_CTAAGACTCGACAGCC	2409	6968	0.003588860178007465	1329	ST-RELA	G2M	mitotic	recurrence
foreman_1329_CTACGTCGTACTCAAC	4265	20105	0.013429495150460085	1329	ST-RELA	G2M	mitotic	recurrence
foreman_1329_CTAGCCTTCGGATGTT	895	1562	0.216527866752082	1329	ST-RELA	G2M	mitotic	recurrence
foreman_1329_CTCATTAAGGCATGTG	4476	16857	0.07148789748457522	1329	ST-RELA	G2M	mitotic	recurrence
foreman_1329_CTGAAACTCCGTTGTC	1404	2844	0.038326300984528834	1329	ST-RELA	S	mitotic	recurrence
foreman_1329_CTGATCCCATTACGAC	4544	19863	0.037615187068835286	1329	ST-RELA	G2M	mitotic	recurrence
foreman_1329_CTGTTTACAGTTTACG	4054	15096	0.030738655183835707	1329	ST-RELA	G2M	mitotic	recurrence
foreman_1329_CTTACCGGTCAGAATA	2669	7403	0.04403620153991625	1329	ST-RELA	G2M	mitotic	recurrence
foreman_1329_GACAGAGTCCGTCAAA	1275	2676	0.17233644859813085	1329	ST-RELA	G2M	mitotic	recurrence
foreman_1329_GACGTTAAGAGTAATC	1381	3587	0.21996097017005856	1329	ST-RELA	G2M	mitotic	recurrence
foreman_1329_GACTAACAGCAGGTCA	1468	3481	0.13588049411088768	1329	ST-RELA	G2M	mitotic	recurrence
foreman_1329_GATTCAGGTTCCGGCA	1904	4929	0.06776222357476161	1329	ST-RELA	G2M	mitotic	recurrence
foreman_1329_GCAAACTTCATGTGGT	4687	21275	0.02420795337031118	1329	ST-RELA	G2M	mitotic	recurrence
foreman_1329_GCACATACAAACTGCT	1103	2514	0.13922036595067622	1329	ST-RELA	G2M	mitotic	recurrence
foreman_1329_GCATGCGCACAGTCGC	3792	14226	0.029738470191226097	1329	ST-RELA	G2M	mitotic	recurrence
foreman_1329_GCATGCGCAGACAGGT	1344	2622	0.10793287566742944	1329	ST-RELA	G2M	mitotic	recurrence
foreman_1329_GCCAAATAGCCTTGAT	4285	18268	0.020527698708123494	1329	ST-RELA	G2M	mitotic	recurrence
foreman_1329_GGACGTCCAGCTCGAC	2359	6094	0.11240564489661962	1329	ST-RELA	G2M	mitotic	recurrence
foreman_1329_GGCCGATTCGGCTTGG	938	2042	0.07247796278158668	1329	ST-RELA	G2M	mitotic	recurrence
foreman_1329_GGGATGATCGAGGTAG	2298	7039	0.02883932376758062	1329	ST-RELA	G2M	mitotic	recurrence
foreman_1329_GGGCACTAGGTAAACT	3774	13965	0.04003150959610427	1329	ST-RELA	G2M	mitotic	recurrence
foreman_1329_GTATTCTTCTGGTATG	778	1594	0.16122961104140526	1329	ST-RELA	G2M	mitotic	recurrence
foreman_1329_GTCCTCACACCAGTTA	2449	6295	0.20177947251350492	1329	ST-RELA	G2M	mitotic	recurrence
foreman_1329_GTGCAGCGTACCGAGA	1801	4486	0.17435897435897435	1329	ST-RELA	G2M	mitotic	recurrence
foreman_1329_GTGCTTCAGTACGACG	1260	2560	0.225	1329	ST-RELA	G2M	mitotic	recurrence
foreman_1329_GTGCTTCTCCTTTCGG	802	1470	0.22857142857142856	1329	ST-RELA	G2M	mitotic	recurrence
foreman_1329_TAAGAGAAGCTCCTCT	1705	3663	0.10237510237510238	1329	ST-RELA	G2M	mitotic	recurrence
foreman_1329_TAAGAGAAGGTTCCTA	2644	7366	0.14566929133858267	1329	ST-RELA	G2M	mitotic	recurrence
foreman_1329_TAAGTGCTCAGATAAG	2001	3523	0.039738858927050806	1329	ST-RELA	G2M	mitotic	recurrence
foreman_1329_TACGGGCGTCGACTGC	3790	16778	0.031350578138037904	1329	ST-RELA	G2M	mitotic	recurrence
foreman_1329_TACTCGCTCCGCTGTT	1796	4039	0.11716621253405994	1329	ST-RELA	G2M	mitotic	recurrence
foreman_1329_TAGTTGGTCTGTACGA	1953	4419	0.16655351889567777	1329	ST-RELA	G2M	mitotic	recurrence
foreman_1329_TCAGATGAGTGTGAAT	4144	19633	0.03310752304792951	1329	ST-RELA	G2M	mitotic	recurrence
foreman_1329_TCAGGATGTTTGACTG	1714	3239	0.021611608521148504	1329	ST-RELA	G2M	mitotic	recurrence
foreman_1329_TCTTCGGGTTTGACAC	5065	22047	0.027034382654449785	1329	ST-RELA	G2M	mitotic	recurrence
foreman_1329_TGAGAGGTCCTTTACA	1521	3345	0.14947683109118087	1329	ST-RELA	G2M	mitotic	recurrence
foreman_1329_TGCCCATTCTATCGCC	1160	2223	0.0346378767431399	1329	ST-RELA	G2M	mitotic	recurrence
foreman_1329_TGCGCAGAGAGCTTCT	2585	6643	0.050880626223091974	1329	ST-RELA	G2M	mitotic	recurrence
foreman_1329_TTAGGACAGATCCTGT	3400	12982	0.051918040363580345	1329	ST-RELA	G2M	mitotic	recurrence
foreman_1329_TTAGGACGTCACCCAG	2024	5126	0.0963714397190792	1329	ST-RELA	G2M	mitotic	recurrence
foreman_1329_TTAGTTCCAAGCTGAG	3776	12506	0.08492602958816474	1329	ST-RELA	G2M	mitotic	recurrence
foreman_1329_TTCTCAACACATGGGA	2007	3916	0.03804902962206333	1329	ST-RELA	G2M	mitotic	recurrence
foreman_1329_TTCTCCTAGTGTTTGC	4676	19565	0.009609486812512778	1329	ST-RELA	G2M	mitotic	recurrence
foreman_1329_TTTACTGTCTTTAGGG	4290	17667	0.037699535831540815	1329	ST-RELA	S	mitotic	recurrence
foreman_1329_AGCTCTCAGGTGCACA	1468	3120	0.15224358974358973	1329	ST-RELA	S	mitotic	recurrence
foreman_1329_CGATCGGCAGACGTAG	1585	4413	0.20353581142339075	1329	ST-RELA	S	mitotic	recurrence
foreman_1329_GTCGGGTGTGAACCTT	938	2089	0.12111057922450934	1329	ST-RELA	G2M	mitotic	recurrence
foreman_1329_TCGTAGATCAACGGGA	1569	3713	0.23081066523027202	1329	ST-RELA	G2M	mitotic	recurrence
foreman_1329_TGAGCCGTCGGACAAG	813	1840	0.25271739130434784	1329	ST-RELA	G2M	mitotic	recurrence
foreman_1329_CGTGTCTCACCGAATT	1207	3159	0.18455207344096233	1329	ST-RELA	S	mitotic	recurrence
foreman_1329_GTCGGGTCACATAACC	1661	2859	0.015040223854494578	1329	ST-RELA	G2M	mitotic	recurrence
foreman_1329_AACTGGTAGCTCCCAG	1193	2657	0.14414753481369966	1329	ST-RELA	S	mitotic	recurrence
foreman_1329_ACAGCCGCAGCTCGAC	1484	3515	0.22304409672830725	1329	ST-RELA	G2M	mitotic	recurrence
foreman_1329_ACATACGAGCGCCTCA	2177	5558	0.08474271320618927	1329	ST-RELA	G2M	mitotic	recurrence
foreman_1329_AGAGCTTTCTTGCCGT	874	1650	0.1903030303030303	1329	ST-RELA	G2M	mitotic	recurrence
foreman_1329_AGCGGTCAGTCGTACT	1048	2363	0.1366906474820144	1329	ST-RELA	G2M	mitotic	recurrence
foreman_1329_ATCATCTCATCAGTAC	1419	3658	0.1577364680153089	1329	ST-RELA	G2M	mitotic	recurrence
foreman_1329_CAAGTTGCAAGCTGGA	493	788	0.1383248730964467	1329	ST-RELA	G2M	mitotic	recurrence
foreman_1329_CATTATCAGGATTCGG	1211	2435	0.13640098603122433	1329	ST-RELA	G2M	mitotic	recurrence
foreman_1329_CTCCTAGAGACACTAA	1401	3189	0.16525556600815303	1329	ST-RELA	S	mitotic	recurrence
foreman_1329_CTCCTAGCATCTGGTA	1472	2732	0.05126327352618089	1329	ST-RELA	S	mitotic	recurrence
foreman_1329_TGGTTAGGTTCACGGC	1482	3061	0.14113034955896767	1329	ST-RELA	G2M	mitotic	recurrence
foreman_870_ACTGATGCACGCCAGT	1729	3976	0.17836477987421384	870	ST-RELA	G2M	mitotic	primary
foreman_870_ACTGATGCATGCCACG	3631	9541	0.03878000209621633	870	ST-RELA	G2M	mitotic	primary
foreman_870_AGTAGTCGTCGAAAGC	4131	13449	0.04364636775968474	870	ST-RELA	G2M	mitotic	primary
foreman_870_ATTGGACAGGGTTTCT	4827	17789	0.04643318904941256	870	ST-RELA	G2M	mitotic	primary
foreman_1158_2_AAAGAACAGACTGAGC	5274	16816	0.09538534728829685	1158	ST-RELA	G2M	mitotic	recurrence
foreman_1158_2_AACACACCATATGCGT	4587	14291	0.10181945416375088	1158	ST-RELA	G2M	mitotic	recurrence
foreman_1158_2_AACCTGATCCCTCGTA	4473	12271	0.08271534512264689	1158	ST-RELA	G2M	mitotic	recurrence
foreman_1158_2_AAGACAAGTGCTGATT	5195	18074	0.07236914905388957	1158	ST-RELA	G2M	mitotic	recurrence
foreman_1158_2_AAGCCATAGGATAATC	2926	6592	0.10436893203883495	1158	ST-RELA	G2M	mitotic	recurrence
foreman_1158_2_AAGGTAATCTGCATAG	2121	4372	0.23719121683440073	1158	ST-RELA	G2M	mitotic	recurrence
foreman_1158_2_AATGAAGCAGCGACCT	4548	14090	0.09347054648687012	1158	ST-RELA	S	mitotic	recurrence
foreman_1158_2_AATGCCAGTAGCCAGA	4787	16194	0.09040385327899222	1158	ST-RELA	G2M	mitotic	recurrence
foreman_1158_2_AATTCCTAGGGCGAAG	2928	5611	0.0748796576929934	1158	ST-RELA	G2M	mitotic	recurrence
foreman_1158_2_AATTCCTCAGCGACAA	3373	8736	0.12992216117216118	1158	ST-RELA	G2M	mitotic	recurrence
foreman_1158_2_AATTCCTGTAGAGCTG	2972	6917	0.1619199074743386	1158	ST-RELA	G2M	mitotic	recurrence
foreman_1158_2_ACAGAAAAGTTGCTCA	2750	5645	0.0341895482728078	1158	ST-RELA	G2M	mitotic	recurrence
foreman_1158_2_ACGGGTCCACTAACCA	5068	16609	0.08651935697513397	1158	ST-RELA	G2M	mitotic	recurrence
foreman_1158_2_ACGGTTAGTAGGTGCA	5529	20035	0.09129479884196866	1158	ST-RELA	G2M	mitotic	recurrence
foreman_1158_2_ACTTAGGCATAGCACT	4869	15749	0.10610871221742443	1158	ST-RELA	G2M	mitotic	recurrence
foreman_1158_2_ACTTCGCAGTAGTCCT	4996	15956	0.12327651040360993	1158	ST-RELA	S	mitotic	recurrence
foreman_1158_2_AGCCAGCTCAACTACG	2680	6483	0.12185716489279655	1158	ST-RELA	G2M	mitotic	recurrence
foreman_1158_2_AGGTCTATCCGACATA	4423	13750	0.11345454545454546	1158	ST-RELA	G2M	mitotic	recurrence
foreman_1158_2_AGTCATGAGACTAGAT	2623	5931	0.10419828022255943	1158	ST-RELA	G2M	mitotic	recurrence
foreman_1158_2_AGTCTCCTCATTTGGG	3138	7197	0.12854363535297386	1158	ST-RELA	G2M	mitotic	recurrence
foreman_1158_2_AGTGCCGCACGCGGTT	2749	6317	0.09925597593794523	1158	ST-RELA	G2M	mitotic	recurrence
foreman_1158_2_AGTGCCGTCAAGTCGT	4697	15745	0.10022865853658537	1158	ST-RELA	G2M	mitotic	recurrence
foreman_1158_2_AGTGTTGAGAACCGCA	3203	7907	0.12118912080961416	1158	ST-RELA	G2M	mitotic	recurrence
foreman_1158_2_ATCACGAGTGAATGAT	4007	10081	0.07301587301587302	1158	ST-RELA	G2M	mitotic	recurrence
foreman_1158_2_ATCACGATCGCAGAGA	3441	9776	0.0980973813420622	1158	ST-RELA	G2M	mitotic	recurrence
foreman_1158_2_ATGAGTCCAAGCTCTA	5788	21694	0.11672505992992808	1158	ST-RELA	G2M	mitotic	recurrence
foreman_1158_2_ATTACTCAGTGTTGTC	4573	13747	0.09857413065619089	1158	ST-RELA	G2M	mitotic	recurrence
foreman_1158_2_ATTGTTCGTACAGTTC	3016	7187	0.09142777623156137	1158	ST-RELA	G2M	mitotic	recurrence
foreman_1158_2_CAACGATGTTTCGGCG	5173	18052	0.11041551246537396	1158	ST-RELA	G2M	mitotic	recurrence
foreman_1158_2_CAACGGCGTTTGCCGG	4551	14873	0.0685852608929532	1158	ST-RELA	G2M	mitotic	recurrence
foreman_1158_2_CAGTTAGCAATCAGCT	4730	13392	0.12972367438386856	1158	ST-RELA	S	mitotic	recurrence
foreman_1158_2_CAGTTCCAGGAAAGGT	5357	18900	0.08402116402116402	1158	ST-RELA	G2M	mitotic	recurrence
foreman_1158_2_CATGCGGAGTTGAAGT	3566	9078	0.08382903723287068	1158	ST-RELA	G2M	mitotic	recurrence
foreman_1158_2_CATTCATTCGTTATCT	4641	14048	0.1030751708428246	1158	ST-RELA	G2M	mitotic	recurrence
foreman_1158_2_CATTCCGCAAGACGGT	5074	17130	0.11792177466433158	1158	ST-RELA	G2M	mitotic	recurrence
foreman_1158_2_CCAATGAGTAGTCGGA	4832	16115	0.10425069810735339	1158	ST-RELA	G2M	mitotic	recurrence
foreman_1158_2_CCCTCAAGTCACTTAG	2612	5326	0.06871948929778446	1158	ST-RELA	S	mitotic	recurrence
foreman_1158_2_CCGTTCATCCCGAATA	3636	9290	0.07428140811712779	1158	ST-RELA	G2M	mitotic	recurrence
foreman_1158_2_CCTGCATTCTAGCAAC	5507	17249	0.1079028236794805	1158	ST-RELA	G2M	mitotic	recurrence
foreman_1158_2_CGAGTGCTCATACGAC	4080	11583	0.08365708365708366	1158	ST-RELA	G2M	mitotic	recurrence
foreman_1158_2_CGTGTCTGTAGCGCTC	2384	5533	0.07247424543647207	1158	ST-RELA	G2M	mitotic	recurrence
foreman_1158_2_CTATAGGAGTCGAAAT	3658	9288	0.11175710594315245	1158	ST-RELA	G2M	mitotic	recurrence
foreman_1158_2_CTCCAACCACCGTGCA	4574	11849	0.07612456747404844	1158	ST-RELA	G2M	mitotic	recurrence
foreman_1158_2_CTGAATGCAGAGCCCT	5541	20683	0.12712151249939557	1158	ST-RELA	G2M	mitotic	recurrence
foreman_1158_2_CTGAATGCAGTACTAC	3297	8522	0.09177326604858585	1158	ST-RELA	G2M	mitotic	recurrence
foreman_1158_2_CTGCATCCAGTTGTTG	4095	11378	0.10335735630163473	1158	ST-RELA	S	mitotic	recurrence
foreman_1158_2_CTGGCAGTCGCAGTCG	3602	8500	0.1186161449752883	1158	ST-RELA	G2M	mitotic	recurrence
foreman_1158_2_GAAGCGACACCCTATC	1791	3384	0.15573286052009455	1158	ST-RELA	G2M	mitotic	recurrence
foreman_1158_2_GACGCTGTCTAACACG	4665	14388	0.1167802029751147	1158	ST-RELA	S	mitotic	recurrence
foreman_1158_2_GAGAAATGTCGTTCAA	4661	15175	0.13377265238879738	1158	ST-RELA	S	mitotic	recurrence
foreman_1158_2_GAGTTGTAGACAACAT	4457	12972	0.11139377119950664	1158	ST-RELA	S	mitotic	recurrence
foreman_1158_2_GATCGTACAACACACT	5608	19026	0.07894460212341008	1158	ST-RELA	G2M	mitotic	recurrence
foreman_1158_2_GCACGTGCATGACAAA	4809	15466	0.10112504849346955	1158	ST-RELA	G2M	mitotic	recurrence
foreman_1158_2_GCATCGGTCTGAGAGG	4992	14956	0.04546974256101638	1158	ST-RELA	G2M	mitotic	recurrence
foreman_1158_2_GCATCGGTCTGCATAG	3486	9007	0.07149994448762075	1158	ST-RELA	G2M	mitotic	recurrence
foreman_1158_2_GCCAGGTCATGCACTA	1644	2731	0.05236177224459905	1158	ST-RELA	G2M	mitotic	recurrence
foreman_1158_2_GCGGATCAGCATAGGC	4369	13239	0.16309110137483004	1158	ST-RELA	G2M	mitotic	recurrence
foreman_1158_2_GGGCCATTCCGGCAAC	3431	9537	0.07917365771812081	1158	ST-RELA	G2M	mitotic	recurrence
foreman_1158_2_GGTGTCGCATCGCTGG	4817	16082	0.14314140032334285	1158	ST-RELA	G2M	mitotic	recurrence
foreman_1158_2_GTACAGTTCGACGCTG	3576	9930	0.12507552870090635	1158	ST-RELA	G2M	mitotic	recurrence
foreman_1158_2_GTATTGGTCCGAGCTG	3553	9308	0.13214439192092822	1158	ST-RELA	G2M	mitotic	recurrence
foreman_1158_2_GTATTTCCAGTCCGTG	4825	16494	0.09755062446950406	1158	ST-RELA	G2M	mitotic	recurrence
foreman_1158_2_GTCAAGTCAGTTTCAG	2242	4326	0.08876560332871013	1158	ST-RELA	G2M	mitotic	recurrence
foreman_1158_2_GTGCACGTCCTTCAGC	5009	16557	0.10170924684423506	1158	ST-RELA	G2M	mitotic	recurrence
foreman_1158_2_GTGCGTGTCCGGACTG	5403	19664	0.11336011798809947	1158	ST-RELA	G2M	mitotic	recurrence
foreman_1158_2_GTGCTGGAGGTTGCCC	2250	4401	0.09884117246080436	1158	ST-RELA	G2M	mitotic	recurrence
foreman_1158_2_GTGCTGGCAGAGTGTG	3173	7771	0.11235521235521236	1158	ST-RELA	G2M	mitotic	recurrence
foreman_1158_2_GTGTAACAGTTCCAGT	6947	31517	0.1251070850652029	1158	ST-RELA	G2M	mitotic	recurrence
foreman_1158_2_GTGTGATAGGAACTCG	4890	16460	0.10535269457439699	1158	ST-RELA	G2M	mitotic	recurrence
foreman_1158_2_GTTGAACGTAGTGCGA	4704	15383	0.06903724891113566	1158	ST-RELA	G2M	mitotic	recurrence
foreman_1158_2_TACCGGGTCCGACAGC	5342	18765	0.139256022170113	1158	ST-RELA	G2M	mitotic	recurrence
foreman_1158_2_TATCTGTAGTTTCGGT	705	1082	0.15711645101663585	1158	ST-RELA	G2M	mitotic	recurrence
foreman_1158_2_TCAGGGCCATCTAACG	5109	17161	0.11234776528174349	1158	ST-RELA	G2M	mitotic	recurrence
foreman_1158_2_TCCTCCCCAAGGCTTT	4944	17194	0.0895079678957776	1158	ST-RELA	G2M	mitotic	recurrence
foreman_1158_2_TCTTGCGGTCCTACGG	6596	28221	0.1390453917295631	1158	ST-RELA	G2M	mitotic	recurrence
foreman_1158_2_TGAGGTTTCTTGCGCT	5134	16534	0.0834038950042337	1158	ST-RELA	S	mitotic	recurrence
foreman_1158_2_TGCTGAAGTAATGCTC	5021	16771	0.11610017889087657	1158	ST-RELA	G2M	mitotic	recurrence
foreman_1158_2_TGCTGAAGTATGGTAA	4471	14517	0.10305159468209685	1158	ST-RELA	G2M	mitotic	recurrence
foreman_1158_2_TGGTAGTTCAAGCTGT	5101	20216	0.10689552829442026	1158	ST-RELA	G2M	mitotic	recurrence
foreman_1158_2_TGTTGAGAGGGCAGGA	4798	16077	0.12919076942215588	1158	ST-RELA	G2M	mitotic	recurrence
foreman_1158_2_TTACCGCCAGTGCGCT	5125	18886	0.09981466772570824	1158	ST-RELA	G2M	mitotic	recurrence
foreman_1158_2_TTCCAATAGTTTCAGC	4375	12642	0.06486315456415125	1158	ST-RELA	G2M	mitotic	recurrence
foreman_1158_2_TTCCGGTCAGTAACCT	3792	10177	0.07880514886508794	1158	ST-RELA	G2M	mitotic	recurrence
foreman_1158_2_TTCTAACTCTGTTCAT	6115	26316	0.08972069162074862	1158	ST-RELA	G2M	mitotic	recurrence
foreman_1158_2_TTGAACGTCCGAGAAG	2451	5685	0.18962181178540016	1158	ST-RELA	G2M	mitotic	recurrence
foreman_1158_2_TTGCATTCAAAGCTAA	3891	9747	0.0874204801970039	1158	ST-RELA	G2M	mitotic	recurrence
foreman_1158_2_TTGGATGCAGCCCACA	4678	16127	0.0939418366714206	1158	ST-RELA	G2M	mitotic	recurrence
foreman_1158_2_TTTCACACAACGTATC	4051	11793	0.06079877893665734	1158	ST-RELA	G2M	mitotic	recurrence
foreman_1158_2_TTTCAGTTCGCGTCGA	4405	12488	0.10779210378793946	1158	ST-RELA	G2M	mitotic	recurrence
foreman_1158_2_TTTGGTTGTTATTCTC	4560	13814	0.1442119742271773	1158	ST-RELA	S	mitotic	recurrence
foreman_1158_2_AGGTGTTTCCCATTCG	2877	6638	0.1529305409070363	1158	ST-RELA	S	mitotic	recurrence
foreman_1158_2_CCCGAAGAGGGCGAAG	2499	5617	0.09757834757834757	1158	ST-RELA	G2M	mitotic	recurrence
foreman_1158_2_CTACCTGTCGGTCACG	3662	9530	0.1919202518363064	1158	ST-RELA	S	mitotic	recurrence
foreman_1158_2_GGAGATGGTAGGACCA	4280	12154	0.11288464702978443	1158	ST-RELA	S	mitotic	recurrence
foreman_1158_2_TAGACCACACAAGGTG	3044	7870	0.14639725505146778	1158	ST-RELA	S	mitotic	recurrence
foreman_1158_2_TCACAAGTCGTTCTCG	3706	11787	0.15051756321058885	1158	ST-RELA	S	mitotic	recurrence
foreman_1158_2_AGATCGTAGAGGATCC	3271	8463	0.11296230651069361	1158	ST-RELA	G2M	mitotic	recurrence
foreman_1158_2_CAAGAGGCAACTCATG	3575	9040	0.10807522123893805	1158	ST-RELA	G2M	mitotic	recurrence
foreman_1158_2_AAAGGTAGTGATTAGA	3285	8519	0.20403850669171167	1158	ST-RELA	S	mitotic	recurrence
foreman_1158_2_AAGTACCGTAAGATCA	3431	9376	0.12318686006825938	1158	ST-RELA	S	mitotic	recurrence
foreman_1158_2_AGAACCTAGAGTAACT	2916	7534	0.14097968936678615	1158	ST-RELA	G2M	mitotic	recurrence
foreman_1158_2_AGCCACGCAAAGTGTA	3150	7776	0.0980064308681672	1158	ST-RELA	G2M	mitotic	recurrence
foreman_1158_2_AGGAATAGTGACATCT	4324	13233	0.1331519685634399	1158	ST-RELA	S	mitotic	recurrence
foreman_1158_2_AGGGTCCAGAACTGAT	3659	9037	0.12780790085205268	1158	ST-RELA	G2M	mitotic	recurrence
foreman_1158_2_AGTGACTGTAATTAGG	4315	12347	0.10772719909282359	1158	ST-RELA	S	mitotic	recurrence
foreman_1158_2_ATCAGGTGTGAACTAA	3898	11672	0.1495887594242632	1158	ST-RELA	S	mitotic	recurrence
foreman_1158_2_CAGCACGTCGTGGACC	2575	6502	0.1724084896954783	1158	ST-RELA	S	mitotic	recurrence
foreman_1158_2_CCCATTGAGTAAACGT	4255	12084	0.13656679357722232	1158	ST-RELA	S	mitotic	recurrence
foreman_1158_2_CCCTAACGTGGATGAC	536	751	0.022636484687083888	1158	ST-RELA	S	mitotic	recurrence
foreman_1158_2_CCGTTCAAGACCATAA	3983	10915	0.07806487080813634	1158	ST-RELA	S	mitotic	recurrence
foreman_1158_2_CGTGTCTAGCACACAG	2898	6524	0.10591661557326794	1158	ST-RELA	G2M	mitotic	recurrence
foreman_1158_2_CTGAGCGCAATGTGGG	3323	8993	0.10085622150561548	1158	ST-RELA	S	mitotic	recurrence
foreman_1158_2_GAAGTAAGTACGGATG	3891	11331	0.1411172888535875	1158	ST-RELA	S	mitotic	recurrence
foreman_1158_2_GATGGAGTCCCTCTCC	3633	9976	0.12429831595829992	1158	ST-RELA	S	mitotic	recurrence
foreman_1158_2_GCGAGAAGTACGATTC	5292	18715	0.11296355669552206	1158	ST-RELA	G2M	mitotic	recurrence
foreman_1158_2_GCTGGGTGTTTCCAAG	4070	10599	0.0958580998207378	1158	ST-RELA	S	mitotic	recurrence
foreman_1158_2_GTCATCCTCTTACGGA	4403	12022	0.10938279820329395	1158	ST-RELA	S	mitotic	recurrence
foreman_1158_2_TACGTCCAGGGTTTCT	3903	11063	0.10404049534484316	1158	ST-RELA	S	mitotic	recurrence
foreman_1158_2_TAGGAGGTCATTGTTC	3772	10334	0.10305786723437198	1158	ST-RELA	S	mitotic	recurrence
foreman_1158_2_TAGGGTTTCTTCTCAA	3399	8399	0.1760923919514228	1158	ST-RELA	S	mitotic	recurrence
foreman_1158_2_TCATACTTCGCGTCGA	3075	7676	0.07582073996873372	1158	ST-RELA	S	mitotic	recurrence
foreman_1158_2_TCGCTCACAGACAATA	4224	11480	0.11236933797909408	1158	ST-RELA	S	mitotic	recurrence
foreman_1158_2_TTAGGGTTCGCCCAGA	3899	11157	0.15129515102626154	1158	ST-RELA	S	mitotic	recurrence
foreman_1158_2_TTTCAGTAGGTACTGG	3846	10543	0.08583894527174428	1158	ST-RELA	S	mitotic	recurrence
foreman_1158_2_ATGGTTGCAGTCGCAC	3563	8671	0.030676969207703842	1158	ST-RELA	G2M	mitotic	recurrence
foreman_1158_2_CAGCGTGAGAATCTAG	3068	7756	0.1612944816915936	1158	ST-RELA	G2M	mitotic	recurrence
foreman_1158_2_GTGCTTCCACCTAAAC	4787	14523	0.09261809668089795	1158	ST-RELA	S	mitotic	recurrence
foreman_1158_2_GTTACGAAGCCACAAG	3421	8777	0.1358095021077817	1158	ST-RELA	S	mitotic	recurrence
foreman_1158_2_TGATTCTGTCGTACAT	2985	6525	0.04950191570881226	1158	ST-RELA	S	mitotic	recurrence
foreman_1158_2_TGCAGTATCCATATGG	3220	8472	0.08263487191594852	1158	ST-RELA	G1	mitotic	recurrence
foreman_1158_2_TGGATCAGTTTCGACA	2464	5403	0.09457708680362761	1158	ST-RELA	G2M	mitotic	recurrence
foreman_1158_2_TTCCAATTCTCATTAC	3927	9817	0.10177261613691932	1158	ST-RELA	S	mitotic	recurrence
foreman_1158_2_TTTCATGAGAAATTGC	3822	9446	0.12800423504499736	1158	ST-RELA	S	mitotic	recurrence
foreman_1158_2_AAACGCTGTTGTCCCT	4611	14370	0.10787111142041896	1158	ST-RELA	G2M	mitotic	recurrence
foreman_1158_2_ACTTAGGGTCTCGGGT	4039	11664	0.12028463648834019	1158	ST-RELA	S	mitotic	recurrence
foreman_1158_2_AGTCAACTCACTTGGA	3683	9691	0.13188854489164087	1158	ST-RELA	G2M	mitotic	recurrence
foreman_1158_2_CGTGATAAGCCTGGAA	2475	5539	0.1471384726484925	1158	ST-RELA	G2M	mitotic	recurrence
foreman_1347_GCTTCACCAGATCACT	3889	12516	0.18584212208373282	1347	PFA1	S	mitotic	primary
foreman_1347_TCTATCAGTCCTACAA	5328	19109	0.19100947197655554	1347	PFA1	S	mitotic	primary
foreman_1347_ACATGCAAGGTCTGGA	6572	34585	0.14787184825352764	1347	PFA1	G2M	mitotic	primary
foreman_1347_ACCTACCAGAAGCGCT	5112	19946	0.12274368231046931	1347	PFA1	S	mitotic	primary
foreman_1347_ACGCACGTCTAGTGAC	3715	11908	0.17719180382935842	1347	PFA1	S	mitotic	primary
foreman_1347_AGATGCTAGCGCATCC	4447	15817	0.14825820319908958	1347	PFA1	G2M	mitotic	primary
foreman_1347_AGCGTATGTGTTGATC	5617	24003	0.17848512623948004	1347	PFA1	G2M	mitotic	primary
foreman_1347_AGGATCTCAATCAAGA	2036	4417	0.12225492415666742	1347	PFA1	G2M	mitotic	primary
foreman_1347_AGGGTGAAGTTGGCGA	1409	2786	0.17049533381191673	1347	PFA1	S	mitotic	primary
foreman_1347_CATACTTGTACGTTCA	5609	20086	0.1459941243838072	1347	PFA1	G2M	mitotic	primary
foreman_1347_CCGGTGATCCGATAGT	3406	9752	0.1251025430680886	1347	PFA1	G2M	mitotic	primary
foreman_1347_CTCAACCAGTATGGCG	5931	27291	0.1825876662636034	1347	PFA1	G2M	mitotic	primary
foreman_1347_CTGAATGCAGCTTTCC	7149	36357	0.13060461022170874	1347	PFA1	G2M	mitotic	primary
foreman_1347_GAATCGTGTTCAGCGC	4015	14215	0.15568061906436861	1347	PFA1	G2M	mitotic	primary
foreman_1347_GGGCTCAGTTGCATAC	2137	4721	0.10421520864223681	1347	PFA1	G2M	mitotic	primary
foreman_1347_GTCCTCAGTTGTGTAC	557	698	0.017191977077363897	1347	PFA1	G2M	mitotic	primary
foreman_1347_GTTACGAAGCTAAACA	3600	8471	0.1244391971664699	1347	PFA1	G2M	mitotic	primary
foreman_1347_TCAGCCTTCGACCATA	849	1220	0.05737704918032787	1347	PFA1	G2M	mitotic	primary
foreman_1347_TGAGGGATCACTGGGC	5134	17932	0.13867350923188487	1347	PFA1	G2M	mitotic	primary
foreman_1347_TTACGCCTCACGAACT	6455	29265	0.09328549461814455	1347	PFA1	G2M	mitotic	primary
foreman_1347_ATTCTTGGTTCTCTAT	404	506	0.0691699604743083	1347	PFA1	G2M	mitotic	primary
foreman_1347_ATACTTCCAATCACGT	1416	3021	0.05097649784839457	1347	PFA1	G2M	mitotic	primary
foreman_1347_GGATGTTCACTTGGGC	3239	12663	0.2455184395482903	1347	PFA1	S	mitotic	primary
foreman_1269_ACCTGTCTCGATGCAT	2693	5603	0.07424593967517401	1269	PFA1	G2M	mitotic	primary
foreman_723_CCGTGGAAGACTTGAA	601	1015	0.12610837438423644	723	PFA1	S	PFA-sc6	primary
foreman_723_GTTAAGCGTTGAGGTG	708	1405	0.24412811387900357	723	PFA1	G1	PFA-sc6	primary
foreman_727_CACCTTGTCACAATGC	656	1307	0.24407039020657995	727	PFA2	G1	PFA-sc6	primary
foreman_727_AGGCCGTGTCCTCTTG	936	1806	0.17829457364341086	727	PFA2	G1	PFA-sc6	primary
foreman_781_CAAGATCGTTGGAGGT	501	865	0.1606936416184971	781	PFA1	S	PFA-sc6	primary
foreman_781_CCATGTCTCGACCAGC	717	1477	0.15707515233581584	781	PFA1	S	PFA-sc6	primary
foreman_781_TCAGATGAGTCTCGGC	518	875	0.2662857142857143	781	PFA1	G1	PFA-sc6	primary
foreman_848_AACTTTCCAGCGATCC	410	666	0.2072072072072072	848	PFA1	S	PFA-sc6	primary
foreman_848_ACTATCTTCTGATTCT	388	633	0.17377567140600317	848	PFA1	G1	PFA-sc6	primary
foreman_848_CGCGGTACACATCCAA	667	1360	0.19573215599705665	848	PFA1	G1	PFA-sc6	primary
foreman_848_CGTAGGCTCAGGCCCA	557	993	0.20342396777442096	848	PFA1	S	PFA-sc6	primary
foreman_848_CGTGAGCAGTTGCAGG	516	951	0.259726603575184	848	PFA1	S	PFA-sc6	primary
foreman_848_AAAGTAGGTCTCACCT	403	535	0.07663551401869159	848	PFA1	G1	PFA-sc6	primary
foreman_848_CAACCTCTCGCCCTTA	371	762	0.08530183727034121	848	PFA1	G1	PFA-sc6	primary
foreman_848_CACAGTACATGACGGA	385	534	0.14794007490636704	848	PFA1	G1	PFA-sc6	primary
foreman_848_CATGACAAGAGAGCTC	461	882	0.28376844494892167	848	PFA1	G1	PFA-sc6	primary
foreman_848_CCCAATCAGTCCGGTC	394	670	0.17164179104477612	848	PFA1	G2M	PFA-sc6	primary
foreman_848_CCTTCCCTCTGGCGAC	535	880	0.05113636363636364	848	PFA1	G2M	PFA-sc6	primary
foreman_848_CTGTTTATCAGCTTAG	366	514	0.01556420233463035	848	PFA1	G2M	PFA-sc6	primary
foreman_848_CTTAACTAGATGTGGC	619	1198	0.19365609348914858	848	PFA1	G1	PFA-sc6	primary
foreman_848_GACGGCTCATTTCACT	422	559	0.0626118067978533	848	PFA1	G1	PFA-sc6	primary
foreman_848_GATCGTACATCCGTGG	406	555	0.05405405405405406	848	PFA1	G2M	PFA-sc6	primary
foreman_848_TGCTGCTTCTGATACG	509	766	0.04960835509138381	848	PFA1	G1	PFA-sc6	primary
foreman_848_TGGCTGGCAAATTGCC	388	520	0.04423076923076923	848	PFA1	S	PFA-sc6	primary
foreman_848_CCCTCCTAGAACAACT	531	875	0.013714285714285714	848	PFA1	S	PFA-sc6	primary
foreman_848_CGACTTCCATCATCCC	306	585	0.042735042735042736	848	PFA1	S	PFA-sc6	primary
foreman_848_CTTGGCTTCGCGGATC	397	544	0.09191176470588236	848	PFA1	G2M	PFA-sc6	primary
foreman_848_TATCAGGGTTGCCTCT	399	581	0.029259896729776247	848	PFA1	G2M	PFA-sc6	primary
foreman_848_TCAGCAAGTTGAGGTG	638	1303	0.2578664620107444	848	PFA1	S	PFA-sc6	primary
foreman_848_TTCTACAGTCGCTTCT	328	580	0.17413793103448275	848	PFA1	G2M	PFA-sc6	primary
foreman_848_TTGGCAACACCATGTA	693	1312	0.052591463414634144	848	PFA1	S	PFA-sc6	primary
foreman_848_GGGACCTTCCTAGAAC	395	750	0.13866666666666666	848	PFA1	G1	PFA-sc6	primary
foreman_871_GATCGTAAGGAATGGA	324	460	0.041304347826086954	871	PFA1	G2M	PFA-sc6	primary
foreman_897_CTACATTTCCACGACG	819	1544	0.26813471502590674	897	PFA2	G1	PFA-sc6	primary
foreman_897_GGATGTTCATCTCGCT	741	1982	0.19424823410696265	897	PFA2	G1	PFA-sc6	primary
foreman_911_CTCACACTCAACACCA	955	2540	0.0771957463568334	911	PFA2	G1	PFA-sc6	primary
foreman_911_GCTGCAGGTCACAAGG	740	1709	0.1679344645991808	911	PFA2	G1	PFA-sc6	primary
foreman_911_GTCTTCGGTGGTAACG	671	1484	0.19878706199460916	911	PFA2	G1	PFA-sc6	primary
foreman_928_CCTAAAGAGGAGCGAG	404	617	0.1539708265802269	928	PFA1	G1	PFA-sc6	primary
foreman_928_GGGCATCCACCTTGTC	286	485	0.10721649484536082	928	PFA1	G1	PFA-sc6	primary
foreman_928_TGACAACTCGGCATCG	525	1007	0.19761668321747766	928	PFA1	G1	PFA-sc6	primary
foreman_930_CCGTACTAGCGATCCC	661	1456	0.18419243986254297	930	PFA2	S	PFA-sc6	primary
foreman_965_ACCCACTGTCGAGTTT	780	1574	0.1556543837357052	965	PFA2	G1	PFA-sc6	primary
foreman_965_ACTGTCCTCACGAAGG	373	553	0.10488245931283906	965	PFA2	G1	PFA-sc6	primary
foreman_965_ACTTACTGTTATGTGC	380	516	0.02912621359223301	965	PFA2	G1	PFA-sc6	primary
foreman_965_AGCGGTCTCTGCGACG	454	666	0.15465465465465467	965	PFA2	G1	PFA-sc6	primary
foreman_965_AGCTTGATCCTTCAAT	805	2002	0.11338661338661339	965	PFA2	G1	PFA-sc6	primary
foreman_965_AGTAGTCCATTGAGCT	386	595	0.08907563025210084	965	PFA2	G1	PFA-sc6	primary
foreman_965_CACCTTGTCCACGAAT	726	1547	0.15319974143503556	965	PFA2	G1	PFA-sc6	primary
foreman_965_CATATGGAGCAGACTG	505	780	0.13205128205128205	965	PFA2	G2M	PFA-sc6	primary
foreman_965_CATCAAGGTTCCCTTG	459	768	0.12369791666666667	965	PFA2	S	PFA-sc6	primary
foreman_965_CATGGCGTCTGATTCT	447	762	0.27165354330708663	965	PFA2	G1	PFA-sc6	primary
foreman_965_CGAGCACGTTACGCGC	398	607	0.06260296540362438	965	PFA2	S	PFA-sc6	primary
foreman_965_CTGATAGCATCGATTG	499	735	0.1251700680272109	965	PFA2	S	PFA-sc6	primary
foreman_965_GAATAAGGTCAAAGAT	595	864	0.05787037037037037	965	PFA2	S	PFA-sc6	primary
foreman_965_GATCTAGAGCCGCCTA	351	559	0.12701252236135957	965	PFA2	S	PFA-sc6	primary
foreman_965_GATGAGGCACCGTTGG	591	913	0.0832420591456736	965	PFA2	S	PFA-sc6	primary
foreman_965_TGCTACCCACCTATCC	738	1431	0.1264849755415793	965	PFA2	G1	PFA-sc6	primary
foreman_965_TGGGAAGCAGCTGTTA	541	913	0.03176341730558598	965	PFA2	S	PFA-sc6	primary
foreman_965_CACAAACTCCGGCACA	493	842	0.21284185493460167	965	PFA2	G1	PFA-sc6	primary
foreman_965_CCTCTGAGTCATCCCT	801	1577	0.09067850348763475	965	PFA2	G1	PFA-sc6	primary
foreman_965_GTGCTTCAGTTGTCGT	850	1539	0.0539311241065627	965	PFA2	G1	PFA-sc6	primary
foreman_965_TGCCCATAGAGCCTAG	689	1069	0.06548175865294668	965	PFA2	G1	PFA-sc6	primary
foreman_965_TGCCCTATCAAGAAGT	842	1959	0.24042879019908117	965	PFA2	G1	PFA-sc6	primary
foreman_965_CGTTGGGGTTCCCTTG	396	633	0.17246835443037975	965	PFA2	S	PFA-sc6	primary
foreman_965_GTATCTTGTGCGCTTG	461	793	0.1021437578814628	965	PFA2	G1	PFA-sc6	primary
foreman_965_GTTCGGGGTCAGCTAT	644	1533	0.12459230267449445	965	PFA2	S	PFA-sc6	primary
foreman_965_TCATTTGTCAGTACGT	425	769	0.2265625	965	PFA2	G1	PFA-sc6	primary
foreman_965_CTCACACGTGTTCTTT	752	1581	0.12460468058191018	965	PFA2	G1	PFA-sc6	primary
foreman_965_CTGCCTATCGCCTGAG	556	970	0.16494845360824742	965	PFA2	G1	PFA-sc6	primary
foreman_965_GGCTGGTAGGGTGTTG	414	665	0.21954887218045113	965	PFA2	S	PFA-sc6	primary
foreman_965_GTCGTAACAGATTGCT	318	595	0.15798319327731092	965	PFA2	G1	PFA-sc6	primary
foreman_965_GTGCATATCCTTAATC	1036	2338	0.18562874251497005	965	PFA2	S	PFA-sc6	primary
foreman_965_TGGCCAGGTTCAGCGC	480	953	0.1248688352570829	965	PFA2	G1	PFA-sc6	primary
foreman_987_ACTTTCAGTTCGGTTA	308	502	0.2549800796812749	987	PFA2	G1	PFA-sc6	primary
foreman_1010_CACTGTCCAGCAGAAC	8375	51326	0.07586327850962662	1010	PFA1	S	PFA-sc6	primary
foreman_1010_GGCACGTTCCGATCTC	2268	5503	0.23750681446483737	1010	PFA1	G1	PFA-sc6	primary
foreman_1048_AATTTCCTCCACTTCG	7035	35834	0.05816030363920518	1048	PFA1	G1	PFA-sc6	primary
foreman_1048_ACCCTCACATCGCCTT	7720	39171	0.053384053715948836	1048	PFA1	S	PFA-sc6	primary
foreman_1048_CGCAGGTTCTGTAACG	8205	51306	0.09057059867048756	1048	PFA1	G1	PFA-sc6	primary
foreman_1048_TCATTCAAGAAGGGAT	8654	52933	0.1573965614963159	1048	PFA1	S	PFA-sc6	primary
foreman_1101_AACTGGTGTTTGTGTG	428	762	0.14304461942257218	1101	PFA2	S	PFA-sc6	primary
foreman_1101_ATCATCTCACATTAGC	392	553	0.10869565217391304	1101	PFA2	S	PFA-sc6	primary
foreman_1101_CAACCTCCACTGTGTA	506	950	0.1368421052631579	1101	PFA2	G1	PFA-sc6	primary
foreman_1101_CATGGCGGTCGCTTCT	473	675	0.06222222222222222	1101	PFA2	G1	PFA-sc6	primary
foreman_1101_CCATTCGAGTTAGCGG	812	1476	0.13685636856368563	1101	PFA2	G1	PFA-sc6	primary
foreman_1101_CGAATGTCAGTCAGAG	446	807	0.16480793060718713	1101	PFA2	G1	PFA-sc6	primary
foreman_1101_CGGAGTCCACGCTTTC	548	891	0.14814814814814814	1101	PFA2	S	PFA-sc6	primary
foreman_1101_CTTGGCTTCGAACGGA	348	614	0.1566068515497553	1101	PFA2	S	PFA-sc6	primary
foreman_1101_GCTTGAAAGTCGTTTG	573	1019	0.14327772325809618	1101	PFA2	S	PFA-sc6	primary
foreman_1101_GGAAAGCGTTTGGCGC	415	686	0.11224489795918367	1101	PFA2	G1	PFA-sc6	primary
foreman_1101_GGAATAATCCCAAGAT	589	973	0.1264131551901336	1101	PFA2	G2M	PFA-sc6	primary
foreman_1101_GTACTTTAGCTGAAAT	600	948	0.09599156118143459	1101	PFA2	G2M	PFA-sc6	primary
foreman_1101_GTATTCTCAATTCCTT	660	1254	0.09090909090909091	1101	PFA2	S	PFA-sc6	primary
foreman_1101_GTGCTTCGTTGGGACA	533	869	0.10586881472957423	1101	PFA2	G2M	PFA-sc6	primary
foreman_1101_TGTATTCCATGCCTTC	657	1398	0.12303290414878398	1101	PFA2	G1	PFA-sc6	primary
foreman_1101_ACTTGTTAGATCCGAG	741	1169	0.12489307100085544	1101	PFA2	G1	PFA-sc6	primary
foreman_1101_GTACTCCCAGGCTCAC	644	1162	0.09380378657487091	1101	PFA2	G1	PFA-sc6	primary
foreman_1101_TCACGAACATGGGACA	591	995	0.04221105527638191	1101	PFA2	S	PFA-sc6	primary
foreman_1101_ACGATACTCTGGTATG	573	947	0.09820485744456177	1101	PFA2	G2M	PFA-sc6	primary
foreman_1101_ACTGTCCAGTACACCT	619	1221	0.12776412776412777	1101	PFA2	G2M	PFA-sc6	primary
foreman_1101_AGCATACGTAAAGGAG	540	840	0.07023809523809524	1101	PFA2	S	PFA-sc6	primary
foreman_1101_AGTGTCAAGCGACGTA	448	698	0.1346704871060172	1101	PFA2	S	PFA-sc6	primary
foreman_1101_ATAACGCAGACCCACC	567	1071	0.01680672268907563	1101	PFA2	G2M	PFA-sc6	primary
foreman_1101_ATAAGAGTCGGTCCGA	537	911	0.07903402854006586	1101	PFA2	G1	PFA-sc6	primary
foreman_1101_CCTAAAGTCAGAAATG	650	1256	0.08519108280254777	1101	PFA2	G1	PFA-sc6	primary
foreman_1101_GCGCAACTCCGTTGTC	491	808	0.17574257425742573	1101	PFA2	G1	PFA-sc6	primary
foreman_1101_GGACATTAGCTGCGAA	502	725	0.05931034482758621	1101	PFA2	S	PFA-sc6	primary
foreman_1101_GTAGTCATCTGCAGTA	492	747	0.07228915662650602	1101	PFA2	G1	PFA-sc6	primary
foreman_1101_TCTGGAATCTGGTGTA	538	985	0.2649746192893401	1101	PFA2	G2M	PFA-sc6	primary
foreman_1101_TGGTTCCCACTTAAGC	754	1509	0.10344827586206896	1101	PFA2	G1	PFA-sc6	primary
foreman_1101_TTGAACGAGCAGACTG	547	903	0.09988901220865705	1101	PFA2	G2M	PFA-sc6	primary
foreman_1101_TTTCCTCGTTAAAGTG	635	1317	0.15641609719058466	1101	PFA2	G1	PFA-sc6	primary
foreman_1101_CCTAGCTGTACCGAGA	468	771	0.13878080415045396	1101	PFA2	G1	PFA-sc6	primary
foreman_1101_GACCTGGTCTGTTTGT	402	643	0.09190031152647975	1101	PFA2	G1	PFA-sc6	primary
foreman_1101_GCTGGGTTCGCTTGTC	607	1200	0.10666666666666667	1101	PFA2	G1	PFA-sc6	primary
foreman_1101_TAGGCATAGCAACGGT	427	694	0.11959654178674352	1101	PFA2	G2M	PFA-sc6	primary
foreman_1185_TCGACGGAGGGTCACA	698	1537	0.2923177083333333	1185	ST-YAP	G2M	PFA-sc6	primary
foreman_1386_CTAATGGTCCGTCATC	4151	17192	0.059039087947882735	1386	ST-RELA	S	PFA-sc6	recurrence
foreman_1386_TTGTAGGTCAAGCCTA	206	6420	9.350163627863488e-4	1386	ST-RELA	G1	PFA-sc6	recurrence
foreman_1386_CCATTCGTCGTTTGCC	3959	18690	0.022632423756019263	1386	ST-RELA	G1	PFA-sc6	recurrence
foreman_1386_CTTGGCTGTTGCTCCT	4599	18951	0.018838056039259143	1386	ST-RELA	S	PFA-sc6	recurrence
foreman_1329_CTGGTCTTCATGCAAC	4560	21239	0.041250706347711434	1329	ST-RELA	S	PFA-sc6	recurrence
foreman_1329_GCACATAAGATATGCA	5700	31421	0.0227251026448964	1329	ST-RELA	S	PFA-sc6	recurrence
foreman_1329_GAGGTGATCCTGCAGG	4710	23583	0.07336103807989144	1329	ST-RELA	S	PFA-sc6	recurrence
foreman_1329_GGTGAAGTCATTGCCC	4466	18876	0.02834737455624437	1329	ST-RELA	G1	PFA-sc6	recurrence
foreman_1329_GTACGTAGTCTTGCGG	5581	30862	0.0488998347321689	1329	ST-RELA	S	PFA-sc6	recurrence
foreman_1329_TAAGTGCGTACTTGAC	5570	29818	0.04963611362645471	1329	ST-RELA	S	PFA-sc6	recurrence
foreman_1329_TGGGCGTAGTTTAGGA	4326	20427	0.031136786448643886	1329	ST-RELA	G1	PFA-sc6	recurrence
foreman_1329_AAAGCAACAGCTATTG	7280	49194	0.05791474396763767	1329	ST-RELA	S	PFA-sc6	recurrence
foreman_1329_AACTCAGAGCTGAAAT	5443	24785	0.03147318726546423	1329	ST-RELA	S	PFA-sc6	recurrence
foreman_1329_AATCCAGGTTTAAGCC	4899	22051	0.03900049884358986	1329	ST-RELA	S	PFA-sc6	recurrence
foreman_1329_ATTACTCTCTGGGCCA	5837	26080	0.047967791411042945	1329	ST-RELA	S	PFA-sc6	recurrence
foreman_1329_CAAGGCCGTACTCTCC	5953	27425	0.0848526837806301	1329	ST-RELA	G2M	PFA-sc6	recurrence
foreman_1329_CAGCTAACAATGTTGC	4366	19877	0.04060173073052928	1329	ST-RELA	G1	PFA-sc6	recurrence
foreman_1329_CATATGGTCTCTGTCG	4505	22695	0.04644399400722658	1329	ST-RELA	G1	PFA-sc6	recurrence
foreman_1329_CCTTCGAGTGTTTGGT	4785	21323	0.04783567040285138	1329	ST-RELA	S	PFA-sc6	recurrence
foreman_1329_CGAATGTTCTGAGTGT	6134	30946	0.0515413946875202	1329	ST-RELA	S	PFA-sc6	recurrence
foreman_1329_CGACTTCCACACAGAG	5998	31212	0.07920284515074813	1329	ST-RELA	S	PFA-sc6	recurrence
foreman_1329_CGGCTAGCATCGATGT	4934	25599	0.04754277677943589	1329	ST-RELA	S	PFA-sc6	recurrence
foreman_1329_CTTCTCTAGGCGATAC	6057	37516	0.0533372427764154	1329	ST-RELA	G2M	PFA-sc6	recurrence
foreman_1329_GAACATCTCGGATGTT	6219	29495	0.05374703289250594	1329	ST-RELA	S	PFA-sc6	recurrence
foreman_1329_TACCTATCAACGATGG	4735	22795	0.04031939630588339	1329	ST-RELA	G1	PFA-sc6	recurrence
foreman_1329_TACGGTAGTTGAACTC	4815	20372	0.040799293008641005	1329	ST-RELA	G1	PFA-sc6	recurrence
foreman_1329_TTCTCAAGTCTGCCAG	8179	61571	0.05345048805444121	1329	ST-RELA	S	PFA-sc6	recurrence
foreman_870_ACAGCCGTCCGTTGCT	4423	15628	0.06833887893524443	870	ST-RELA	G1	PFA-sc6	primary
foreman_870_AGCTCTCCAGACGCCT	4562	15748	0.03556007112014224	870	ST-RELA	S	PFA-sc6	primary
foreman_870_AGGCCGTTCAACACAC	5054	16873	0.06918015294326872	870	ST-RELA	S	PFA-sc6	primary
foreman_870_AGTTGGTGTGGTCTCG	5369	20402	0.05381825311243996	870	ST-RELA	G1	PFA-sc6	primary
foreman_870_CTCGGAGTCCTGTAGA	4837	16088	0.0393460964694182	870	ST-RELA	G1	PFA-sc6	primary
foreman_870_GCACTCTGTTACGTCA	4153	15701	0.044392076937774666	870	ST-RELA	S	PFA-sc6	primary
foreman_870_GCATACATCCTTGACC	4567	18086	0.06099314310993143	870	ST-RELA	G1	PFA-sc6	primary
foreman_870_GCTCTGTCAAATACAG	5298	22722	0.03776242242859029	870	ST-RELA	G1	PFA-sc6	primary
foreman_870_GGAAAGCAGATCCCGC	4253	15291	0.04290385873119686	870	ST-RELA	G1	PFA-sc6	primary
foreman_870_GGACAAGGTAATCACC	4910	19338	0.05476264349984487	870	ST-RELA	S	PFA-sc6	primary
foreman_870_GTCAAGTCAGTACACT	3900	13362	0.06638724646358805	870	ST-RELA	G1	PFA-sc6	primary
foreman_870_TGGTTCCCATTACCTT	4762	20342	0.06636515583521778	870	ST-RELA	G1	PFA-sc6	primary
foreman_870_TTCTACACAGGAATCG	3814	13159	0.05274357805137559	870	ST-RELA	G1	PFA-sc6	primary
foreman_870_CGGACGTAGGAATTAC	6039	25668	0.0564538122881521	870	ST-RELA	S	PFA-sc6	primary
foreman_870_CTCTGGTCAAACCTAC	4199	12672	0.04720555730975687	870	ST-RELA	S	PFA-sc6	primary
foreman_870_ACATACGTCACAGTAC	4007	15167	0.04206500956022945	870	ST-RELA	S	PFA-sc6	primary
foreman_870_AGAGCGAAGAAACCAT	4868	18692	0.08784976726766894	870	ST-RELA	G1	PFA-sc6	primary
foreman_870_GTGCAGCCACGGTAGA	4639	18106	0.0772162386081193	870	ST-RELA	G1	PFA-sc6	primary
foreman_1158_2_TCACGGGAGGAACATT	6783	32809	0.11042701697704899	1158	ST-RELA	S	PFA-sc6	recurrence
foreman_1158_2_AATGGAACAATACCTG	5693	22550	0.13649667405764968	1158	ST-RELA	G1	PFA-sc6	recurrence
foreman_1158_2_AATGGCTAGGTAGATT	6545	28104	0.10699925274881686	1158	ST-RELA	S	PFA-sc6	recurrence
foreman_1158_2_AGAAATGAGCCTTTGA	7170	36725	0.14130109195871796	1158	ST-RELA	S	PFA-sc6	recurrence
foreman_1158_2_AGAGAGCCACCAGCGT	6076	25809	0.1283660738502073	1158	ST-RELA	G1	PFA-sc6	recurrence
foreman_1158_2_CAGCCAGTCAGTAGGG	6328	29909	0.10187568959176167	1158	ST-RELA	S	PFA-sc6	recurrence
foreman_1158_2_CTATAGGTCGGCTCTT	6197	24914	0.12793545020272168	1158	ST-RELA	S	PFA-sc6	recurrence
foreman_1158_2_GACACGCCATCACGGC	5930	23459	0.12302839116719243	1158	ST-RELA	S	PFA-sc6	recurrence
foreman_1158_2_GACGCTGAGCAACCAG	6008	22849	0.10981748150741892	1158	ST-RELA	G1	PFA-sc6	recurrence
foreman_1158_2_GAGGCCTGTCAGTCTA	6131	26051	0.11297504798464492	1158	ST-RELA	G1	PFA-sc6	recurrence
foreman_1158_2_GGTGATTAGCGTGCCT	6378	26723	0.10530648903525185	1158	ST-RELA	S	PFA-sc6	recurrence
foreman_1158_2_TCATCATTCACATACG	5630	19875	0.10706918238993711	1158	ST-RELA	S	PFA-sc6	recurrence
foreman_1158_2_TCCCACATCCCTAGGG	5239	19871	0.10649219929542023	1158	ST-RELA	G1	PFA-sc6	recurrence
foreman_1347_CGAGTGCTCCGACGGT	8070	50487	0.11963949688026146	1347	PFA1	S	PFA-sc6	primary
foreman_1347_TGTTGGACACCTATCC	5941	28659	0.20018842905994835	1347	PFA1	S	PFA-sc6	primary
foreman_723_GACACGCGTATGAATG	717	1519	0.2271231073074391	723	PFA1	G1	YAP	primary
foreman_727_CCTATTAGTTCACCTC	1667	4072	0.13464373464373464	727	PFA2	G1	YAP	primary
foreman_727_GGGACCTAGTCTTGCA	1028	2889	0.19072343371408793	727	PFA2	G1	YAP	primary
foreman_727_TGCTACCAGTGTACGG	1192	2216	0.15388086642599277	727	PFA2	S	YAP	primary
foreman_727_CGATGTACAGCTGTTA	940	1642	0.1194393662400975	727	PFA2	G1	YAP	primary
foreman_727_CGATGTAGTCGGCTCA	2174	4897	0.04105392156862745	727	PFA2	G1	YAP	primary
foreman_727_GATCTAGTCTTACCGC	784	1993	0.18364274962368288	727	PFA2	G1	YAP	primary
foreman_727_CATCGGGTCTTAGCCC	1469	3955	0.20404551201011378	727	PFA2	S	YAP	primary
foreman_781_CCTAGCTAGAAGCCCA	1103	2162	0.10869565217391304	781	PFA1	S	YAP	primary
foreman_781_GCGAGAAAGTTCGATC	1887	4066	0.11195866141732283	781	PFA1	G1	YAP	primary
foreman_781_GTACTTTGTGTTTGTG	1004	1871	0.15179048637092463	781	PFA1	G1	YAP	primary
foreman_781_TGCGTGGGTTCTGTTT	966	2111	0.19753671245855045	781	PFA1	G2M	YAP	primary
foreman_781_TTGCCGTGTTCGCGAC	687	1568	0.2225765306122449	781	PFA1	G1	YAP	primary
foreman_848_CCTCTGAAGGCATGTG	606	919	0.16213275299238303	848	PFA1	S	YAP	primary
foreman_859_CGGACGTAGCAGGCTA	1345	2181	0.08302752293577982	859	PFA1	G1	YAP	primary
foreman_911_CCTACCAAGTTCGCAT	1108	2602	0.15180630284396618	911	PFA2	G1	YAP	primary
foreman_965_ATTATCCTCTTACCTA	1381	2873	0.04559693699965193	965	PFA2	G2M	YAP	primary
foreman_965_CTCACACTCTCGCTTG	677	1115	0.11210762331838565	965	PFA2	G1	YAP	primary
foreman_965_TAAACCGTCTTCCTTC	1115	2496	0.08934294871794872	965	PFA2	G1	YAP	primary
foreman_965_CGATGTACAATTCCTT	1039	1844	0.10466377440347072	965	PFA2	G2M	YAP	primary
foreman_987_AACCAACCAAATCCCA	1207	2369	0.28070915998311524	987	PFA2	G1	YAP	primary
foreman_987_ACATTTCAGTACTGTC	1540	3365	0.29836552748885586	987	PFA2	G1	YAP	primary
foreman_987_ATAGACCAGTATGAGT	2991	5975	0.09558085035152326	987	PFA2	G1	YAP	primary
foreman_987_CTCGAGGAGTGTACCT	1949	3888	0.18394648829431437	987	PFA2	G1	YAP	primary
foreman_987_CTTCTCTAGTGCAGGT	1779	3940	0.2596446700507614	987	PFA2	G2M	YAP	primary
foreman_987_GACTTCCCATATCGGT	1848	3960	0.18409090909090908	987	PFA2	S	YAP	primary
foreman_987_GGTAGAGGTAACAGGC	2029	4144	0.13320463320463322	987	PFA2	G1	YAP	primary
foreman_1010_ACTATCTAGCGGTAAC	2507	7057	0.22360776533937934	1010	PFA1	G1	YAP	primary
foreman_1010_ATTCATCAGAAGGGAT	1531	2614	0.07268553940321347	1010	PFA1	G1	YAP	primary
foreman_1010_CAAGCTATCACGGTCG	2015	4844	0.13232865400495458	1010	PFA1	G2M	YAP	primary
foreman_1010_CACTGAATCAGTGTTG	2031	4828	0.08162419722394862	1010	PFA1	G1	YAP	primary
foreman_1010_CCTGCATCAGCCTACG	2333	5964	0.15062059711506207	1010	PFA1	G1	YAP	primary
foreman_1010_TGAGACTCAGCTGAGA	1509	3680	0.07230225604783909	1010	PFA1	G2M	YAP	primary
foreman_1010_CTACATTTCGAGTACT	2153	5959	0.12636348380600773	1010	PFA1	G1	YAP	primary
foreman_1010_GTCAAACCATGGAACG	2428	5800	0.15157785825142267	1010	PFA1	G1	YAP	primary
foreman_1010_ATAGGCTCAGTGGTGA	2329	6222	0.16891674702667953	1010	PFA1	G1	YAP	primary
foreman_1048_AATGCCAAGGCAGTCA	2186	5230	0.08202676864244741	1048	PFA1	G1	YAP	primary
foreman_1048_CTTCGGTGTGTTAAAG	2173	4461	0.08183856502242152	1048	PFA1	G2M	YAP	primary
foreman_1048_GCTACCTGTTGCAACT	1620	3604	0.1451165371809101	1048	PFA1	G1	YAP	primary
foreman_1048_GTGCGTGCACGCTGAC	2646	5672	0.06488011283497884	1048	PFA1	G1	YAP	primary
foreman_1048_TCATATCTCGAACTCA	2299	4945	0.02205584783488466	1048	PFA1	G1	YAP	primary
foreman_1048_ACCCTTGGTAGGCAAC	2386	5961	0.1	1048	PFA1	G1	YAP	primary
foreman_1048_ATGTCTTGTGAATAAC	1904	4539	0.10288609825952853	1048	PFA1	G1	YAP	primary
foreman_1185_AAAGGGCCAGTGAGCA	1444	2573	0.10027205596579868	1185	ST-YAP	G1	YAP	primary
foreman_1185_AAAGTGAAGCCTAACT	3655	9737	0.026602300739523417	1185	ST-YAP	S	YAP	primary
foreman_1185_AACAACCCACGGCCAT	2860	6322	0.03891173679215438	1185	ST-YAP	G1	YAP	primary
foreman_1185_AACCTTTTCAAGCCCG	3171	7461	0.04731903485254692	1185	ST-YAP	S	YAP	primary
foreman_1185_AAGACTCTCAGCGCGT	1825	3088	0.05310880829015544	1185	ST-YAP	S	YAP	primary
foreman_1185_AAGCCATTCTCGTGGG	3130	6730	0.03730123346708278	1185	ST-YAP	G1	YAP	primary
foreman_1185_AATAGAGAGGGCCTCT	3576	9530	0.08101584636373177	1185	ST-YAP	G1	YAP	primary
foreman_1185_AATCACGTCCTATGGA	3499	7113	0.028398706593561085	1185	ST-YAP	G2M	YAP	primary
foreman_1185_AATCGTGAGGACAAGA	3328	8218	0.1101241177902166	1185	ST-YAP	S	YAP	primary
foreman_1185_ACAAAGAAGGAGTACC	1132	2347	0.23434171282488284	1185	ST-YAP	G1	YAP	primary
foreman_1185_ACAGGGAGTGCCCACA	1524	2953	0.21063325431764307	1185	ST-YAP	G1	YAP	primary
foreman_1185_ACATTTCAGTCGAAGC	3121	7693	0.07487326140647342	1185	ST-YAP	G2M	YAP	primary
foreman_1185_ACCAAACCAATCACGT	3539	8815	0.03642346533530012	1185	ST-YAP	G1	YAP	primary
foreman_1185_ACCAAACCACCAGCTG	1899	3345	0.09985052316890881	1185	ST-YAP	G2M	YAP	primary
foreman_1185_ACCAACACACTTGAAC	2641	6145	0.17005695687550854	1185	ST-YAP	G1	YAP	primary
foreman_1185_ACCCTTGCACGTATAC	3927	10755	0.054026408778129066	1185	ST-YAP	G1	YAP	primary
foreman_1185_ACCGTTCCAATTAGGA	3142	6156	0.04046148846278843	1185	ST-YAP	G1	YAP	primary
foreman_1185_ACGATCAAGCGTTCCG	2898	6772	0.0974745237040319	1185	ST-YAP	G1	YAP	primary
foreman_1185_ACTATCTTCGTGGCGT	3221	6868	0.03451791436061753	1185	ST-YAP	G1	YAP	primary
foreman_1185_ACTGTGATCATAGGCT	3964	11962	0.03076923076923077	1185	ST-YAP	G1	YAP	primary
foreman_1185_AGAAGTACATGTAACC	4145	11018	0.10528226538391723	1185	ST-YAP	G1	YAP	primary
foreman_1185_AGACACTAGTAGATCA	2211	3980	0.05728643216080402	1185	ST-YAP	G1	YAP	primary
foreman_1185_AGACCCGCAACCAATC	1973	3521	0.08068181818181819	1185	ST-YAP	G1	YAP	primary
foreman_1185_AGAGAATGTGTGCCTG	1998	3479	0.08536935901121012	1185	ST-YAP	G1	YAP	primary
foreman_1185_AGATGAAAGGGAGGTG	3378	8050	0.03664596273291926	1185	ST-YAP	G1	YAP	primary
foreman_1185_AGCGATTAGACCTGGA	1519	2511	0.055776892430278883	1185	ST-YAP	G1	YAP	primary
foreman_1185_AGCTCAAGTTTCGGCG	2993	6737	0.08730512249443208	1185	ST-YAP	G1	YAP	primary
foreman_1185_AGGCCACAGGCTCTCG	4122	12073	0.10254286424252464	1185	ST-YAP	G1	YAP	primary
foreman_1185_AGGCTGCGTATTGACC	1623	3161	0.13761467889908258	1185	ST-YAP	G1	YAP	primary
foreman_1185_AGGGCCTTCCAGTTCC	3087	7304	0.0747637957003971	1185	ST-YAP	G1	YAP	primary
foreman_1185_AGGGTTTCACTGAATC	3041	6927	0.10047639670853183	1185	ST-YAP	G1	YAP	primary
foreman_1185_AGGTCATAGGTACTGG	3130	7654	0.08361640972040763	1185	ST-YAP	G2M	YAP	primary
foreman_1185_AGGTCATCAACGCCCA	5281	16874	0.05275949967395815	1185	ST-YAP	G1	YAP	primary
foreman_1185_ATACCTTCAATCACGT	2702	5740	0.07963059766509845	1185	ST-YAP	G1	YAP	primary
foreman_1185_ATACTTCCACATACTG	2742	5647	0.14700673042862203	1185	ST-YAP	G1	YAP	primary
foreman_1185_ATATCCTAGGATTACA	4474	14259	0.07125824098751578	1185	ST-YAP	G1	YAP	primary
foreman_1185_ATATCCTCATCCGGCA	2866	6170	0.14343598055105347	1185	ST-YAP	G1	YAP	primary
foreman_1185_ATCGCCTAGTTGTAGA	2677	7814	0.05861274635270028	1185	ST-YAP	G1	YAP	primary
foreman_1185_ATCGCCTTCCTCACTG	2522	5011	0.1085611654360407	1185	ST-YAP	S	YAP	primary
foreman_1185_ATCGGATGTTCCACAA	3538	10349	0.06947531162431153	1185	ST-YAP	G1	YAP	primary
foreman_1185_ATCGTAGCAATACGAA	2723	5290	0.0780718336483932	1185	ST-YAP	G1	YAP	primary
foreman_1185_ATCGTAGCAATTGTGC	2730	5964	0.1031360053664263	1185	ST-YAP	G1	YAP	primary
foreman_1185_ATCTTCAGTTCTTCAT	3901	8858	0.0811787286891724	1185	ST-YAP	G1	YAP	primary
foreman_1185_ATGGGAGAGCCGAATG	1874	3307	0.07136377381312367	1185	ST-YAP	S	YAP	primary
foreman_1185_ATTCAGGAGGTAAACT	2517	5274	0.05233219567690557	1185	ST-YAP	G1	YAP	primary
foreman_1185_ATTCCCGGTTGGAGAC	3262	8651	0.13132947976878612	1185	ST-YAP	G1	YAP	primary
foreman_1185_ATTGTTCCAAGCGGAT	1308	2139	0.06732117812061711	1185	ST-YAP	G2M	YAP	primary
foreman_1185_CACCGTTTCGTCGACG	3369	7740	0.18697506137743894	1185	ST-YAP	G1	YAP	primary
foreman_1185_CACGTTCGTCCACAGC	1343	2861	0.15588954910870326	1185	ST-YAP	G1	YAP	primary
foreman_1185_CACTGAACAAACTGCT	1311	2512	0.17754777070063693	1185	ST-YAP	G1	YAP	primary
foreman_1185_CACTGTCCATGAGATA	3611	9014	0.027179942311959176	1185	ST-YAP	G1	YAP	primary
foreman_1185_CAGGCCATCATCGCTC	1421	2594	0.1395528141865844	1185	ST-YAP	G1	YAP	primary
foreman_1185_CATCCGTAGAACGCGT	2432	4889	0.20351810186132133	1185	ST-YAP	G2M	YAP	primary
foreman_1185_CATTGCCCAAGTGCAG	2914	8806	0.1765106769650159	1185	ST-YAP	G1	YAP	primary
foreman_1185_CATTGTTCATAGGTTC	3842	9508	0.12719621251972646	1185	ST-YAP	G2M	YAP	primary
foreman_1185_CCACACTTCCAACCGG	2534	4748	0.05960404380791912	1185	ST-YAP	G1	YAP	primary
foreman_1185_CCATAAGCACCGCTGA	3640	9269	0.12181700474751835	1185	ST-YAP	G1	YAP	primary
foreman_1185_CCCGAAGCATCCAATG	3715	8390	0.023724368144969005	1185	ST-YAP	G1	YAP	primary
foreman_1185_CCCGAAGTCAATCCAG	2607	5357	0.1306701512040321	1185	ST-YAP	G1	YAP	primary
foreman_1185_CCCGGAACAGATAAAC	2559	5839	0.17177598903921903	1185	ST-YAP	G1	YAP	primary
foreman_1185_CCCTCAATCAAACCTG	2739	5523	0.12909650552236104	1185	ST-YAP	G1	YAP	primary
foreman_1185_CCCTCTCCAACACAGG	2397	5571	0.2310177705977383	1185	ST-YAP	G1	YAP	primary
foreman_1185_CCGATGGTCATTTGCT	3689	9667	0.09744491569256232	1185	ST-YAP	G1	YAP	primary
foreman_1185_CCGCAAGCATCAGCAT	3351	6974	0.04632152588555858	1185	ST-YAP	G1	YAP	primary
foreman_1185_CCGTAGGCACTGGATT	1690	2803	0.027827327863003924	1185	ST-YAP	S	YAP	primary
foreman_1185_CCGTAGGTCTATCGCC	3034	7713	0.05743549850901076	1185	ST-YAP	G1	YAP	primary
foreman_1185_CCTCCAAGTGAAGCTG	2574	5931	0.09156829679595278	1185	ST-YAP	G1	YAP	primary
foreman_1185_CCTCTCCAGCTTTCCC	1570	2775	0.12828828828828828	1185	ST-YAP	G1	YAP	primary
foreman_1185_CCTTCAGTCGGCCTTT	2742	6385	0.14724310776942356	1185	ST-YAP	G1	YAP	primary
foreman_1185_CGAAGGATCCTTACCG	2851	4871	0.04250513347022587	1185	ST-YAP	G1	YAP	primary
foreman_1185_CGATGCGAGGTGCATG	1726	3142	0.15404201145767027	1185	ST-YAP	G1	YAP	primary
foreman_1185_CGATGCGCAGCACAGA	3054	6564	0.020414381474710544	1185	ST-YAP	G1	YAP	primary
foreman_1185_CGCCAGATCGGTCGGT	1587	2967	0.2103134479271992	1185	ST-YAP	G1	YAP	primary
foreman_1185_CGGGCATGTTCGGCTG	3546	10478	0.07825920977285741	1185	ST-YAP	G1	YAP	primary
foreman_1185_CGGGTGTCACGTGAGA	1516	2296	0.07973856209150326	1185	ST-YAP	G1	YAP	primary
foreman_1185_CGTAGTATCCGACGGT	2688	5265	0.10123456790123457	1185	ST-YAP	G1	YAP	primary
foreman_1185_CGTCCATCATATACCG	3825	8956	0.11892797319932999	1185	ST-YAP	S	YAP	primary
foreman_1185_CGTGCTTAGTGAACAT	1898	3366	0.06450653983353151	1185	ST-YAP	S	YAP	primary
foreman_1185_CTAACCCGTGGGTATG	2583	5195	0.14574509048902579	1185	ST-YAP	G1	YAP	primary
foreman_1185_CTACAGAGTCGCCTAG	1287	1955	0.08030690537084399	1185	ST-YAP	S	YAP	primary
foreman_1185_CTACGGGCAAATGGAT	1452	3351	0.2155223880597015	1185	ST-YAP	G1	YAP	primary
foreman_1185_CTAGACAAGCATCAAA	3728	8650	0.08152173913043478	1185	ST-YAP	G1	YAP	primary
foreman_1185_CTATCCGGTGTCTTCC	3146	6426	0.08994708994708994	1185	ST-YAP	G1	YAP	primary
foreman_1185_CTCAGAACAGCATTGT	2242	4349	0.12557497700091996	1185	ST-YAP	S	YAP	primary
foreman_1185_CTCATGCGTCTCGGGT	2668	5196	0.08854667949951876	1185	ST-YAP	G1	YAP	primary
foreman_1185_CTCCCTCAGAGGTCAC	2927	7580	0.23562005277044856	1185	ST-YAP	G1	YAP	primary
foreman_1185_GAAGGACAGCTGAAGC	1711	3234	0.14131106988249845	1185	ST-YAP	G1	YAP	primary
foreman_1185_GAGGCCTAGGCTAAAT	2215	3889	0.11474144584512477	1185	ST-YAP	G1	YAP	primary
foreman_1185_GAGTCATGTTGGGACA	2095	4028	0.1822696796622796	1185	ST-YAP	G1	YAP	primary
foreman_1185_GAGTCTAGTCGTGGAA	2672	5947	0.19404741886665547	1185	ST-YAP	G1	YAP	primary
foreman_1185_GCACTAAGTCAACATC	1787	3189	0.08497961743493258	1185	ST-YAP	G1	YAP	primary
foreman_1185_GCCCGAATCGTCCTCA	3185	6353	0.041712576735400596	1185	ST-YAP	G1	YAP	primary
foreman_1185_GGAATGGTCTGGTTGA	2789	5766	0.05568083261058109	1185	ST-YAP	G1	YAP	primary
foreman_1185_GGACGTCCAAGTGGTG	3201	6434	0.0419645632576935	1185	ST-YAP	G1	YAP	primary
foreman_1185_GTAGGAGCAGTCACGC	1290	2079	0.06685906685906685	1185	ST-YAP	G2M	YAP	primary
foreman_1185_GTAGGAGTCATGAGGG	2971	7766	0.04635591037857327	1185	ST-YAP	G1	YAP	primary
foreman_1185_GTCATTTAGATGAACT	1804	3588	0.2275515895147797	1185	ST-YAP	G1	YAP	primary
foreman_1185_GTGCTGGCACGATAGG	3035	7840	0.13252551020408163	1185	ST-YAP	G1	YAP	primary
foreman_1185_GTTAGTGAGTGGTTAA	2652	4894	0.056815859390966686	1185	ST-YAP	G1	YAP	primary
foreman_1185_TACGGTAGTATTGCCA	1988	3605	0.09264909847434119	1185	ST-YAP	G1	YAP	primary
foreman_1185_TAGGTACTCTAGTGTG	3132	7020	0.1413105413105413	1185	ST-YAP	G1	YAP	primary
foreman_1185_TATCTGTTCTAGACCA	3607	7298	0.010413812003288572	1185	ST-YAP	S	YAP	primary
foreman_1185_TCACATTGTCCACTCT	1681	3388	0.16066154754873008	1185	ST-YAP	G2M	YAP	primary
foreman_1185_TCAGGTAGTGAACGGT	1406	2009	0.03235440517670483	1185	ST-YAP	G1	YAP	primary
foreman_1185_TCCACGTTCTAGGCAT	1674	2939	0.12146988771691052	1185	ST-YAP	G1	YAP	primary
foreman_1185_TCCAGAAGTAACGGTG	2479	4908	0.15936417362950886	1185	ST-YAP	G1	YAP	primary
foreman_1185_TCCATGCAGTATGAAC	2177	4058	0.11335633316904879	1185	ST-YAP	G1	YAP	primary
foreman_1185_TCCGTGTTCCCAGGCA	2065	4106	0.21778319123020706	1185	ST-YAP	G1	YAP	primary
foreman_1185_TCGACCTCAAAGGTTA	3044	7353	0.21569427444580444	1185	ST-YAP	G1	YAP	primary
foreman_1185_TCTGCCAAGGAAGTGA	3684	9223	0.06898047722342733	1185	ST-YAP	G1	YAP	primary
foreman_1185_TCTGTCGGTTCCCACT	2518	4459	0.016147118187934514	1185	ST-YAP	G1	YAP	primary
foreman_1185_TGACAGTCAGTTGGTT	2256	3747	0.024819855884707767	1185	ST-YAP	G1	YAP	primary
foreman_1185_TGCAGTAGTGTCCGGT	2615	4848	0.07470078415187784	1185	ST-YAP	G1	YAP	primary
foreman_1185_TTCCACGCACTTGGGC	925	1579	0.18567807351077312	1185	ST-YAP	G1	YAP	primary
foreman_1185_TTGCCTGCATCATCCC	2768	5635	0.06885536823425022	1185	ST-YAP	G1	YAP	primary
foreman_1185_TTGGGATAGGTCCGAA	4413	13420	0.24165424739195232	1185	ST-YAP	G1	YAP	primary
foreman_1185_TTTCAGTGTTGGGAAC	2191	4113	0.14038929440389294	1185	ST-YAP	G1	YAP	primary
foreman_1269_CCTCACAGTACCCGAC	3826	10630	0.046386902521640946	1269	PFA1	G1	YAP	primary
foreman_1269_GGGACAAAGTAAGAGG	1941	4266	0.21524032825322392	1269	PFA1	G1	YAP	primary
foreman_1269_ATTCCATAGTGCAGCA	2016	4704	0.1754572522330923	1269	PFA1	G1	YAP	primary
foreman_1269_CCCTCAAAGTGAGTGC	462	594	0.0016891891891891893	1269	PFA1	G1	YAP	primary
foreman_723_GACGCGTAGCTACCGC	316	493	0.2778904665314402	723	PFA1	G1	RELA-sc3	primary
foreman_723_TAGTTGGAGACAGAGA	1120	2172	0.1252302025782689	723	PFA1	G1	RELA-sc3	primary
foreman_723_TCTCATATCCTCTAGC	1325	2839	0.05142655864741106	723	PFA1	G1	RELA-sc3	primary
foreman_723_ACATACGAGAGCTGCA	344	578	0.15051903114186851	723	PFA1	S	RELA-sc3	primary
foreman_723_ACGATGTCAAGGGTCA	283	486	0.037037037037037035	723	PFA1	G1	RELA-sc3	primary
foreman_723_ACGGGTCGTCCATGAT	345	598	0.225752508361204	723	PFA1	G2M	RELA-sc3	primary
foreman_723_ACTGAGTCATCGGAAG	406	749	0.29906542056074764	723	PFA1	G1	RELA-sc3	primary
foreman_723_ACTGATGAGCTAGCCC	321	642	0.29439252336448596	723	PFA1	G1	RELA-sc3	primary
foreman_723_AGATTGCTCACTTATC	286	482	0.22406639004149378	723	PFA1	G1	RELA-sc3	primary
foreman_723_CATCGGGAGCTGGAAC	361	594	0.15993265993265993	723	PFA1	G1	RELA-sc3	primary
foreman_723_CATGACATCGTGGGAA	347	645	0.2868217054263566	723	PFA1	G2M	RELA-sc3	primary
foreman_723_CGACTTCAGGCCATAG	294	516	0.17829457364341086	723	PFA1	S	RELA-sc3	primary
foreman_723_CTACGTCCATTCTCAT	309	497	0.14688128772635814	723	PFA1	G1	RELA-sc3	primary
foreman_723_CTCGGAGAGCTACCGC	480	958	0.17014613778705637	723	PFA1	G1	RELA-sc3	primary
foreman_723_GAATAAGAGTGTTTGC	310	517	0.16827852998065765	723	PFA1	S	RELA-sc3	primary
foreman_723_GCAAACTGTCCATGAT	318	574	0.2094240837696335	723	PFA1	G1	RELA-sc3	primary
foreman_723_GGCTGGTTCGCGTAGC	412	731	0.21477428180574556	723	PFA1	G1	RELA-sc3	primary
foreman_723_TGACTTTCATGGTCTA	316	530	0.2	723	PFA1	G1	RELA-sc3	primary
foreman_723_TGGCCAGCACCCATGG	317	528	0.20683111954459202	723	PFA1	G1	RELA-sc3	primary
foreman_723_TCCCGATCAACTTGAC	473	781	0.11139564660691421	723	PFA1	S	RELA-sc3	primary
foreman_723_GAACGGAAGATTACCC	1127	3294	0.2034618888551473	723	PFA1	G1	RELA-sc3	primary
foreman_723_TCAGATGAGAGTCGGT	300	503	0.02385685884691849	723	PFA1	G1	RELA-sc3	primary
foreman_723_TGAGAGGTCTGATACG	1072	2205	0.061252268602540835	723	PFA1	G1	RELA-sc3	primary
foreman_723_TTTACTGCATCACCCT	366	621	0.15136876006441224	723	PFA1	S	RELA-sc3	primary
foreman_723_ACACCGGCAATGGACG	356	593	0.14502529510961215	723	PFA1	G1	RELA-sc3	primary
foreman_723_AGAGCTTCATTACGAC	436	659	0.048558421851289835	723	PFA1	G1	RELA-sc3	primary
foreman_723_AGCGTATGTACCGAGA	376	558	0.05017921146953405	723	PFA1	G1	RELA-sc3	primary
foreman_723_CAGCATAGTATCACCA	331	528	0.11553030303030302	723	PFA1	G1	RELA-sc3	primary
foreman_723_CAGGTGCCATTACCTT	352	535	0.08785046728971962	723	PFA1	G1	RELA-sc3	primary
foreman_723_CATATGGCATTAGGCT	527	846	0.06855791962174941	723	PFA1	G1	RELA-sc3	primary
foreman_723_CCATTCGGTCGAATCT	349	535	0.0616822429906542	723	PFA1	G1	RELA-sc3	primary
foreman_723_CCTTACGAGCCACTAT	293	485	0.14432989690721648	723	PFA1	G1	RELA-sc3	primary
foreman_723_CGACCTTCATGCCACG	420	661	0.1059001512859304	723	PFA1	G1	RELA-sc3	primary
foreman_723_CGGCTAGGTTCGGCAC	393	608	0.06578947368421052	723	PFA1	G1	RELA-sc3	primary
foreman_723_CTCGAGGCATCCTAGA	406	753	0.06108897742363878	723	PFA1	S	RELA-sc3	primary
foreman_723_GACAGAGAGGATGGTC	700	1183	0.1614539306846999	723	PFA1	G1	RELA-sc3	primary
foreman_723_GAGCAGATCTAACTGG	325	496	0.028225806451612902	723	PFA1	G1	RELA-sc3	primary
foreman_723_GATGAAATCAATAAGG	321	505	0.09306930693069307	723	PFA1	S	RELA-sc3	primary
foreman_723_GCAGTTAGTGCACCAC	341	505	0.039603960396039604	723	PFA1	G1	RELA-sc3	primary
foreman_723_GCGAGAAAGTAGGTGC	703	1356	0.14169741697416974	723	PFA1	G1	RELA-sc3	primary
foreman_723_GCGGGTTCAAAGCAAT	502	866	0.11778290993071594	723	PFA1	S	RELA-sc3	primary
foreman_723_GGAACTTAGTAGCCGA	483	827	0.08222490931076179	723	PFA1	G1	RELA-sc3	primary
foreman_723_GTCACGGAGCTTCGCG	502	930	0.05705059203444564	723	PFA1	G1	RELA-sc3	primary
foreman_723_GTGTTAGCAGCCTTGG	772	1444	0.056133056133056136	723	PFA1	G1	RELA-sc3	primary
foreman_723_TACGGTACACCCATGG	395	651	0.09984639016897082	723	PFA1	G1	RELA-sc3	primary
foreman_723_TAGTGGTTCCCATTTA	594	1030	0.059223300970873784	723	PFA1	G1	RELA-sc3	primary
foreman_723_TATCTCAAGCGGATCA	767	1632	0.12438725490196079	723	PFA1	G1	RELA-sc3	primary
foreman_723_TCGCGAGAGTCCATAC	360	497	0.04225352112676056	723	PFA1	G1	RELA-sc3	primary
foreman_723_TGACTTTGTTCCACTC	361	555	0.1009009009009009	723	PFA1	S	RELA-sc3	primary
foreman_723_TGAGAGGCATCGTCGG	655	1219	0.27071369975389664	723	PFA1	G1	RELA-sc3	primary
foreman_723_TGCGTGGAGCCCTAAT	375	492	0.04878048780487805	723	PFA1	S	RELA-sc3	primary
foreman_723_TTTATGCAGCCCAACC	314	495	0.0728744939271255	723	PFA1	G1	RELA-sc3	primary
foreman_723_TTTGGTTCATTGGCGC	342	538	0.08550185873605948	723	PFA1	S	RELA-sc3	primary
foreman_727_AATCGGTGTGCAGACA	428	746	0.26005361930294907	727	PFA2	G1	RELA-sc3	primary
foreman_727_GTATTCTGTCTCTTTA	456	889	0.2980877390326209	727	PFA2	G1	RELA-sc3	primary
foreman_727_AACTCAGCAGGAACGT	519	906	0.2163355408388521	727	PFA2	G2M	RELA-sc3	primary
foreman_727_AGGCCGTCAATCTACG	618	1165	0.26781115879828327	727	PFA2	G2M	RELA-sc3	primary
foreman_727_CATATTCCACAGGCCT	643	1270	0.2204724409448819	727	PFA2	G2M	RELA-sc3	primary
foreman_727_CCGTGGATCCATGAGT	605	1226	0.29526916802610115	727	PFA2	G1	RELA-sc3	primary
foreman_727_CCTTTCTGTGTAATGA	514	962	0.26715176715176714	727	PFA2	G2M	RELA-sc3	primary
foreman_727_CTCTACGCAAGCCGTC	464	743	0.20995962314939434	727	PFA2	G2M	RELA-sc3	primary
foreman_727_CTTACCGGTCCCGACA	615	1101	0.2924613987284287	727	PFA2	G1	RELA-sc3	primary
foreman_727_GCAAACTAGGGTGTGT	556	965	0.17616580310880828	727	PFA2	S	RELA-sc3	primary
foreman_727_GTCACAACAGGTTTCA	1382	4410	0.05715581764572465	727	PFA2	G1	RELA-sc3	primary
foreman_727_GTTCGGGTCATGCATG	500	925	0.252972972972973	727	PFA2	G2M	RELA-sc3	primary
foreman_727_TATTACCGTATATCCG	358	525	0.12380952380952381	727	PFA2	G2M	RELA-sc3	primary
foreman_727_TCACGAAGTGATGTGG	584	970	0.1577319587628866	727	PFA2	G1	RELA-sc3	primary
foreman_727_TGCCAAAAGACCTAGG	483	769	0.2665799739921977	727	PFA2	S	RELA-sc3	primary
foreman_727_TTGACTTCACAAGTAA	1089	2167	0.17812644208583295	727	PFA2	G1	RELA-sc3	primary
foreman_727_CTCGTCACATTGTGCA	869	1483	0.2306136210384356	727	PFA2	G1	RELA-sc3	primary
foreman_727_AAGGCAGTCATCACCC	420	621	0.11916264090177134	727	PFA2	G2M	RELA-sc3	primary
foreman_727_CACTCCACAGACACTT	472	910	0.07582417582417582	727	PFA2	S	RELA-sc3	primary
foreman_727_CCTTACGGTCCAGTTA	1166	2919	0.06543336759164098	727	PFA2	G1	RELA-sc3	primary
foreman_727_CTTCTCTGTAGCCTAT	562	1384	0.2774566473988439	727	PFA2	S	RELA-sc3	primary
foreman_727_GATGAGGCAGACGCTC	446	695	0.2446043165467626	727	PFA2	G2M	RELA-sc3	primary
foreman_727_GCATGCGCAGTTAACC	438	640	0.1078125	727	PFA2	S	RELA-sc3	primary
foreman_727_TACACGAAGATGGGTC	841	1624	0.23275862068965517	727	PFA2	G1	RELA-sc3	primary
foreman_727_TTCTTAGCATTGGCGC	380	534	0.05056179775280899	727	PFA2	G2M	RELA-sc3	primary
foreman_781_AAAGTAGTCATGTCTT	1500	3535	0.08573853989813243	781	PFA1	G2M	RELA-sc3	primary
foreman_781_GCCAAATTCCGTCAAA	2191	5949	0.19351042367182247	781	PFA1	G1	RELA-sc3	primary
foreman_781_TATCTCAGTTGAGGTG	2002	5117	0.033418018370138754	781	PFA1	S	RELA-sc3	primary
foreman_781_AAAGCAAAGCCAGTAG	482	1477	0.23155044008124576	781	PFA1	G1	RELA-sc3	primary
foreman_781_AAGTCTGCAAGGTTTC	346	589	0.29541595925297115	781	PFA1	G1	RELA-sc3	primary
foreman_781_AGAATAGCACTATCTT	303	514	0.09533073929961089	781	PFA1	G1	RELA-sc3	primary
foreman_781_CAGGTGCAGGTGTTAA	452	750	0.20533333333333334	781	PFA1	G1	RELA-sc3	primary
foreman_781_CCAGCGACATGCATGT	386	573	0.12390924956369982	781	PFA1	G1	RELA-sc3	primary
foreman_781_CCCAATCTCAAACCAC	1323	3071	0.18566775244299674	781	PFA1	S	RELA-sc3	primary
foreman_781_CGACTTCAGACGCAAC	781	1256	0.13694267515923567	781	PFA1	G2M	RELA-sc3	primary
foreman_781_GCGCGATGTCTTCAAG	588	1017	0.28220255653883974	781	PFA1	G1	RELA-sc3	primary
foreman_781_GCGCGATGTGACTACT	609	1745	0.2871060171919771	781	PFA1	G1	RELA-sc3	primary
foreman_781_GTATTCTGTACAAGTA	1428	3548	0.16516347237880497	781	PFA1	G1	RELA-sc3	primary
foreman_781_GTTAAGCGTTGTACAC	1081	2210	0.24751131221719458	781	PFA1	S	RELA-sc3	primary
foreman_781_TCTTCGGAGTGCTGCC	462	800	0.27	781	PFA1	G1	RELA-sc3	primary
foreman_781_TGGGAAGAGTCAAGGC	473	772	0.15803108808290156	781	PFA1	G1	RELA-sc3	primary
foreman_781_GCACTCTAGAGCTATA	1311	3029	0.08616705183228789	781	PFA1	G1	RELA-sc3	primary
foreman_781_GTGAAGGTCCTGTAGA	367	533	0.0600375234521576	781	PFA1	G2M	RELA-sc3	primary
foreman_781_GTTCATTTCTCTAAGG	543	763	0.039318479685452164	781	PFA1	G1	RELA-sc3	primary
foreman_848_ACTTTCACATACGCCG	527	941	0.28480340063761955	848	PFA1	G1	RELA-sc3	primary
foreman_848_AGTCTTTGTACTTGAC	1347	2999	0.13704568189396465	848	PFA1	S	RELA-sc3	primary
foreman_848_CAGCATACATAGGATA	488	800	0.28875	848	PFA1	S	RELA-sc3	primary
foreman_848_CCCTCCTCAATCGGTT	933	1761	0.10113636363636364	848	PFA1	S	RELA-sc3	primary
foreman_848_TATGCCCTCTCTGTCG	844	1479	0.15280594996619337	848	PFA1	S	RELA-sc3	primary
foreman_848_ATCCACCAGGTGACCA	440	741	0.20107962213225372	848	PFA1	G1	RELA-sc3	primary
foreman_848_CCTCAGTCATGGGACA	507	963	0.17757009345794392	848	PFA1	G2M	RELA-sc3	primary
foreman_848_CGATGTAAGATGTAAC	452	814	0.28869778869778867	848	PFA1	G2M	RELA-sc3	primary
foreman_848_CTGCCTATCTAGAGTC	514	1529	0.24002616088947024	848	PFA1	G1	RELA-sc3	primary
foreman_848_CTTACCGGTTCCACGG	517	887	0.19165727170236754	848	PFA1	G1	RELA-sc3	primary
foreman_848_TGAAAGATCCAGAAGG	317	873	0.24398625429553264	848	PFA1	G1	RELA-sc3	primary
foreman_848_AAAGATGCATGGGAAC	653	1010	0.15445544554455445	848	PFA1	S	RELA-sc3	primary
foreman_848_ACTGAGTCATGTAAGA	494	724	0.08287292817679558	848	PFA1	G1	RELA-sc3	primary
foreman_848_CAAGATCCACTCTGTC	784	1347	0.04899777282850779	848	PFA1	G1	RELA-sc3	primary
foreman_848_CCGTGGAAGGGATCTG	909	2439	0.2050020500205002	848	PFA1	G1	RELA-sc3	primary
foreman_848_CGAACATGTTACGACT	1000	2381	0.27257454850902985	848	PFA1	G1	RELA-sc3	primary
foreman_848_CGTCACTCAAGGACAC	634	1124	0.2099644128113879	848	PFA1	S	RELA-sc3	primary
foreman_848_GATCGCGTCCATGCTC	1023	2065	0.09636803874092009	848	PFA1	S	RELA-sc3	primary
foreman_848_GATGAGGCAGTGACAG	623	998	0.20040080160320642	848	PFA1	G1	RELA-sc3	primary
foreman_848_GGCGTGTGTCAGATAA	1056	2224	0.24865107913669066	848	PFA1	G1	RELA-sc3	primary
foreman_848_GGCTCGACATATGCTG	935	2036	0.1650294695481336	848	PFA1	G1	RELA-sc3	primary
foreman_848_TACACGAAGCTAGCCC	449	751	0.2609853528628495	848	PFA1	G1	RELA-sc3	primary
foreman_848_TTTATGCGTAAGGGCT	529	816	0.13970588235294118	848	PFA1	G1	RELA-sc3	primary
foreman_848_AACACGTTCGTTTAGG	480	657	0.1293759512937595	848	PFA1	S	RELA-sc3	primary
foreman_848_AAGTCTGCAATGAAAC	491	751	0.18508655126498003	848	PFA1	S	RELA-sc3	primary
foreman_848_ACACCCTCATTGGTAC	370	547	0.062157221206581355	848	PFA1	G2M	RELA-sc3	primary
foreman_848_ACCAGTACACCGGAAA	1020	1961	0.22653061224489796	848	PFA1	G1	RELA-sc3	primary
foreman_848_ACGATACCAGGCGATA	706	1088	0.17003676470588236	848	PFA1	G1	RELA-sc3	primary
foreman_848_ACGGGTCCATACGCCG	465	640	0.134375	848	PFA1	S	RELA-sc3	primary
foreman_848_AGCTCCTAGAGCCTAG	444	617	0.08914100486223663	848	PFA1	S	RELA-sc3	primary
foreman_848_AGGCCACTCACCAGGC	990	1930	0.14196891191709846	848	PFA1	G1	RELA-sc3	primary
foreman_848_CAACCTCTCATGTCCC	443	662	0.027190332326283987	848	PFA1	G1	RELA-sc3	primary
foreman_848_CATCCACAGACGCACA	888	1536	0.11074918566775244	848	PFA1	G1	RELA-sc3	primary
foreman_848_CATTCGCTCAGGCGAA	397	521	0.046065259117082535	848	PFA1	S	RELA-sc3	primary
foreman_848_CCTTACGCAAACTGCT	575	917	0.15485278080697928	848	PFA1	G1	RELA-sc3	primary
foreman_848_CGCGTTTTCAAACAAG	412	532	0.07518796992481203	848	PFA1	G1	RELA-sc3	primary
foreman_848_CTCGGGAAGAGATGAG	416	584	0.1541095890410959	848	PFA1	G1	RELA-sc3	primary
foreman_848_GCAATCAAGGCAGTCA	759	1173	0.11423699914748509	848	PFA1	S	RELA-sc3	primary
foreman_848_GCAGCCACACCGCTAG	1271	2861	0.1481999300943726	848	PFA1	G1	RELA-sc3	primary
foreman_848_GCGCAACAGCTTCGCG	492	685	0.13576642335766423	848	PFA1	S	RELA-sc3	primary
foreman_848_GGCGACTGTACGCACC	513	763	0.1349934469200524	848	PFA1	G1	RELA-sc3	primary
foreman_848_GTCACAAAGAGTGAGA	491	647	0.0973724884080371	848	PFA1	G1	RELA-sc3	primary
foreman_848_GTGAAGGAGGGCACTA	508	738	0.12737127371273713	848	PFA1	S	RELA-sc3	primary
foreman_848_GTTCGGGTCGCATGAT	700	1099	0.17395264116575593	848	PFA1	G2M	RELA-sc3	primary
foreman_848_TAGTTGGCAAAGGCGT	747	1390	0.24532374100719426	848	PFA1	G1	RELA-sc3	primary
foreman_848_TGAGCATAGCTGGAAC	614	1119	0.26273458445040215	848	PFA1	G1	RELA-sc3	primary
foreman_848_TGTGGTAGTACTCTCC	521	785	0.09171974522292993	848	PFA1	G1	RELA-sc3	primary
foreman_848_TTCTACATCCCTGACT	461	651	0.05069124423963134	848	PFA1	G2M	RELA-sc3	primary
foreman_848_AGTTGGTAGATCCCAT	419	576	0.11979166666666667	848	PFA1	G2M	RELA-sc3	primary
foreman_848_CCTCAGTAGTAGTGCG	443	626	0.07028753993610223	848	PFA1	G1	RELA-sc3	primary
foreman_848_CGCCAAGAGACAGGCT	520	704	0.09943181818181818	848	PFA1	G2M	RELA-sc3	primary
foreman_848_CGGGTCATCGGCTTGG	833	1335	0.09895052473763119	848	PFA1	G1	RELA-sc3	primary
foreman_848_GAGGTGACAAGAGGCT	432	602	0.10132890365448505	848	PFA1	S	RELA-sc3	primary
foreman_848_GCACATAAGCTGTTCA	363	519	0.17148362235067438	848	PFA1	G1	RELA-sc3	primary
foreman_848_GCATGATAGAGCAATT	527	809	0.17552533992583436	848	PFA1	S	RELA-sc3	primary
foreman_848_GCGCAACGTATAATGG	515	875	0.224	848	PFA1	S	RELA-sc3	primary
foreman_848_GCTGCGACAGTAACGG	531	740	0.10540540540540541	848	PFA1	S	RELA-sc3	primary
foreman_848_GGACATTGTTATTCTC	428	629	0.03815580286168521	848	PFA1	G1	RELA-sc3	primary
foreman_848_GGACGTCCACCTGGTG	513	838	0.14916467780429593	848	PFA1	G1	RELA-sc3	primary
foreman_848_GTCACGGAGACGCTTT	645	979	0.12870275791624106	848	PFA1	G1	RELA-sc3	primary
foreman_848_TCTCTAATCAAGCCTA	631	1045	0.10813397129186603	848	PFA1	G2M	RELA-sc3	primary
foreman_848_TGAAAGAAGAGTACAT	466	669	0.11077844311377245	848	PFA1	S	RELA-sc3	primary
foreman_859_AACTGGTAGCAGCGTA	278	468	0.1858974358974359	859	PFA1	S	RELA-sc3	primary
foreman_859_AAGACCTCATAGTAAG	268	391	0.13810741687979539	859	PFA1	G1	RELA-sc3	primary
foreman_859_AAGGTTCTCTATCCCG	235	392	0.15306122448979592	859	PFA1	S	RELA-sc3	primary
foreman_859_ACACTGATCAGTACGT	236	401	0.29925187032418954	859	PFA1	G2M	RELA-sc3	primary
foreman_859_ACCAGTAAGTGTCTCA	343	599	0.2854757929883139	859	PFA1	G1	RELA-sc3	primary
foreman_859_ACGATGTGTACTCTCC	289	474	0.270042194092827	859	PFA1	G2M	RELA-sc3	primary
foreman_859_ACTTACTTCATCGCTC	308	527	0.21821631878557876	859	PFA1	S	RELA-sc3	primary
foreman_859_ATCATGGGTACAGACG	252	419	0.27684964200477324	859	PFA1	S	RELA-sc3	primary
foreman_859_CAACCTCCACGAGGTA	432	872	0.24197247706422018	859	PFA1	G2M	RELA-sc3	primary
foreman_859_CAAGAAAAGGACATTA	267	405	0.18271604938271604	859	PFA1	G2M	RELA-sc3	primary
foreman_859_CAAGGCCAGACCTAGG	264	385	0.17922077922077922	859	PFA1	S	RELA-sc3	primary
foreman_859_CACCACTCATTGGCGC	391	659	0.17905918057663125	859	PFA1	G1	RELA-sc3	primary
foreman_859_CAGCGACTCAAAGACA	305	505	0.23564356435643563	859	PFA1	G1	RELA-sc3	primary
foreman_859_CATCAGAAGTCCGTAT	269	429	0.1864801864801865	859	PFA1	G2M	RELA-sc3	primary
foreman_859_CCGTTCATCCGGCACA	388	641	0.24024960998439937	859	PFA1	G1	RELA-sc3	primary
foreman_859_CCTCTGAGTGCACTTA	278	412	0.13106796116504854	859	PFA1	G1	RELA-sc3	primary
foreman_859_CGATGTAGTAGGCTGA	334	552	0.19927536231884058	859	PFA1	S	RELA-sc3	primary
foreman_859_CGGACTGAGATCTGAA	276	387	0.14728682170542637	859	PFA1	G1	RELA-sc3	primary
foreman_859_CGGAGCTCAGGGTATG	261	393	0.17302798982188294	859	PFA1	G1	RELA-sc3	primary
foreman_859_CGTAGCGTCAATCACG	272	415	0.14457831325301204	859	PFA1	S	RELA-sc3	primary
foreman_859_CGTCTACTCAATCACG	290	469	0.208955223880597	859	PFA1	S	RELA-sc3	primary
foreman_859_CGTTAGAGTCAACTGT	313	458	0.17467248908296942	859	PFA1	G1	RELA-sc3	primary
foreman_859_GAACCTATCTCACATT	320	537	0.25884543761638734	859	PFA1	G1	RELA-sc3	primary
foreman_859_GACGGCTAGGACGAAA	243	441	0.2789115646258503	859	PFA1	G1	RELA-sc3	primary
foreman_859_GATGCTAAGATCTGCT	293	502	0.24701195219123506	859	PFA1	G1	RELA-sc3	primary
foreman_859_GCCTCTACACAGGTTT	265	383	0.044386422976501305	859	PFA1	S	RELA-sc3	primary
foreman_859_GCTGCTTAGACAGAGA	285	426	0.17136150234741784	859	PFA1	S	RELA-sc3	primary
foreman_859_GCTGCTTCACTTGGAT	330	481	0.09355509355509356	859	PFA1	S	RELA-sc3	primary
foreman_859_GGCTCGACACGACTCG	303	436	0.10091743119266056	859	PFA1	G2M	RELA-sc3	primary
foreman_859_GGGCATCCAGGGAGAG	331	520	0.18076923076923077	859	PFA1	G1	RELA-sc3	primary
foreman_859_GGTGAAGTCTTGTTTG	370	637	0.20094191522762953	859	PFA1	S	RELA-sc3	primary
foreman_859_GTGTGCGCACCCAGTG	352	631	0.2836767036450079	859	PFA1	G2M	RELA-sc3	primary
foreman_859_TGACTAGGTCAACTGT	294	423	0.18439716312056736	859	PFA1	G1	RELA-sc3	primary
foreman_859_TGGCTGGGTATCGCAT	341	574	0.19686411149825783	859	PFA1	G2M	RELA-sc3	primary
foreman_859_ACCAGTACAAACGCGA	283	392	0.06377551020408163	859	PFA1	G1	RELA-sc3	primary
foreman_859_ATTATCCAGTGACATA	326	490	0.07959183673469387	859	PFA1	S	RELA-sc3	primary
foreman_859_ACATGGTGTAGGCTGA	370	537	0.0633147113594041	859	PFA1	G1	RELA-sc3	primary
foreman_859_ACATGGTTCTTGTTTG	380	560	0.05892857142857143	859	PFA1	G1	RELA-sc3	primary
foreman_859_ACGAGGACAGACACTT	494	804	0.12453300124533001	859	PFA1	G1	RELA-sc3	primary
foreman_859_ACGCCGAAGGAGCGAG	302	402	0.02736318407960199	859	PFA1	G1	RELA-sc3	primary
foreman_859_ACGCCGAGTTTAGGAA	390	584	0.07876712328767123	859	PFA1	G1	RELA-sc3	primary
foreman_859_ACTGAGTCAATGGAGC	373	578	0.08650519031141868	859	PFA1	G1	RELA-sc3	primary
foreman_859_ACTTACTTCGCGTAGC	392	620	0.18064516129032257	859	PFA1	S	RELA-sc3	primary
foreman_859_AGATTGCGTAACGTTC	403	603	0.0978441127694859	859	PFA1	G1	RELA-sc3	primary
foreman_859_AGGGTGATCACGAAGG	540	819	0.05860805860805861	859	PFA1	G2M	RELA-sc3	primary
foreman_859_AGTTGGTGTAAGAGGA	532	815	0.06748466257668712	859	PFA1	S	RELA-sc3	primary
foreman_859_ATCTACTAGGCTAGCA	637	1440	0.275	859	PFA1	G1	RELA-sc3	primary
foreman_859_ATTTCTGTCTGGCGAC	826	1530	0.041176470588235294	859	PFA1	G1	RELA-sc3	primary
foreman_859_CAAGTTGTCTGTCTAT	405	605	0.04132231404958678	859	PFA1	G2M	RELA-sc3	primary
foreman_859_CACCAGGTCGTCGTTC	425	661	0.07715582450832073	859	PFA1	G1	RELA-sc3	primary
foreman_859_CAGATCAGTCTAGTGT	449	674	0.032640949554896145	859	PFA1	G1	RELA-sc3	primary
foreman_859_CATATGGGTCAGAAGC	614	988	0.08906882591093117	859	PFA1	S	RELA-sc3	primary
foreman_859_CATCCACTCTCTGAGA	489	693	0.05194805194805195	859	PFA1	S	RELA-sc3	primary
foreman_859_CCGGTAGTCTTTCCTC	388	564	0.05673758865248227	859	PFA1	G1	RELA-sc3	primary
foreman_859_CCTAGCTGTCGAACAG	338	464	0.11206896551724138	859	PFA1	G1	RELA-sc3	primary
foreman_859_CCTTTCTCAGTAAGAT	385	594	0.1127946127946128	859	PFA1	S	RELA-sc3	primary
foreman_859_CGACCTTTCAGAGGTG	717	1282	0.0343213728549142	859	PFA1	G1	RELA-sc3	primary
foreman_859_CGCCAAGTCTAGAGTC	431	743	0.1386271870794078	859	PFA1	G1	RELA-sc3	primary
foreman_859_CGGCTAGAGTGGTCCC	398	584	0.09075342465753425	859	PFA1	G1	RELA-sc3	primary
foreman_859_CGGGTCAAGGGTGTGT	322	426	0.035211267605633804	859	PFA1	G1	RELA-sc3	primary
foreman_859_CGTGAGCTCTTTAGTC	477	735	0.0723055934515689	859	PFA1	G2M	RELA-sc3	primary
foreman_859_CTAATGGTCAACACAC	338	477	0.06079664570230608	859	PFA1	G2M	RELA-sc3	primary
foreman_859_CTAGTGACAAACAACA	528	944	0.1673728813559322	859	PFA1	G1	RELA-sc3	primary
foreman_859_CTCATTAGTTGGTGGA	391	561	0.0784313725490196	859	PFA1	G1	RELA-sc3	primary
foreman_859_CTGCCTAAGACTTGAA	348	479	0.1022964509394572	859	PFA1	S	RELA-sc3	primary
foreman_859_CTTAGGAAGATAGCAT	354	551	0.12522686025408347	859	PFA1	G1	RELA-sc3	primary
foreman_859_GAAACTCTCTCTTGAT	567	915	0.05792349726775956	859	PFA1	G1	RELA-sc3	primary
foreman_859_GACGCGTTCCCAACGG	419	663	0.06334841628959276	859	PFA1	G1	RELA-sc3	primary
foreman_859_GAGGTGAAGCTAACAA	467	740	0.052702702702702706	859	PFA1	G1	RELA-sc3	primary
foreman_859_GAGTCCGGTTTGTGTG	367	587	0.11073253833049404	859	PFA1	G1	RELA-sc3	primary
foreman_859_GATCAGTCAATGGAAT	566	950	0.08736842105263158	859	PFA1	S	RELA-sc3	primary
foreman_859_GCGCAACAGTTAAGTG	630	1051	0.06470028544243578	859	PFA1	G1	RELA-sc3	primary
foreman_859_GCGCCAACACACTGCG	496	738	0.05420054200542006	859	PFA1	G1	RELA-sc3	primary
foreman_859_GCTGCTTCATCGGACC	456	709	0.06346967559943582	859	PFA1	G1	RELA-sc3	primary
foreman_859_GGACGTCTCACCGTAA	383	605	0.09256198347107437	859	PFA1	G1	RELA-sc3	primary
foreman_859_GGCTCGACAGGGTACA	548	864	0.10532407407407407	859	PFA1	G1	RELA-sc3	primary
foreman_859_TTGCGTCCACCAGATT	811	1472	0.11888586956521739	859	PFA1	S	RELA-sc3	primary
foreman_859_ACATACGAGTGCCAGA	640	1046	0.0057361376673040155	859	PFA1	S	RELA-sc3	primary
foreman_859_AGGGAGTGTGCTGTAT	444	625	0.0208	859	PFA1	G1	RELA-sc3	primary
foreman_859_ATTATCCCAGACGCAA	624	942	0.029723991507430998	859	PFA1	G1	RELA-sc3	primary
foreman_859_ATTGGACTCGTGACAT	441	686	0.06997084548104957	859	PFA1	G1	RELA-sc3	primary
foreman_859_CACAAACAGCATGGCA	450	636	0.09606299212598425	859	PFA1	S	RELA-sc3	primary
foreman_859_CGAATGTGTGTAAGTA	600	922	0.01735357917570499	859	PFA1	S	RELA-sc3	primary
foreman_859_GAATGAATCCGAATGT	455	647	0.05108359133126935	859	PFA1	G2M	RELA-sc3	primary
foreman_859_AACCATGCAATGAATG	298	399	0.042606516290726815	859	PFA1	G1	RELA-sc3	primary
foreman_859_AACTGGTCACCGGAAA	357	510	0.021568627450980392	859	PFA1	G2M	RELA-sc3	primary
foreman_859_ACACTGAAGGTGTTAA	309	469	0.10660980810234541	859	PFA1	G1	RELA-sc3	primary
foreman_859_ACCAGTAGTCAACTGT	359	480	0.03125	859	PFA1	S	RELA-sc3	primary
foreman_859_ACGTCAAGTCTTCAAG	446	686	0.08600583090379009	859	PFA1	G1	RELA-sc3	primary
foreman_859_ACTGTCCGTTCCGTCT	568	882	0.05668934240362812	859	PFA1	S	RELA-sc3	primary
foreman_859_AGGCCGTCAATGAAAC	364	491	0.054989816700611	859	PFA1	S	RELA-sc3	primary
foreman_859_AGTAGTCAGACACTAA	357	519	0.04046242774566474	859	PFA1	G1	RELA-sc3	primary
foreman_859_AGTCTTTAGAAACCAT	398	579	0.05008635578583765	859	PFA1	G2M	RELA-sc3	primary
foreman_859_AGTGGGACAATCCAAC	375	553	0.06148282097649186	859	PFA1	G1	RELA-sc3	primary
foreman_859_ATCATGGTCTTAACCT	316	437	0.07322654462242563	859	PFA1	G1	RELA-sc3	primary
foreman_859_ATGAGGGAGGAGTTGC	374	551	0.08166969147005444	859	PFA1	G1	RELA-sc3	primary
foreman_859_ATGAGGGTCAACACTG	493	795	0.07044025157232704	859	PFA1	G1	RELA-sc3	primary
foreman_859_ATGAGGGTCGTAGATC	575	940	0.07553191489361702	859	PFA1	G2M	RELA-sc3	primary
foreman_859_CAAGGCCCAATAGCGG	349	538	0.10594795539033457	859	PFA1	G1	RELA-sc3	primary
foreman_859_CACACTCGTCGTGGCT	315	425	0.04470588235294118	859	PFA1	G1	RELA-sc3	primary
foreman_859_CAGTAACAGTGAAGAG	368	521	0.07293666026871401	859	PFA1	G1	RELA-sc3	primary
foreman_859_CAGTCCTAGCACACAG	377	593	0.0893760539629005	859	PFA1	G1	RELA-sc3	primary
foreman_859_CCAATCCCAGCGTCCA	299	399	0.08270676691729323	859	PFA1	G1	RELA-sc3	primary
foreman_859_CCATGTCGTGTGTGCC	388	557	0.07001795332136446	859	PFA1	G1	RELA-sc3	primary
foreman_859_CCATTCGTCAGCCTAA	289	406	0.10344827586206896	859	PFA1	S	RELA-sc3	primary
foreman_859_CCGTACTCACATCCGG	357	540	0.05	859	PFA1	G1	RELA-sc3	primary
foreman_859_CGAATGTGTCAGAATA	487	769	0.08062418725617686	859	PFA1	G1	RELA-sc3	primary
foreman_859_CGGACTGCAACACCTA	400	552	0.04710144927536232	859	PFA1	G1	RELA-sc3	primary
foreman_859_CGTAGCGTCGTAGATC	335	480	0.014583333333333334	859	PFA1	G1	RELA-sc3	primary
foreman_859_CTAGAGTAGAAAGTGG	270	387	0.12403100775193798	859	PFA1	S	RELA-sc3	primary
foreman_859_CTAGAGTGTCTCCACT	404	576	0.026041666666666668	859	PFA1	G1	RELA-sc3	primary
foreman_859_CTTCTCTTCATAAAGG	313	446	0.053811659192825115	859	PFA1	S	RELA-sc3	primary
foreman_859_GAATAAGAGGAACTGC	327	459	0.05228758169934641	859	PFA1	G2M	RELA-sc3	primary
foreman_859_GACACGCTCCACGAAT	338	460	0.04357298474945534	859	PFA1	S	RELA-sc3	primary
foreman_859_GACGGCTGTACATGTC	349	497	0.04426559356136821	859	PFA1	G1	RELA-sc3	primary
foreman_859_GATGAGGTCTCCCTGA	348	493	0.036511156186612576	859	PFA1	S	RELA-sc3	primary
foreman_859_GATTCAGAGGTGATTA	287	408	0.04914004914004914	859	PFA1	G2M	RELA-sc3	primary
foreman_859_GCAATCAAGCGGCTTC	456	684	0.038011695906432746	859	PFA1	G1	RELA-sc3	primary
foreman_859_GCAATCAGTAGCGTGA	404	583	0.060034305317324184	859	PFA1	G1	RELA-sc3	primary
foreman_859_GCCAAATCAAGGTGTG	360	536	0.13432835820895522	859	PFA1	G1	RELA-sc3	primary
foreman_859_GCGACCACAATCACAC	317	427	0.01405152224824356	859	PFA1	G1	RELA-sc3	primary
foreman_859_GCGCAACAGCTGTCTA	581	1050	0.08761904761904762	859	PFA1	S	RELA-sc3	primary
foreman_859_GCTGCTTGTATGGTTC	319	420	0.05	859	PFA1	G2M	RELA-sc3	primary
foreman_859_GCTTGAACACAACTGT	284	401	0.0475	859	PFA1	G1	RELA-sc3	primary
foreman_859_GGAACTTCACGAAAGC	344	452	0.035398230088495575	859	PFA1	G1	RELA-sc3	primary
foreman_859_GGACATTAGCGTGTCC	387	582	0.0859106529209622	859	PFA1	G1	RELA-sc3	primary
foreman_859_GGATGTTAGACTAGGC	301	421	0.05463182897862233	859	PFA1	G2M	RELA-sc3	primary
foreman_859_GGGCATCTCTTTACGT	500	767	0.03911342894393742	859	PFA1	G1	RELA-sc3	primary
foreman_859_GGGTTGCCAGACACTT	324	436	0.06880733944954129	859	PFA1	G2M	RELA-sc3	primary
foreman_859_GGTATTGCATGGGAAC	472	757	0.10700132100396301	859	PFA1	G1	RELA-sc3	primary
foreman_859_GGTATTGGTGTGTGCC	355	548	0.07481751824817519	859	PFA1	G1	RELA-sc3	primary
foreman_859_GGTGAAGCAAGTAGTA	297	403	0.03970223325062035	859	PFA1	G1	RELA-sc3	primary
foreman_859_GTATCTTCACCCTATC	453	733	0.06548431105047749	859	PFA1	G1	RELA-sc3	primary
foreman_859_GTCACAACATCAGTCA	311	426	0.051643192488262914	859	PFA1	G1	RELA-sc3	primary
foreman_859_GTCACGGAGAGTAATC	450	666	0.06906906906906907	859	PFA1	G1	RELA-sc3	primary
foreman_859_GTCCTCAGTTCTCATT	422	629	0.06995230524642289	859	PFA1	G1	RELA-sc3	primary
foreman_859_GTCGGGTGTTTACTCT	383	505	0.033663366336633666	859	PFA1	G1	RELA-sc3	primary
foreman_859_GTCTTCGTCCTGTACC	278	385	0.046753246753246755	859	PFA1	G1	RELA-sc3	primary
foreman_859_GTTACAGCACAGACTT	425	624	0.12179487179487179	859	PFA1	S	RELA-sc3	primary
foreman_859_GTTCTCGCATTGGCGC	321	413	0.014527845036319613	859	PFA1	G1	RELA-sc3	primary
foreman_859_GTTTCTAAGCCTTGAT	360	507	0.06324110671936758	859	PFA1	G2M	RELA-sc3	primary
foreman_859_TACGGTATCAGAGCTT	596	947	0.02854122621564482	859	PFA1	S	RELA-sc3	primary
foreman_859_TCAACGATCCTAGGGC	437	681	0.07048458149779736	859	PFA1	G1	RELA-sc3	primary
foreman_859_TCAGCAAAGATCCGAG	881	1539	0.10526315789473684	859	PFA1	G1	RELA-sc3	primary
foreman_859_TCCACACCAATAAGCA	572	907	0.05622932745314223	859	PFA1	G2M	RELA-sc3	primary
foreman_859_TCGAGGCTCGGAAATA	521	735	0.017687074829931974	859	PFA1	G2M	RELA-sc3	primary
foreman_859_TCGCGAGAGACTCGGA	465	786	0.13104325699745548	859	PFA1	G1	RELA-sc3	primary
foreman_859_TCGTACCAGATAGTCA	333	444	0.024774774774774775	859	PFA1	G1	RELA-sc3	primary
foreman_859_TCGTACCGTCCGAGTC	339	501	0.07984031936127745	859	PFA1	G1	RELA-sc3	primary
foreman_859_TGAGAGGAGAGAGCTC	294	418	0.03110047846889952	859	PFA1	G1	RELA-sc3	primary
foreman_859_TGATTTCGTCTAGGTT	380	495	0.04048582995951417	859	PFA1	G1	RELA-sc3	primary
foreman_859_TGCCAAATCAGCTCGG	581	935	0.08449197860962566	859	PFA1	S	RELA-sc3	primary
foreman_859_TGCTACCAGACTCGGA	420	654	0.06116207951070336	859	PFA1	G1	RELA-sc3	primary
foreman_859_TGGACGCAGAAACCGC	398	657	0.1415525114155251	859	PFA1	G1	RELA-sc3	primary
foreman_859_TGGCGCACACTAGTAC	325	499	0.09619238476953908	859	PFA1	G1	RELA-sc3	primary
foreman_859_TGTGTTTTCCCATTAT	644	1008	0.06944444444444445	859	PFA1	G1	RELA-sc3	primary
foreman_859_TTATGCTAGCACCGTC	422	694	0.07780979827089338	859	PFA1	G1	RELA-sc3	primary
foreman_859_TTGCCGTTCACATAGC	429	630	0.046031746031746035	859	PFA1	S	RELA-sc3	primary
foreman_859_TTTACTGAGCAATCTC	484	700	0.06857142857142857	859	PFA1	S	RELA-sc3	primary
foreman_859_TTTATGCTCTACTATC	254	401	0.1571072319201995	859	PFA1	G1	RELA-sc3	primary
foreman_897_CACATAGAGCCCAGCT	743	1181	0.04826418289585097	897	PFA2	G2M	UEC-1	primary
foreman_897_CCGTACTCATGTTGAC	584	1018	0.16797642436149313	897	PFA2	G2M	RELA-sc3	primary
foreman_897_CACCTTGCAAGAGTCG	608	993	0.11681772406847936	897	PFA2	G1	RELA-sc3	primary
foreman_897_GACCAATAGGCCCTCA	536	772	0.022020725388601035	897	PFA2	S	RELA-sc3	primary
foreman_897_GTTAAGCAGGGTCTCC	580	1067	0.26991565135895035	897	PFA2	G1	RELA-sc3	primary
foreman_897_TAAACCGAGCGATTCT	546	976	0.16700819672131148	897	PFA2	G1	RELA-sc3	primary
foreman_897_ACTATCTGTGGGTATG	556	718	0.057103064066852366	897	PFA2	G1	RELA-sc3	primary
foreman_897_CAGATCATCGATAGAA	701	1336	0.038922155688622756	897	PFA2	G2M	RELA-sc3	primary
foreman_897_CCGTGGAGTCAAGCGA	627	1039	0.09143407122232916	897	PFA2	G1	RELA-sc3	primary
foreman_897_GCGAGAATCGGTTCGG	560	961	0.20395421436004163	897	PFA2	S	RELA-sc3	primary
foreman_911_AAAGTAGAGCGAGAAA	288	454	0.2488986784140969	911	PFA2	G1	RELA-sc3	primary
foreman_911_AACCATGAGGCTAGAC	294	464	0.2543103448275862	911	PFA2	G1	RELA-sc3	primary
foreman_911_AAGGAGCGTTATCACG	279	434	0.22811059907834103	911	PFA2	G2M	RELA-sc3	primary
foreman_911_AAGTCTGCATACGCTA	482	932	0.24597207303974222	911	PFA2	G2M	RELA-sc3	primary
foreman_911_ACCAGTATCGCCTGTT	258	389	0.2236503856041131	911	PFA2	G1	RELA-sc3	primary
foreman_911_AGACGTTTCATTATCC	251	385	0.22337662337662337	911	PFA2	G1	RELA-sc3	primary
foreman_911_AGATTGCAGTGCCATT	298	450	0.13555555555555557	911	PFA2	G2M	RELA-sc3	primary
foreman_911_AGGTCATGTCATTAGC	486	869	0.2002301495972382	911	PFA2	G1	RELA-sc3	primary
foreman_911_AGTGTCAAGCGGATCA	294	490	0.24081632653061225	911	PFA2	G1	RELA-sc3	primary
foreman_911_CATCGGGTCTACGAGT	353	634	0.24605678233438485	911	PFA2	G1	RELA-sc3	primary
foreman_911_CATTATCTCGTCCGTT	232	355	0.18591549295774648	911	PFA2	G1	RELA-sc3	primary
foreman_911_CATTCGCAGCGTTTAC	356	655	0.27938931297709924	911	PFA2	G1	RELA-sc3	primary
foreman_911_CCATGTCTCCACGTTC	241	376	0.27393617021276595	911	PFA2	G2M	RELA-sc3	primary
foreman_911_CCATTCGGTTATCACG	340	580	0.2396551724137931	911	PFA2	G1	RELA-sc3	primary
foreman_911_CCGGGATGTATTAGCC	274	398	0.16834170854271358	911	PFA2	S	RELA-sc3	primary
foreman_911_CGAGAAGAGGAATGGA	658	1252	0.2292332268370607	911	PFA2	G1	RELA-sc3	primary
foreman_911_CGTCTACTCAGGCGAA	274	452	0.22566371681415928	911	PFA2	G1	RELA-sc3	primary
foreman_911_GCGACCACACTTCTGC	222	329	0.22796352583586627	911	PFA2	G1	RELA-sc3	primary
foreman_911_GCGAGAAGTAGATTAG	746	1826	0.2997260273972603	911	PFA2	G1	RELA-sc3	primary
foreman_911_GCGCAACCACGGACAA	213	322	0.2329192546583851	911	PFA2	G2M	RELA-sc3	primary
foreman_911_GCTGCGATCACTCTTA	269	460	0.24782608695652175	911	PFA2	G1	RELA-sc3	primary
foreman_911_GCTGGGTAGCTGATAA	379	649	0.21879815100154082	911	PFA2	S	RELA-sc3	primary
foreman_911_TACGGATTCTTGCCGT	307	482	0.18464730290456433	911	PFA2	G1	RELA-sc3	primary
foreman_911_TACTCGCGTTCAACCA	351	570	0.20877192982456141	911	PFA2	S	RELA-sc3	primary
foreman_911_TCCCGATGTCATATGC	460	758	0.16380449141347425	911	PFA2	S	RELA-sc3	primary
foreman_911_TCGCGTTAGTATGACA	294	479	0.19874476987447698	911	PFA2	G2M	RELA-sc3	primary
foreman_911_TCGTAGACAGATCTGT	212	315	0.17777777777777778	911	PFA2	G1	RELA-sc3	primary
foreman_911_TGCTACCTCATACGGT	291	471	0.18046709129511676	911	PFA2	S	RELA-sc3	primary
foreman_911_TTGGCAACAGTACACT	433	780	0.24743589743589745	911	PFA2	G2M	RELA-sc3	primary
foreman_911_ACACCAAAGGCAGGTT	774	1466	0.11050477489768076	911	PFA2	G2M	RELA-sc3	primary
foreman_911_ACGGCCAAGTGAAGAG	683	1334	0.2098950524737631	911	PFA2	G1	RELA-sc3	primary
foreman_911_AGAATAGCAGCTCGCA	533	928	0.18642241379310345	911	PFA2	G2M	RELA-sc3	primary
foreman_911_CACCTTGGTTCGAATC	715	1408	0.18821022727272727	911	PFA2	G2M	RELA-sc3	primary
foreman_911_CTACCCACACAGATTC	1237	2849	0.19950825430277486	911	PFA2	G2M	RELA-sc3	primary
foreman_911_TAAACCGAGCTGCGAA	620	1214	0.2652388797364086	911	PFA2	G2M	RELA-sc3	primary
foreman_911_TCGCGTTGTTGGGACA	568	997	0.16950852557673018	911	PFA2	G1	RELA-sc3	primary
foreman_911_ACAGCTAAGCAGGCTA	388	609	0.1625615763546798	911	PFA2	G1	RELA-sc3	primary
foreman_911_ACGGGCTCACTTCGAA	229	311	0.09646302250803858	911	PFA2	G1	RELA-sc3	primary
foreman_911_ACTGATGGTAGAAGGA	370	605	0.21322314049586777	911	PFA2	S	RELA-sc3	primary
foreman_911_ACTTGTTGTTAGATGA	553	961	0.11758584807492195	911	PFA2	G1	RELA-sc3	primary
foreman_911_AGCGTATTCACCACCT	369	584	0.1660958904109589	911	PFA2	G1	RELA-sc3	primary
foreman_911_AGTAGTCCAACTGCGC	331	472	0.13983050847457626	911	PFA2	G1	RELA-sc3	primary
foreman_911_ATCGAGTGTTCGTGAT	316	440	0.1431818181818182	911	PFA2	G1	RELA-sc3	primary
foreman_911_CACTCCAGTCTCCACT	593	1077	0.1968430826369545	911	PFA2	S	RELA-sc3	primary
foreman_911_CCACGGATCTTGCAAG	421	694	0.14553314121037464	911	PFA2	G1	RELA-sc3	primary
foreman_911_CCCAATCCACATTAGC	518	888	0.20608108108108109	911	PFA2	G1	RELA-sc3	primary
foreman_911_CTCATTAAGCCAGGAT	308	410	0.05121951219512195	911	PFA2	G2M	RELA-sc3	primary
foreman_911_GATCAGTAGCTAAGAT	281	431	0.16705336426914152	911	PFA2	G1	RELA-sc3	primary
foreman_911_GATCAGTCACGGTGTC	416	629	0.10651828298887123	911	PFA2	G1	RELA-sc3	primary
foreman_911_GATCGCGGTAGAGCTG	355	572	0.19405594405594406	911	PFA2	S	RELA-sc3	primary
foreman_911_GTACTCCAGTGAAGTT	298	468	0.17094017094017094	911	PFA2	G1	RELA-sc3	primary
foreman_911_GTTCGGGGTGTATGGG	347	493	0.09127789046653144	911	PFA2	G1	RELA-sc3	primary
foreman_911_TCTATTGAGGATGGAA	497	791	0.14285714285714285	911	PFA2	G1	RELA-sc3	primary
foreman_911_TGCACCTCAGATGGGT	279	405	0.1580246913580247	911	PFA2	G2M	RELA-sc3	primary
foreman_928_CTCAGAATCAGAAATG	501	675	0.03851851851851852	928	PFA1	S	RELA-sc3	primary
foreman_965_AACACGTAGGGATCTG	533	823	0.15188335358444716	965	PFA2	G1	RELA-sc3	primary
foreman_965_ACGGGCTAGCACAGGT	389	600	0.18666666666666668	965	PFA2	G1	RELA-sc3	primary
foreman_965_ACTGCTCAGTGCCATT	564	752	0.03324468085106383	965	PFA2	G2M	RELA-sc3	primary
foreman_965_AGCTCTCGTATCTGCA	717	1412	0.19971671388101983	965	PFA2	G2M	RELA-sc3	primary
foreman_965_AGGTCATCAAAGGAAG	817	1521	0.2143326758711374	965	PFA2	G1	RELA-sc3	primary
foreman_965_CACCTTGAGATATGCA	515	732	0.06693989071038252	965	PFA2	S	RELA-sc3	primary
foreman_965_CAGAATCTCGGAGCAA	445	633	0.0679304897314376	965	PFA2	G1	RELA-sc3	primary
foreman_965_CAGTAACCAGTAAGCG	463	590	0.04406779661016949	965	PFA2	S	RELA-sc3	primary
foreman_965_CATCAAGGTTAAGATG	611	1142	0.17425569176882663	965	PFA2	G1	RELA-sc3	primary
foreman_965_CATCAGAGTGTTGGGA	347	505	0.15841584158415842	965	PFA2	S	RELA-sc3	primary
foreman_965_CATGCCTGTGTGTGCC	395	547	0.07861060329067641	965	PFA2	G1	RELA-sc3	primary
foreman_965_CCTACCAGTGTGAATA	1003	1641	0.056707317073170734	965	PFA2	G1	RELA-sc3	primary
foreman_965_CGAGCCAGTGAAATCA	978	1623	0.025878003696857672	965	PFA2	S	RELA-sc3	primary
foreman_965_CTTGGCTTCGCATGAT	838	1213	0.011541632316570486	965	PFA2	G1	RELA-sc3	primary
foreman_965_TGATTTCCACAGTCGC	592	1285	0.2552529182879377	965	PFA2	G1	RELA-sc3	primary
foreman_965_ACACCAAGTACCGAGA	473	1218	0.25287356321839083	965	PFA2	G1	RELA-sc3	primary
foreman_965_AGTGAGGAGTGGGTTG	389	1038	0.13680154142581888	965	PFA2	G1	RELA-sc3	primary
foreman_965_CAAGATCCAATGTTGC	528	1380	0.13623188405797101	965	PFA2	G1	RELA-sc3	primary
foreman_965_CACATTTCACTAAGTC	569	911	0.15367727771679474	965	PFA2	G2M	RELA-sc3	primary
foreman_965_CAGTAACAGACGCACA	498	1135	0.28986784140969163	965	PFA2	G1	RELA-sc3	primary
foreman_965_CGCTTCATCCGAGCCA	626	1152	0.1449652777777778	965	PFA2	G1	RELA-sc3	primary
foreman_965_CTCGGAGGTAGCGTAG	505	1105	0.08967391304347826	965	PFA2	G1	RELA-sc3	primary
foreman_965_CTGAAACGTGCACCAC	508	1005	0.22487562189054727	965	PFA2	G1	RELA-sc3	primary
foreman_965_CTTAACTGTGAAATCA	436	1117	0.19158460161145927	965	PFA2	G1	RELA-sc3	primary
foreman_965_CTTCTCTGTCAGTGGA	508	1031	0.2017458777885548	965	PFA2	G2M	RELA-sc3	primary
foreman_965_GACCTGGAGGTGATTA	517	1156	0.16782006920415224	965	PFA2	G1	RELA-sc3	primary
foreman_965_GACGTTATCACATACG	702	1267	0.14917127071823205	965	PFA2	G1	RELA-sc3	primary
foreman_965_GCACATATCGTCACGG	500	911	0.29198682766191	965	PFA2	S	RELA-sc3	primary
foreman_965_GCGCGATTCAGCTTAG	499	1189	0.2674516400336417	965	PFA2	G1	RELA-sc3	primary
foreman_965_GGGACCTCACAGACTT	407	599	0.12020033388981637	965	PFA2	S	RELA-sc3	primary
foreman_965_GGGAGATAGACTGTAA	471	976	0.17827868852459017	965	PFA2	G1	RELA-sc3	primary
foreman_965_GTACTCCCAGGAATGC	661	2357	0.10097581671616461	965	PFA2	G2M	RELA-sc3	primary
foreman_965_GTGTGCGAGCGAGAAA	649	1696	0.18101415094339623	965	PFA2	G1	RELA-sc3	primary
foreman_965_TACTTACGTACCGTAT	521	1577	0.16106531388712747	965	PFA2	G1	RELA-sc3	primary
foreman_965_TCTCTAATCGCAAACT	498	761	0.1616294349540079	965	PFA2	G2M	RELA-sc3	primary
foreman_965_TCTGGAATCGGCTACG	702	1328	0.22289156626506024	965	PFA2	G1	RELA-sc3	primary
foreman_965_TGACAACAGAGCTTCT	566	1032	0.24903100775193798	965	PFA2	G1	RELA-sc3	primary
foreman_965_TGCCAAACACAGAGGT	599	1039	0.20981713185755535	965	PFA2	G2M	RELA-sc3	primary
foreman_965_TGCGGGTCATGTCCTC	613	1591	0.19484600879949718	965	PFA2	G1	RELA-sc3	primary
foreman_965_TTCTCCTAGAGTAATC	606	1236	0.21440129449838188	965	PFA2	G1	RELA-sc3	primary
foreman_965_ACTGATGAGACACTAA	444	781	0.22279129321382843	965	PFA2	G1	RELA-sc3	primary
foreman_965_AGGGAGTCACAGATTC	810	1521	0.060486522024983565	965	PFA2	G1	RELA-sc3	primary
foreman_965_ATTATCCAGATCCCGC	627	1289	0.2451512800620636	965	PFA2	G1	RELA-sc3	primary
foreman_965_CAACCAACAGTAGAGC	667	1288	0.12732919254658384	965	PFA2	G2M	RELA-sc3	primary
foreman_965_CGATGTAGTTGACGTT	1373	5027	0.267157350308335	965	PFA2	G1	RELA-sc3	primary
foreman_965_CTAAGACGTTATCACG	1105	2549	0.21341702628481757	965	PFA2	G1	TEC	primary
foreman_965_GCAGTTACATAACCTG	587	1243	0.08447304907481899	965	PFA2	G2M	RELA-sc3	primary
foreman_965_GCATACAGTTCCAACA	404	675	0.23555555555555555	965	PFA2	G2M	RELA-sc3	primary
foreman_965_TCTATTGCACGGACAA	733	1264	0.0925632911392405	965	PFA2	S	RELA-sc3	primary
foreman_965_TGACGGCAGCGGCTTC	632	1242	0.20048309178743962	965	PFA2	G1	RELA-sc3	primary
foreman_965_TTAACTCCACTTAACG	1619	6116	0.10775016350555919	965	PFA2	G1	RELA-sc3	primary
foreman_965_TTTACTGCAGCCTTTC	1103	2872	0.15668523676880222	965	PFA2	G1	RELA-sc3	primary
foreman_965_CAACCTCAGCAGATCG	578	1002	0.2654690618762475	965	PFA2	G1	RELA-sc3	primary
foreman_965_AAATGCCAGTTCGCAT	526	1208	0.11589403973509933	965	PFA2	G1	RELA-sc3	primary
foreman_965_AAGCCGCCACCTATCC	523	1547	0.18099547511312217	965	PFA2	G2M	RELA-sc3	primary
foreman_965_AAGGCAGCACCTCGGA	450	650	0.023076923076923078	965	PFA2	G1	RELA-sc3	primary
foreman_965_AATCGGTTCAGCACAT	1137	3149	0.13623372499206096	965	PFA2	S	RELA-sc3	primary
foreman_965_ACGAGCCGTTAGATGA	442	574	0.03832752613240418	965	PFA2	G1	RELA-sc3	primary
foreman_965_ACGCCGAGTCGAACAG	781	1812	0.08498896247240618	965	PFA2	G1	RELA-sc3	primary
foreman_965_ACTTACTGTACATCCA	446	658	0.057750759878419454	965	PFA2	G2M	RELA-sc3	primary
foreman_965_AGAGTGGTCTTAGCCC	466	706	0.13031161473087818	965	PFA2	S	RELA-sc3	primary
foreman_965_AGCGTCGAGATAGCAT	522	933	0.2465166130760986	965	PFA2	G2M	RELA-sc3	primary
foreman_965_AGCGTCGCAGAAGCAC	405	543	0.0570902394106814	965	PFA2	G1	RELA-sc3	primary
foreman_965_AGCTTGAAGTGGCACA	391	546	0.08608058608058608	965	PFA2	G1	RELA-sc3	primary
foreman_965_AGGCCACAGGAGTTTA	709	1921	0.0739198334200937	965	PFA2	G1	RELA-sc3	primary
foreman_965_AGTCTTTCAGTTCCCT	505	1055	0.12890995260663507	965	PFA2	S	RELA-sc3	primary
foreman_965_ATAGACCAGAGATGAG	703	1475	0.21898305084745762	965	PFA2	G2M	RELA-sc3	primary
foreman_965_ATCCACCCACCACGTG	658	1387	0.10814708002883922	965	PFA2	G1	RELA-sc3	primary
foreman_965_ATGAGGGTCAACGCTA	671	970	0.03402061855670103	965	PFA2	G2M	RELA-sc3	primary
foreman_965_ATGCGATCATAGTAAG	489	1116	0.1424731182795699	965	PFA2	G2M	RELA-sc3	primary
foreman_965_ATTCTACTCGTCACGG	463	662	0.03927492447129909	965	PFA2	S	RELA-sc3	primary
foreman_965_ATTGGACTCCCACTTG	603	1321	0.13096139288417866	965	PFA2	S	RELA-sc3	primary
foreman_965_CACCACTCAGCTGGCT	485	1113	0.0664869721473495	965	PFA2	G1	RELA-sc3	primary
foreman_965_CATGACACATGCCCGA	660	1709	0.06787595084844938	965	PFA2	G1	RELA-sc3	primary
foreman_965_CCATTCGAGGCTCAGA	351	511	0.18199608610567514	965	PFA2	G1	RELA-sc3	primary
foreman_965_CGCTGGAAGGCTAGAC	461	681	0.09691629955947137	965	PFA2	G2M	RELA-sc3	primary
foreman_965_CGGACACAGACGCAAC	656	1035	0.06859903381642513	965	PFA2	G2M	RELA-sc3	primary
foreman_965_CGTCACTCAATGTTGC	699	1075	0.06325581395348837	965	PFA2	G1	RELA-sc3	primary
foreman_965_CTACCCAGTTGACGTT	634	951	0.07255520504731862	965	PFA2	G1	RELA-sc3	primary
foreman_965_CTACCCATCGGCATCG	410	554	0.021660649819494584	965	PFA2	G2M	RELA-sc3	primary
foreman_965_CTGATCCAGACATAAC	421	541	0.05545286506469501	965	PFA2	G1	RELA-sc3	primary
foreman_965_CTGGTCTCATCACAAC	1108	3045	0.12052545155993431	965	PFA2	G1	RELA-sc3	primary
foreman_965_CTTTGCGAGTTCGATC	1157	2640	0.0659090909090909	965	PFA2	G1	RELA-sc3	primary
foreman_965_GCAAACTTCTTGCATT	1485	3781	0.07301587301587302	965	PFA2	G1	RELA-sc3	primary
foreman_965_GGGACCTCACGGACAA	601	1112	0.15827338129496402	965	PFA2	S	RELA-sc3	primary
foreman_965_GTCGTAAAGAGCAATT	630	1061	0.058435438265786996	965	PFA2	G2M	RELA-sc3	primary
foreman_965_GTGCTTCTCGCGATCG	621	893	0.0683090705487122	965	PFA2	G2M	RELA-sc3	primary
foreman_965_TAGCCGGTCCGGCACA	407	557	0.02872531418312388	965	PFA2	G1	RELA-sc3	primary
foreman_965_TCTCTAATCAGTTTGG	1009	2923	0.05302771125555936	965	PFA2	G1	RELA-sc3	primary
foreman_965_TGAGCATAGCTCCTTC	590	897	0.08249721293199554	965	PFA2	S	RELA-sc3	primary
foreman_965_TGGCCAGAGACCTTTG	376	524	0.01717557251908397	965	PFA2	G1	RELA-sc3	primary
foreman_965_TTAGTTCGTTCTCATT	416	522	0.0210727969348659	965	PFA2	G1	RELA-sc3	primary
foreman_965_TTGACTTGTATTACCG	533	983	0.10681586978636826	965	PFA2	G2M	RELA-sc3	primary
foreman_965_TTGGAACCATAAAGGT	443	642	0.1308411214953271	965	PFA2	G1	RELA-sc3	primary
foreman_965_TTGGAACGTTAGATGA	520	772	0.06606217616580311	965	PFA2	S	RELA-sc3	primary
foreman_965_TTTGTCAGTCAGCTAT	346	506	0.16798418972332016	965	PFA2	G1	RELA-sc3	primary
foreman_987_TTCCTTCCATTAGGCT	324	524	0.25	987	PFA2	G2M	RELA-sc3	primary
foreman_987_AAGCATCCACGTAGTT	688	1229	0.18144833197721724	987	PFA2	G2M	RELA-sc3	primary
foreman_987_GCACATAGTGTAAATG	542	952	0.27024185068349105	987	PFA2	G1	RELA-sc3	primary
foreman_987_TTCCTAAGTATGGGAC	451	732	0.26265389876880985	987	PFA2	G1	RELA-sc3	primary
foreman_1010_CTGTAGACACTTGAGT	1567	4207	0.2859519847872593	1010	PFA1	G1	RELA-sc3	primary
foreman_1010_GACGTTAGTGCGGTAA	4224	14713	0.10243338771071234	1010	PFA1	S	RELA-sc3	primary
foreman_1010_AGGGCTCCACTAGGTT	289	511	0.20743639921722112	1010	PFA1	S	RELA-sc3	primary
foreman_1010_GTAACCAAGATGCAGC	756	1880	0.249468085106383	1010	PFA1	G2M	RELA-sc3	primary
foreman_1010_GTGCTGGAGGACAAGA	1140	2677	0.28726186029137096	1010	PFA1	S	RELA-sc3	primary
foreman_1010_CGAAGTTGTAATGTGA	737	1643	0.2738892270237371	1010	PFA1	G2M	RELA-sc3	primary
foreman_1010_GATGACTGTCATTCCC	502	761	0.13272010512483573	1010	PFA1	G2M	RELA-sc3	primary
foreman_1010_AACAACCCAGCTGTAT	708	1348	0.18188567186340016	1010	PFA1	G1	RELA-sc3	primary
foreman_1010_AAGACAAGTGGATTTC	526	829	0.014475271411338963	1010	PFA1	S	RELA-sc3	primary
foreman_1010_AATGCCATCACTACGA	1473	3944	0.27028397565922924	1010	PFA1	S	RELA-sc3	primary
foreman_1010_AGATCGTCAAAGCACG	1305	3175	0.23622047244094488	1010	PFA1	G2M	RELA-sc3	primary
foreman_1010_AGATCGTCAGCCCACA	4447	16826	0.07714710252600297	1010	PFA1	G1	RELA-sc3	primary
foreman_1010_ATCCCTGGTCTGCATA	901	1896	0.15559071729957805	1010	PFA1	G1	RELA-sc3	primary
foreman_1010_CAGTTAGGTCTAACTG	1991	6353	0.12122166246851386	1010	PFA1	S	RELA-sc3	primary
foreman_1010_CCGTAGGGTTGCATAC	1920	4751	0.04967375289412755	1010	PFA1	G1	RELA-sc3	primary
foreman_1010_CTCTGGTGTTGCAAGG	1376	3187	0.054596799497960466	1010	PFA1	G1	RELA-sc3	primary
foreman_1010_TACGTCCAGCACTCCG	584	929	0.005382131324004306	1010	PFA1	G1	RELA-sc3	primary
foreman_1010_TCATATCCATGTGGCC	834	1508	0.10941644562334217	1010	PFA1	G1	RELA-sc3	primary
foreman_1010_TTACCATAGACATCAA	1139	3002	0.1036321226257914	1010	PFA1	G2M	RELA-sc3	primary
foreman_1010_TTCCGTGCATACAGGG	954	1903	0.16342616920651604	1010	PFA1	G1	RELA-sc3	primary
foreman_1048_CAAGGGATCGAGAGCA	966	1517	0.15820698747528017	1048	PFA1	G2M	RELA-sc3	primary
foreman_1048_CCGGTGATCCAACCGG	3488	10909	0.10551888522185551	1048	PFA1	S	RELA-sc3	primary
foreman_1048_GATCACATCATGACAC	1213	1912	0.06485355648535565	1048	PFA1	S	RELA-sc3	primary
foreman_1048_GTATTGGTCTCGAACA	2926	8141	0.14842118196338616	1048	PFA1	G1	RELA-sc3	primary
foreman_1048_TGATGCAAGGATGAGA	2837	8484	0.07767562470532767	1048	PFA1	S	RELA-sc3	primary
foreman_1048_TTCGCTGGTTGCTGAT	3309	12899	0.06527637801379951	1048	PFA1	G1	RELA-sc3	primary
foreman_1048_ATAGACCGTCGCCTAG	480	727	0.17056396148555708	1048	PFA1	G2M	RELA-sc3	primary
foreman_1048_CATTTCAGTTGTCTAG	381	537	0.11731843575418995	1048	PFA1	G1	RELA-sc3	primary
foreman_1048_GTCGTTCTCCGCAGTG	779	1416	0.11087570621468927	1048	PFA1	G2M	RELA-sc3	primary
foreman_1048_CACGGGTCAGAGAAAG	1633	3845	0.0988296488946684	1048	PFA1	S	RELA-sc3	primary
foreman_1048_GGAATGGAGTACAGAT	2021	5262	0.12162675788673508	1048	PFA1	G1	RELA-sc3	primary
foreman_1067_GTAATCGCATAGGTTC	3793	14700	0.2976797985983534	1067	PFB	G1	RELA-sc3	primary
foreman_1067_AATGGAATCAACCTTT	1380	2786	0.25699928212491024	1067	PFB	S	RELA-sc3	primary
foreman_1067_GACCGTGAGCTCACTA	4563	21454	0.06337798105194381	1067	PFB	S	RELA-sc3	primary
foreman_1067_TCATATCGTCGACTTA	227	785	0.15159235668789808	1067	PFB	G1	RELA-sc3	primary
foreman_1067_AGCTACAGTCTGCGCA	4008	16313	0.2742597928032857	1067	PFB	S	RELA-sc3	primary
foreman_1067_CTGTCGTTCCCTTGGT	3959	16652	0.28899165215302386	1067	PFB	G1	RELA-sc3	primary
foreman_1067_GTTCATTAGCGACCCT	405	595	0.20168067226890757	1067	PFB	G1	RELA-sc3	primary
foreman_1067_TCCACCAAGCTGTGCC	940	2071	0.294543698696282	1067	PFB	G1	RELA-sc3	primary
foreman_1067_TCGTGCTGTAGCGAGT	493	867	0.28719723183391005	1067	PFB	G2M	RELA-sc3	primary
foreman_1067_TTCTCTCAGACTGAGC	3688	13532	0.25942350332594233	1067	PFB	S	RELA-sc3	primary
foreman_1067_CTTGAGATCCGTAGTA	1161	3202	0.29075577763897564	1067	PFB	G1	RELA-sc3	primary
foreman_1101_TTTGTCACATGACATC	431	813	0.18696186961869618	1101	PFA2	G2M	RELA-sc3	primary
foreman_1101_ATCGAGTCACAGTCGC	954	1772	0.05417607223476298	1101	PFA2	G2M	TEC	primary
foreman_1101_CGTTGGGCAGACTCGC	450	940	0.11063829787234042	1101	PFA2	G1	RELA-sc3	primary
foreman_1101_TGTCCCACAGCATACT	668	1165	0.12532188841201716	1101	PFA2	G2M	RELA-sc3	primary
foreman_1101_AACCGCGGTTCTGGTA	647	1399	0.2825464949928469	1101	PFA2	S	RELA-sc3	primary
foreman_1101_GGAGCAAGTCATGCAT	595	962	0.15176715176715178	1101	PFA2	G1	RELA-sc3	primary
foreman_1101_GGATGTTCAAGGTGTG	564	999	0.25325325325325326	1101	PFA2	G1	RELA-sc3	primary
foreman_1101_TGCGCAGCAAACCTAC	569	715	0.009790209790209791	1101	PFA2	G2M	RELA-sc3	primary
foreman_1185_TCATGGAAGATACGAT	382	6578	0.014138035877166312	1185	ST-YAP	G1	RELA-sc3	primary
foreman_1185_GTGCGTGTCGAGATAA	410	1505	0.00132890365448505	1185	ST-YAP	S	RELA-sc3	primary
foreman_1185_CCCTGATAGTATGGCG	357	511	0.015655577299412915	1185	ST-YAP	G1	RELA-sc3	primary
foreman_1185_CGGAACCGTTTCGCTC	451	601	0.026622296173044926	1185	ST-YAP	G1	RELA-sc3	primary
foreman_1185_GCCAGCAGTTACTCAG	504	875	0.10742857142857143	1185	ST-YAP	G1	RELA-sc3	primary
foreman_1185_TAACACGAGGGAGGTG	811	2842	0.2072484166080225	1185	ST-YAP	G1	RELA-sc3	primary
foreman_1185_TAGACTGAGGCCTTCG	816	4279	0.255960729312763	1185	ST-YAP	G1	RELA-sc3	primary
foreman_1185_CAACGGCAGATGACAT	692	1140	8.771929824561404e-4	1185	ST-YAP	S	RELA-sc3	primary
foreman_1386_AAAGCAAGTACAAGTA	3266	10911	0.046379468377635194	1386	ST-RELA	G1	RELA-sc3	recurrence
foreman_1386_AACTCTTTCCACTCCA	3410	10510	0.03606089438629876	1386	ST-RELA	G1	RELA-sc3	recurrence
foreman_1386_AACTTTCTCGCATGGC	2265	5218	0.026446914526638558	1386	ST-RELA	S	RELA-sc3	recurrence
foreman_1386_AAGGTTCGTGATGTCT	2329	5972	0.035164099129269925	1386	ST-RELA	S	RELA-sc3	recurrence
foreman_1386_ACACCGGAGCGACGTA	2106	5742	0.046673632880529434	1386	ST-RELA	S	RELA-sc3	recurrence
foreman_1386_ACACTGACAGATCGGA	2287	6231	0.04076392232386455	1386	ST-RELA	G1	RELA-sc3	recurrence
foreman_1386_ACATCAGTCCAGAGGA	2127	5344	0.035179640718562874	1386	ST-RELA	G1	RELA-sc3	recurrence
foreman_1386_ACATGGTGTCTTGATG	3160	9930	0.03675730110775428	1386	ST-RELA	G1	RELA-sc3	recurrence
foreman_1386_ACGATACGTAATTGGA	2903	7723	0.03262980706979153	1386	ST-RELA	G1	RELA-sc3	recurrence
foreman_1386_ACGGAGACATCTACGA	2411	6286	0.031180400890868598	1386	ST-RELA	S	RELA-sc3	recurrence
foreman_1386_ACTGTCCGTTATGCGT	3702	12245	0.057411188240098	1386	ST-RELA	S	RELA-sc3	recurrence
foreman_1386_AGACGTTAGAGTAATC	3538	10393	0.05445973251226787	1386	ST-RELA	S	RELA-sc3	recurrence
foreman_1386_AGATTGCGTATATGGA	3459	9897	0.045978172999191595	1386	ST-RELA	G1	RELA-sc3	recurrence
foreman_1386_AGCTTGAGTTACCAGT	2644	7589	0.04783238898405587	1386	ST-RELA	G1	RELA-sc3	recurrence
foreman_1386_AGTGTCACAACAACCT	2889	8096	0.032114624505928856	1386	ST-RELA	G1	RELA-sc3	recurrence
foreman_1386_AGTTGGTCACTGTTAG	3375	11574	0.04104026265768101	1386	ST-RELA	G1	RELA-sc3	recurrence
foreman_1386_ATCTGCCCAATTCCTT	2534	7404	0.04213938411669368	1386	ST-RELA	S	RELA-sc3	recurrence
foreman_1386_ATGCGATCACTAGTAC	3507	13133	0.04964593009974873	1386	ST-RELA	G1	RELA-sc3	recurrence
foreman_1386_CAACCTCGTTTGACAC	3084	9565	0.07077888133821224	1386	ST-RELA	G1	RELA-sc3	recurrence
foreman_1386_CAACTAGCACCTATCC	3048	9151	0.02240192328707245	1386	ST-RELA	S	RELA-sc3	recurrence
foreman_1386_CACCACTAGAATTCCC	2888	9004	0.039426921368280764	1386	ST-RELA	S	RELA-sc3	recurrence
foreman_1386_CAGATCAGTCAGAAGC	2594	7364	0.03870179250407387	1386	ST-RELA	G1	RELA-sc3	recurrence
foreman_1386_CATCGAAAGCGGCTTC	1960	4982	0.07769524191929332	1386	ST-RELA	S	RELA-sc3	recurrence
foreman_1386_CATGACAAGATAGTCA	2522	7228	0.057969009407858325	1386	ST-RELA	G1	RELA-sc3	recurrence
foreman_1386_CATGGCGCATCTCCCA	2429	6317	0.04939835338822039	1386	ST-RELA	G1	RELA-sc3	recurrence
foreman_1386_CCGGGATTCCGTAGGC	2550	7210	0.04882785407129976	1386	ST-RELA	G1	RELA-sc3	recurrence
foreman_1386_CCGTGGATCTGGTTCC	2943	9560	0.07322941730306518	1386	ST-RELA	S	RELA-sc3	recurrence
foreman_1386_CCTTACGGTCCCGACA	3701	12399	0.03943866440842003	1386	ST-RELA	S	RELA-sc3	recurrence
foreman_1386_CGAGAAGCAGCTGTAT	2134	5479	0.05000912575287461	1386	ST-RELA	G1	RELA-sc3	recurrence
foreman_1386_CGGTTAACAAGCGAGT	2100	5075	0.031724137931034485	1386	ST-RELA	G1	RELA-sc3	recurrence
foreman_1386_CGGTTAATCCCAGGTG	2623	7494	0.07125700560448359	1386	ST-RELA	G1	RELA-sc3	recurrence
foreman_1386_CGTCAGGAGCCCTAAT	3766	11743	0.05126458315592268	1386	ST-RELA	S	RELA-sc3	recurrence
foreman_1386_CTCGAGGGTCTAAAGA	4669	19010	0.08342977380326144	1386	ST-RELA	S	RELA-sc3	recurrence
foreman_1386_CTCTAATGTCTCTCGT	2214	5955	0.051049538203190595	1386	ST-RELA	G1	RELA-sc3	recurrence
foreman_1386_CTCTAATTCTTTACGT	2800	7516	0.027142096860031932	1386	ST-RELA	S	RELA-sc3	recurrence
foreman_1386_CTCTGGTGTCGCATAT	2936	8359	0.03768844221105527	1386	ST-RELA	S	RELA-sc3	recurrence
foreman_1386_CTGATAGAGAATGTTG	2595	6826	0.06987987108116027	1386	ST-RELA	S	RELA-sc3	recurrence
foreman_1386_CTGCGGACATGGTCAT	2635	8275	0.03202416918429003	1386	ST-RELA	S	RELA-sc3	recurrence
foreman_1386_CTTAGGAAGCGACGTA	2917	8152	0.05556918547595682	1386	ST-RELA	G1	RELA-sc3	recurrence
foreman_1386_CTTAGGACAATGGATA	5218	25196	0.057350373075091284	1386	ST-RELA	S	RELA-sc3	recurrence
foreman_1386_CTTTGCGAGGCGATAC	1949	5679	0.0491283676703645	1386	ST-RELA	G1	RELA-sc3	recurrence
foreman_1386_GACGCGTCATGGAATA	2875	8231	0.027578666018709754	1386	ST-RELA	S	RELA-sc3	recurrence
foreman_1386_GCATGATAGGCAATTA	2641	7743	0.04804339403332042	1386	ST-RELA	S	RELA-sc3	recurrence
foreman_1386_GCATGATCATCAGTCA	2481	7005	0.05895788722341185	1386	ST-RELA	S	RELA-sc3	recurrence
foreman_1386_GCGACCACACAGCCCA	2563	6984	0.057416953035509734	1386	ST-RELA	S	RELA-sc3	recurrence
foreman_1386_GCTCTGTAGCGCTTAT	3081	10201	0.05126948338398196	1386	ST-RELA	S	RELA-sc3	recurrence
foreman_1386_GCTGCAGTCTAACCGA	1998	4967	0.046506945842560904	1386	ST-RELA	S	RELA-sc3	recurrence
foreman_1386_GCTTGAATCGTCGTTC	3417	11112	0.06939069390693907	1386	ST-RELA	S	RELA-sc3	recurrence
foreman_1386_GGCAATTAGCCACCTG	3233	10031	0.03987638321204267	1386	ST-RELA	G1	RELA-sc3	recurrence
foreman_1386_GGCCGATAGTACATGA	1865	4749	0.06106548747104654	1386	ST-RELA	G1	RELA-sc3	recurrence
foreman_1386_GGCCGATGTACCGTTA	2260	5753	0.055980528511821975	1386	ST-RELA	S	RELA-sc3	recurrence
foreman_1386_GGCTCGAAGAGGTTAT	2274	5155	0.05082444228903977	1386	ST-RELA	G1	RELA-sc3	recurrence
foreman_1386_GGCTCGATCCTGCCAT	2169	6183	0.047873200711628656	1386	ST-RELA	S	RELA-sc3	recurrence
foreman_1386_GGGTTGCCATATGGTC	2188	5744	0.03499303621169916	1386	ST-RELA	S	RELA-sc3	recurrence
foreman_1386_GGGTTGCGTTCCATGA	1924	4820	0.03755186721991701	1386	ST-RELA	S	RELA-sc3	recurrence
foreman_1386_GGTGTTAGTCGAACAG	2175	5846	0.046527540198426275	1386	ST-RELA	G1	RELA-sc3	recurrence
foreman_1386_GTACGTAAGTATTGGA	2378	5941	0.043427032486113445	1386	ST-RELA	S	RELA-sc3	recurrence
foreman_1386_GTAGTCATCGTGGGAA	2209	5543	0.09994587768356486	1386	ST-RELA	G1	RELA-sc3	recurrence
foreman_1386_GTATCTTCACTCAGGC	3714	12721	0.03403820454366795	1386	ST-RELA	S	RELA-sc3	recurrence
foreman_1386_GTCTCGTAGATCCCAT	3513	11090	0.051127141568981065	1386	ST-RELA	G1	RELA-sc3	recurrence
foreman_1386_GTCTTCGCATCATCCC	2478	6947	0.031672905269219696	1386	ST-RELA	G1	RELA-sc3	recurrence
foreman_1386_GTGAAGGAGATCCGAG	2396	6775	0.04634686346863469	1386	ST-RELA	G1	RELA-sc3	recurrence
foreman_1386_GTGCAGCCATCCGGGT	2166	5461	0.07013367515107123	1386	ST-RELA	S	RELA-sc3	recurrence
foreman_1386_GTGCAGCGTGAGCGAT	4048	14311	0.0359214480396953	1386	ST-RELA	G1	RELA-sc3	recurrence
foreman_1386_GTGCGGTGTTCAGGCC	2186	5632	0.04972473805718345	1386	ST-RELA	S	RELA-sc3	recurrence
foreman_1386_GTTACAGTCGAACGGA	2717	6964	0.039350854516731294	1386	ST-RELA	G1	RELA-sc3	recurrence
foreman_1386_GTTCGGGCACATTTCT	2337	6524	0.05931943592887799	1386	ST-RELA	S	RELA-sc3	recurrence
foreman_1386_TACAGTGAGTCAAGCG	3607	10733	0.0664306344917544	1386	ST-RELA	S	RELA-sc3	recurrence
foreman_1386_TACAGTGAGTGTACCT	2194	5764	0.06436502428868841	1386	ST-RELA	S	RELA-sc3	recurrence
foreman_1386_TACAGTGAGTTGTCGT	3269	11446	0.061506203040363444	1386	ST-RELA	S	RELA-sc3	recurrence
foreman_1386_TACCTATGTAAGTTCC	2855	7685	0.046720458094742325	1386	ST-RELA	G1	RELA-sc3	recurrence
foreman_1386_TACCTTATCCTTTACA	2474	6646	0.04288939051918736	1386	ST-RELA	G1	RELA-sc3	recurrence
foreman_1386_TACTCATCACGGTGTC	2201	6459	0.05728440935129277	1386	ST-RELA	G1	RELA-sc3	recurrence
foreman_1386_TACTTACCAATAGAGT	2228	5072	0.029579964504042596	1386	ST-RELA	G1	RELA-sc3	recurrence
foreman_1386_TAGCCGGAGGCTCTTA	3737	12181	0.05188834154351396	1386	ST-RELA	S	RELA-sc3	recurrence
foreman_1386_TATGCCCCATTACGAC	2922	9865	0.045514445007602634	1386	ST-RELA	G1	RELA-sc3	recurrence
foreman_1386_TCAATCTCAGCTCGCA	2287	6622	0.04318936877076412	1386	ST-RELA	G1	RELA-sc3	recurrence
foreman_1386_TCAATCTGTAGCGATG	1954	5615	0.051291184327693674	1386	ST-RELA	S	RELA-sc3	recurrence
foreman_1386_TCATTACCACTGTGTA	2246	5543	0.0395092909976547	1386	ST-RELA	S	RELA-sc3	recurrence
foreman_1386_TCATTTGAGGCTATCT	2693	7487	0.039268064645385334	1386	ST-RELA	G1	RELA-sc3	recurrence
foreman_1386_TCGCGAGAGACTAGAT	2197	5819	0.04193160336827634	1386	ST-RELA	G1	RELA-sc3	recurrence
foreman_1386_TCGCGAGCAAATCCGT	2060	5732	0.0666434054431263	1386	ST-RELA	G1	RELA-sc3	recurrence
foreman_1386_TCGGTAACACACATGT	1264	3145	0.02003179650238474	1386	ST-RELA	G1	RELA-sc3	recurrence
foreman_1386_TCGTACCTCTGTCTAT	2929	7568	0.04730443974630021	1386	ST-RELA	G1	RELA-sc3	recurrence
foreman_1386_TCTGAGATCTGTACGA	2486	7350	0.028435374149659864	1386	ST-RELA	G1	RELA-sc3	recurrence
foreman_1386_TCTTTCCCATTACCTT	2402	6932	0.03852257971432694	1386	ST-RELA	S	RELA-sc3	recurrence
foreman_1386_TGACGGCTCCTGCCAT	2555	7024	0.05566628701594533	1386	ST-RELA	S	RELA-sc3	recurrence
foreman_1386_TGACTTTAGATATGGT	2096	5132	0.06509452348470084	1386	ST-RELA	G1	RELA-sc3	recurrence
foreman_1386_TGAGGGAGTCGGGTCT	3043	8050	0.0568944099378882	1386	ST-RELA	G1	RELA-sc3	recurrence
foreman_1386_TGCCAAATCTGTCTAT	2199	5964	0.1006204930404159	1386	ST-RELA	G1	RELA-sc3	recurrence
foreman_1386_TGCCCATGTCCAACTA	3020	9000	0.06666666666666667	1386	ST-RELA	S	RELA-sc3	recurrence
foreman_1386_TGCCCTAAGATAGTCA	2277	5430	0.030755064456721916	1386	ST-RELA	S	RELA-sc3	recurrence
foreman_1386_TGCCCTATCGAACTGT	3076	9679	0.04566587457381961	1386	ST-RELA	G1	RELA-sc3	recurrence
foreman_1386_TGCGCAGGTTCCCGAG	2463	7765	0.06104314230521571	1386	ST-RELA	G1	RELA-sc3	recurrence
foreman_1386_TGCGGGTCACGGTGTC	2025	4717	0.0320186598812553	1386	ST-RELA	G1	RELA-sc3	recurrence
foreman_1386_TGGACGCCAAGCCGTC	2359	6850	0.06175182481751825	1386	ST-RELA	G1	RELA-sc3	recurrence
foreman_1386_TGGGCGTAGTGACATA	2034	4983	0.08550782818145324	1386	ST-RELA	G1	RELA-sc3	recurrence
foreman_1386_TGTATTCAGGAATCGC	1776	3945	0.07655259822560202	1386	ST-RELA	G1	RELA-sc3	recurrence
foreman_1386_TGTATTCAGTGATCGG	2219	6156	0.025828460038986353	1386	ST-RELA	G1	RELA-sc3	recurrence
foreman_1386_TGTCCCACAAGCCATT	2146	5036	0.04250248262164846	1386	ST-RELA	G1	RELA-sc3	recurrence
foreman_1386_TTAGGACTCAATACCG	3344	10730	0.041379310344827586	1386	ST-RELA	S	RELA-sc3	recurrence
foreman_1386_TTAGGCAAGCGGCTTC	2056	5593	0.03629536921151439	1386	ST-RELA	G1	RELA-sc3	recurrence
foreman_1386_TTCGGTCTCAGTTGAC	2428	6161	0.03278688524590164	1386	ST-RELA	S	RELA-sc3	recurrence
foreman_1386_TTCTACACACGAAGCA	2607	7360	0.041983695652173914	1386	ST-RELA	G1	RELA-sc3	recurrence
foreman_1386_TTGTAGGCACCGTTGG	2092	5938	0.03907039407207814	1386	ST-RELA	S	RELA-sc3	recurrence
foreman_1386_TTGTAGGCACTGTTAG	2648	6642	0.05871725383920506	1386	ST-RELA	S	RELA-sc3	recurrence
foreman_1386_AGGGTGATCAGGTTCA	506	1687	0.0877296976882039	1386	ST-RELA	S	RELA-sc3	recurrence
foreman_1386_ATAACGCCAAGCCGTC	494	2366	0.03254437869822485	1386	ST-RELA	S	RELA-sc3	recurrence
foreman_1386_GCGAGAATCTCGCTTG	357	1831	0.13435281267067176	1386	ST-RELA	G1	RELA-sc3	recurrence
foreman_1386_GGGAGATTCTGACCTC	862	2452	0.039559543230016314	1386	ST-RELA	S	RELA-sc3	recurrence
foreman_1386_GTGTTAGGTAGCTGCC	1691	5557	0.006118409213604463	1386	ST-RELA	S	RELA-sc3	recurrence
foreman_1386_AGCGTATCAATACGCT	2224	6756	0.007253886010362694	1386	ST-RELA	G1	RELA-sc3	recurrence
foreman_1386_GACAGAGAGAGAACAG	2329	8837	0.055222360529591494	1386	ST-RELA	G1	RELA-sc3	recurrence
foreman_1386_GACTGCGTCAGCTGGC	954	1662	0	1386	ST-RELA	G1	RELA-sc3	recurrence
foreman_1386_GCGCAGTGTCCTCTTG	712	1833	0.1745771958537916	1386	ST-RELA	G1	RELA-sc3	recurrence
foreman_1386_GCTGCGAAGGCTCTTA	2112	6479	6.173792251890724e-4	1386	ST-RELA	G1	RELA-sc3	recurrence
foreman_1386_GTACTCCGTTCCACTC	1777	4949	0.04061426550818347	1386	ST-RELA	S	RELA-sc3	recurrence
foreman_1386_TAGACCAGTAGCACGA	1307	4063	0.09328082697514152	1386	ST-RELA	S	RELA-sc3	recurrence
foreman_1386_AAACGGGCAGATCGGA	2354	5733	0.05215419501133787	1386	ST-RELA	S	RELA-sc3	recurrence
foreman_1386_AATCGGTGTAGGGTAC	1811	4195	0.02598331346841478	1386	ST-RELA	G1	RELA-sc3	recurrence
foreman_1386_ACGATGTTCTAACGGT	2902	8389	0.03421146739778281	1386	ST-RELA	G2M	RELA-sc3	recurrence
foreman_1386_AGAGCGACATGGTAGG	2316	6362	0.060515561144294246	1386	ST-RELA	G1	RELA-sc3	recurrence
foreman_1386_AGATCTGAGACAAAGG	2872	9713	0.060440691927512356	1386	ST-RELA	G1	RELA-sc3	recurrence
foreman_1386_AGATCTGCAAGCCGCT	2330	6773	0.054776317732171856	1386	ST-RELA	G1	RELA-sc3	recurrence
foreman_1386_AGCGGTCCACCGAATT	2471	7018	0.04687945283556569	1386	ST-RELA	S	RELA-sc3	recurrence
foreman_1386_AGCTCCTAGTGTACCT	1892	4258	0.059417566932832316	1386	ST-RELA	S	RELA-sc3	recurrence
foreman_1386_AGGCCACAGTTCGATC	3626	11600	0.06793103448275863	1386	ST-RELA	G1	RELA-sc3	recurrence
foreman_1386_AGGCCACCAATTCCTT	2478	7106	0.042640022516183505	1386	ST-RELA	G1	RELA-sc3	recurrence
foreman_1386_AGGGAGTCAGCTGTGC	2979	9235	0.04645370871683811	1386	ST-RELA	S	RELA-sc3	recurrence
foreman_1386_AGTCTTTCAGGAATGC	2875	8112	0.029339250493096648	1386	ST-RELA	S	RELA-sc3	recurrence
foreman_1386_AGTCTTTTCTGCCCTA	2211	6199	0.04340109712810584	1386	ST-RELA	G1	RELA-sc3	recurrence
foreman_1386_ATAACGCAGATGTGTA	2191	6008	0.03978029294274301	1386	ST-RELA	G1	RELA-sc3	recurrence
foreman_1386_ATGCGATCATTAGCCA	3361	9957	0.035151149944762476	1386	ST-RELA	G1	RELA-sc3	recurrence
foreman_1386_ATGTGTGAGATCACGG	2672	7793	0.03605800076992172	1386	ST-RELA	G1	RELA-sc3	recurrence
foreman_1386_ATTGGTGAGATATGCA	2678	7418	0.043407926664869236	1386	ST-RELA	S	RELA-sc3	recurrence
foreman_1386_ATTGGTGAGTGAACAT	3108	10809	0.030160051808677955	1386	ST-RELA	S	RELA-sc3	recurrence
foreman_1386_ATTGGTGCACCATGTA	3652	13365	0.03636363636363636	1386	ST-RELA	S	RELA-sc3	recurrence
foreman_1386_CAACTAGAGCCACTAT	1549	3596	0.06759388038942976	1386	ST-RELA	S	RELA-sc3	recurrence
foreman_1386_CAAGGCCAGGGTTCCC	3011	8851	0.04169020449666704	1386	ST-RELA	S	RELA-sc3	recurrence
foreman_1386_CACACCTCATTCTCAT	3377	10745	0.0316426244765007	1386	ST-RELA	G1	RELA-sc3	recurrence
foreman_1386_CACACTCCACCACCAG	2412	7296	0.050034270047978065	1386	ST-RELA	G1	RELA-sc3	recurrence
foreman_1386_CACAGTACAGCGAACA	4168	15687	0.04200930706954804	1386	ST-RELA	G1	RELA-sc3	recurrence
foreman_1386_CAGAATCGTTGAACTC	2848	8557	0.04324450677886863	1386	ST-RELA	G1	RELA-sc3	recurrence
foreman_1386_CAGCGACTCAACACGT	1890	5175	0.05334364128333977	1386	ST-RELA	G1	RELA-sc3	recurrence
foreman_1386_CAGCTAATCGAGAACG	3181	10759	0.047313627068228295	1386	ST-RELA	S	RELA-sc3	recurrence
foreman_1386_CATATTCGTCCTCCAT	3468	11903	0.04368646559690834	1386	ST-RELA	G1	RELA-sc3	recurrence
foreman_1386_CATATTCGTTATGCGT	1584	3479	0.050876688703650474	1386	ST-RELA	S	RELA-sc3	recurrence
foreman_1386_CATCAAGTCAATCTCT	2595	7614	0.046624638823220384	1386	ST-RELA	G1	RELA-sc3	recurrence
foreman_1386_CATCGAACATGTCGAT	3049	9296	0.045718588640275386	1386	ST-RELA	S	RELA-sc3	recurrence
foreman_1386_CATGGCGTCCATTCTA	2605	7483	0.024722704797541094	1386	ST-RELA	S	RELA-sc3	recurrence
foreman_1386_CCACTACCAAATACAG	2281	6848	0.0325642523364486	1386	ST-RELA	S	RELA-sc3	recurrence
foreman_1386_CCATGTCTCAGGTTCA	2198	6324	0.03478810879190386	1386	ST-RELA	S	RELA-sc3	recurrence
foreman_1386_CCCAGTTGTTGCGTTA	2438	6197	0.04808778441181217	1386	ST-RELA	G1	RELA-sc3	recurrence
foreman_1386_CCTACACGTGTGTGCC	1969	4621	0.06102575200173123	1386	ST-RELA	G1	RELA-sc3	recurrence
foreman_1386_CGCTGGAGTAGCCTCG	2759	8310	0.03910950661853189	1386	ST-RELA	G1	RELA-sc3	recurrence
foreman_1386_CGGACGTGTCTTGCGG	2516	6641	0.0466797169101039	1386	ST-RELA	S	RELA-sc3	recurrence
foreman_1386_CGGAGTCAGTTGTCGT	2311	6152	0.054291287386215865	1386	ST-RELA	S	RELA-sc3	recurrence
foreman_1386_CGGAGTCGTCTGCCAG	2150	5905	0.04826418289585097	1386	ST-RELA	G1	RELA-sc3	recurrence
foreman_1386_CGTAGCGTCAACCAAC	3002	9605	0.030609057782404997	1386	ST-RELA	S	RELA-sc3	recurrence
foreman_1386_CGTCCATGTAGAGTGC	3382	11653	0.048056294516433534	1386	ST-RELA	S	RELA-sc3	recurrence
foreman_1386_CGTCTACGTTGCGTTA	1873	5415	0.05024011821204285	1386	ST-RELA	G1	RELA-sc3	recurrence
foreman_1386_CTACATTCAAAGGTGC	2563	6100	0.02901639344262295	1386	ST-RELA	G1	RELA-sc3	recurrence
foreman_1386_CTACATTGTCTAACGT	3179	9159	0.02260072060268588	1386	ST-RELA	S	RELA-sc3	recurrence
foreman_1386_CTAGAGTAGGGAGTAA	1990	4593	0.045504027868495535	1386	ST-RELA	S	RELA-sc3	recurrence
foreman_1386_CTCGAGGGTACCAGTT	2612	8180	0.01186109073123013	1386	ST-RELA	S	RELA-sc3	recurrence
foreman_1386_CTGAAGTCACAGGCCT	3179	8581	0.05570446334925999	1386	ST-RELA	G1	RELA-sc3	recurrence
foreman_1386_CTGTTTATCTTGGGTA	2812	7950	0.038742138364779875	1386	ST-RELA	G1	RELA-sc3	recurrence
foreman_1386_CTTAGGAGTCACCTAA	2246	6210	0.0391304347826087	1386	ST-RELA	G1	RELA-sc3	recurrence
foreman_1386_GAAACTCCAACTGCTA	3363	12467	0.02983877436432181	1386	ST-RELA	G1	RELA-sc3	recurrence
foreman_1386_GAACCTAGTGGCTCCA	2181	5408	0.04937130177514793	1386	ST-RELA	G1	RELA-sc3	recurrence
foreman_1386_GAACGGATCACAACGT	2695	7409	0.06937508435686328	1386	ST-RELA	G1	RELA-sc3	recurrence
foreman_1386_GAAGCAGAGGATCGCA	2370	6614	0.038403386755367405	1386	ST-RELA	S	RELA-sc3	recurrence
foreman_1386_GAGGTGACAGATCGGA	1869	4531	0.03598233995584989	1386	ST-RELA	G1	RELA-sc3	recurrence
foreman_1386_GATCAGTCACACATGT	2560	7098	0.06804733727810651	1386	ST-RELA	G1	RELA-sc3	recurrence
foreman_1386_GATGAAATCGGCCGAT	3358	9570	0.03364681295715778	1386	ST-RELA	G1	RELA-sc3	recurrence
foreman_1386_GCAAACTAGTCGAGTG	3930	14225	0.02383128295254833	1386	ST-RELA	S	RELA-sc3	recurrence
foreman_1386_GCAAACTTCTTACCTA	2528	7572	0.027209087306828687	1386	ST-RELA	S	RELA-sc3	recurrence
foreman_1386_GCCAAATGTCAAGCGA	979	1804	0.07483370288248337	1386	ST-RELA	G1	RELA-sc3	recurrence
foreman_1386_GCGACCAGTCAGAAGC	2422	7511	0.03621355345493277	1386	ST-RELA	S	RELA-sc3	recurrence
foreman_1386_GCGCCAAGTAACGACG	2251	6288	0.07474554707379134	1386	ST-RELA	S	RELA-sc3	recurrence
foreman_1386_GCTCTGTGTTCAACCA	2312	6545	0.032391138273491216	1386	ST-RELA	G1	RELA-sc3	recurrence
foreman_1386_GCTTGAAGTTAGTGGG	2143	5773	0.0594145158496449	1386	ST-RELA	G1	RELA-sc3	recurrence
foreman_1386_GGAACTTGTCACAAGG	1704	4160	0.05504807692307692	1386	ST-RELA	G1	RELA-sc3	recurrence
foreman_1386_GGACAGACACGGCTAC	2794	9499	0.04190797093819101	1386	ST-RELA	S	RELA-sc3	recurrence
foreman_1386_GGACGTCAGTCGCCGT	1244	3191	0.057035412096521465	1386	ST-RELA	S	RELA-sc3	recurrence
foreman_1386_GGCAATTAGATGCCAG	2136	6240	0.09967948717948719	1386	ST-RELA	G1	RELA-sc3	recurrence
foreman_1386_GGGACCTTCACGATGT	2325	7037	0.018189569418786414	1386	ST-RELA	S	RELA-sc3	recurrence
foreman_1386_GGGAGATCATCGGTTA	2554	7219	0.04294223576672669	1386	ST-RELA	S	RELA-sc3	recurrence
foreman_1386_GGGATGAGTAAGGGAA	2371	7267	0.03027384064951149	1386	ST-RELA	S	RELA-sc3	recurrence
foreman_1386_GGGCACTTCAGTCCCT	681	2338	0.09880239520958084	1386	ST-RELA	G1	RELA-sc3	recurrence
foreman_1386_GTCAAGTCATGCCACG	2707	8506	0.03197742769809546	1386	ST-RELA	S	RELA-sc3	recurrence
foreman_1386_GTCAAGTTCAGCCTAA	2216	6154	0.012024699382515438	1386	ST-RELA	G1	RELA-sc3	recurrence
foreman_1386_GTCTTCGAGAAGGCCT	3076	10489	0.03260558680522452	1386	ST-RELA	G1	RELA-sc3	recurrence
foreman_1386_GTGCGGTAGTATTGGA	2003	4685	0.04183564567769477	1386	ST-RELA	S	RELA-sc3	recurrence
foreman_1386_GTTAAGCAGGCTAGCA	2362	6129	0.03198433420365535	1386	ST-RELA	S	RELA-sc3	recurrence
foreman_1386_GTTTCTATCCCACTTG	2024	5541	0.05540516152319076	1386	ST-RELA	S	RELA-sc3	recurrence
foreman_1386_TAAGAGAAGAGGTACC	1580	3598	0.042245692051139525	1386	ST-RELA	G1	RELA-sc3	recurrence
foreman_1386_TAAGCGTAGATATGCA	1175	3029	0.13238692637834268	1386	ST-RELA	S	RELA-sc3	recurrence
foreman_1386_TAAGCGTAGGTGACCA	2180	5299	0.06342015855039637	1386	ST-RELA	S	RELA-sc3	recurrence
foreman_1386_TACAGTGTCCTTCAAT	2948	8973	0.020283071436531817	1386	ST-RELA	S	RELA-sc3	recurrence
foreman_1386_TACAGTGTCTGGTGTA	2392	6546	0.03712190650779102	1386	ST-RELA	G1	RELA-sc3	recurrence
foreman_1386_TACCTTATCGCTTGTC	1763	4591	0.017425397516880853	1386	ST-RELA	G1	RELA-sc3	recurrence
foreman_1386_TACGGATTCTCCCTGA	2162	5727	0.05063733193644142	1386	ST-RELA	S	RELA-sc3	recurrence
foreman_1386_TACGGTAAGAGTACCG	705	1319	0.15314632297194844	1386	ST-RELA	G1	RELA-sc3	recurrence
foreman_1386_TACTCATTCCACGTTC	871	1862	0.13587540279269603	1386	ST-RELA	S	RELA-sc3	recurrence
foreman_1386_TACTTACCAGTCAGAG	478	1062	0.01977401129943503	1386	ST-RELA	S	RELA-sc3	recurrence
foreman_1386_TACTTGTCAAGCCGTC	2386	7229	0.06446258126988519	1386	ST-RELA	G1	RELA-sc3	recurrence
foreman_1386_TAGACCACACAGAGGT	1131	2855	0.06690017513134851	1386	ST-RELA	G1	RELA-sc3	recurrence
foreman_1386_TAGACCACACATCTTT	4042	14759	0.020056918281609975	1386	ST-RELA	G1	RELA-sc3	recurrence
foreman_1386_TAGACCATCTGGCGAC	3003	9584	0.022641903171953255	1386	ST-RELA	S	RELA-sc3	recurrence
foreman_1386_TAGAGCTAGGCTACGA	2185	5745	0.05274151436031332	1386	ST-RELA	S	RELA-sc3	recurrence
foreman_1386_TAGCCGGCAAACCTAC	2156	5171	0.0425531914893617	1386	ST-RELA	G1	RELA-sc3	recurrence
foreman_1386_TAGCCGGCACGAAATA	2418	6418	0.03817983481377591	1386	ST-RELA	S	RELA-sc3	recurrence
foreman_1386_TAGTGGTAGTACGATA	965	2108	0.14468690702087286	1386	ST-RELA	S	RELA-sc3	recurrence
foreman_1386_TAGTGGTGTCTCACCT	1441	2316	0.009067357512953367	1386	ST-RELA	S	RELA-sc3	recurrence
foreman_1386_TAGTTGGTCTTTAGGG	3215	9789	0.045459188885483705	1386	ST-RELA	S	RELA-sc3	recurrence
foreman_1386_TATCTCAGTAAATACG	1606	3830	0.06788511749347259	1386	ST-RELA	S	RELA-sc3	recurrence
foreman_1386_TATGCCCGTCGGCACT	2296	6238	0.0426418723949984	1386	ST-RELA	S	RELA-sc3	recurrence
foreman_1386_TATTACCGTTACGTCA	2273	6574	0.031031335564344387	1386	ST-RELA	S	RELA-sc3	recurrence
foreman_1386_TCAACGAGTCTCCATC	2738	7488	0.0343215811965812	1386	ST-RELA	G1	RELA-sc3	recurrence
foreman_1386_TCAACGATCCAGTAGT	816	2531	0.13162055335968378	1386	ST-RELA	S	RELA-sc3	recurrence
foreman_1386_TCAATCTAGGCTAGCA	2638	8463	0.02599550986647761	1386	ST-RELA	S	RELA-sc3	recurrence
foreman_1386_TCAATCTAGTCCCACG	1032	2020	0.06633663366336634	1386	ST-RELA	G1	RELA-sc3	recurrence
foreman_1386_TCACGAATCTCTAAGG	3270	9377	0.05278873840247414	1386	ST-RELA	G1	RELA-sc3	recurrence
foreman_1386_TCAGCTCGTACGAAAT	1976	4476	0.0451295799821269	1386	ST-RELA	S	RELA-sc3	recurrence
foreman_1386_TCAGGATGTCGACTAT	2101	6367	0.03769436155175122	1386	ST-RELA	G1	RELA-sc3	recurrence
foreman_1386_TCAGGTATCAGGTTCA	3194	9593	0.05785468570832899	1386	ST-RELA	S	RELA-sc3	recurrence
foreman_1386_TCATTACCAATAACGA	3142	10792	0.055040770941438104	1386	ST-RELA	G1	RELA-sc3	recurrence
foreman_1386_TCATTACCAGTCTTCC	2862	8924	0.05434782608695652	1386	ST-RELA	S	RELA-sc3	recurrence
foreman_1386_TCATTACGTCAAGCGA	2962	8600	0.07488372093023256	1386	ST-RELA	S	RELA-sc3	recurrence
foreman_1386_TCATTTGCAGGGTATG	1744	4886	0.006344658207122391	1386	ST-RELA	G2M	RELA-sc3	recurrence
foreman_1386_TCATTTGGTCTTCTCG	740	2310	0.11212121212121212	1386	ST-RELA	S	RELA-sc3	recurrence
foreman_1386_TCATTTGTCTTGACGA	1840	4362	0.0034387895460797797	1386	ST-RELA	G1	RELA-sc3	recurrence
foreman_1386_TCCACACCAGGTCCAC	1791	4129	0.04239341085271318	1386	ST-RELA	S	RELA-sc3	recurrence
foreman_1386_TCGAGGCCACACCGAC	2496	6928	0.04287570376786488	1386	ST-RELA	S	RELA-sc3	recurrence
foreman_1386_TCGAGGCGTACATGTC	2819	9186	0.046374918354016983	1386	ST-RELA	G1	RELA-sc3	recurrence
foreman_1386_TCGAGGCGTCAAACTC	3152	8640	0.06087962962962963	1386	ST-RELA	G1	RELA-sc3	recurrence
foreman_1386_TCGCGAGCACGAAAGC	1094	3518	0.10005685048322911	1386	ST-RELA	G1	RELA-sc3	recurrence
foreman_1386_TCGCGTTAGTTGCAGG	2169	5417	0.05039689865239062	1386	ST-RELA	S	RELA-sc3	recurrence
foreman_1386_TCGGGACAGAGGTAGA	3134	9485	0.04860305745914602	1386	ST-RELA	G1	RELA-sc3	recurrence
foreman_1386_TCGGTAACACCGATAT	2762	7509	0.03609483217900906	1386	ST-RELA	S	RELA-sc3	recurrence
foreman_1386_TCGGTAATCCACGTGG	2423	6452	0.03859268443893366	1386	ST-RELA	S	RELA-sc3	recurrence
foreman_1386_TCGTAGAAGCGTCAAG	3386	10953	0.031960551547803855	1386	ST-RELA	S	RELA-sc3	recurrence
foreman_1386_TCTCTAAAGATGGGTC	720	1949	0.17342226782965622	1386	ST-RELA	G1	RELA-sc3	recurrence
foreman_1386_TCTGAGACATCCTAGA	2372	6488	0.04269420468557337	1386	ST-RELA	S	RELA-sc3	recurrence
foreman_1386_TCTGGAACACATCTTT	2496	6510	0.03210445468509985	1386	ST-RELA	S	RELA-sc3	recurrence
foreman_1386_TCTGGAATCAGGCGAA	2396	6272	0.034928229665071774	1386	ST-RELA	G1	RELA-sc3	recurrence
foreman_1386_TGACAACCATTTCACT	3880	13307	0.042612355328423265	1386	ST-RELA	S	RELA-sc3	recurrence
foreman_1386_TGACTTTCACAGCGTC	2497	6777	0.03688947912055482	1386	ST-RELA	S	RELA-sc3	recurrence
foreman_1386_TGAGGGATCGGAATCT	3119	9975	0.04481203007518797	1386	ST-RELA	S	RELA-sc3	recurrence
foreman_1386_TGCCAAACACCTGGTG	3464	10823	0.02772387025228722	1386	ST-RELA	S	RELA-sc3	recurrence
foreman_1386_TGCCAAAGTATAATGG	2635	8106	0.05317049099432519	1386	ST-RELA	S	RELA-sc3	recurrence
foreman_1386_TGCCCATCAGTCGTGC	1804	5059	0.05099822099229097	1386	ST-RELA	G1	RELA-sc3	recurrence
foreman_1386_TGCGCAGCATGGAATA	2380	6738	0.041264657859581416	1386	ST-RELA	S	RELA-sc3	recurrence
foreman_1386_TGCGCAGTCATCTGTT	2249	6127	0.04439366737391872	1386	ST-RELA	S	RELA-sc3	recurrence
foreman_1386_TGGACGCCATTCGACA	2443	7492	0.03764014949279231	1386	ST-RELA	S	RELA-sc3	recurrence
foreman_1386_TGGCGCAGTCCGAGTC	1475	3736	0.06290149892933619	1386	ST-RELA	G1	RELA-sc3	recurrence
foreman_1386_TGGCGCATCCACGTGG	2408	6653	0.03577333533744176	1386	ST-RELA	S	RELA-sc3	recurrence
foreman_1386_TGGGAAGCAATGTTGC	3543	11604	0.03964150293002413	1386	ST-RELA	G1	RELA-sc3	recurrence
foreman_1386_TGGGCGTCAGCTTCGG	2150	5402	0.03424657534246575	1386	ST-RELA	G1	RELA-sc3	recurrence
foreman_1386_TGGGCGTGTGACCAAG	3792	11763	0.020744771297398403	1386	ST-RELA	S	RELA-sc3	recurrence
foreman_1386_TGGTTAGGTAAGTTCC	2927	10669	0.017058768394413722	1386	ST-RELA	S	RELA-sc3	recurrence
foreman_1386_TGGTTAGGTTAGGGTG	1728	4236	0.061378659112370164	1386	ST-RELA	G1	RELA-sc3	recurrence
foreman_1386_TGTATTCGTGATAAGT	922	1739	0.010925819436457734	1386	ST-RELA	G2M	RELA-sc3	recurrence
foreman_1386_TGTATTCTCAACACAC	2397	6514	0.04758980657046362	1386	ST-RELA	S	RELA-sc3	recurrence
foreman_1386_TGTATTCTCCTCGCAT	2546	7214	0.021070141391738288	1386	ST-RELA	S	RELA-sc3	recurrence
foreman_1386_TGTCCCATCTGCTGCT	1757	4116	0.036208991494532196	1386	ST-RELA	S	RELA-sc3	recurrence
foreman_1386_TGTGTTTCATGCGCAC	2306	5708	0.04958822498685824	1386	ST-RELA	S	RELA-sc3	recurrence
foreman_1386_TGTGTTTTCGCGTTTC	1685	3929	0.04937643166200051	1386	ST-RELA	S	RELA-sc3	recurrence
foreman_1386_TGTTCCGGTTCAGGCC	2172	5707	0.0359207990187489	1386	ST-RELA	S	RELA-sc3	recurrence
foreman_1386_TGTTCCGTCCGCGGTA	3056	9380	0.05543710021321962	1386	ST-RELA	G1	RELA-sc3	recurrence
foreman_1386_TTAACTCTCAGGTAAA	1855	4615	0.037494581707845684	1386	ST-RELA	S	RELA-sc3	recurrence
foreman_1386_TTAGGACCACGTGAGA	3622	12027	0.07424960505529225	1386	ST-RELA	G1	RELA-sc3	recurrence
foreman_1386_TTCGAAGGTAGTGAAT	2736	8283	0.018350839067970543	1386	ST-RELA	G1	RELA-sc3	recurrence
foreman_1386_TTCGAAGTCACTTCAT	2150	5410	0.036968576709796676	1386	ST-RELA	S	RELA-sc3	recurrence
foreman_1386_TTCGGTCCACGCCAGT	2406	7291	0.03867782197229461	1386	ST-RELA	S	RELA-sc3	recurrence
foreman_1386_TTCGGTCCATCCGGGT	2685	7060	0.024504249291784703	1386	ST-RELA	S	RELA-sc3	recurrence
foreman_1386_TTCGGTCTCCACGTTC	2989	10190	0.02757876140936304	1386	ST-RELA	S	RELA-sc3	recurrence
foreman_1386_TTCTACATCCCTCAGT	2067	5443	0.031232776042623554	1386	ST-RELA	G1	RELA-sc3	recurrence
foreman_1386_TTGAACGTCTTCGAGA	2406	7336	0.018538713195201745	1386	ST-RELA	G1	RELA-sc3	recurrence
foreman_1386_TTGACTTAGATTACCC	2847	9192	0.037967798085291556	1386	ST-RELA	S	RELA-sc3	recurrence
foreman_1386_TTGCCGTAGAAGATTC	997	2231	0.1084715374271627	1386	ST-RELA	S	RELA-sc3	recurrence
foreman_1386_TTGCCGTTCGCCTGTT	2735	8259	0.03220728901804092	1386	ST-RELA	S	RELA-sc3	recurrence
foreman_1386_TTGGAACAGTGGTAGC	930	2811	0.14051938811810744	1386	ST-RELA	G1	RELA-sc3	recurrence
foreman_1386_TTGGCAAAGTGCAAGC	2020	5347	0.04582008602954928	1386	ST-RELA	G1	RELA-sc3	recurrence
foreman_1386_TTGGCAAGTAAATACG	1585	3362	0.11213563355145746	1386	ST-RELA	S	RELA-sc3	recurrence
foreman_1386_TTGGCAAGTGCTAGCC	1741	4101	0.04317073170731707	1386	ST-RELA	S	RELA-sc3	recurrence
foreman_1386_TTGTAGGGTCATCGGC	1938	4750	0.022320488523899767	1386	ST-RELA	S	RELA-sc3	recurrence
foreman_1386_TTTACTGAGCGATATA	2127	5365	0.044361602982292636	1386	ST-RELA	S	RELA-sc3	recurrence
foreman_1386_TTTATGCTCAAAGACA	2493	6887	0.02148976332220125	1386	ST-RELA	S	RELA-sc3	recurrence
foreman_1386_TTTCCTCAGAGACTAT	1802	4452	0.037511230907457324	1386	ST-RELA	G1	RELA-sc3	recurrence
foreman_1386_TTTCCTCAGTCTCGGC	1715	4504	0.04951154529307283	1386	ST-RELA	G1	RELA-sc3	recurrence
foreman_1386_TTTGCGCAGCGATCCC	2560	8006	0.04459712679575265	1386	ST-RELA	G1	RELA-sc3	recurrence
foreman_1386_TTTGTCATCGGTCCGA	2074	5597	0.03394675719135251	1386	ST-RELA	S	RELA-sc3	recurrence
foreman_1386_ACGAGCCCATGTCTCC	1067	2177	0.12591911764705882	1386	ST-RELA	S	RELA-sc3	recurrence
foreman_1386_CCAGCGATCACCATAG	1273	2582	0.08946553059643687	1386	ST-RELA	G1	RELA-sc3	recurrence
foreman_1386_CTCGAGGCATGGGAAC	1120	2750	0.09054545454545454	1386	ST-RELA	S	RELA-sc3	recurrence
foreman_1329_GTGCATAGTCTAACGT	3653	16291	0.033095910598059684	1329	ST-RELA	S	RELA-sc3	recurrence
foreman_1329_CAAGGCCGTCAAACTC	421	717	0.2175732217573222	1329	ST-RELA	S	RELA-sc3	recurrence
foreman_1329_GCAGTTAGTACGACCC	530	1505	0.21926910299003322	1329	ST-RELA	S	RELA-sc3	recurrence
foreman_1329_TTCTCAAAGGTAGCTG	321	646	0.28173374613003094	1329	ST-RELA	G1	RELA-sc3	recurrence
foreman_1329_GTGCATAGTACTTGAC	368	663	0.22473604826546004	1329	ST-RELA	S	RELA-sc3	recurrence
foreman_1329_TATCAGGAGCCCAACC	615	1032	0.003875968992248062	1329	ST-RELA	G2M	RELA-sc3	recurrence
foreman_1329_GTACTTTAGCAGGTCA	511	2389	0.007115948095437421	1329	ST-RELA	G2M	RELA-sc3	recurrence
foreman_1329_TGGTTAGTCCGAACGC	3071	12030	0.042477140482128015	1329	ST-RELA	S	RELA-sc3	recurrence
foreman_1329_TTCCCAGCATTAGGCT	487	740	0.0013513513513513514	1329	ST-RELA	S	RELA-sc3	recurrence
foreman_1329_GACAGAGAGCAATCTC	3204	11904	0.025537634408602152	1329	ST-RELA	S	RELA-sc3	recurrence
foreman_1329_GACTGCGTCAATCTCT	4064	20364	0.02990571596935769	1329	ST-RELA	S	RELA-sc3	recurrence
foreman_1329_TCCACACGTCTCCATC	3772	14068	0.03419107193630935	1329	ST-RELA	S	RELA-sc3	recurrence
foreman_1329_TCCCGATAGCCGATTT	3406	13872	0.03056737077355634	1329	ST-RELA	G1	RELA-sc3	recurrence
foreman_1329_AACTGGTAGGCCCTCA	2849	12709	0.007947124085293886	1329	ST-RELA	S	RELA-sc3	recurrence
foreman_1329_AATCGGTGTACGACCC	3992	16659	0.054928562852683396	1329	ST-RELA	S	RELA-sc3	recurrence
foreman_1329_CCTACCATCCAACCAA	3821	16320	0.025798149396409092	1329	ST-RELA	S	RELA-sc3	recurrence
foreman_1329_CGAGCCAAGTGACATA	3770	15547	0.03692030616839262	1329	ST-RELA	S	RELA-sc3	recurrence
foreman_1329_TCACGAACAAGACGTG	3026	11198	0.03796337650736936	1329	ST-RELA	G1	RELA-sc3	recurrence
foreman_870_AACTCAGGTAAATACG	2376	5215	0.04947267497603068	870	ST-RELA	G1	RELA-sc3	primary
foreman_870_ACACCAACATTTGCTT	2261	4852	0.04287775716347145	870	ST-RELA	G1	RELA-sc3	primary
foreman_870_ACCCACTAGCGTGTCC	3120	7795	0.03643361128928801	870	ST-RELA	G1	RELA-sc3	primary
foreman_870_ACCTTTAGTCGAATCT	4458	13436	0.05604346531705865	870	ST-RELA	S	RELA-sc3	primary
foreman_870_ACTTTCAGTTGTGGAG	2641	6467	0.07793412710685016	870	ST-RELA	S	RELA-sc3	primary
foreman_870_AGCGTCGGTGTGGCTC	2975	7404	0.06334413830361967	870	ST-RELA	G2M	RELA-sc3	primary
foreman_870_AGCTTGAAGACTGTAA	2832	6482	0.05183585313174946	870	ST-RELA	G1	RELA-sc3	primary
foreman_870_AGCTTGACATAGACTC	2845	8086	0.07185258471432104	870	ST-RELA	G1	RELA-sc3	primary
foreman_870_AGGTCATCAGTCGATT	3783	10357	0.06613884329439026	870	ST-RELA	S	RELA-sc3	primary
foreman_870_ATCCACCTCATGCAAC	2254	5150	0.05029126213592233	870	ST-RELA	G1	RELA-sc3	primary
foreman_870_CACAGTAAGTGGTAGC	3991	11436	0.05089192025183631	870	ST-RELA	G1	RELA-sc3	primary
foreman_870_CACATTTAGAAACGAG	5042	16336	0.050994796449341906	870	ST-RELA	G1	RELA-sc3	primary
foreman_870_CAGATCAAGCGGCTTC	4461	13791	0.035167863099122613	870	ST-RELA	S	RELA-sc3	primary
foreman_870_CAGTAACGTCGGCATC	3875	11637	0.048552032310733004	870	ST-RELA	G1	RELA-sc3	primary
foreman_870_CATCGAAGTGCTGTAT	3021	7356	0.04731475186947655	870	ST-RELA	G1	RELA-sc3	primary
foreman_870_CCACTACGTCGAGTTT	1862	3466	0.05279861511829198	870	ST-RELA	G1	RELA-sc3	primary
foreman_870_CCCAATCAGCTCCTTC	3595	10063	0.10534684953289604	870	ST-RELA	G1	RELA-sc3	primary
foreman_870_CCGGGATCATCGACGC	2656	6066	0.05242334322453017	870	ST-RELA	G1	RELA-sc3	primary
foreman_870_CGAGAAGTCAGTCCCT	3212	8259	0.10376558905436493	870	ST-RELA	G1	RELA-sc3	primary
foreman_870_CGGACTGGTTCGGGCT	3562	9152	0.04666666666666667	870	ST-RELA	G1	RELA-sc3	primary
foreman_870_CGGAGTCCAATCTGCA	2529	6233	0.06321193646719075	870	ST-RELA	G1	RELA-sc3	primary
foreman_870_CGTCAGGGTACCGAGA	2146	4194	0.041974719771046984	870	ST-RELA	G2M	RELA-sc3	primary
foreman_870_CTAGAGTTCCTGCCAT	4185	12277	0.05424778040237843	870	ST-RELA	G1	RELA-sc3	primary
foreman_870_CTAGTGAAGACGACGT	2252	4616	0.032936078006500544	870	ST-RELA	G1	RELA-sc3	primary
foreman_870_CTCGGAGTCTCTAAGG	2940	7293	0.06787330316742081	870	ST-RELA	G1	RELA-sc3	primary
foreman_870_CTCTACGTCAATACCG	2317	4967	0.05435876786792833	870	ST-RELA	S	RELA-sc3	primary
foreman_870_CTTTGCGGTGCGAAAC	3690	9563	0.09296245947924292	870	ST-RELA	G1	RELA-sc3	primary
foreman_870_GACACGCAGTGATCGG	3503	9611	0.06305931321540062	870	ST-RELA	S	RELA-sc3	primary
foreman_870_GACCAATAGACTGGGT	1892	3614	0.0387382401770891	870	ST-RELA	G2M	RELA-sc3	primary
foreman_870_GACGTGCGTACGCACC	2199	4453	0.09027621827981136	870	ST-RELA	G2M	RELA-sc3	primary
foreman_870_GACGTTAAGGCGATAC	1390	2574	0.15151515151515152	870	ST-RELA	S	RELA-sc3	primary
foreman_870_GATCGTAAGATCGATA	3805	10841	0.05479199335854626	870	ST-RELA	G1	RELA-sc3	primary
foreman_870_GATGAGGGTGCCTGGT	3384	9027	0.049850448654037885	870	ST-RELA	G1	RELA-sc3	primary
foreman_870_GCAATCAAGGCTAGGT	2234	5155	0.06828322017458778	870	ST-RELA	S	RELA-sc3	primary
foreman_870_GGACAAGAGGACCACA	3140	7577	0.05147155866437904	870	ST-RELA	G1	RELA-sc3	primary
foreman_870_GGATGTTAGTGGTCCC	3103	7977	0.037608123354644606	870	ST-RELA	G1	RELA-sc3	primary
foreman_870_GGGAGATGTGACCAAG	1532	2838	0.06871035940803383	870	ST-RELA	S	RELA-sc3	primary
foreman_870_GTAACTGTCGGACAAG	2295	5368	0.04676728153530837	870	ST-RELA	G1	RELA-sc3	primary
foreman_870_GTAGGCCCAAGGTTTC	2549	5352	0.05698804185351271	870	ST-RELA	S	RELA-sc3	primary
foreman_870_GTATCTTCAGCCTATA	1897	4368	0.03663003663003663	870	ST-RELA	S	RELA-sc3	primary
foreman_870_GTCAAGTTCTTGACGA	4199	13359	0.09222247174189685	870	ST-RELA	G1	RELA-sc3	primary
foreman_870_GTCGGGTAGGACACCA	2767	6789	0.0889936643583321	870	ST-RELA	G1	RELA-sc3	primary
foreman_870_GTTAAGCGTTAAGATG	2433	5289	0.06391830559757943	870	ST-RELA	G1	RELA-sc3	primary
foreman_870_GTTACAGTCATAGCAC	2137	5128	0.10317924712307393	870	ST-RELA	G1	RELA-sc3	primary
foreman_870_TATCAGGCATGGATGG	3761	11236	0.10208259166963332	870	ST-RELA	G1	RELA-sc3	primary
foreman_870_TCACAAGTCAGGATCT	2340	5162	0.04726850058117009	870	ST-RELA	G2M	RELA-sc3	primary
foreman_870_TCAGGATGTATGCTTG	3981	12155	0.06187263452361363	870	ST-RELA	G1	RELA-sc3	primary
foreman_870_TCGCGAGCATGCAATC	3729	10001	0.044295570442955706	870	ST-RELA	G1	RELA-sc3	primary
foreman_870_TCTCTAAAGAGAACAG	3787	10151	0.04462614520736873	870	ST-RELA	S	RELA-sc3	primary
foreman_870_TGAGCCGAGCACCGTC	2904	7118	0.1407896585640017	870	ST-RELA	S	RELA-sc3	primary
foreman_870_TGGCGCAAGAGCTTCT	2604	6043	0.04203210325997021	870	ST-RELA	G1	RELA-sc3	primary
foreman_870_TTAGGCAGTCTCATCC	3098	8237	0.09532483302975106	870	ST-RELA	G1	RELA-sc3	primary
foreman_870_TTCCCAGGTCCATGAT	1806	3513	0.07061503416856492	870	ST-RELA	G1	RELA-sc3	primary
foreman_870_TTGACTTCATCGGAAG	1966	3917	0.07480214449834056	870	ST-RELA	G1	RELA-sc3	primary
foreman_870_TTGGAACTCCTTAATC	2866	6366	0.029688972667295005	870	ST-RELA	S	RELA-sc3	primary
foreman_870_AAAGCAAGTTCAACCA	508	988	0.2074898785425101	870	ST-RELA	S	RELA-sc3	primary
foreman_870_AGGGAGTCACATGTGT	394	514	0.023346303501945526	870	ST-RELA	S	RELA-sc3	primary
foreman_870_ATGGGAGCACCTCGTT	712	1184	0.08108108108108109	870	ST-RELA	G2M	RELA-sc3	primary
foreman_870_ATTCTACCAGGAATCG	1026	2507	0.16673314718787396	870	ST-RELA	G1	RELA-sc3	primary
foreman_870_CAACCAACAGACGCTC	529	831	0.031287605294825514	870	ST-RELA	G2M	RELA-sc3	primary
foreman_870_CAACTAGAGACTGGGT	357	537	0.020484171322160148	870	ST-RELA	G1	RELA-sc3	primary
foreman_870_CACACCTCACGGATAG	1358	3811	0.16636053529257414	870	ST-RELA	S	RELA-sc3	primary
foreman_870_GGCAATTCAATAGAGT	735	1412	0.02762039660056657	870	ST-RELA	G1	RELA-sc3	primary
foreman_870_TAAGAGAAGGTAGCCA	1277	3404	0.16157461809635723	870	ST-RELA	G1	RELA-sc3	primary
foreman_870_ACGGCCATCGCATGAT	993	2181	0.13984410820724438	870	ST-RELA	S	RELA-sc3	primary
foreman_870_GCTGCAGTCTAAGCCA	1026	1885	0.10079575596816977	870	ST-RELA	G1	RELA-sc3	primary
foreman_870_GTGTGCGGTAAGGATT	375	533	0.13133208255159476	870	ST-RELA	G1	RELA-sc3	primary
foreman_870_ACATCAGGTCACTTCC	1189	2348	0.15545144804088587	870	ST-RELA	G1	RELA-sc3	primary
foreman_870_ACGAGCCAGGCTCAGA	796	1234	0.06969205834683954	870	ST-RELA	S	RELA-sc3	primary
foreman_870_ACGCAGCAGGTAAACT	621	886	0.05304740406320542	870	ST-RELA	S	RELA-sc3	primary
foreman_870_AGACGTTAGACCACGA	820	1670	0.2311377245508982	870	ST-RELA	G1	RELA-sc3	primary
foreman_870_AGTGGGATCAGTTCGA	992	1856	0.07219827586206896	870	ST-RELA	G1	RELA-sc3	primary
foreman_870_CTACATTCACCATCCT	441	660	0.14393939393939395	870	ST-RELA	G1	RELA-sc3	primary
foreman_870_GACGTGCCACGCCAGT	877	1898	0.24815595363540568	870	ST-RELA	G1	RELA-sc3	primary
foreman_870_GCTGCAGTCCAGGGCT	740	1231	0.1454102355808286	870	ST-RELA	G1	RELA-sc3	primary
foreman_870_GGGATGAAGAGTACCG	363	512	0.181640625	870	ST-RELA	G1	RELA-sc3	primary
foreman_870_GTCATTTGTCCGAGTC	827	1455	0.18487972508591066	870	ST-RELA	G1	RELA-sc3	primary
foreman_870_GTTTCTACAGTAAGAT	755	1329	0.1527464258841234	870	ST-RELA	G2M	RELA-sc3	primary
foreman_870_TACTCATAGCTAAGAT	815	1309	0.09167303284950344	870	ST-RELA	S	RELA-sc3	primary
foreman_870_TAGACCAGTGATAAGT	1188	2753	0.1823465310570287	870	ST-RELA	G2M	RELA-sc3	primary
foreman_870_TAGACCAGTTCCACGG	877	1754	0.17046750285062715	870	ST-RELA	G1	RELA-sc3	primary
foreman_870_TGGCTGGCAATCTACG	1513	3574	0.16060436485730273	870	ST-RELA	G1	RELA-sc3	primary
foreman_870_TTCTACAGTCTAAAGA	390	545	0.06972477064220184	870	ST-RELA	G1	RELA-sc3	primary
foreman_870_TTCTCCTTCTTGCCGT	412	572	0.06993006993006994	870	ST-RELA	S	RELA-sc3	primary
foreman_870_TTGACTTTCACGAAGG	453	675	0.13037037037037036	870	ST-RELA	S	RELA-sc3	primary
foreman_870_AAACCTGAGTTGAGTA	1792	4112	0.10797665369649806	870	ST-RELA	G1	RELA-sc3	primary
foreman_870_AAGACCTAGATGGGTC	3850	10873	0.04644959529065489	870	ST-RELA	G1	RELA-sc3	primary
foreman_870_AATCCAGAGTCCATAC	2748	6164	0.07381570408825439	870	ST-RELA	G1	RELA-sc3	primary
foreman_870_ACACCAATCCTTGCCA	1126	2259	0.16024789729969013	870	ST-RELA	G1	RELA-sc3	primary
foreman_870_ACACCGGAGCGCTTAT	3106	7571	0.059041077796856425	870	ST-RELA	G1	RELA-sc3	primary
foreman_870_ACAGCCGGTGCAGTAG	3413	9919	0.05303488606573906	870	ST-RELA	S	RELA-sc3	primary
foreman_870_ACATACGAGGGTGTTG	3719	9054	0.051579412414402476	870	ST-RELA	S	RELA-sc3	primary
foreman_870_ACGGAGAAGGTGCACA	4803	17387	0.07851144599102726	870	ST-RELA	G1	RELA-sc3	primary
foreman_870_ACTTTCATCTTTAGGG	3092	8330	0.06590636254501801	870	ST-RELA	G1	RELA-sc3	primary
foreman_870_AGACGTTGTTTGCATG	3974	10246	0.03943387018057589	870	ST-RELA	S	RELA-sc3	primary
foreman_870_AGATCTGAGTAGTGCG	2180	4738	0.07872520050654284	870	ST-RELA	S	RELA-sc3	primary
foreman_870_AGCTTGACAGCCTGTG	3637	10577	0.0783126832497872	870	ST-RELA	G1	RELA-sc3	primary
foreman_870_AGGCCGTTCACATACG	2951	8662	0.12156545832371277	870	ST-RELA	G1	RELA-sc3	primary
foreman_870_AGTGGGATCAGTTTGG	2167	4407	0.04538234626730202	870	ST-RELA	G1	RELA-sc3	primary
foreman_870_AGTGTCAAGCACCGTC	2380	5875	0.06059574468085106	870	ST-RELA	G1	RELA-sc3	primary
foreman_870_ATCCACCTCCGAAGAG	2034	4161	0.04253785147801009	870	ST-RELA	G1	RELA-sc3	primary
foreman_870_ATCCACCTCTGATACG	1224	2175	0.08275862068965517	870	ST-RELA	G1	RELA-sc3	primary
foreman_870_ATTGGACTCGGTGTTA	1903	4032	0.06448412698412699	870	ST-RELA	G1	RELA-sc3	primary
foreman_870_CAACTAGCAGACGCTC	3122	7427	0.05548074333423108	870	ST-RELA	G1	RELA-sc3	primary
foreman_870_CAAGAAACAACTGCGC	2485	5403	0.05312847093669011	870	ST-RELA	G1	RELA-sc3	primary
foreman_870_CAAGAAACAAGCCTAT	3129	8409	0.06029254370317517	870	ST-RELA	G1	RELA-sc3	primary
foreman_870_CACACAAAGGGTATCG	3058	7540	0.051458885941644564	870	ST-RELA	G1	RELA-sc3	primary
foreman_870_CACAGTACACTACAGT	3826	9836	0.0543920292801952	870	ST-RELA	G1	RELA-sc3	primary
foreman_870_CACCTTGCATCGGACC	2801	6382	0.06299952985425482	870	ST-RELA	S	RELA-sc3	primary
foreman_870_CAGCAGCAGATCTGAA	2668	6053	0.05617049396993227	870	ST-RELA	G1	RELA-sc3	primary
foreman_870_CAGCGACGTTTACTCT	2101	4541	0.068046685752037	870	ST-RELA	S	RELA-sc3	primary
foreman_870_CATATGGTCACTTCAT	3540	8809	0.0350777613804064	870	ST-RELA	G1	RELA-sc3	primary
foreman_870_CCGTACTCAAGCTGTT	2482	5516	0.05801305293691081	870	ST-RELA	G1	RELA-sc3	primary
foreman_870_CCGTGGACATGTTGAC	2318	5298	0.04851802907306022	870	ST-RELA	S	RELA-sc3	primary
foreman_870_CCTCTGATCGCGCCAA	3904	10890	0.06483607310129488	870	ST-RELA	G1	RELA-sc3	primary
foreman_870_CCTTCGATCATCGGAT	2199	4744	0.06281618887015177	870	ST-RELA	S	RELA-sc3	primary
foreman_870_CCTTTCTGTGAGGGTT	2616	6597	0.04517204790056086	870	ST-RELA	S	RELA-sc3	primary
foreman_870_CGAGCCAGTGATAAGT	2207	5062	0.12625963248369887	870	ST-RELA	G1	RELA-sc3	primary
foreman_870_CGATTGACAGCTGCTG	2179	5031	0.07155635062611806	870	ST-RELA	G1	RELA-sc3	primary
foreman_870_CGGACGTAGGAATGGA	1775	3650	0.08904109589041095	870	ST-RELA	S	RELA-sc3	primary
foreman_870_CGGCTAGGTCCGAGTC	2842	6786	0.06307102858826996	870	ST-RELA	G1	RELA-sc3	primary
foreman_870_CGTCAGGAGCTGATAA	3035	7175	0.054912891986062716	870	ST-RELA	S	RELA-sc3	primary
foreman_870_CTAAGACCACGGACAA	1447	2547	0.061248527679623084	870	ST-RELA	G1	RELA-sc3	primary
foreman_870_CTACACCGTGCAACTT	3378	11066	0.06552191595119747	870	ST-RELA	G1	RELA-sc3	primary
foreman_870_CTCCTAGAGAGACGAA	2386	5299	0.08529911304019626	870	ST-RELA	G1	RELA-sc3	primary
foreman_870_CTCTAATGTTCAGGCC	2318	5979	0.13012209399565144	870	ST-RELA	G1	RELA-sc3	primary
foreman_870_CTTACCGGTACCGGCT	2592	5463	0.044481054365733116	870	ST-RELA	S	RELA-sc3	primary
foreman_870_CTTACCGTCTCAAGTG	2536	6109	0.06433131445408413	870	ST-RELA	G1	RELA-sc3	primary
foreman_870_CTTAGGATCTAACTTC	2943	7176	0.048634336677814936	870	ST-RELA	G1	RELA-sc3	primary
foreman_870_CTTGGCTGTAGAGGAA	4136	11971	0.036755492440063486	870	ST-RELA	G1	RELA-sc3	primary
foreman_870_GAAGCAGTCAGTGTTG	3186	7626	0.04838709677419355	870	ST-RELA	G1	RELA-sc3	primary
foreman_870_GACAGAGTCGCCATAA	1779	4229	0.13100023646252068	870	ST-RELA	G1	RELA-sc3	primary
foreman_870_GAGGTGAAGACTGTAA	2225	5342	0.07188318981654811	870	ST-RELA	G1	RELA-sc3	primary
foreman_870_GCGAGAAAGACCGGAT	2311	5348	0.05235602094240838	870	ST-RELA	S	RELA-sc3	primary
foreman_870_GCGAGAAGTCCCGACA	4337	13132	0.05848309473042949	870	ST-RELA	S	RELA-sc3	primary
foreman_870_GCTGCAGCAAGTCATC	2963	6615	0.04973544973544974	870	ST-RELA	S	RELA-sc3	primary
foreman_870_GCTGCGAAGTGTACCT	2414	5361	0.06565939190449543	870	ST-RELA	S	RELA-sc3	primary
foreman_870_GGAAAGCTCTTGCAAG	3122	8054	0.03513781971691085	870	ST-RELA	S	RELA-sc3	primary
foreman_870_GGGAATGAGAGCTGGT	4086	12602	0.05570544358038407	870	ST-RELA	S	RELA-sc3	primary
foreman_870_GTACTCCAGATGCGAC	4025	13108	0.09208819714656291	870	ST-RELA	S	RELA-sc3	primary
foreman_870_GTACTTTGTTGTCTTT	1467	3210	0.2236760124610592	870	ST-RELA	S	RELA-sc3	primary
foreman_870_GTATTCTCAGTCGTGC	1064	1997	0.18627941912869303	870	ST-RELA	G2M	RELA-sc3	primary
foreman_870_GTCCTCAGTCTCGTTC	2205	4523	0.02564669467167809	870	ST-RELA	S	RELA-sc3	primary
foreman_870_GTGCTTCCACTGTTAG	3197	7908	0.04489124936772888	870	ST-RELA	G1	RELA-sc3	primary
foreman_870_TAAGCGTTCAAGATCC	3323	9840	0.06798780487804879	870	ST-RELA	G1	RELA-sc3	primary
foreman_870_TACGGATTCGTCCAGG	1223	2813	0.14397440455030217	870	ST-RELA	S	RELA-sc3	primary
foreman_870_TACGGTACATCTATGG	516	926	0.2688984881209503	870	ST-RELA	S	RELA-sc3	primary
foreman_870_TACTCATCACACAGAG	2200	5148	0.0944055944055944	870	ST-RELA	G1	RELA-sc3	primary
foreman_870_TACTCATGTAGGAGTC	2929	6997	0.054451907960554526	870	ST-RELA	S	RELA-sc3	primary
foreman_870_TACTTACAGCTGATAA	2372	5463	0.06644700713893466	870	ST-RELA	G1	RELA-sc3	primary
foreman_870_TCACGAACATATGAGA	2032	3937	0.0731521463042926	870	ST-RELA	G1	RELA-sc3	primary
foreman_870_TCAGCAAGTGCAGACA	4082	11552	0.02943213296398892	870	ST-RELA	S	RELA-sc3	primary
foreman_870_TCTGGAAAGCGGCTTC	2665	6939	0.0824326271797089	870	ST-RELA	G1	RELA-sc3	primary
foreman_870_TGCTGCTAGGAATTAC	2579	5687	0.04554246527167224	870	ST-RELA	S	RELA-sc3	primary
foreman_870_TGTATTCAGTCGATAA	3383	10029	0.04976067012365377	870	ST-RELA	G1	RELA-sc3	primary
foreman_870_TGTGTTTAGTCCGTAT	3806	10385	0.05122773230621088	870	ST-RELA	G1	RELA-sc3	primary
foreman_870_TTAACTCTCTGGTGTA	3320	8228	0.07318259178215415	870	ST-RELA	S	RELA-sc3	primary
foreman_870_TTAGGCACACCCATGG	2243	5626	0.08620689655172414	870	ST-RELA	G1	RELA-sc3	primary
foreman_870_TTCGAAGGTAGGAGTC	3037	8450	0.06556213017751479	870	ST-RELA	S	RELA-sc3	primary
foreman_870_TTGCGTCGTACAGTTC	2215	4931	0.061282467532467536	870	ST-RELA	G2M	RELA-sc3	primary
foreman_870_TTGGCAATCATAGCAC	2601	6069	0.01647717910693689	870	ST-RELA	S	RELA-sc3	primary
foreman_870_TTTGTCATCTCTAGGA	2356	5135	0.03836416747809153	870	ST-RELA	S	RELA-sc3	primary
foreman_870_AAACCTGGTGAGGGTT	2294	5456	0.055168621700879765	870	ST-RELA	S	RELA-sc3	primary
foreman_870_ACATCAGTCGGACAAG	3142	8729	0.04514207149404216	870	ST-RELA	S	RELA-sc3	primary
foreman_870_ACTGATGAGTATGACA	3510	10446	0.06997893930691174	870	ST-RELA	G1	RELA-sc3	primary
foreman_870_AGTGAGGCACATCTTT	2172	5129	0.06063560148177032	870	ST-RELA	S	RELA-sc3	primary
foreman_870_ATCCACCGTATATGGA	2401	5517	0.0674279499728113	870	ST-RELA	S	RELA-sc3	primary
foreman_870_ATTGGACTCGCTTAGA	2805	7896	0.05307156428119063	870	ST-RELA	G1	RELA-sc3	primary
foreman_870_CAAGGCCCAAAGCGGT	1174	2399	0.04710295956648604	870	ST-RELA	G1	RELA-sc3	primary
foreman_870_CACAAACCAGGAACGT	2208	6097	0.0642939150401837	870	ST-RELA	S	RELA-sc3	primary
foreman_870_CACACTCGTGTGGTTT	2514	5314	0.03914188934888972	870	ST-RELA	G1	RELA-sc3	primary
foreman_870_CACATAGAGAAGGGTA	2629	6935	0.05147801009372747	870	ST-RELA	G1	RELA-sc3	primary
foreman_870_CCCAGTTTCTGGCGTG	1975	4855	0.1583934088568486	870	ST-RELA	S	RELA-sc3	primary
foreman_870_CCTAAAGGTTCGTCTC	4067	13656	0.1327718784328085	870	ST-RELA	G1	RELA-sc3	primary
foreman_870_CCTTCCCTCGGACAAG	3037	10380	0.1589748530686964	870	ST-RELA	S	RELA-sc3	primary
foreman_870_CGTCACTGTAGTAGTA	1686	3960	0.10909090909090909	870	ST-RELA	S	RELA-sc3	primary
foreman_870_CTCGTCACACATGACT	3268	9362	0.06836146122623371	870	ST-RELA	S	RELA-sc3	primary
foreman_870_GACACGCAGGGCACTA	2077	4307	0.039934989551892265	870	ST-RELA	G1	RELA-sc3	primary
foreman_870_GCAGCCACAGCGTTCG	2221	4779	0.07407407407407407	870	ST-RELA	S	RELA-sc3	primary
foreman_870_GCAGCCAGTCGCGAAA	2957	8260	0.051701174476328854	870	ST-RELA	S	RELA-sc3	primary
foreman_870_GGACAGACATGGTCTA	1567	3058	0.1079136690647482	870	ST-RELA	S	RELA-sc3	primary
foreman_870_GGAGCAATCGGCGGTT	2505	6276	0.05959209687699171	870	ST-RELA	S	RELA-sc3	primary
foreman_870_GTAACGTTCGTAGATC	3017	8785	0.07683551508252703	870	ST-RELA	G1	RELA-sc3	primary
foreman_870_GTAGTCATCCATGAGT	2029	4517	0.032765109586008416	870	ST-RELA	G1	RELA-sc3	primary
foreman_870_GTCATTTCACCAACCG	3912	12332	0.056276354200454105	870	ST-RELA	G1	RELA-sc3	primary
foreman_870_TACGGATAGCGTTCCG	2399	5757	0.07278096230675699	870	ST-RELA	G1	RELA-sc3	primary
foreman_870_TACGGATAGCTGAAAT	1986	4146	0.06970574047274482	870	ST-RELA	G1	RELA-sc3	primary
foreman_870_TCGCGTTGTTTGACAC	2284	6351	0.08927727916863486	870	ST-RELA	S	RELA-sc3	primary
foreman_870_TCTATTGAGGGAGTAA	2519	6096	0.056758530183727035	870	ST-RELA	G1	RELA-sc3	primary
foreman_870_TGCGCAGAGTACGTTC	2631	6356	0.04515418502202643	870	ST-RELA	G1	RELA-sc3	primary
foreman_870_TGGCCAGTCCTCGCAT	3643	9392	0.05153321976149915	870	ST-RELA	S	RELA-sc3	primary
foreman_870_TTCTTAGTCCCTAACC	2803	6328	0.062104930467762325	870	ST-RELA	G1	RELA-sc3	primary
foreman_870_TTGCCGTAGATGCCAG	2327	5207	0.037833685423468405	870	ST-RELA	G1	RELA-sc3	primary
foreman_870_TTTACTGCAGCTGGCT	508	708	0.03672316384180791	870	ST-RELA	S	RELA-sc3	primary
foreman_870_TTTGTCAGTATATGAG	3284	8647	0.04718399444894183	870	ST-RELA	G1	RELA-sc3	primary
foreman_1158_2_AACAAGAGTGCAATAA	3372	9879	0.22785707055369978	1158	ST-RELA	G1	RELA-sc3	recurrence
foreman_1158_2_AAGACTCAGGTCGTAG	1475	3568	0.24243273542600896	1158	ST-RELA	S	RELA-sc3	recurrence
foreman_1158_2_AAGCCATGTACGATCT	2075	4951	0.15313131313131312	1158	ST-RELA	G1	RELA-sc3	recurrence
foreman_1158_2_ACACCAATCTCCCAAC	1884	4892	0.2632869991823385	1158	ST-RELA	G2M	RELA-sc3	recurrence
foreman_1158_2_AGAAGCGCATCGCTAA	2076	5585	0.22900626678603403	1158	ST-RELA	G1	RELA-sc3	recurrence
foreman_1158_2_AGAGAATCAGAGATTA	2986	7884	0.16708957117482873	1158	ST-RELA	S	RELA-sc3	recurrence
foreman_1158_2_AGATGCTAGCCTGTCG	2936	8151	0.2145748987854251	1158	ST-RELA	G1	RELA-sc3	recurrence
foreman_1158_2_AGCCAATTCTGGTTGA	5022	18541	0.16730489186128042	1158	ST-RELA	G1	RELA-sc3	recurrence
foreman_1158_2_AGTAGCTTCTGTGCAA	2579	7555	0.16810059563203178	1158	ST-RELA	G1	RELA-sc3	recurrence
foreman_1158_2_ATATCCTAGATGAAGG	2481	6850	0.15445255474452554	1158	ST-RELA	G2M	RELA-sc3	recurrence
foreman_1158_2_ATGAAAGAGTTTGTCG	1300	3025	0.2932231404958678	1158	ST-RELA	S	RELA-sc3	recurrence
foreman_1158_2_ATGATCGCACAAGGTG	1920	4656	0.26739690721649484	1158	ST-RELA	G2M	RELA-sc3	recurrence
foreman_1158_2_CAAAGAAAGTACAGAT	4455	16800	0.1731547619047619	1158	ST-RELA	S	RELA-sc3	recurrence
foreman_1158_2_CACAGGCAGAAGATCT	2722	7976	0.08713640922768305	1158	ST-RELA	G1	RELA-sc3	recurrence
foreman_1158_2_CATCGTCGTCAGTCGC	1917	5289	0.2611573373676248	1158	ST-RELA	G2M	RELA-sc3	recurrence
foreman_1158_2_CATGGTATCGTTCTGC	6539	27525	0.1116439600363306	1158	ST-RELA	S	RELA-sc3	recurrence
foreman_1158_2_CCACTTGGTTAACAGA	2912	8214	0.1390309228147066	1158	ST-RELA	G2M	RELA-sc3	recurrence
foreman_1158_2_CCGGTAGTCCATTCGC	2305	5716	0.2456263121063681	1158	ST-RELA	G2M	RELA-sc3	recurrence
foreman_1158_2_CCTCATGTCACCTACC	567	852	0	1158	ST-RELA	S	RELA-sc3	recurrence
foreman_1158_2_CTCAGAAGTGATATAG	2935	7855	0.1289788642729819	1158	ST-RELA	G1	RELA-sc3	recurrence
foreman_1158_2_CTCAGGGAGACTTAAG	2559	6769	0.17905155857586055	1158	ST-RELA	G1	RELA-sc3	recurrence
foreman_1158_2_GAGAAATAGTGTCATC	2322	6537	0.29814899801132017	1158	ST-RELA	G1	RELA-sc3	recurrence
foreman_1158_2_GTCGTAACAGCAGTGA	1310	2568	0.2468847352024922	1158	ST-RELA	G1	RELA-sc3	recurrence
foreman_1158_2_GTGCACGGTGCAGGAT	3043	8477	0.25280169871416774	1158	ST-RELA	S	RELA-sc3	recurrence
foreman_1158_2_GTGGAGAAGATCCTAC	2738	8443	0.15031982942430705	1158	ST-RELA	S	RELA-sc3	recurrence
foreman_1158_2_GTGTCCTAGTTAACAG	1651	3732	0.25569552398820694	1158	ST-RELA	S	RELA-sc3	recurrence
foreman_1158_2_TAACACGGTTAGGACG	1594	3580	0.1628491620111732	1158	ST-RELA	S	RELA-sc3	recurrence
foreman_1158_2_TCACTATCATAACGGG	1188	2627	0.2584697373429768	1158	ST-RELA	G1	RELA-sc3	recurrence
foreman_1158_2_TCAGGGCGTGGTCCGT	1988	4600	0.23847826086956522	1158	ST-RELA	S	RELA-sc3	recurrence
foreman_1158_2_TCAGTTTGTATGCTTG	2725	7559	0.19089826696652998	1158	ST-RELA	G1	RELA-sc3	recurrence
foreman_1158_2_TCTTAGTAGACTTCGT	2740	6987	0.1844854730213253	1158	ST-RELA	S	RELA-sc3	recurrence
foreman_1158_2_TGATGGTCAATGTCAC	1881	4898	0.2439771335238873	1158	ST-RELA	G1	RELA-sc3	recurrence
foreman_1158_2_TGGGCGTTCTCGGTCT	1322	3081	0.1866277182732879	1158	ST-RELA	G2M	RELA-sc3	recurrence
foreman_1158_2_TGTCCACAGGTTTACC	2316	5660	0.22862190812720848	1158	ST-RELA	S	RELA-sc3	recurrence
foreman_1158_2_TTCACGCTCCTCTAGC	969	2002	0.2997002997002997	1158	ST-RELA	G1	RELA-sc3	recurrence
foreman_1158_2_TTCAGGAAGCATCAAA	940	2152	0.2695167286245353	1158	ST-RELA	G2M	RELA-sc3	recurrence
foreman_1158_2_TTCCTCTAGGTCACTT	3654	10331	0.21566160100667892	1158	ST-RELA	S	RELA-sc3	recurrence
foreman_1158_2_TTCTAACCAGGTGGAT	1717	4276	0.29309941520467836	1158	ST-RELA	G1	RELA-sc3	recurrence
foreman_1158_2_TTGGGATAGACGCATG	2676	7782	0.20084811102544334	1158	ST-RELA	G1	RELA-sc3	recurrence
foreman_1158_2_ATCGCCTGTCAAGTTC	2971	7327	0.14400764400764401	1158	ST-RELA	G2M	RELA-sc3	recurrence
foreman_1158_2_ATGAGTCTCGTCAAAC	3171	8514	0.1241922218305722	1158	ST-RELA	G1	RELA-sc3	recurrence
foreman_1158_2_AGATGAACAGGCTATT	3124	10266	0.11913111240989675	1158	ST-RELA	G1	RELA-sc3	recurrence
foreman_1158_2_AGCGCTGGTAGACAAT	2535	7057	0.15048887629304236	1158	ST-RELA	S	RELA-sc3	recurrence
foreman_1158_2_ATCACAGTCAGGAAGC	3274	9042	0.17131165671311657	1158	ST-RELA	G1	RELA-sc3	recurrence
foreman_1158_2_ATCAGGTGTTCTTAGG	3092	9458	0.15385428782912128	1158	ST-RELA	G1	RELA-sc3	recurrence
foreman_1158_2_ATCGATGGTAGCACAG	3431	11309	0.15686621275090637	1158	ST-RELA	G1	RELA-sc3	recurrence
foreman_1158_2_ATGAAAGTCTGTCCGT	2542	6719	0.17889566899836284	1158	ST-RELA	G1	RELA-sc3	recurrence
foreman_1158_2_CTCATCGAGCGTTACT	2329	6185	0.16378334680679063	1158	ST-RELA	S	RELA-sc3	recurrence
foreman_1158_2_CTTCTCTCAAAGCAAT	3341	10128	0.1495160971755876	1158	ST-RELA	G1	RELA-sc3	recurrence
foreman_1158_2_GACATCAAGCATCGAG	3334	10621	0.19565012710667545	1158	ST-RELA	G1	RELA-sc3	recurrence
foreman_1158_2_GTAGCTACATGACAAA	3134	9173	0.17444395987788922	1158	ST-RELA	G1	RELA-sc3	recurrence
foreman_1158_2_GTCGAATAGTTTCGGT	1739	3719	0.15057811239580532	1158	ST-RELA	G1	RELA-sc3	recurrence
foreman_1158_2_TGATCTTTCAAGTTGC	2165	6591	0.10605370960400547	1158	ST-RELA	S	RELA-sc3	recurrence
foreman_1158_2_CACTAAGAGCAGCAGT	2753	7568	0.13662790697674418	1158	ST-RELA	G1	RELA-sc3	recurrence
foreman_1158_2_CAGATACGTCTGTAAC	3859	10673	0.1089767616191904	1158	ST-RELA	G2M	RELA-sc3	recurrence
foreman_1158_2_CATCGGGGTTTACCTT	2627	6926	0.10294542304360381	1158	ST-RELA	S	RELA-sc3	recurrence
foreman_1158_2_CGGAACCCACCGTGGT	3442	9875	0.10926582278481013	1158	ST-RELA	G1	RELA-sc3	recurrence
foreman_1158_2_CGGACACAGAGACAAG	4857	18543	0.08985976267529666	1158	ST-RELA	G1	RELA-sc3	recurrence
foreman_1158_2_GAGTGTTTCTGAGGCC	3121	8214	0.10421232042853665	1158	ST-RELA	G1	RELA-sc3	recurrence
foreman_1158_2_GATCAGTGTACCTAAC	2729	7190	0.1407510431154381	1158	ST-RELA	G2M	RELA-sc3	recurrence
foreman_1158_2_GGTAATCGTGTTCATG	2216	5556	0.12185025197984162	1158	ST-RELA	S	RELA-sc3	recurrence
foreman_1158_2_TCTACCGGTCATCCGG	3916	11391	0.11781230796242648	1158	ST-RELA	G2M	RELA-sc3	recurrence
foreman_1158_2_AAAGGATAGAACGTGC	2894	8878	0.09855823383644965	1158	ST-RELA	G1	RELA-sc3	recurrence
foreman_1158_2_AAGATAGGTCGAACAG	6105	26300	0.13475797558842542	1158	ST-RELA	G1	RELA-sc3	recurrence
foreman_1158_2_AAGATAGGTGCAATGG	4520	14164	0.11945778028805422	1158	ST-RELA	S	RELA-sc3	recurrence
foreman_1158_2_AATTTCCCACTGTGTA	3196	8657	0.14681760425089524	1158	ST-RELA	S	RELA-sc3	recurrence
foreman_1158_2_ACAACCACATCATGAC	3656	10699	0.09206467894195719	1158	ST-RELA	G1	RELA-sc3	recurrence
foreman_1158_2_ACCCTTGGTGTACATC	3083	7932	0.1433795712484237	1158	ST-RELA	G2M	RELA-sc3	recurrence
foreman_1158_2_ACCGTTCCATAGATCC	4958	17939	0.11038019846136693	1158	ST-RELA	G1	RELA-sc3	recurrence
foreman_1158_2_ACTTAGGTCGTAACAC	4284	13971	0.1236397479954181	1158	ST-RELA	S	RELA-sc3	recurrence
foreman_1158_2_AGCCAGCTCTCCGTGT	3665	11541	0.12823845420674118	1158	ST-RELA	G1	RELA-sc3	recurrence
foreman_1158_2_AGGTGTTAGTAGTCCT	3218	8867	0.13004737198285585	1158	ST-RELA	G1	RELA-sc3	recurrence
foreman_1158_2_AGTCTCCTCTTGGCTC	5068	19133	0.11489206000731797	1158	ST-RELA	G1	RELA-sc3	recurrence
foreman_1158_2_AGTGCCGAGTATAGGT	4434	14882	0.09945568174181843	1158	ST-RELA	G1	RELA-sc3	recurrence
foreman_1158_2_ATCATTCTCCTGTTGC	4246	13431	0.23209233060312734	1158	ST-RELA	G1	RELA-sc3	recurrence
foreman_1158_2_ATCGATGAGGGAGATA	1784	3699	0.1435523114355231	1158	ST-RELA	G1	RELA-sc3	recurrence
foreman_1158_2_ATCGCCTCAGTCTACA	5206	17562	0.104202254868466	1158	ST-RELA	G1	RELA-sc3	recurrence
foreman_1158_2_ATCGGCGAGCAAATGT	3079	8440	0.12180094786729857	1158	ST-RELA	G1	RELA-sc3	recurrence
foreman_1158_2_ATTCGTTGTTGTCATG	3403	10156	0.13400945254037022	1158	ST-RELA	S	RELA-sc3	recurrence
foreman_1158_2_ATTCTACCACGTAGTT	5285	19627	0.13078921893310236	1158	ST-RELA	G2M	RELA-sc3	recurrence
foreman_1158_2_CAAGCTAGTTGATCGT	5268	19074	0.08724374770618151	1158	ST-RELA	G1	RELA-sc3	recurrence
foreman_1158_2_CAAGGGACAGGCATGA	4451	15822	0.11901902534605903	1158	ST-RELA	G1	RELA-sc3	recurrence
foreman_1158_2_CACGGGTAGCAGCAGT	2831	8140	0.1504914004914005	1158	ST-RELA	G1	RELA-sc3	recurrence
foreman_1158_2_CAGATCAAGGCCTTCG	4498	16770	0.09516994633273702	1158	ST-RELA	G1	RELA-sc3	recurrence
foreman_1158_2_CATGGATTCTGAATCG	5151	18312	0.13461118392311053	1158	ST-RELA	S	RELA-sc3	recurrence
foreman_1158_2_CATTGTTGTGACAGGT	2717	7708	0.131811105345096	1158	ST-RELA	G1	RELA-sc3	recurrence
foreman_1158_2_CCACAAAGTCAGGTGA	5494	22010	0.11208541572012722	1158	ST-RELA	S	RELA-sc3	recurrence
foreman_1158_2_CCGGGTATCCCGTGAG	2979	8157	0.09943599803825405	1158	ST-RELA	G1	RELA-sc3	recurrence
foreman_1158_2_CCTATCGAGTGGTTGG	3065	7535	0.1556941863551898	1158	ST-RELA	G1	RELA-sc3	recurrence
foreman_1158_2_CCTGCATCAACACAGG	2173	5784	0.16842469306588276	1158	ST-RELA	G1	RELA-sc3	recurrence
foreman_1158_2_CCTTGTGGTGAGTAAT	4638	16097	0.12562127236580517	1158	ST-RELA	G1	RELA-sc3	recurrence
foreman_1158_2_CGAGTGCAGGGCCAAT	3716	11041	0.1621376811594203	1158	ST-RELA	G1	RELA-sc3	recurrence
foreman_1158_2_CTCAAGAAGGTCGCCT	3767	11106	0.12462854570013507	1158	ST-RELA	G1	RELA-sc3	recurrence
foreman_1158_2_CTCCGATAGACATAAC	3226	9919	0.10919540229885058	1158	ST-RELA	S	RELA-sc3	recurrence
foreman_1158_2_CTCCTTTTCTCTGGTC	4100	13429	0.21142389037831397	1158	ST-RELA	G1	RELA-sc3	recurrence
foreman_1158_2_CTGTGAATCACAAGGG	5532	21256	0.11526157320286037	1158	ST-RELA	S	RELA-sc3	recurrence
foreman_1158_2_GAACTGTAGAGAGGGC	3374	9811	0.0993782489042911	1158	ST-RELA	G1	RELA-sc3	recurrence
foreman_1158_2_GAAGAATTCCAAAGGG	5160	20372	0.12920327917137106	1158	ST-RELA	G1	RELA-sc3	recurrence
foreman_1158_2_GACCAATCACCTGAAT	5624	21580	0.12363872283238334	1158	ST-RELA	S	RELA-sc3	recurrence
foreman_1158_2_GAGCCTGTCGATACGT	4550	16689	0.11816166337108275	1158	ST-RELA	G1	RELA-sc3	recurrence
foreman_1158_2_GATCATGAGTTGGAGC	5134	18639	0.15184847346675967	1158	ST-RELA	S	RELA-sc3	recurrence
foreman_1158_2_GATCATGTCCTGATAG	4918	17164	0.16354949600885627	1158	ST-RELA	G1	RELA-sc3	recurrence
foreman_1158_2_GCACGGTCAGTTGGTT	4906	18352	0.12888283378746593	1158	ST-RELA	G1	RELA-sc3	recurrence
foreman_1158_2_GCTTTCGTCTGGTGGC	3484	11381	0.18796133567662565	1158	ST-RELA	G1	RELA-sc3	recurrence
foreman_1158_2_GGAGAACTCCTAAGTG	5392	20378	0.12171181782489203	1158	ST-RELA	G2M	RELA-sc3	recurrence
foreman_1158_2_GGGTTTAGTGTAGGAC	2979	8699	0.13599264283250947	1158	ST-RELA	G2M	RELA-sc3	recurrence
foreman_1158_2_GGTGTTATCGGAACTT	3942	11149	0.11175890214369001	1158	ST-RELA	S	RELA-sc3	recurrence
foreman_1158_2_GTCCACTTCCATATGG	3542	10463	0.12367389849947434	1158	ST-RELA	G1	RELA-sc3	recurrence
foreman_1158_2_GTCGTAATCTCCGAGG	4280	13687	0.1580331701614671	1158	ST-RELA	G1	RELA-sc3	recurrence
foreman_1158_2_GTCGTTCGTCCACACG	2562	6089	0.11364756117589095	1158	ST-RELA	S	RELA-sc3	recurrence
foreman_1158_2_GTGCGTGAGAGATTCA	3044	8228	0.1582401555663588	1158	ST-RELA	G1	RELA-sc3	recurrence
foreman_1158_2_GTGGGAAAGTTGTCGT	2725	7337	0.1924492299304893	1158	ST-RELA	G1	RELA-sc3	recurrence
foreman_1158_2_GTGTAACGTAATGATG	5901	20910	0.11927307508369202	1158	ST-RELA	S	RELA-sc3	recurrence
foreman_1158_2_TAACTTCCACGAGGAT	2685	6541	0.12660550458715597	1158	ST-RELA	S	RELA-sc3	recurrence
foreman_1158_2_TAACTTCTCTCATAGG	4154	12373	0.13174911089557065	1158	ST-RELA	S	RELA-sc3	recurrence
foreman_1158_2_TAAGCCAAGACATGCG	3284	9634	0.15860494083454432	1158	ST-RELA	S	RELA-sc3	recurrence
foreman_1158_2_TACGCTCCACTATCGA	5238	18948	0.09041009130733098	1158	ST-RELA	S	RELA-sc3	recurrence
foreman_1158_2_TAGATCGGTTCCTAAG	4909	17169	0.11232158461986601	1158	ST-RELA	G1	RELA-sc3	recurrence
foreman_1158_2_TAGGTACCAGGTAGTG	4744	16667	0.1390172196556069	1158	ST-RELA	G1	RELA-sc3	recurrence
foreman_1158_2_TAGGTACGTGATCATC	3045	8215	0.1312553269207354	1158	ST-RELA	G1	RELA-sc3	recurrence
foreman_1158_2_TCATGAGAGTTATGGA	2937	7956	0.15208647561588737	1158	ST-RELA	G1	RELA-sc3	recurrence
foreman_1158_2_TCCATCGTCTACGCGG	4548	16090	0.1401491609695463	1158	ST-RELA	G1	RELA-sc3	recurrence
foreman_1158_2_TGAGGTTGTCGTGCCA	6598	28855	0.1315634422763664	1158	ST-RELA	S	RELA-sc3	recurrence
foreman_1347_AACCAACTCATTTACC	742	3365	0.2234769687964339	1347	PFA1	S	RELA-sc3	primary
foreman_1347_AGGAGGTTCTGACCCT	1756	5732	0.2716329378925331	1347	PFA1	G2M	RELA-sc3	primary
foreman_1347_GAGATGGTCTACAGGT	1115	2905	0.03545611015490534	1347	PFA1	G1	RELA-sc3	primary
foreman_1347_ACAAAGAGTGTTATCG	1458	3943	0.21405021557189957	1347	PFA1	G2M	RELA-sc3	primary
foreman_1347_AGAAATGCATAACGGG	1949	6178	0.20977662674004532	1347	PFA1	S	RELA-sc3	primary
foreman_1347_CTGTCGTTCTCTGACC	1438	2583	3.8714672861014324e-4	1347	PFA1	G1	RELA-sc3	primary
foreman_1347_TCACTCGAGACCGTTT	459	731	0.058823529411764705	1347	PFA1	S	RELA-sc3	primary
foreman_1347_TCGAACATCCTCTAGC	1858	5889	0.19273221259976228	1347	PFA1	G1	RELA-sc3	primary
foreman_909_CTCGGAGTCGTTGACA	243	392	0.08163265306122448	909	ST-RELA	G1	RELA-sc3	primary
foreman_909_AAACGGGTCACGATGT	239	301	0.05647840531561462	909	ST-RELA	G1	RELA-sc3	primary
foreman_909_ACGCCAGAGCTATGCT	1003	2689	0.20081814801041278	909	ST-RELA	S	RELA-sc3	primary
foreman_909_CTAGAGTCAGTCAGAG	1130	2687	0.18794194268701153	909	ST-RELA	G1	RELA-sc3	primary
foreman_909_CTTAACTGTGGAAAGA	219	283	0.10283687943262411	909	ST-RELA	G1	RELA-sc3	primary
foreman_909_GTAGGCCGTATAATGG	258	397	0.21158690176322417	909	ST-RELA	G1	RELA-sc3	primary
foreman_723_CACTCCAGTGTCTGAT	252	506	0.26534653465346536	723	PFA1	G1	RELA-sc1	primary
foreman_723_CAGCGACTCGAATGCT	446	849	0.2968197879858657	723	PFA1	G2M	RELA-sc1	primary
foreman_723_CGCTTCACACCGAAAG	325	584	0.2482876712328767	723	PFA1	G2M	RELA-sc1	primary
foreman_723_CTGCGGATCCGTTGTC	270	559	0.24508050089445438	723	PFA1	G1	RELA-sc1	primary
foreman_723_GCAAACTCAACGCACC	237	508	0.18110236220472442	723	PFA1	G1	RELA-sc1	primary
foreman_723_TGCACCTCACGACGAA	336	619	0.2617124394184168	723	PFA1	G1	RELA-sc1	primary
foreman_723_TTTGCGCAGGCACATG	269	562	0.2206405693950178	723	PFA1	S	RELA-sc1	primary
foreman_723_TTATGCTTCTCAAGTG	357	625	0.1792	723	PFA1	G2M	RELA-sc1	primary
foreman_723_GCGCAACAGGAGTAGA	378	707	0.2927864214992928	723	PFA1	G2M	UEC-1	primary
foreman_727_GTAACGTGTCAGTGGA	701	2083	0.2952472395583293	727	PFA2	G1	RELA-sc1	primary
foreman_727_CACATTTTCCTTGGTC	348	581	0.2633390705679862	727	PFA2	G2M	RELA-sc1	primary
foreman_781_AGCTTGACATGCAACT	250	610	0.20491803278688525	781	PFA1	G1	RELA-sc1	primary
foreman_781_GGGAGATTCGGCGGTT	339	670	0.25522388059701495	781	PFA1	G1	RELA-sc1	primary
foreman_781_GTCACAAAGAAACCGC	319	541	0.2365988909426987	781	PFA1	S	RELA-sc1	primary
foreman_781_CAACCAATCTTTCCTC	356	545	0.22385321100917432	781	PFA1	G2M	RELA-sc1	primary
foreman_839_AGGGATGAGTGATCGG	344	710	0.29577464788732394	839	PFA1	S	RELA-sc1	primary
foreman_839_ATGGGAGTCAGCTCGG	428	753	0.1806108897742364	839	PFA1	S	RELA-sc1	primary
foreman_839_GCCTCTATCGCCATAA	203	356	0.23314606741573032	839	PFA1	G1	RELA-sc1	primary
foreman_839_GTGGGTCAGATACACA	258	388	0.1056701030927835	839	PFA1	S	RELA-sc1	primary
foreman_839_GTTACAGAGTGTTAGA	829	1676	0.049522673031026254	839	PFA1	G1	RELA-sc1	primary
foreman_839_ACACTGATCCTAGAAC	520	1064	0.2716165413533835	839	PFA1	S	RELA-sc1	primary
foreman_839_TCTATTGGTTACTGAC	563	1197	0.2322472848788638	839	PFA1	S	RELA-sc1	primary
foreman_839_TTTATGCGTTAGTGGG	900	1984	0.16481854838709678	839	PFA1	S	RELA-sc1	primary
foreman_848_AAGTCTGAGGGTGTTG	402	630	0.26391096979332274	848	PFA1	G1	RELA-sc1	primary
foreman_848_TGCTGCTAGCGATATA	688	1832	0.26965065502183405	848	PFA1	G1	RELA-sc1	primary
foreman_848_AACGTTGTCCTATTCA	776	1455	0.09415807560137457	848	PFA1	S	RELA-sc1	primary
foreman_848_ACGCCAGGTACTTCTT	717	1430	0.21608391608391608	848	PFA1	G1	RELA-sc1	primary
foreman_848_ACTGAGTCAGATCTGT	476	853	0.2813599062133646	848	PFA1	G1	RELA-sc1	primary
foreman_848_CTAACTTCAGATGGCA	589	1528	0.10798429319371727	848	PFA1	S	RELA-sc1	primary
foreman_848_CTCATTATCATCATTC	391	518	0.07915057915057915	848	PFA1	G2M	RELA-sc1	primary
foreman_848_CTCTAATGTGAAAGAG	464	867	0.26528258362168394	848	PFA1	G1	RELA-sc1	primary
foreman_848_TTTATGCGTATTCTCT	430	866	0.28868360277136257	848	PFA1	S	RELA-sc1	primary
foreman_848_CTCGAAACATACTACG	395	550	0.01818181818181818	848	PFA1	G1	RELA-sc1	primary
foreman_848_CTGAAACTCTCTGTCG	476	667	0.07196401799100449	848	PFA1	G2M	RELA-sc1	primary
foreman_848_TCTCTAATCCGTTGTC	450	845	0.2804733727810651	848	PFA1	S	RELA-sc1	primary
foreman_848_TCTTTCCCATTGGCGC	570	875	0.02057142857142857	848	PFA1	S	RELA-sc1	primary
foreman_848_TGTTCCGTCCCATTAT	488	844	0.14099526066350712	848	PFA1	G2M	RELA-sc1	primary
foreman_848_AAGTCTGCACAGCCCA	628	1029	0.17201166180758018	848	PFA1	G1	RELA-sc1	primary
foreman_848_AGGCCGTCATGCCCGA	473	718	0.19637883008356546	848	PFA1	G1	RELA-sc1	primary
foreman_848_ATGGGAGGTAATCACC	570	817	0.0832313341493268	848	PFA1	G1	RELA-sc1	primary
foreman_848_ATTGGTGTCCAATGGT	473	642	0.08566978193146417	848	PFA1	S	RELA-sc1	primary
foreman_848_CAACCAACAATCTACG	474	763	0.182175622542595	848	PFA1	S	RELA-sc1	primary
foreman_848_CAAGATCGTGGCCCTA	409	579	0.09671848013816926	848	PFA1	G2M	RELA-sc1	primary
foreman_848_CAAGTTGCAGACGCAA	402	620	0.21935483870967742	848	PFA1	G1	RELA-sc1	primary
foreman_848_CAGAATCTCATGTAGC	406	580	0.15862068965517243	848	PFA1	G1	RELA-sc1	primary
foreman_848_CAGCTAAAGAGAGCTC	376	524	0.13358778625954199	848	PFA1	G2M	RELA-sc1	primary
foreman_848_CCTAGCTAGACTAAGT	462	691	0.059334298118668596	848	PFA1	G2M	RELA-sc1	primary
foreman_848_CGTGAGCTCGCCGTGA	415	603	0.175787728026534	848	PFA1	G1	RELA-sc1	primary
foreman_848_GACCTGGTCGAACTGT	562	1024	0.193359375	848	PFA1	S	RELA-sc1	primary
foreman_848_GAGCAGATCTAACCGA	373	582	0.2869415807560137	848	PFA1	S	RELA-sc1	primary
foreman_848_GCATACACAGACAGGT	441	615	0.06991869918699187	848	PFA1	S	RELA-sc1	primary
foreman_848_TTGGAACAGTTGTCGT	527	777	0.15958815958815958	848	PFA1	S	RELA-sc1	primary
foreman_848_TTGGCAAAGTACCGGA	563	877	0.12428734321550741	848	PFA1	S	RELA-sc1	primary
foreman_848_ACAGCCGAGTGCTGCC	565	1367	0.2721287490855889	848	PFA1	S	RELA-sc1	primary
foreman_848_AGACGTTTCTGAGGGA	376	510	0.13529411764705881	848	PFA1	G1	RELA-sc1	primary
foreman_848_ATCGAGTAGCGTGTCC	542	985	0.2720812182741117	848	PFA1	G1	RELA-sc1	primary
foreman_848_GTAGTCAGTCTCGTTC	308	514	0.29571984435797666	848	PFA1	G1	RELA-sc1	primary
foreman_859_ACGATGTCAGTCGATT	235	402	0.27860696517412936	859	PFA1	G1	RELA-sc1	primary
foreman_859_CCCAGTTTCGAACTGT	257	401	0.2518703241895262	859	PFA1	G1	RELA-sc1	primary
foreman_859_CTCCTAGGTCTAGTCA	278	443	0.1963882618510158	859	PFA1	G1	RELA-sc1	primary
foreman_859_GGCAATTCAATCAGAA	289	389	0.09768637532133675	859	PFA1	G1	RELA-sc1	primary
foreman_859_TATTACCAGATATGGT	292	488	0.2786885245901639	859	PFA1	G1	RELA-sc1	primary
foreman_859_TCAGCTCAGGACTGGT	256	383	0.2349869451697128	859	PFA1	S	RELA-sc1	primary
foreman_859_TCCACACCAACTTGAC	303	507	0.20118343195266272	859	PFA1	G1	RELA-sc1	primary
foreman_859_TGCCCATAGGGTCTCC	316	467	0.12419700214132762	859	PFA1	G1	RELA-sc1	primary
foreman_859_TGTGTTTAGATCTGAA	296	465	0.03225806451612903	859	PFA1	G1	RELA-sc1	primary
foreman_859_AGTTGGTTCAGATAAG	351	483	0.08074534161490683	859	PFA1	G1	RELA-sc1	primary
foreman_859_GAAGCAGAGTGAACGC	293	426	0.10093896713615023	859	PFA1	S	RELA-sc1	primary
foreman_859_CCACGGATCCGTCATC	313	412	0.0412621359223301	859	PFA1	G1	RELA-sc1	primary
foreman_859_AAGGCAGAGGTAGCCA	334	478	0.08577405857740586	859	PFA1	G1	RELA-sc1	primary
foreman_859_ACATACGCAGTAGAGC	365	559	0.08765652951699464	859	PFA1	G1	RELA-sc1	primary
foreman_859_ACCTTTAAGATATGGT	551	871	0.03218390804597701	859	PFA1	G1	RELA-sc1	primary
foreman_859_ACCTTTATCCCTTGCA	357	507	0.1422924901185771	859	PFA1	S	RELA-sc1	primary
foreman_859_ACGGAGAGTGCCTGTG	393	559	0.05366726296958855	859	PFA1	G1	RELA-sc1	primary
foreman_859_AGAATAGAGTACGTAA	281	391	0.13554987212276215	859	PFA1	S	RELA-sc1	primary
foreman_859_AGCGTATAGCCCAGCT	296	446	0.19955156950672645	859	PFA1	G2M	RELA-sc1	primary
foreman_859_AGCTTGATCCAGTAGT	267	408	0.125	859	PFA1	S	RELA-sc1	primary
foreman_859_AGGGATGTCGAGAGCA	282	396	0.06313131313131314	859	PFA1	G1	RELA-sc1	primary
foreman_859_AGGGTGAAGGAGCGTT	342	519	0.07707129094412331	859	PFA1	G1	RELA-sc1	primary
foreman_859_ATGTGTGCATGGTCAT	288	399	0.07518796992481203	859	PFA1	G1	RELA-sc1	primary
foreman_859_ATTCTACAGTTACCCA	294	403	0.07196029776674938	859	PFA1	G1	RELA-sc1	primary
foreman_859_ATTTCTGTCTGAGGGA	281	403	0.13895781637717122	859	PFA1	G1	RELA-sc1	primary
foreman_859_CAACCAAAGTTTGCGT	313	432	0.09953703703703703	859	PFA1	G1	RELA-sc1	primary
foreman_859_CACCAGGTCCGTTGCT	353	504	0.07142857142857142	859	PFA1	G2M	RELA-sc1	primary
foreman_859_CACTCCATCCGCGGTA	400	563	0.06927175843694494	859	PFA1	G1	RELA-sc1	primary
foreman_859_CAGCTGGAGACGCTTT	284	395	0.07088607594936709	859	PFA1	G1	RELA-sc1	primary
foreman_859_CATGCCTCACGCCAGT	278	413	0.14769975786924938	859	PFA1	G1	RELA-sc1	primary
foreman_859_CATGCCTGTATAGGGC	367	574	0.16898954703832753	859	PFA1	G1	RELA-sc1	primary
foreman_859_CCTTCCCGTACTTGAC	362	547	0.12979890310786105	859	PFA1	G1	RELA-sc1	primary
foreman_859_CGCTTCAGTTTAGGAA	337	447	0.07829977628635347	859	PFA1	G1	RELA-sc1	primary
foreman_859_CGGACGTTCCGTACAA	268	387	0.10335917312661498	859	PFA1	G1	RELA-sc1	primary
foreman_859_CGGACTGCAGTCCTTC	379	541	0.10720887245841035	859	PFA1	G1	RELA-sc1	primary
foreman_859_CGGGTCAGTCATACTG	333	453	0.039735099337748346	859	PFA1	G2M	RELA-sc1	primary
foreman_859_CTAATGGGTAAAGGAG	343	480	0.09375	859	PFA1	G2M	RELA-sc1	primary
foreman_859_CTCAGAAGTCCGAGTC	391	608	0.054276315789473686	859	PFA1	G1	RELA-sc1	primary
foreman_859_CTCGTACAGTGGGTTG	350	500	0.044	859	PFA1	G1	RELA-sc1	primary
foreman_859_CTCGTCACACTTCTGC	324	457	0.02188183807439825	859	PFA1	G1	RELA-sc1	primary
foreman_859_CTGAAGTTCATCTGTT	344	477	0.06918238993710692	859	PFA1	G1	RELA-sc1	primary
foreman_859_CTGTGCTGTCTCTTTA	308	450	0.08	859	PFA1	G1	RELA-sc1	primary
foreman_859_CTTCTCTAGATCCCGC	349	509	0.06679764243614932	859	PFA1	G1	RELA-sc1	primary
foreman_859_CTTGGCTTCGGTCCGA	276	404	0.08663366336633663	859	PFA1	G1	RELA-sc1	primary
foreman_859_GAAACTCAGCACACAG	276	390	0.08461538461538462	859	PFA1	S	RELA-sc1	primary
foreman_859_GAACCTAAGGTGTTAA	403	569	0.10896309314586995	859	PFA1	G1	RELA-sc1	primary
foreman_859_GACGTTAAGAGTACAT	307	435	0.08045977011494253	859	PFA1	G2M	RELA-sc1	primary
foreman_859_GATCTAGCACATAACC	329	449	0.066815144766147	859	PFA1	G2M	RELA-sc1	primary
foreman_859_GCAGTTACACGGTAAG	382	586	0.11945392491467577	859	PFA1	G1	RELA-sc1	primary
foreman_859_GCGACCACAACACCCG	343	506	0.04743083003952569	859	PFA1	S	RELA-sc1	primary
foreman_859_GCGACCATCTGTTGAG	288	415	0.09156626506024096	859	PFA1	G1	RELA-sc1	primary
foreman_859_GGCAATTAGAGTCTGG	301	419	0.045346062052505964	859	PFA1	G1	RELA-sc1	primary
foreman_859_GGCTGGTAGGTCGGAT	431	726	0.10881542699724518	859	PFA1	G1	RELA-sc1	primary
foreman_859_GGTGTTATCAGCTCGG	491	781	0.028169014084507043	859	PFA1	G1	RELA-sc1	primary
foreman_859_GTACGTAGTACGAAAT	382	524	0.04389312977099236	859	PFA1	S	RELA-sc1	primary
foreman_859_GTTTCTAAGGCTCTTA	356	544	0.08823529411764706	859	PFA1	G1	RELA-sc1	primary
foreman_859_TACTCATGTGAGGGTT	313	477	0.07756813417190776	859	PFA1	G1	RELA-sc1	primary
foreman_859_TAGAGCTAGCACAGGT	284	391	0.07672634271099744	859	PFA1	G1	RELA-sc1	primary
foreman_859_TATCTCACAGGTTTCA	277	392	0.09948979591836735	859	PFA1	G1	RELA-sc1	primary
foreman_859_TCACAAGGTAAACCTC	297	439	0.0888382687927107	859	PFA1	S	RELA-sc1	primary
foreman_859_TCGTACCAGATCGATA	307	410	0.046341463414634146	859	PFA1	G2M	RELA-sc1	primary
foreman_859_TCTTCGGAGCAGATCG	270	383	0.10704960835509138	859	PFA1	G1	RELA-sc1	primary
foreman_859_TCTTTCCAGAGACTAT	317	417	0.045563549160671464	859	PFA1	G2M	RELA-sc1	primary
foreman_859_TGAGAGGAGCCAACAG	418	679	0.18998527245949925	859	PFA1	G1	RELA-sc1	primary
foreman_859_TGAGAGGGTATGAAAC	305	445	0.1662921348314607	859	PFA1	G1	RELA-sc1	primary
foreman_859_TGCGGGTAGAACAATC	365	502	0.037848605577689244	859	PFA1	G1	RELA-sc1	primary
foreman_859_TGCGGGTCAGCTGTTA	339	472	0.05508474576271186	859	PFA1	S	RELA-sc1	primary
foreman_859_TGCGTGGAGCAGCGTA	313	401	0.04738154613466334	859	PFA1	G2M	RELA-sc1	primary
foreman_859_TGGACGCCATGCTGGC	371	575	0.08	859	PFA1	G1	RELA-sc1	primary
foreman_859_TGGGAAGAGGCAGGTT	398	597	0.06532663316582915	859	PFA1	G1	RELA-sc1	primary
foreman_859_TGTGGTATCAACGAAA	310	432	0.037037037037037035	859	PFA1	G1	RELA-sc1	primary
foreman_859_TGTGTTTCAAGCCGTC	400	592	0.10472972972972973	859	PFA1	G2M	RELA-sc1	primary
foreman_859_TTAACTCTCTTCTGGC	379	575	0.12173913043478261	859	PFA1	G1	RELA-sc1	primary
foreman_859_TTGTAGGTCGCCGTGA	289	383	0.0731070496083551	859	PFA1	G1	RELA-sc1	primary
foreman_859_GTACTCCGTGGTCTCG	268	394	0.07868020304568528	859	PFA1	S	RELA-sc1	primary
foreman_871_ACGCCAGAGCTATGCT	207	349	0.19484240687679083	871	PFA1	G1	RELA-sc1	primary
foreman_871_AGCTCCTTCGTAGGTT	318	593	0.2478920741989882	871	PFA1	G2M	RELA-sc1	primary
foreman_871_CTAGAGTCAGTCAGAG	216	329	0.14285714285714285	871	PFA1	G2M	RELA-sc1	primary
foreman_871_CAGCATAGTCCTCTTG	275	373	0.09115281501340483	871	PFA1	G2M	RELA-sc1	primary
foreman_911_TGGGAAGTCCCTTGTG	768	1516	0.17480211081794195	911	PFA2	G2M	RELA-sc1	primary
foreman_911_AAATGCCGTATTACCG	211	318	0.24213836477987422	911	PFA2	G1	RELA-sc1	primary
foreman_911_AATCGGTAGTGTGGCA	255	415	0.2674698795180723	911	PFA2	G1	RELA-sc1	primary
foreman_911_ACACCCTGTGCAGGTA	261	397	0.1889168765743073	911	PFA2	G1	RELA-sc1	primary
foreman_911_ACGCCGAAGTGATCGG	312	513	0.2631578947368421	911	PFA2	G2M	RELA-sc1	primary
foreman_911_AGATCTGTCCCTCTTT	257	420	0.29285714285714287	911	PFA2	G1	RELA-sc1	primary
foreman_911_AGCCTAATCTACCTGC	262	361	0.1523545706371191	911	PFA2	G1	RELA-sc1	primary
foreman_911_AGCGTATCACATCTTT	218	344	0.29941860465116277	911	PFA2	G2M	RELA-sc1	primary
foreman_911_AGTCTTTCAATGTAAG	203	322	0.2267080745341615	911	PFA2	G2M	RELA-sc1	primary
foreman_911_ATAGACCAGTTCGCAT	212	315	0.2126984126984127	911	PFA2	G1	RELA-sc1	primary
foreman_911_ATCCGAATCAGCAACT	206	321	0.29595015576323985	911	PFA2	S	RELA-sc1	primary
foreman_911_CACACCTGTACAGCAG	237	321	0.14641744548286603	911	PFA2	G1	RELA-sc1	primary
foreman_911_CATCAGATCTTGACGA	252	370	0.1945945945945946	911	PFA2	G2M	RELA-sc1	primary
foreman_911_CATGCCTGTTACCGAT	280	452	0.2345132743362832	911	PFA2	G1	RELA-sc1	primary
foreman_911_CCACTACAGTGAAGAG	277	415	0.19036144578313252	911	PFA2	G2M	RELA-sc1	primary
foreman_911_CCTCTGATCGTGTAGT	304	509	0.22789783889980353	911	PFA2	G2M	RELA-sc1	primary
foreman_911_CGAGCACAGCGATAGC	236	374	0.23796791443850268	911	PFA2	G2M	RELA-sc1	primary
foreman_911_CGCTTCAGTCTCAACA	218	348	0.23850574712643677	911	PFA2	G1	RELA-sc1	primary
foreman_911_CGGACGTGTGTCCTCT	221	326	0.16923076923076924	911	PFA2	G1	RELA-sc1	primary
foreman_911_CTACGTCGTTAGTGGG	295	522	0.28544061302681994	911	PFA2	G1	RELA-sc1	primary
foreman_911_CTCGAAACAGCAGTTT	277	444	0.2725225225225225	911	PFA2	G1	RELA-sc1	primary
foreman_911_CTTAACTAGGGTCTCC	303	433	0.13625866050808313	911	PFA2	G1	RELA-sc1	primary
foreman_911_CTTAACTGTCACAAGG	273	408	0.20098039215686275	911	PFA2	G1	RELA-sc1	primary
foreman_911_GAACCTATCGAGAACG	295	457	0.22319474835886213	911	PFA2	G1	RELA-sc1	primary
foreman_911_GACAGAGTCGAGCCCA	240	372	0.23655913978494625	911	PFA2	G1	RELA-sc1	primary
foreman_911_GACGCGTGTTAAGGGC	236	368	0.2418478260869565	911	PFA2	G2M	RELA-sc1	primary
foreman_911_GACGTTAGTAGGAGTC	300	418	0.10047846889952153	911	PFA2	G1	RELA-sc1	primary
foreman_911_GACGTTATCTGTACGA	314	514	0.2587548638132296	911	PFA2	G1	RELA-sc1	primary
foreman_911_GACTAACTCGTTACAG	407	638	0.17711598746081506	911	PFA2	S	RELA-sc1	primary
foreman_911_GCGCAGTCAATGGAAT	256	384	0.1875	911	PFA2	G1	RELA-sc1	primary
foreman_911_GTACTTTTCATTGCCC	227	316	0.19936708860759494	911	PFA2	G2M	RELA-sc1	primary
foreman_911_GTTACAGAGAGCTGCA	302	441	0.18594104308390022	911	PFA2	G1	RELA-sc1	primary
foreman_911_TATCAGGAGATATGCA	270	445	0.27640449438202247	911	PFA2	G1	RELA-sc1	primary
foreman_911_TCGTAGACACATAACC	382	694	0.2334293948126801	911	PFA2	G1	RELA-sc1	primary
foreman_911_TGACGGCGTCTAGCGC	283	523	0.29063097514340347	911	PFA2	G1	RELA-sc1	primary
foreman_911_TGAGAGGTCAGCGATT	241	352	0.20170454545454544	911	PFA2	G1	RELA-sc1	primary
foreman_911_TGGCGCAAGATCGATA	220	352	0.13068181818181818	911	PFA2	G2M	RELA-sc1	primary
foreman_911_TTTCCTCGTGTGGCTC	236	340	0.22058823529411764	911	PFA2	G2M	RELA-sc1	primary
foreman_911_ACACCCTAGGCTACGA	273	392	0.11989795918367346	911	PFA2	G1	RELA-sc1	primary
foreman_911_CTACATTCATTCCTCG	285	441	0.21768707482993196	911	PFA2	G1	RELA-sc1	primary
foreman_911_TACGGTAGTGATGCCC	257	321	0.09345794392523364	911	PFA2	S	RELA-sc1	primary
foreman_965_ACACCGGGTCGGCATC	700	1282	0.26697892271662765	965	PFA2	S	RELA-sc1	primary
foreman_965_ATCTACTGTTCCGGCA	467	852	0.21830985915492956	965	PFA2	S	RELA-sc1	primary
foreman_965_CGAACATTCTAACTGG	1010	2483	0.21707611759967782	965	PFA2	G1	RELA-sc1	primary
foreman_965_AACTTTCTCGTCGTTC	596	2089	0.16515078985160364	965	PFA2	G2M	RELA-sc1	primary
foreman_965_CCTACCATCCATGAGT	528	1067	0.12277413308341144	965	PFA2	S	RELA-sc1	primary
foreman_965_CGGACGTTCCTTCAAT	558	1241	0.0789685737308622	965	PFA2	S	RELA-sc1	primary
foreman_965_CTCAGAAGTCGCGGTT	337	1055	0.15829383886255924	965	PFA2	G1	RELA-sc1	primary
foreman_965_GCAATCATCTATCCTA	524	1272	0.25707547169811323	965	PFA2	G1	RELA-sc1	primary
foreman_965_GTGCATAAGAGTGAGA	432	1316	0.19680851063829788	965	PFA2	S	RELA-sc1	primary
foreman_965_TCATTTGGTTGTGGAG	476	1218	0.17323481116584566	965	PFA2	G1	RELA-sc1	primary
foreman_965_TTCGAAGTCAATAAGG	421	612	0.0915032679738562	965	PFA2	G1	RELA-sc1	primary
foreman_965_GTACTTTGTAAACCTC	385	980	0.19489795918367347	965	PFA2	S	RELA-sc1	primary
foreman_987_AAAGTCCTCATGCTAG	405	974	0.17967145790554415	987	PFA2	G1	RELA-sc1	primary
foreman_987_AACAACCCATCTGGGC	489	1036	0.1294685990338164	987	PFA2	S	RELA-sc1	primary
foreman_987_AACGGGAAGTCGAGGT	399	747	0.19410977242302543	987	PFA2	S	RELA-sc1	primary
foreman_987_ACACAGTCATGAGGGT	917	1984	0.10696266397578204	987	PFA2	S	RELA-sc1	primary
foreman_987_ACTCCCAGTCATCAGT	313	547	0.10073260073260074	987	PFA2	S	RELA-sc1	primary
foreman_987_ACTGTCCAGCGTGAAC	416	670	0.07761194029850746	987	PFA2	G2M	RELA-sc1	primary
foreman_987_AGATAGAAGGTACCTT	340	549	0.263254113345521	987	PFA2	G2M	RELA-sc1	primary
foreman_987_AGCCACGCAGCGTATT	363	649	0.21879815100154082	987	PFA2	S	RELA-sc1	primary
foreman_987_AGCCAGCTCTCGAGTA	310	556	0.14928057553956833	987	PFA2	S	RELA-sc1	primary
foreman_987_AGGATAAAGAGAATCT	376	694	0.17579250720461095	987	PFA2	S	RELA-sc1	primary
foreman_987_AGGCCACTCTCGGCTT	306	682	0.13929618768328444	987	PFA2	G2M	RELA-sc1	primary
foreman_987_AGGGCCTGTAGTCCTA	456	1008	0.12512413108242304	987	PFA2	S	RELA-sc1	primary
foreman_987_AGTAACCTCCTTCACG	605	1317	0.11769172361427487	987	PFA2	S	RELA-sc1	primary
foreman_987_AGTCATGCATATACCG	355	760	0.19736842105263158	987	PFA2	S	RELA-sc1	primary
foreman_987_AGTTAGCAGACCATTC	332	681	0.14243759177679882	987	PFA2	G1	RELA-sc1	primary
foreman_987_ATATCCTCAATAAGGT	516	1091	0.1934005499541705	987	PFA2	G2M	RELA-sc1	primary
foreman_987_CACTTCGCATGTGACT	636	1463	0.14627477785372522	987	PFA2	G2M	RELA-sc1	primary
foreman_987_CAGTTAGCAATTGCAC	429	798	0.20300751879699247	987	PFA2	G2M	RELA-sc1	primary
foreman_987_CATTCTAAGCATCAGG	321	649	0.19568567026194145	987	PFA2	S	RELA-sc1	primary
foreman_987_CCATCACGTGTTTCTT	380	619	0.1147011308562197	987	PFA2	G2M	RELA-sc1	primary
foreman_987_CCTGCATCAACACAGG	400	828	0.15217391304347827	987	PFA2	G2M	RELA-sc1	primary
foreman_987_CGATGGCTCAGCGGAA	405	855	0.13450292397660818	987	PFA2	S	RELA-sc1	primary
foreman_987_CGTAAGTAGGGCGAGA	317	561	0.1265597147950089	987	PFA2	S	RELA-sc1	primary
foreman_987_CTCGAGGTCCACTTCG	371	692	0.17485549132947978	987	PFA2	G1	RELA-sc1	primary
foreman_987_CTGGACGCAGTCACGC	842	2242	0.12132024977698483	987	PFA2	G1	RELA-sc1	primary
foreman_987_GAAGCCCAGCTGAAGC	342	659	0.10773899848254932	987	PFA2	S	RELA-sc1	primary
foreman_987_GAGCTGCAGACCATTC	359	648	0.15895061728395063	987	PFA2	S	RELA-sc1	primary
foreman_987_GAGGCAAGTAAGTAGT	288	601	0.16139767054908485	987	PFA2	S	RELA-sc1	primary
foreman_987_GAGGGTAGTCACGCTG	675	1758	0.28100113765642776	987	PFA2	G2M	RELA-sc1	primary
foreman_987_GATCATGTCATCCTAT	400	679	0.101620029455081	987	PFA2	S	RELA-sc1	primary
foreman_987_GCAACATGTCCAACGC	309	714	0.19747899159663865	987	PFA2	G1	RELA-sc1	primary
foreman_987_GCACTAAAGGTCATCT	814	1937	0.09757356737222508	987	PFA2	G2M	RELA-sc1	primary
foreman_987_GGAACCCAGCATGCAG	404	895	0.20670391061452514	987	PFA2	G1	RELA-sc1	primary
foreman_987_GGGACAACAGGAATCG	573	1210	0.09263854425144748	987	PFA2	G2M	RELA-sc1	primary
foreman_987_GGGATCCCAAACAGGC	544	1063	0.14393226716839136	987	PFA2	G1	RELA-sc1	primary
foreman_987_GGGTCTGAGTTATGGA	369	559	0.13059033989266547	987	PFA2	S	RELA-sc1	primary
foreman_987_GGTAATCAGGTTGACG	480	1091	0.07424381301558204	987	PFA2	G1	RELA-sc1	primary
foreman_987_GGTGTCGCACAACGAG	480	902	0.25942350332594233	987	PFA2	S	RELA-sc1	primary
foreman_987_GTAGCTATCCACCTGT	308	551	0.15970961887477314	987	PFA2	G1	RELA-sc1	primary
foreman_987_GTCGTAATCCTTCGAC	621	1294	0.13137557959814528	987	PFA2	G2M	RELA-sc1	primary
foreman_987_GTGGAAGCAGTCACGC	352	747	0.14056224899598393	987	PFA2	S	RELA-sc1	primary
foreman_987_GTTGAACCAAATAAGC	532	1216	0.09457236842105263	987	PFA2	S	RELA-sc1	primary
foreman_987_GTTGTGAAGGATATGT	296	521	0.11900191938579655	987	PFA2	G1	RELA-sc1	primary
foreman_987_TACTTCAAGGTCCCTG	385	629	0.20063694267515925	987	PFA2	S	RELA-sc1	primary
foreman_987_TAGACTGCATGAATAG	434	835	0.11017964071856287	987	PFA2	S	RELA-sc1	primary
foreman_987_TAGATCGAGCTACAAA	522	1230	0.15121951219512195	987	PFA2	S	RELA-sc1	primary
foreman_987_TATTGGGCAATCCTAG	635	1515	0.12805280528052806	987	PFA2	G1	RELA-sc1	primary
foreman_987_TCACGCTCAACCGGAA	366	669	0.1898355754857997	987	PFA2	S	RELA-sc1	primary
foreman_987_TCCATCGGTCGAGCAA	561	1096	0.12408759124087591	987	PFA2	G2M	RELA-sc1	primary
foreman_987_TCGTCCAGTGCATTTG	305	500	0.224	987	PFA2	G2M	RELA-sc1	primary
foreman_987_TCTAACTAGTCATCGT	330	549	0.08561020036429873	987	PFA2	S	RELA-sc1	primary
foreman_987_TCTAACTAGTGAACAT	385	810	0.08765432098765433	987	PFA2	G2M	RELA-sc1	primary
foreman_987_TGATCTTTCACTTTGT	371	795	0.189937106918239	987	PFA2	G2M	RELA-sc1	primary
foreman_987_TGGAGAGAGCCGTAAG	435	1040	0.2125	987	PFA2	S	RELA-sc1	primary
foreman_987_TGGTACATCGACATAC	864	2074	0.11523625843780134	987	PFA2	S	RELA-sc1	primary
foreman_987_TGGTTAGAGCCGCACT	368	648	0.21141975308641975	987	PFA2	G1	RELA-sc1	primary
foreman_987_TGTAAGCCATGAAGCG	487	977	0.10747185261003071	987	PFA2	S	RELA-sc1	primary
foreman_987_TGTACAGCAAAGTATG	591	1453	0.1494490358126722	987	PFA2	S	RELA-sc1	primary
foreman_987_TTACCATTCATTGCGA	416	969	0.19607843137254902	987	PFA2	G1	RELA-sc1	primary
foreman_987_TTCAGGAGTGATAGTA	554	1212	0.18316831683168316	987	PFA2	S	RELA-sc1	primary
foreman_987_TTGGGTAGTCTCGCGA	416	833	0.19327731092436976	987	PFA2	G2M	RELA-sc1	primary
foreman_1010_CATCGCTAGTTCCGTA	1391	3566	0.09593267882187938	1010	PFA1	G2M	RELA-sc1	primary
foreman_1010_CATGCCTAGAGCATTA	860	1970	0.09390862944162437	1010	PFA1	G2M	RELA-sc1	primary
foreman_1010_TCCTAATGTATGAAAC	782	1654	0.07562008469449485	1010	PFA1	G2M	RELA-sc1	primary
foreman_1010_TTTGTTGGTTACGGAG	857	2279	0.14436156208863538	1010	PFA1	G2M	RELA-sc1	primary
foreman_1010_AACAACCCATCTGGGC	725	1777	0.1277433877321328	1010	PFA1	S	RELA-sc1	primary
foreman_1010_AAGGAATAGCAACTTC	1173	3263	0.11557326793378296	1010	PFA1	S	RELA-sc1	primary
foreman_1010_ACACAGTCATGAGGGT	1285	3268	0.10189718482252141	1010	PFA1	S	RELA-sc1	primary
foreman_1010_AGGGCCTGTAGTCCTA	688	1687	0.1269276393831554	1010	PFA1	G2M	RELA-sc1	primary
foreman_1010_AGTAACCTCCTTCACG	836	2086	0.12134292565947243	1010	PFA1	S	RELA-sc1	primary
foreman_1010_ATATCCTCAATAAGGT	774	1784	0.20011210762331838	1010	PFA1	S	RELA-sc1	primary
foreman_1010_CAACGATCAAACTCTG	1087	2684	0.15461997019374069	1010	PFA1	G2M	RELA-sc1	primary
foreman_1010_CACTTCGCATGTGACT	886	2343	0.12815036309269542	1010	PFA1	G2M	RELA-sc1	primary
foreman_1010_CAGATTGAGACTACCT	441	656	0.01524390243902439	1010	PFA1	S	RELA-sc1	primary
foreman_1010_CATCCACTCCCGTGTT	610	1623	0.1226124460874923	1010	PFA1	G2M	RELA-sc1	primary
foreman_1010_CCAATGACAGCCGTCA	1341	3445	0.27198838896952104	1010	PFA1	G1	RELA-sc1	primary
foreman_1010_CGGGCATAGGGCCTCT	944	1983	0.14177598385469223	1010	PFA1	S	RELA-sc1	primary
foreman_1010_CTGGACGCAGTCACGC	1176	3537	0.12362093352192362	1010	PFA1	S	RELA-sc1	primary
foreman_1010_GACGTTACAGCAGTTT	607	1544	0.11787564766839378	1010	PFA1	G1	RELA-sc1	primary
foreman_1010_GAGGGTAGTCACGCTG	987	2377	0.1334175084175084	1010	PFA1	G2M	RELA-sc1	primary
foreman_1010_GAGTTTGCAATGGCCC	869	2124	0.07580037664783427	1010	PFA1	S	RELA-sc1	primary
foreman_1010_GATGATCTCCGTGGCA	990	2616	0.06347992351816444	1010	PFA1	G2M	RELA-sc1	primary
foreman_1010_GCACTAAAGGTCATCT	1210	3286	0.11564211807668898	1010	PFA1	G2M	RELA-sc1	primary
foreman_1010_GGGACAACAGGAATCG	819	1992	0.09487951807228916	1010	PFA1	G2M	RELA-sc1	primary
foreman_1010_GGGATCCCAAACAGGC	876	1811	0.13086692435118719	1010	PFA1	G2M	RELA-sc1	primary
foreman_1010_GGTAATCAGGTTGACG	703	1864	0.06652360515021459	1010	PFA1	G1	RELA-sc1	primary
foreman_1010_GTCGTAATCCTTCGAC	932	2231	0.12152466367713005	1010	PFA1	G2M	RELA-sc1	primary
foreman_1010_GTGGGAATCGCTCTCA	1143	2813	0.1704019921736037	1010	PFA1	S	RELA-sc1	primary
foreman_1010_GTTGAACCAAATAAGC	760	1901	0.10099947396107312	1010	PFA1	S	RELA-sc1	primary
foreman_1010_TAAGCCAGTATTCCTT	1709	5124	0.08198321296115557	1010	PFA1	G2M	RELA-sc1	primary
foreman_1010_TAGATCGAGCTACAAA	773	2040	0.13529411764705881	1010	PFA1	G2M	RELA-sc1	primary
foreman_1010_TATTGGGCAATCCTAG	954	2540	0.12327688066167783	1010	PFA1	S	RELA-sc1	primary
foreman_1010_TCACAAGGTACGATGG	1012	2613	0.1794871794871795	1010	PFA1	S	RELA-sc1	primary
foreman_1010_TCATCCGTCTCACGAA	964	1940	0.12938144329896908	1010	PFA1	G2M	RELA-sc1	primary
foreman_1010_TCCATCGGTCGAGCAA	816	1827	0.12431544359255203	1010	PFA1	G2M	RELA-sc1	primary
foreman_1010_TCTCACGGTGACCTGC	821	2369	0.14563106796116504	1010	PFA1	G2M	RELA-sc1	primary
foreman_1010_TCTTCCTCAAAGAACT	1072	2749	0.12550018188432158	1010	PFA1	G2M	RELA-sc1	primary
foreman_1010_TGGAGAGAGCCGTAAG	647	1838	0.2236126224156692	1010	PFA1	S	RELA-sc1	primary
foreman_1010_TGGGAAGAGAGCCCAA	217	740	0.22837837837837838	1010	PFA1	G1	RELA-sc1	primary
foreman_1010_TGGGAGAGTACCTGTA	808	2324	0.09337349397590361	1010	PFA1	G1	RELA-sc1	primary
foreman_1010_TGGTACATCGACATAC	1290	3497	0.11495567629396626	1010	PFA1	S	RELA-sc1	primary
foreman_1010_TGGTTAGAGAGTGGCT	492	836	0.22727272727272727	1010	PFA1	S	RELA-sc1	primary
foreman_1010_TGTACAGCAAAGTATG	843	2327	0.14825956166738288	1010	PFA1	G2M	RELA-sc1	primary
foreman_1010_TTACCATTCATTGCGA	628	1591	0.17661847894406035	1010	PFA1	S	RELA-sc1	primary
foreman_1010_TTCAGGAGTGATAGTA	805	2035	0.2049140049140049	1010	PFA1	S	RELA-sc1	primary
foreman_1010_TTCTTGACATGACTAC	1180	2724	0.0826294528094014	1010	PFA1	S	RELA-sc1	primary
foreman_1010_TTGCGTCAGGAAGTGA	862	2137	0.10294805802526907	1010	PFA1	G2M	RELA-sc1	primary
foreman_1010_TTGGTTTCAACTTCTT	694	1579	0.2908745247148289	1010	PFA1	G2M	RELA-sc1	primary
foreman_1010_CGTAAGTGTGAGATAT	1026	2387	0.165060745705907	1010	PFA1	G1	RELA-sc1	primary
foreman_1048_ATACCGATCCGCTGTT	666	1295	0.2494208494208494	1048	PFA1	S	RELA-sc1	primary
foreman_1048_TGATCAGCATGTGACT	968	2182	0.2887259395050413	1048	PFA1	S	RELA-sc2	primary
foreman_1048_TTACCGCGTTCGTGCG	403	619	0.210016155088853	1048	PFA1	S	RELA-sc1	primary
foreman_1048_ATCATTCCAATCTAGC	2582	6611	0.05340393343419062	1048	PFA1	S	RELA-sc1	primary
foreman_1048_ATTTACCTCCATTCAT	903	2077	0.294174289841117	1048	PFA1	G1	RELA-sc1	primary
foreman_1048_CCGGTAGTCATCTACT	3085	9295	0.07135170038743005	1048	PFA1	S	RELA-sc1	primary
foreman_1067_TAAGCCAGTATTCCTT	397	729	0.08093278463648834	1067	PFB	G2M	RELA-sc1	primary
foreman_1067_AAGGAATAGCAACTTC	316	519	0.09826589595375723	1067	PFB	G2M	RELA-sc1	primary
foreman_1067_GGAAGTGTCCTCAGGG	470	749	0.025367156208277702	1067	PFB	S	RELA-sc1	primary
foreman_1067_TGGTACATCGACATAC	297	509	0.11787819253438114	1067	PFB	G1	RELA-sc1	primary
foreman_1101_CTCAGAATCTCATTCA	2129	5583	0.006089915815869604	1101	PFA2	S	RELA-sc1	primary
foreman_1101_CACCTTGCACGGTTTA	386	690	0.23623188405797102	1101	PFA2	G2M	RELA-sc1	primary
foreman_1101_CTGATAGAGCAGACTG	1070	2252	0.003996447602131439	1101	PFA2	G2M	RELA-sc1	primary
foreman_1101_GTACGTAAGCTCCCAG	596	945	0.17989417989417988	1101	PFA2	G1	RELA-sc1	primary
foreman_1101_TGGCCAGAGCGTCTAT	526	923	0.0010834236186348862	1101	PFA2	G1	RELA-sc1	primary
foreman_1101_AACTGGTGTAGCCTAT	361	690	0.23623188405797102	1101	PFA2	G1	RELA-sc1	primary
foreman_1101_CCCATACGTAAACCTC	411	653	0.24655436447166923	1101	PFA2	S	RELA-sc1	primary
foreman_1101_GGCTGGTGTTTCCACC	343	566	0.07079646017699115	1101	PFA2	G1	RELA-sc1	primary
foreman_1101_TGCGGGTAGAGGACGG	559	976	0.20081967213114754	1101	PFA2	G1	RELA-sc1	primary
foreman_1101_CCGGTAGAGGGCTCTC	457	789	0.20278833967046894	1101	PFA2	S	RELA-sc1	primary
foreman_1185_GAGCTGCAGCAATTCC	368	620	0.1693548387096774	1185	ST-YAP	G2M	RELA-sc1	primary
foreman_1185_ACCACAACACTCCACT	333	570	0.23333333333333334	1185	ST-YAP	S	RELA-sc1	primary
foreman_1185_AGATGAAGTGTGGACA	378	578	0.11591695501730104	1185	ST-YAP	G1	RELA-sc1	primary
foreman_1185_CCTCACACAACTGGTT	382	734	0.27520435967302453	1185	ST-YAP	G1	RELA-sc1	primary
foreman_1185_GGGTATTAGACGCCAA	401	660	0.2549317147192716	1185	ST-YAP	G2M	RELA-sc1	primary
foreman_1386_AAACGGGAGATAGTCA	3518	11039	0.05697979889482743	1386	ST-RELA	S	RELA-sc1	recurrence
foreman_1386_AAAGATGTCAGCTGGC	2696	9797	0.023785218456512863	1386	ST-RELA	G1	RELA-sc1	recurrence
foreman_1386_AACACGTAGGCTCATT	2110	6509	0.05838070364111231	1386	ST-RELA	G2M	RELA-sc1	recurrence
foreman_1386_AACACGTCAAGACGTG	1974	4454	0.057700942972608894	1386	ST-RELA	S	RELA-sc1	recurrence
foreman_1386_AACTCTTCAAGCCGTC	1962	4733	0.023874920769068244	1386	ST-RELA	G1	RELA-sc1	recurrence
foreman_1386_AACTGGTGTTCCTCCA	2289	6486	0.04301572617946346	1386	ST-RELA	G1	RELA-sc1	recurrence
foreman_1386_AAGGAGCGTGACGCCT	2295	6201	0.028382518948556684	1386	ST-RELA	S	RELA-sc1	recurrence
foreman_1386_AATCCAGGTTCACGGC	3287	9251	0.041833315317262997	1386	ST-RELA	S	RELA-sc1	recurrence
foreman_1386_ACACCCTTCCTTAATC	2893	7708	0.039444660698066694	1386	ST-RELA	S	RELA-sc1	recurrence
foreman_1386_ACAGCCGCAATGCCAT	2967	9285	0.04340801378716071	1386	ST-RELA	S	RELA-sc1	recurrence
foreman_1386_ACATGGTGTCGAACAG	2443	6568	0.03928136419001218	1386	ST-RELA	G1	RELA-sc1	recurrence
foreman_1386_ACGATACTCTGCTTGC	2596	7461	0.04181745074386811	1386	ST-RELA	S	RELA-sc1	recurrence
foreman_1386_ACGCCGAGTATAAACG	2436	5703	0.047869542346133616	1386	ST-RELA	G1	RELA-sc1	recurrence
foreman_1386_ACTGAACTCCCTGACT	2682	8254	0.04167676278168161	1386	ST-RELA	G1	RELA-sc1	recurrence
foreman_1386_ACTGATGCACAACGCC	2104	5142	0.028788173507099786	1386	ST-RELA	G1	RELA-sc1	recurrence
foreman_1386_ACTGCTCGTACATGTC	2091	6188	0.03330100226317491	1386	ST-RELA	S	RELA-sc1	recurrence
foreman_1386_AGGGATGCAATCTGCA	2272	5516	0.06127628716461204	1386	ST-RELA	S	RELA-sc1	recurrence
foreman_1386_AGGGTGAGTGCAGACA	2261	6486	0.010946654332408264	1386	ST-RELA	G1	RELA-sc1	recurrence
foreman_1386_AGTAGTCTCGCGATCG	2452	6519	0.042030986347599324	1386	ST-RELA	S	RELA-sc1	recurrence
foreman_1386_ATAAGAGTCGCAAACT	1606	3974	0.07500629247420086	1386	ST-RELA	G1	RELA-sc1	recurrence
foreman_1386_ATCCACCAGAGTAAGG	2759	7477	0.04801390932192055	1386	ST-RELA	S	RELA-sc1	recurrence
foreman_1386_ATCTGCCGTAGCGTGA	2196	6121	0.030550563633393236	1386	ST-RELA	G1	RELA-sc1	recurrence
foreman_1386_ATTACTCAGACGCTTT	2450	7827	0.04292832502874665	1386	ST-RELA	G1	RELA-sc1	recurrence
foreman_1386_CAACCTCTCGTTACAG	2402	6261	0.02156205079060853	1386	ST-RELA	G1	RELA-sc1	recurrence
foreman_1386_CACCTTGCAAGTAGTA	4396	17021	0.03131425885670642	1386	ST-RELA	S	RELA-sc1	recurrence
foreman_1386_CACCTTGCAGCTCGAC	2458	6482	0.05817003548835056	1386	ST-RELA	G1	RELA-sc1	recurrence
foreman_1386_CAGCCGATCTTGCCGT	2223	5817	0.030256145779611485	1386	ST-RELA	G1	RELA-sc1	recurrence
foreman_1386_CAGTCCTTCTTGAGGT	2785	10710	0.01223155929038282	1386	ST-RELA	S	RELA-sc1	recurrence
foreman_1386_CATATTCTCCTATGTT	2216	5678	0.03698485382176823	1386	ST-RELA	S	RELA-sc1	recurrence
foreman_1386_CCATGTCGTTCGGCAC	3123	9561	0.03399226022382596	1386	ST-RELA	G1	RELA-sc1	recurrence
foreman_1386_CCGTGGAGTCCATCCT	2351	6188	0.04330963154492566	1386	ST-RELA	S	RELA-sc1	recurrence
foreman_1386_CGAACATGTTCGCGAC	2883	8349	0.03521379805964786	1386	ST-RELA	S	RELA-sc1	recurrence
foreman_1386_CGAGCCAGTACGCTGC	2416	6552	0.037545787545787544	1386	ST-RELA	S	RELA-sc1	recurrence
foreman_1386_CGCTATCTCACGACTA	2548	6940	0.043371757925072044	1386	ST-RELA	G1	RELA-sc1	recurrence
foreman_1386_CGGACTGCACCCATTC	1659	4263	0.04339666901243256	1386	ST-RELA	G1	RELA-sc1	recurrence
foreman_1386_CGGAGCTCACCCTATC	3139	9708	0.027505923560317298	1386	ST-RELA	G1	RELA-sc1	recurrence
foreman_1386_CGTCTACTCGGCGGTT	2227	5594	0.03003217733285663	1386	ST-RELA	S	RELA-sc1	recurrence
foreman_1386_CTAACTTGTAAAGGAG	2135	5116	0.05297107114933542	1386	ST-RELA	S	RELA-sc1	recurrence
foreman_1386_CTACCCACATGAGCGA	2232	6015	0.03459171794445368	1386	ST-RELA	G1	RELA-sc1	recurrence
foreman_1386_CTAGTGAAGAGGTAGA	2401	6074	0.08709252551860389	1386	ST-RELA	S	RELA-sc1	recurrence
foreman_1386_CTGTGCTAGTGCTGCC	3710	11728	0.004775304852050823	1386	ST-RELA	S	RELA-sc1	recurrence
foreman_1386_CTTAGGATCTTCGAGA	2273	5830	0.0634648370497427	1386	ST-RELA	G1	RELA-sc1	recurrence
foreman_1386_GATCAGTTCTTTCCTC	2457	6734	0.0297000297000297	1386	ST-RELA	G2M	RELA-sc1	recurrence
foreman_1386_GATCGATTCGCCATAA	2516	7110	0.042616033755274264	1386	ST-RELA	G1	RELA-sc1	recurrence
foreman_1386_GATGAGGGTAGCGCTC	1966	4847	0.025170208376315246	1386	ST-RELA	G1	RELA-sc1	recurrence
foreman_1386_GCAAACTTCTCTGAGA	2843	7247	0.029253484200358768	1386	ST-RELA	S	RELA-sc1	recurrence
foreman_1386_GCAATCAGTATTAGCC	2149	5174	0.038654812524159254	1386	ST-RELA	G1	RELA-sc1	recurrence
foreman_1386_GCTCCTAGTAACGTTC	2529	6790	0.027245949926362298	1386	ST-RELA	S	RELA-sc1	recurrence
foreman_1386_GCTTCCACACCTGGTG	3200	11619	0.02625236701669823	1386	ST-RELA	S	RELA-sc1	recurrence
foreman_1386_GCTTGAAAGTGGTAAT	516	1045	0.18277511961722487	1386	ST-RELA	S	RELA-sc1	recurrence
foreman_1386_GGACGTCCATACCATG	3313	10366	0.03945591356357322	1386	ST-RELA	S	RELA-sc1	recurrence
foreman_1386_GGATGTTGTCCTAGCG	1537	3559	0.02388311323405451	1386	ST-RELA	S	RELA-sc1	recurrence
foreman_1386_GGATTACTCGCAAGCC	2626	7278	0.02267106347897774	1386	ST-RELA	S	RELA-sc1	recurrence
foreman_1386_GGGTTGCTCTCCGGTT	3141	10225	0.06454767726161369	1386	ST-RELA	G1	RELA-sc1	recurrence
foreman_1386_GTACGTAAGTGTTTGC	1928	4430	0.043566591422121895	1386	ST-RELA	G2M	RELA-sc1	recurrence
foreman_1386_GTGCAGCTCGTGGGAA	2480	6334	0.02778654878433849	1386	ST-RELA	G1	RELA-sc1	recurrence
foreman_1386_GTGGGTCAGTACGTTC	4202	14559	0.033999587883783225	1386	ST-RELA	S	RELA-sc1	recurrence
foreman_1386_GTTACAGAGACAGACC	2331	7056	0.025793650793650792	1386	ST-RELA	G1	RELA-sc1	recurrence
foreman_1386_TACCTATTCCTATGTT	2823	8403	0.04129477567535404	1386	ST-RELA	G1	RELA-sc1	recurrence
foreman_1386_TACGGGCCATTACGAC	1928	4746	0.03286978508217446	1386	ST-RELA	S	RELA-sc1	recurrence
foreman_1386_TGACTTTTCTGCAGTA	1959	4461	0.00717327953373683	1386	ST-RELA	G1	RELA-sc1	recurrence
foreman_1386_TGAGCATCACCAGATT	2372	7027	0.03301551159812153	1386	ST-RELA	G1	RELA-sc1	recurrence
foreman_1386_TGCTGCTTCTAAGCCA	2306	6060	0.032843703581449085	1386	ST-RELA	S	RELA-sc1	recurrence
foreman_1386_TGGGCGTCAACTTGAC	3430	11539	0.03813155386081983	1386	ST-RELA	S	RELA-sc1	recurrence
foreman_1386_TGGGCGTTCCGCAGTG	1193	2363	0.06220905628438426	1386	ST-RELA	G1	RELA-sc1	recurrence
foreman_1386_TTAGTTCTCTGCTGCT	3445	11072	0.04344291907514451	1386	ST-RELA	S	RELA-sc1	recurrence
foreman_1386_TTCCCAGTCCACGCAG	1966	6161	0.025158253530271058	1386	ST-RELA	S	RELA-sc1	recurrence
foreman_1386_TTCTCAACAATGAATG	2609	7582	0.03642121931908155	1386	ST-RELA	S	RELA-sc1	recurrence
foreman_1386_TTTGTCAGTATAATGG	2180	5871	0.027427597955706984	1386	ST-RELA	S	RELA-sc1	recurrence
foreman_1386_GCAATCATCCGCGCAA	4056	14512	0.049751929437706725	1386	ST-RELA	G2M	RELA-sc1	recurrence
foreman_1386_TGTTCCGGTCAGAATA	1144	2906	0.0791465932553338	1386	ST-RELA	S	RELA-sc1	recurrence
foreman_1386_AAGTCTGGTCACTGGC	739	1796	0.10022271714922049	1386	ST-RELA	G1	RELA-sc1	recurrence
foreman_1386_ACACCAACAATAAGCA	829	1389	0.17350611951043918	1386	ST-RELA	S	RELA-sc1	recurrence
foreman_1386_ACGGCCATCCGTACAA	463	707	0.1371994342291372	1386	ST-RELA	G2M	RELA-sc1	recurrence
foreman_1386_AGCAGCCAGGACTGGT	590	1245	0.1429718875502008	1386	ST-RELA	G2M	RELA-sc1	recurrence
foreman_1386_AGGCCACTCCACGAAT	510	1696	0.2653301886792453	1386	ST-RELA	G1	RELA-sc1	recurrence
foreman_1386_AGGGTGATCAGAGCTT	562	1019	0.15309126594700687	1386	ST-RELA	S	RELA-sc1	recurrence
foreman_1386_AGGTCATCAATAAGCA	994	2404	0.21681231793591343	1386	ST-RELA	G1	RELA-sc1	recurrence
foreman_1386_ATCGAGTAGGATGCGT	844	1628	0.1769041769041769	1386	ST-RELA	S	RELA-sc1	recurrence
foreman_1386_CAACCTCGTCAACATC	479	797	0.18820577164366373	1386	ST-RELA	G1	RELA-sc1	recurrence
foreman_1386_CACATTTCAAGCGAGT	565	1073	0.2488350419384902	1386	ST-RELA	S	RELA-sc1	recurrence
foreman_1386_CATCAGATCGTGGACC	448	1174	0.19761499148211242	1386	ST-RELA	S	RELA-sc1	recurrence
foreman_1386_CATGACATCCAGAGGA	681	1734	0.15859284890426759	1386	ST-RELA	G1	RELA-sc1	recurrence
foreman_1386_CCAATCCGTCCGACGT	774	1984	0.07661290322580645	1386	ST-RELA	G2M	RELA-sc1	recurrence
foreman_1386_CGAGCCAGTTAAGTAG	806	2143	0.14465702286514232	1386	ST-RELA	G1	RELA-sc1	recurrence
foreman_1386_CGGACGTCAGAGCCAA	364	1023	0.25219941348973607	1386	ST-RELA	S	RELA-sc1	recurrence
foreman_1386_CGGCTAGCAAGTCTGT	405	914	0.25820568927789933	1386	ST-RELA	G1	RELA-sc1	recurrence
foreman_1386_CGGGTCAAGTTCGCGC	761	1365	0.23296703296703297	1386	ST-RELA	G2M	RELA-sc1	recurrence
foreman_1386_CGTCAGGCAATGAATG	315	633	0.21800947867298578	1386	ST-RELA	G1	RELA-sc1	recurrence
foreman_1386_CGTTAGAGTCTAGTCA	359	765	0.24313725490196078	1386	ST-RELA	S	RELA-sc1	recurrence
foreman_1386_CTCAGAAAGAAGAAGC	759	1426	0.21037868162692847	1386	ST-RELA	S	RELA-sc1	recurrence
foreman_1386_CTCGTACCAGTCGTGC	552	854	0.16276346604215455	1386	ST-RELA	S	RELA-sc1	recurrence
foreman_1386_CTGAAACTCAACACGT	392	909	0.23212321232123212	1386	ST-RELA	G1	RELA-sc1	recurrence
foreman_1386_CTGCGGAGTCCGCTGA	658	1478	0.16170500676589986	1386	ST-RELA	S	RELA-sc1	recurrence
foreman_1386_CTGGTCTAGCAATCTC	359	633	0.2812006319115324	1386	ST-RELA	G1	RELA-sc1	recurrence
foreman_1386_CTGTGCTAGGCCATAG	517	1097	0.15405651777575205	1386	ST-RELA	G1	RELA-sc1	recurrence
foreman_1386_GATCGATTCGGCGCTA	386	977	0.27561475409836067	1386	ST-RELA	S	RELA-sc1	recurrence
foreman_1386_GCTCTGTAGAGTAAGG	395	934	0.2826552462526767	1386	ST-RELA	S	RELA-sc1	recurrence
foreman_1386_GGAATAACAGATGAGC	413	873	0.23367697594501718	1386	ST-RELA	G1	RELA-sc1	recurrence
foreman_1386_GGCGACTCATCACCCT	460	976	0.2725409836065574	1386	ST-RELA	S	RELA-sc2	recurrence
foreman_1386_GTATTCTTCTTCGAGA	901	2376	0.23073684210526316	1386	ST-RELA	S	RELA-sc1	recurrence
foreman_1386_GTCAAGTCAATAACGA	285	546	0.24358974358974358	1386	ST-RELA	G1	RELA-sc1	recurrence
foreman_1386_GTTTCTATCTTGAGAC	702	1699	0.1453796350794585	1386	ST-RELA	S	RELA-sc1	recurrence
foreman_1386_TACTCATGTTATTCTC	471	680	0.13970588235294118	1386	ST-RELA	S	RELA-sc1	recurrence
foreman_1386_TCAGATGTCAACTCTT	296	633	0.29067930489731436	1386	ST-RELA	G1	RELA-sc1	recurrence
foreman_1386_TCTCATAGTGCCTGTG	585	1166	0.25471698113207547	1386	ST-RELA	G2M	RELA-sc1	recurrence
foreman_1386_TGACGGCTCCGTCAAA	1493	4192	0.049391553328561204	1386	ST-RELA	G1	RELA-sc1	recurrence
foreman_1386_TGCCCTACATTCACTT	410	898	0.2906458797327394	1386	ST-RELA	G2M	RELA-sc1	recurrence
foreman_1386_TGCGGGTTCGGTTCGG	972	1931	0.0683583635422061	1386	ST-RELA	S	RELA-sc1	recurrence
foreman_1386_TGGGAAGTCCCAGGTG	328	685	0.25401459854014596	1386	ST-RELA	G2M	RELA-sc1	recurrence
foreman_1386_TTCGAAGGTTGCGTTA	354	860	0.2372093023255814	1386	ST-RELA	S	RELA-sc1	recurrence
foreman_1386_TTTGCGCAGAACTCGG	800	2268	0.09303350970017636	1386	ST-RELA	S	RELA-sc1	recurrence
foreman_1386_TTTGGTTCACCCATTC	458	883	0.22083805209513024	1386	ST-RELA	S	RELA-sc1	recurrence
foreman_1386_CATGCCTTCCCTAACC	1217	2885	0.04367417677642981	1386	ST-RELA	G2M	RELA-sc1	recurrence
foreman_1386_CGACTTCCAGGTGGAT	792	2047	0.08842208109428432	1386	ST-RELA	S	RELA-sc1	recurrence
foreman_1386_GATCGTAAGATGCGAC	853	3126	0.038067818298144596	1386	ST-RELA	G1	RELA-sc1	recurrence
foreman_1386_GATGAGGGTCACAAGG	1068	2817	0.07809726659566915	1386	ST-RELA	G2M	RELA-sc1	recurrence
foreman_1386_TATCAGGCATAAGACA	712	1673	0.03945008965929468	1386	ST-RELA	G1	RELA-sc1	recurrence
foreman_1386_TGAGCCGCACGAAGCA	1129	3502	0.03255282695602513	1386	ST-RELA	G1	RELA-sc1	recurrence
foreman_1386_AAACCTGCACTACAGT	1660	4390	0.07175398633257403	1386	ST-RELA	S	RELA-sc1	recurrence
foreman_1386_AAACCTGGTGGTTTCA	2553	7207	0.04120993478562509	1386	ST-RELA	G1	RELA-sc1	recurrence
foreman_1386_AAACGGGGTGTGACGA	1973	5728	0.02653631284916201	1386	ST-RELA	S	RELA-sc1	recurrence
foreman_1386_AAAGCAATCCTCATTA	2744	8195	0.034659506956309497	1386	ST-RELA	S	RELA-sc1	recurrence
foreman_1386_AACGTTGCAGCTGTAT	2523	7100	0.059585857162980704	1386	ST-RELA	S	RELA-sc1	recurrence
foreman_1386_AACGTTGGTATATGGA	2589	6888	0.036004645760743324	1386	ST-RELA	S	RELA-sc1	recurrence
foreman_1386_AACGTTGTCAAACCAC	3899	15284	0.02617115938236064	1386	ST-RELA	S	RELA-sc1	recurrence
foreman_1386_AACTCCCAGGTAAACT	1104	2352	0.04336734693877551	1386	ST-RELA	S	RELA-sc1	recurrence
foreman_1386_AACTCCCGTTAAAGAC	1384	2912	0.029876373626373628	1386	ST-RELA	S	RELA-sc1	recurrence
foreman_1386_AAGGAGCCATGTCTCC	3309	10501	0.054851918864870015	1386	ST-RELA	S	RELA-sc1	recurrence
foreman_1386_AAGGAGCCATTGCGGC	2057	4980	0.04236947791164659	1386	ST-RELA	S	RELA-sc1	recurrence
foreman_1386_AAGGAGCTCTGCGTAA	1975	5007	0.05652087078090673	1386	ST-RELA	G1	RELA-sc1	recurrence
foreman_1386_AAGGCAGAGGCAAAGA	817	1401	0.16059957173447537	1386	ST-RELA	S	RELA-sc1	recurrence
foreman_1386_AAGTCTGAGAGGGCTT	1870	4469	0.033340792123517565	1386	ST-RELA	S	RELA-sc1	recurrence
foreman_1386_ACACCAAGTCACTGGC	4035	14783	0.038219576540620984	1386	ST-RELA	S	RELA-sc1	recurrence
foreman_1386_ACACCCTAGGTGATAT	3585	10814	0.03911957828539721	1386	ST-RELA	S	RELA-sc1	recurrence
foreman_1386_ACACCCTGTACGAAAT	2262	6466	0.027064645839777298	1386	ST-RELA	G1	RELA-sc1	recurrence
foreman_1386_ACACCCTGTGCTCTTC	1992	5129	0.036849288360304155	1386	ST-RELA	G1	RELA-sc1	recurrence
foreman_1386_ACACCGGCAGCAGTTT	1771	5021	0.03505277833100976	1386	ST-RELA	G1	RELA-sc1	recurrence
foreman_1386_ACACTGATCCATGAGT	1945	4656	0.0468213058419244	1386	ST-RELA	S	RELA-sc1	recurrence
foreman_1386_ACAGCTACACAGCCCA	2792	8723	0.035202385047586285	1386	ST-RELA	S	RELA-sc1	recurrence
foreman_1386_ACAGCTAGTATTCTCT	1730	4071	0.047899778924097275	1386	ST-RELA	S	RELA-sc1	recurrence
foreman_1386_ACAGCTATCATCTGCC	2448	6320	0.06962025316455696	1386	ST-RELA	S	RELA-sc1	recurrence
foreman_1386_ACATGGTAGACAGGCT	2262	5602	0.029989289539450195	1386	ST-RELA	S	RELA-sc1	recurrence
foreman_1386_ACATGGTCAGTCGATT	1985	4841	0.04649721016738995	1386	ST-RELA	G1	RELA-sc1	recurrence
foreman_1386_ACCCACTGTGGCCCTA	2004	5463	0.052535237049240346	1386	ST-RELA	S	RELA-sc1	recurrence
foreman_1386_ACCGTAACACGGACAA	2344	6977	0.03396875447900244	1386	ST-RELA	S	RELA-sc1	recurrence
foreman_1386_ACGAGCCCATGACGGA	3956	12832	0.08736653417504481	1386	ST-RELA	S	RELA-sc1	recurrence
foreman_1386_ACGAGGACACCTCGTT	2147	6028	0.06668878566688785	1386	ST-RELA	G1	RELA-sc1	recurrence
foreman_1386_ACGAGGACATCACGTA	2098	5995	0.03703085904920767	1386	ST-RELA	G1	RELA-sc1	recurrence
foreman_1386_ACGATACTCATCATTC	2226	6056	0.052518579686209745	1386	ST-RELA	S	RELA-sc1	recurrence
foreman_1386_ACGCCAGGTCCGAACC	2129	5257	0.027772493817766787	1386	ST-RELA	S	RELA-sc1	recurrence
foreman_1386_ACGGAGATCTTGGGTA	2352	6046	0.04118425405226596	1386	ST-RELA	S	RELA-sc1	recurrence
foreman_1386_ACGGGTCTCATAAAGG	2612	7368	0.025519207275688884	1386	ST-RELA	S	RELA-sc1	recurrence
foreman_1386_ACGGGTCTCTTGCCGT	3149	8960	0.028794642857142855	1386	ST-RELA	S	RELA-sc1	recurrence
foreman_1386_ACTTTCATCATAGCAC	2590	7044	0.03094832481544577	1386	ST-RELA	G1	RELA-sc1	recurrence
foreman_1386_AGAATAGCATCAGTAC	2474	6409	0.043702200717964726	1386	ST-RELA	S	RELA-sc1	recurrence
foreman_1386_AGAATAGTCGTTACGA	2144	5981	0.03377361645209831	1386	ST-RELA	S	RELA-sc1	recurrence
foreman_1386_AGAGCTTGTCTGATTG	1586	3799	0.023690444853908924	1386	ST-RELA	S	RELA-sc1	recurrence
foreman_1386_AGATTGCTCACATAGC	1856	4361	0.07085530841550103	1386	ST-RELA	G1	RELA-sc1	recurrence
foreman_1386_AGCCTAATCTGTCCGT	2205	5745	0.059366295264623954	1386	ST-RELA	S	RELA-sc1	recurrence
foreman_1386_AGCGTCGTCGGTTAAC	1341	3182	0.05248271527341295	1386	ST-RELA	S	RELA-sc1	recurrence
foreman_1386_AGCTTGAAGTGTACGG	2549	7366	0.03855552538691284	1386	ST-RELA	S	RELA-sc1	recurrence
foreman_1386_AGGCCACAGAAACCAT	2891	8496	0.048145968216598	1386	ST-RELA	S	RELA-sc1	recurrence
foreman_1386_AGGCCACGTAGCGATG	2211	6205	0.037389202256244966	1386	ST-RELA	S	RELA-sc1	recurrence
foreman_1386_AGGTCATAGCGCTCCA	2284	6475	0.02640926640926641	1386	ST-RELA	S	RELA-sc1	recurrence
foreman_1386_AGGTCCGCAGGCTCAC	2240	6285	0.02322991249005569	1386	ST-RELA	S	RELA-sc1	recurrence
foreman_1386_AGGTCCGTCGGAATCT	1973	5408	0.04215976331360947	1386	ST-RELA	S	RELA-sc1	recurrence
foreman_1386_AGTGGGACAATCAGAA	2027	5082	0.02853207398661944	1386	ST-RELA	G1	RELA-sc1	recurrence
foreman_1386_ATAACGCGTGGTTTCA	2762	8193	0.03125	1386	ST-RELA	S	RELA-sc1	recurrence
foreman_1386_ATCCACCCAAAGAATC	2326	6230	0.04157303370786517	1386	ST-RELA	G1	RELA-sc1	recurrence
foreman_1386_ATCCACCCACCCATGG	1945	5499	0.046917621385706494	1386	ST-RELA	S	RELA-sc1	recurrence
foreman_1386_ATGAGGGCAGCATGAG	2525	7385	0.039550318298794525	1386	ST-RELA	S	RELA-sc1	recurrence
foreman_1386_ATGTGTGAGCGCTCCA	2644	7484	0.025654730090860504	1386	ST-RELA	S	RELA-sc1	recurrence
foreman_1386_ATGTGTGAGCTGCGAA	2275	6134	0.04075643951744375	1386	ST-RELA	G1	RELA-sc1	recurrence
foreman_1386_ATGTGTGGTCCTCTTG	1954	5040	0.04424603174603175	1386	ST-RELA	S	RELA-sc1	recurrence
foreman_1386_ATTCTACCATCTCGCT	2221	5622	0.03415154749199573	1386	ST-RELA	G1	RELA-sc1	recurrence
foreman_1386_ATTGGACTCCCACTTG	2492	6918	0.027323984386294638	1386	ST-RELA	S	RELA-sc1	recurrence
foreman_1386_CAAGATCGTGAAATCA	2150	5535	0.038663053297199636	1386	ST-RELA	S	RELA-sc1	recurrence
foreman_1386_CACAAACGTGCGATAG	2441	6530	0.04609494640122511	1386	ST-RELA	S	RELA-sc1	recurrence
foreman_1386_CACAAACTCCGTCAAA	2778	8123	0.034593130616767206	1386	ST-RELA	S	RELA-sc1	recurrence
foreman_1386_CACACCTGTGACAAAT	2227	6264	0.032247765006385695	1386	ST-RELA	S	RELA-sc1	recurrence
foreman_1386_CACAGGCCACTGTCGG	1746	4242	0.03253182461103253	1386	ST-RELA	S	RELA-sc1	recurrence
foreman_1386_CACATAGCACGACTCG	2317	5801	0.01758317531460093	1386	ST-RELA	S	RELA-sc1	recurrence
foreman_1386_CACATTTGTGGACGAT	2557	7713	0.040969791261506544	1386	ST-RELA	S	RELA-sc1	recurrence
foreman_1386_CACCACTGTGATAAAC	2656	7462	0.03470919324577861	1386	ST-RELA	S	RELA-sc1	recurrence
foreman_1386_CACCAGGTCGGATGTT	1680	3983	0.0492091388400703	1386	ST-RELA	G1	RELA-sc1	recurrence
foreman_1386_CACCTTGCATGACGGA	2743	7862	0.05698295599084203	1386	ST-RELA	G1	RELA-sc1	recurrence
foreman_1386_CAGAATCGTACCGTAT	3335	10238	0.03965618284821254	1386	ST-RELA	S	RELA-sc1	recurrence
foreman_1386_CAGATCAAGCAGCCTC	1991	4572	0.06606869394005688	1386	ST-RELA	S	RELA-sc1	recurrence
foreman_1386_CAGATCACATAGGATA	2314	5954	0.037789721195834736	1386	ST-RELA	S	RELA-sc1	recurrence
foreman_1386_CAGCAGCCACAGCGTC	2296	5800	0.02879310344827586	1386	ST-RELA	S	RELA-sc1	recurrence
foreman_1386_CAGCATAGTCAAAGCG	967	1797	0.11797440178074568	1386	ST-RELA	S	RELA-sc1	recurrence
foreman_1386_CAGCATATCTCAAACG	2442	6563	0.05364218226150564	1386	ST-RELA	G1	RELA-sc1	recurrence
foreman_1386_CAGCCGAAGAGCTGGT	2836	8770	0.040136830102622575	1386	ST-RELA	S	RELA-sc1	recurrence
foreman_1386_CAGCCGACATGTAAGA	2364	6376	0.0243099121706399	1386	ST-RELA	S	RELA-sc1	recurrence
foreman_1386_CAGCGACGTACCTACA	2348	5793	0.020369411358536163	1386	ST-RELA	S	RELA-sc1	recurrence
foreman_1386_CAGGTGCAGTGCCAGA	3101	10066	0.03278362805483807	1386	ST-RELA	S	RELA-sc1	recurrence
foreman_1386_CAGTAACCATATGCTG	2364	6519	0.05415771709113225	1386	ST-RELA	G1	RELA-sc1	recurrence
foreman_1386_CATCAAGAGCGTTTAC	2018	5225	0.03272727272727273	1386	ST-RELA	S	RELA-sc1	recurrence
foreman_1386_CATCCACCATATGGTC	2248	5509	0.03231076420402977	1386	ST-RELA	S	RELA-sc1	recurrence
foreman_1386_CATCGGGAGCGGCTTC	2765	7759	0.034540533573914164	1386	ST-RELA	S	RELA-sc1	recurrence
foreman_1386_CATTATCGTTCCCTTG	3006	9189	0.03471542061160083	1386	ST-RELA	G1	RELA-sc1	recurrence
foreman_1386_CCACCTACAGTAACGG	2329	6209	0.040753865979381444	1386	ST-RELA	S	RELA-sc1	recurrence
foreman_1386_CCACGGATCGCCCTTA	2571	6961	0.043815543743714984	1386	ST-RELA	S	RELA-sc1	recurrence
foreman_1386_CCATTCGGTCCTCCAT	2150	5937	0.029981472123968334	1386	ST-RELA	G1	RELA-sc1	recurrence
foreman_1386_CCCAATCCAGCGATCC	3251	10080	0.059722222222222225	1386	ST-RELA	S	RELA-sc1	recurrence
foreman_1386_CCCAGTTAGAATAGGG	1891	4913	0.04661103195603501	1386	ST-RELA	G1	RELA-sc1	recurrence
foreman_1386_CCCTCCTTCGTCGTTC	2498	6828	0.04261862917398945	1386	ST-RELA	S	RELA-sc1	recurrence
foreman_1386_CCGGTAGAGTGTACCT	2262	5525	0.04180995475113122	1386	ST-RELA	S	RELA-sc1	recurrence
foreman_1386_CCGGTAGGTGTGAAAT	1566	4714	0.005091217649554518	1386	ST-RELA	G1	RELA-sc1	recurrence
foreman_1386_CCGTACTTCGTGGTCG	2812	8067	0.02900706582372629	1386	ST-RELA	S	RELA-sc1	recurrence
foreman_1386_CCTACACCAATCAGAA	2150	5697	0.04370721432332807	1386	ST-RELA	S	RELA-sc1	recurrence
foreman_1386_CCTAGCTAGGCAAAGA	2195	6414	0.021047708138447148	1386	ST-RELA	S	RELA-sc1	recurrence
foreman_1386_CCTCAGTCACTTCTGC	2497	7165	0.03154221912072575	1386	ST-RELA	S	RELA-sc1	recurrence
foreman_1386_CCTTACGCACCTTGTC	2608	7198	0.042095026396221175	1386	ST-RELA	S	RELA-sc1	recurrence
foreman_1386_CGAACATCAGGATCGA	2486	6706	0.0460781389800179	1386	ST-RELA	S	RELA-sc1	recurrence
foreman_1386_CGAATGTTCCCTCTTT	2015	5593	0.03325585553370284	1386	ST-RELA	S	RELA-sc1	recurrence
foreman_1386_CGACTTCGTTGTGGAG	2405	6467	0.03788464512138549	1386	ST-RELA	S	RELA-sc1	recurrence
foreman_1386_CGATCGGGTGGGTATG	1406	3400	0.00823529411764706	1386	ST-RELA	G1	RELA-sc1	recurrence
foreman_1386_CGATGTACACCTTGTC	2351	6289	0.03180155827635554	1386	ST-RELA	S	RELA-sc1	recurrence
foreman_1386_CGCGGTAAGACGCTTT	1992	4918	0.04026026840178935	1386	ST-RELA	S	RELA-sc1	recurrence
foreman_1386_CGCGGTAGTGCATCTA	2403	7833	0.014429830162175966	1386	ST-RELA	S	RELA-sc1	recurrence
foreman_1386_CGCGGTATCACTTACT	2553	6666	0.03195319531953195	1386	ST-RELA	G1	RELA-sc1	recurrence
foreman_1386_CGCGTTTCACGACGAA	2383	6201	0.029188840509595228	1386	ST-RELA	S	RELA-sc1	recurrence
foreman_1386_CGCTATCCAATCACAC	2314	6640	0.05572289156626506	1386	ST-RELA	S	RELA-sc1	recurrence
foreman_1386_CGCTGGAAGGCGATAC	2195	5978	0.041318166610906655	1386	ST-RELA	G1	RELA-sc1	recurrence
foreman_1386_CGGACGTCAAAGTGCG	2351	6653	0.024500225462197506	1386	ST-RELA	S	RELA-sc1	recurrence
foreman_1386_CGGCTAGCAGGGAGAG	3022	9477	0.04379485014774166	1386	ST-RELA	G1	RELA-sc1	recurrence
foreman_1386_CGGTTAATCATACGGT	2696	7300	0.03136986301369863	1386	ST-RELA	S	RELA-sc1	recurrence
foreman_1386_CGTAGCGCATAAGACA	2118	5290	0.06862003780718337	1386	ST-RELA	S	RELA-sc1	recurrence
foreman_1386_CGTCAGGAGCGTGAGT	2328	5748	0.0789839944328462	1386	ST-RELA	G1	RELA-sc1	recurrence
foreman_1386_CGTCTACCAGATAATG	3070	9325	0.04193029490616622	1386	ST-RELA	S	RELA-sc1	recurrence
foreman_1386_CGTGAGCAGATCTGCT	2123	5051	0.029895070283112255	1386	ST-RELA	G1	RELA-sc1	recurrence
foreman_1386_CGTGTAATCCGCAGTG	2118	5455	0.0381301558203483	1386	ST-RELA	G1	RELA-sc1	recurrence
foreman_1386_CGTTAGAAGAGCCCAA	2317	6709	0.033238932776866896	1386	ST-RELA	S	RELA-sc1	recurrence
foreman_1386_CTAACTTTCGGACAAG	2355	6506	0.040270519520442666	1386	ST-RELA	G1	RELA-sc1	recurrence
foreman_1386_CTAACTTTCTCCGGTT	2663	8014	0.026204142750187173	1386	ST-RELA	S	RELA-sc1	recurrence
foreman_1386_CTAAGACAGCCAACAG	2127	5000	0.0284	1386	ST-RELA	G1	RELA-sc1	recurrence
foreman_1386_CTAATGGGTAGAAAGG	1720	3996	0.023523523523523524	1386	ST-RELA	S	RELA-sc1	recurrence
foreman_1386_CTACATTGTACACCGC	1420	3731	0.051460734387563656	1386	ST-RELA	G1	RELA-sc1	recurrence
foreman_1386_CTACATTGTACGCACC	2083	5381	0.04014123768816205	1386	ST-RELA	G1	RELA-sc1	recurrence
foreman_1386_CTAGCCTAGTTTAGGA	1991	5008	0.055311501597444086	1386	ST-RELA	S	RELA-sc1	recurrence
foreman_1386_CTCACACCAGTTCCCT	2435	6008	0.04144474034620506	1386	ST-RELA	G1	RELA-sc1	recurrence
foreman_1386_CTCACACCATGCAACT	2826	8218	0.0365141187925998	1386	ST-RELA	G1	RELA-sc1	recurrence
foreman_1386_CTCATTAAGTTGTCGT	2149	6471	0.03090712409210323	1386	ST-RELA	S	RELA-sc1	recurrence
foreman_1386_CTCGTACTCGCATGGC	2553	7939	0.022420959818616953	1386	ST-RELA	S	RELA-sc1	recurrence
foreman_1386_CTCGTCAGTGTCTGAT	1841	4338	0.040110650069156296	1386	ST-RELA	G1	RELA-sc1	recurrence
foreman_1386_CTCTAATCACACAGAG	948	1550	0.1064516129032258	1386	ST-RELA	G1	RELA-sc1	recurrence
foreman_1386_CTCTAATTCACGCATA	3307	10955	0.04354176175262437	1386	ST-RELA	G1	RELA-sc1	recurrence
foreman_1386_CTGATAGGTAGAGCTG	982	2112	0.05968735196589294	1386	ST-RELA	S	RELA-sc1	recurrence
foreman_1386_CTGCCTAAGGTGATAT	1632	3846	0.02782111284451378	1386	ST-RELA	G1	RELA-sc1	recurrence
foreman_1386_CTGCCTACATGACGGA	2499	6635	0.024415975885455916	1386	ST-RELA	S	RELA-sc1	recurrence
foreman_1386_CTGGTCTCACCCATGG	2323	6705	0.035501193317422436	1386	ST-RELA	G1	RELA-sc1	recurrence
foreman_1386_CTTTGCGAGGGAGTAA	1944	5433	0.054481870053377505	1386	ST-RELA	S	RELA-sc1	recurrence
foreman_1386_CTTTGCGGTACATCCA	2336	6608	0.05722070844686648	1386	ST-RELA	S	RELA-sc1	recurrence
foreman_1386_GAAATGAAGGCACATG	2334	6341	0.023970982494874626	1386	ST-RELA	G1	RELA-sc1	recurrence
foreman_1386_GAAATGAGTTCCGTCT	1904	4526	0.06009721608484313	1386	ST-RELA	S	RELA-sc1	recurrence
foreman_1386_GAACATCCAGCTATTG	1759	4304	0.0662174721189591	1386	ST-RELA	S	RELA-sc1	recurrence
foreman_1386_GAACCTAAGCGATTCT	3350	10911	0.02832004399230135	1386	ST-RELA	S	RELA-sc1	recurrence
foreman_1386_GAAGCAGTCTGTGCAA	2764	9052	0.021873619089703932	1386	ST-RELA	S	RELA-sc1	recurrence
foreman_1386_GAATAAGGTTTAAGCC	2884	9140	0.02899343544857768	1386	ST-RELA	G1	RELA-sc1	recurrence
foreman_1386_GACGCGTAGCGCCTTG	2646	7326	0.03467103467103467	1386	ST-RELA	S	RELA-sc1	recurrence
foreman_1386_GACTACATCCTCATTA	1871	4933	0.04743563754307723	1386	ST-RELA	G1	RELA-sc1	recurrence
foreman_1386_GATCGATCACATAACC	2281	5969	0.04104540123973865	1386	ST-RELA	S	RELA-sc1	recurrence
foreman_1386_GATGAAACAAGCGAGT	2046	5200	0.04403846153846154	1386	ST-RELA	S	RELA-sc1	recurrence
foreman_1386_GATGAGGCAATGGTCT	2410	7893	0.04510325604966426	1386	ST-RELA	G1	RELA-sc1	recurrence
foreman_1386_GATGCTAAGGCTAGCA	3041	9002	0.064	1386	ST-RELA	G1	RELA-sc1	recurrence
foreman_1386_GCAATCAGTAACGTTC	1959	4572	0.030183727034120734	1386	ST-RELA	S	RELA-sc1	recurrence
foreman_1386_GCAGCCATCTAACTCT	2254	6032	0.04078249336870027	1386	ST-RELA	S	RELA-sc1	recurrence
foreman_1386_GCGAGAAGTCTAGTCA	1902	4858	0.04158089748867847	1386	ST-RELA	S	RELA-sc1	recurrence
foreman_1386_GCGCAACAGTAGGTGC	2341	6809	0.03172271992950507	1386	ST-RELA	S	RELA-sc1	recurrence
foreman_1386_GCGCAGTGTCCGTGAC	1437	4304	0.032992565055762084	1386	ST-RELA	S	RELA-sc1	recurrence
foreman_1386_GCGCAGTGTGGCAAAC	1662	3825	0.06197698744769874	1386	ST-RELA	S	RELA-sc1	recurrence
foreman_1386_GCGCAGTGTTAGGGTG	1107	2284	0.04816112084063047	1386	ST-RELA	S	RELA-sc1	recurrence
foreman_1386_GCTCCTACAATAAGCA	2126	5777	0.06543188506145058	1386	ST-RELA	S	RELA-sc1	recurrence
foreman_1386_GCTCCTACATCGGAAG	2628	7302	0.036839222130923034	1386	ST-RELA	S	RELA-sc1	recurrence
foreman_1386_GCTGCAGCAGCTATTG	2394	6667	0.009900990099009901	1386	ST-RELA	G1	RELA-sc1	recurrence
foreman_1386_GCTTCCAGTCGGCTCA	2531	8315	0.0423331328923632	1386	ST-RELA	G1	RELA-sc1	recurrence
foreman_1386_GCTTGAACACCAGCAC	2613	7329	0.02264974757811434	1386	ST-RELA	S	RELA-sc1	recurrence
foreman_1386_GGAAAGCCATTTCAGG	1417	3410	0.04457478005865103	1386	ST-RELA	S	RELA-sc1	recurrence
foreman_1386_GGAAAGCTCTCTAAGG	2152	5839	0.03511476533059267	1386	ST-RELA	G1	RELA-sc1	recurrence
foreman_1386_GGAACTTAGACAAGCC	2583	7483	0.0228517974074569	1386	ST-RELA	S	RELA-sc1	recurrence
foreman_1386_GGAACTTGTACTTCTT	1570	3615	0.06639004149377593	1386	ST-RELA	S	RELA-sc1	recurrence
foreman_1386_GGACAAGGTCGCGAAA	1639	4326	0.0889967637540453	1386	ST-RELA	S	RELA-sc1	recurrence
foreman_1386_GGACGTCGTCTCCATC	1236	2787	0.06745604592752064	1386	ST-RELA	S	RELA-sc1	recurrence
foreman_1386_GGATGTTTCCTTGCCA	1999	6142	0.02768729641693811	1386	ST-RELA	S	RELA-sc1	recurrence
foreman_1386_GGCAATTAGAATTGTG	1687	4189	0.07569245463228272	1386	ST-RELA	G2M	RELA-sc1	recurrence
foreman_1386_GGCGACTTCATGTAGC	2971	10678	0.0488855590934632	1386	ST-RELA	S	RELA-sc1	recurrence
foreman_1386_GGCGTGTGTCACTTCC	2189	5719	0.033397447106137436	1386	ST-RELA	S	RELA-sc1	recurrence
foreman_1386_GGCGTGTGTCGGCACT	1267	2635	0.06261859582542695	1386	ST-RELA	G1	RELA-sc1	recurrence
foreman_1386_GGCTCGAGTAAGTGTA	1815	4513	0.039663195213826725	1386	ST-RELA	S	RELA-sc1	recurrence
foreman_1386_GGCTCGATCCAAAGTC	2530	7401	0.04648020537765167	1386	ST-RELA	S	RELA-sc1	recurrence
foreman_1386_GGTATTGAGTCAAGCG	2789	8426	0.030856871587942085	1386	ST-RELA	S	RELA-sc1	recurrence
foreman_1386_GGTATTGTCGAGCCCA	2800	7891	0.0485424588086185	1386	ST-RELA	G1	RELA-sc1	recurrence
foreman_1386_GGTGCGTCATCCTTGC	2046	5302	0.04884949075820445	1386	ST-RELA	G1	RELA-sc1	recurrence
foreman_1386_GTAACGTAGGGAACGG	1994	5071	0.0418063498323802	1386	ST-RELA	G1	RELA-sc1	recurrence
foreman_1386_GTAACGTTCCCAAGTA	3056	9516	0.03331231609920134	1386	ST-RELA	S	RELA-sc1	recurrence
foreman_1386_GTAACGTTCCTCTAGC	1161	2547	0.060487038491751764	1386	ST-RELA	G1	RELA-sc1	recurrence
foreman_1386_GTAACTGAGGGTGTGT	1849	4124	0.04340446168768186	1386	ST-RELA	G1	RELA-sc1	recurrence
foreman_1386_GTACTTTTCGGTTAAC	2248	6068	0.03329487390802703	1386	ST-RELA	G1	RELA-sc1	recurrence
foreman_1386_GTAGTCATCTCGCTTG	3309	10017	0.03853449136468005	1386	ST-RELA	S	RELA-sc1	recurrence
foreman_1386_GTATCTTGTGACAAAT	3972	12936	0.03540507111935683	1386	ST-RELA	S	RELA-sc1	recurrence
foreman_1386_GTCAAGTCACTCAGGC	3830	12901	0.03542361057282381	1386	ST-RELA	S	RELA-sc1	recurrence
foreman_1386_GTCACGGAGCTAGCCC	3208	9740	0.039527720739219716	1386	ST-RELA	S	RELA-sc1	recurrence
foreman_1386_GTCGTAACAATGGAGC	692	1656	0.18961352657004832	1386	ST-RELA	S	RELA-sc1	recurrence
foreman_1386_GTCTCGTAGGCTAGGT	2097	6190	0.05088852988691438	1386	ST-RELA	S	RELA-sc1	recurrence
foreman_1386_GTGCAGCAGCTACCTA	1997	5029	0.04792205209783257	1386	ST-RELA	G1	RELA-sc1	recurrence
foreman_1386_GTGCGGTGTCTAGAGG	2267	5798	0.032252500862366335	1386	ST-RELA	S	RELA-sc1	recurrence
foreman_1386_GTTCGGGTCTTGGGTA	3498	12383	0.0409465352931675	1386	ST-RELA	S	RELA-sc1	recurrence
foreman_1386_TACTTACCAAGGACTG	3909	14400	0.036324489512432286	1386	ST-RELA	S	RELA-sc1	recurrence
foreman_1386_TCAGATGCACTGTCGG	700	1671	0.17713943746259725	1386	ST-RELA	S	RELA-sc1	recurrence
foreman_1386_TCCACACGTCGAGTTT	1989	5690	0.018280892951309545	1386	ST-RELA	S	RELA-sc1	recurrence
foreman_1386_TCTATTGAGTCGATAA	2540	7016	0.027655024946543122	1386	ST-RELA	S	RELA-sc1	recurrence
foreman_1386_TGCCCTAGTCGGCATC	1901	4639	0.03039448156930373	1386	ST-RELA	S	RELA-sc1	recurrence
foreman_1386_TGTATTCAGTTACCCA	2107	4886	0.04237461617195496	1386	ST-RELA	S	RELA-sc1	recurrence
foreman_1386_TTAGGACTCTTACCGC	2739	8437	0.0409058572444866	1386	ST-RELA	S	RELA-sc1	recurrence
foreman_1386_TTCCCAGAGGGAGTAA	1949	5168	0.046052631578947366	1386	ST-RELA	S	RELA-sc1	recurrence
foreman_1386_TTGCGTCGTATAAACG	1806	4492	0.048975957257346395	1386	ST-RELA	G1	RELA-sc1	recurrence
foreman_1386_TTTGGTTCACACGCTG	3243	11092	0.02271907681211684	1386	ST-RELA	G1	RELA-sc1	recurrence
foreman_1386_CACACTCCAGATTGCT	852	2012	0.1694831013916501	1386	ST-RELA	S	RELA-sc1	recurrence
foreman_1329_CGTGTAATCACTATTC	1022	2177	0.04639412034910427	1329	ST-RELA	S	RELA-sc1	recurrence
foreman_1329_CTCGTACGTCTACCTC	2584	7547	0.02954816483370876	1329	ST-RELA	G2M	RELA-sc1	recurrence
foreman_1329_TGACGGCGTTCGTGAT	657	1270	0.1921259842519685	1329	ST-RELA	S	RELA-sc1	recurrence
foreman_1329_AACCGCGTCAAGGCTT	669	1205	0.223421926910299	1329	ST-RELA	S	RELA-sc1	recurrence
foreman_1329_AACTCCCCAACTTGAC	537	947	0.18373812038014783	1329	ST-RELA	G2M	RELA-sc1	recurrence
foreman_1329_AACTCCCGTTGCTCCT	1051	2617	0.07071865443425077	1329	ST-RELA	G2M	RELA-sc1	recurrence
foreman_1329_AACTTTCCACACCGCA	614	1308	0.2209480122324159	1329	ST-RELA	S	RELA-sc1	recurrence
foreman_1329_ACATACGTCTGGTATG	849	2133	0.2508204406938584	1329	ST-RELA	S	RELA-sc1	recurrence
foreman_1329_ACCGTAAGTCGTTGTA	811	1692	0.20685579196217493	1329	ST-RELA	S	RELA-sc1	recurrence
foreman_1329_ACCGTAATCGCCTGTT	391	699	0.2898134863701578	1329	ST-RELA	S	RELA-sc1	recurrence
foreman_1329_ACGCCAGAGCGTGAAC	316	711	0.2320675105485232	1329	ST-RELA	G1	RELA-sc1	recurrence
foreman_1329_ACGCCAGGTGTGTGCC	689	1457	0.19835277968428278	1329	ST-RELA	G1	RELA-sc1	recurrence
foreman_1329_ACGGGCTCAATCCAAC	647	1496	0.28609625668449196	1329	ST-RELA	G1	RELA-sc1	recurrence
foreman_1329_ACTATCTAGTCGAGTG	401	651	0.2304147465437788	1329	ST-RELA	S	RELA-sc1	recurrence
foreman_1329_ACTGAACAGACAAAGG	716	1528	0.21465968586387435	1329	ST-RELA	S	RELA-sc1	recurrence
foreman_1329_ACTGAACTCTGTCTAT	415	707	0.23903818953323905	1329	ST-RELA	G2M	RELA-sc1	recurrence
foreman_1329_ACTGCTCCAATGAATG	1245	3983	0.21742405222194325	1329	ST-RELA	S	RELA-sc1	recurrence
foreman_1329_ACTTACTAGGTGCAAC	1049	2460	0.17202114680764538	1329	ST-RELA	S	RELA-sc1	recurrence
foreman_1329_AGAGCTTTCTATGTGG	500	851	0.1797884841363102	1329	ST-RELA	G1	RELA-sc1	recurrence
foreman_1329_AGCTTGACACGGTAAG	663	1336	0.2028443113772455	1329	ST-RELA	G1	RELA-sc1	recurrence
foreman_1329_AGGTCCGTCAGAGCTT	597	1523	0.2685489166119501	1329	ST-RELA	S	RELA-sc1	recurrence
foreman_1329_AGTGGGATCAAGGCTT	608	1440	0.17916666666666667	1329	ST-RELA	G1	RELA-sc1	recurrence
foreman_1329_ATCACGATCTCTGAGA	455	1022	0.2945205479452055	1329	ST-RELA	S	RELA-sc1	recurrence
foreman_1329_ATCCACCCAGCGTTCG	578	1322	0.18835098335854766	1329	ST-RELA	G1	RELA-sc1	recurrence
foreman_1329_ATGTGTGCAGGATCGA	804	1757	0.1553784860557769	1329	ST-RELA	G1	RELA-sc1	recurrence
foreman_1329_ATTACTCCAAACGCGA	600	1937	0.2452245740836345	1329	ST-RELA	S	RELA-sc1	recurrence
foreman_1329_ATTACTCCAAAGCGGT	723	1510	0.2827814569536424	1329	ST-RELA	G2M	RELA-sc1	recurrence
foreman_1329_CAACCAATCCGGCACA	811	1946	0.2183967112024666	1329	ST-RELA	S	RELA-sc1	recurrence
foreman_1329_CAACCTCAGTATCTCG	824	1986	0.27391742195367574	1329	ST-RELA	S	RELA-sc2	recurrence
foreman_1329_CAGCAGCCACCAGTTA	1140	2496	0.2748397435897436	1329	ST-RELA	S	RELA-sc1	recurrence
foreman_1329_CAGCAGCGTGCCTTGG	486	896	0.29129464285714285	1329	ST-RELA	G2M	RELA-sc1	recurrence
foreman_1329_CAGCCGACAATCGAAA	717	1674	0.24267782426778242	1329	ST-RELA	G1	RELA-sc1	recurrence
foreman_1329_CAGCCGATCTTGACGA	531	1287	0.22533022533022534	1329	ST-RELA	S	RELA-sc1	recurrence
foreman_1329_CATATTCAGGGCTTGA	512	813	0.22755227552275523	1329	ST-RELA	G2M	RELA-sc1	recurrence
foreman_1329_CATCCACTCTTGTACT	836	2108	0.17599620493358634	1329	ST-RELA	G2M	RELA-sc1	recurrence
foreman_1329_CATGACACATCAGTAC	642	1468	0.2547683923705722	1329	ST-RELA	S	RELA-sc1	recurrence
foreman_1329_CCACCTAAGAATTCCC	402	804	0.2935323383084577	1329	ST-RELA	G1	RELA-sc1	recurrence
foreman_1329_CCGTACTTCACCGTAA	713	1202	0.0740432612312812	1329	ST-RELA	S	RELA-sc1	recurrence
foreman_1329_CCGTGGACAAGGACAC	1101	2611	0.24473381846036002	1329	ST-RELA	S	RELA-sc1	recurrence
foreman_1329_CCTAAAGCAGATTGCT	909	2238	0.28328865058087577	1329	ST-RELA	S	RELA-sc1	recurrence
foreman_1329_CCTACCACACAAGACG	1192	3049	0.19645785503443752	1329	ST-RELA	S	RELA-sc1	recurrence
foreman_1329_CCTCTGAAGGCGCTCT	810	1995	0.26917293233082706	1329	ST-RELA	S	RELA-sc1	recurrence
foreman_1329_CCTTCGAAGAACTCGG	779	1713	0.2224168126094571	1329	ST-RELA	S	RELA-sc1	recurrence
foreman_1329_CGAATGTGTCCGCTGA	314	580	0.22586206896551725	1329	ST-RELA	G1	RELA-sc1	recurrence
foreman_1329_CGACTTCAGACTTGAA	391	725	0.20551724137931035	1329	ST-RELA	S	RELA-sc1	recurrence
foreman_1329_CGAGAAGGTCGATTGT	787	1668	0.23441247002398083	1329	ST-RELA	S	RELA-sc1	recurrence
foreman_1329_CGATTGAAGTGACATA	331	566	0.24558303886925795	1329	ST-RELA	G2M	RELA-sc1	recurrence
foreman_1329_CGATTGATCGCTGATA	681	1554	0.2528957528957529	1329	ST-RELA	S	RELA-sc1	recurrence
foreman_1329_CGGACGTCATGAACCT	435	929	0.25323275862068967	1329	ST-RELA	G1	RELA-sc1	recurrence
foreman_1329_CGGAGTCTCACCGGGT	995	2378	0.2796467619848612	1329	ST-RELA	S	RELA-sc1	recurrence
foreman_1329_CGGCTAGAGAGTCGGT	1037	2864	0.29559748427672955	1329	ST-RELA	S	RELA-sc1	recurrence
foreman_1329_CGGGTCAAGTGGGATC	679	1629	0.283609576427256	1329	ST-RELA	S	RELA-sc1	recurrence
foreman_1329_CGTCAGGCACCAGCAC	485	1104	0.28894927536231885	1329	ST-RELA	S	RELA-sc1	recurrence
foreman_1329_CGTCAGGGTAGCTCCG	785	1591	0.2545568824638592	1329	ST-RELA	G2M	RELA-sc1	recurrence
foreman_1329_CGTGTCTCACATTAGC	570	1179	0.1984732824427481	1329	ST-RELA	G2M	RELA-sc1	recurrence
foreman_1329_CGTTCTGAGCCAGGAT	551	922	0.21691973969631237	1329	ST-RELA	S	RELA-sc1	recurrence
foreman_1329_CTACACCCAATAAGCA	432	644	0.12888198757763975	1329	ST-RELA	S	RELA-sc1	recurrence
foreman_1329_CTACCCACAAGTCATC	877	2224	0.19334532374100719	1329	ST-RELA	S	RELA-sc1	recurrence
foreman_1329_CTCACACCATACGCCG	813	1810	0.23149171270718233	1329	ST-RELA	S	RELA-sc1	recurrence
foreman_1329_CTCACACCATAGGATA	1285	3484	0.18312284730195177	1329	ST-RELA	S	RELA-sc2	recurrence
foreman_1329_CTCATTAAGAAGGGTA	448	771	0.2178988326848249	1329	ST-RELA	G1	RELA-sc1	recurrence
foreman_1329_CTGAAACAGACGCACA	376	571	0.25569176882662	1329	ST-RELA	G2M	RELA-sc1	recurrence
foreman_1329_GAAACTCTCAGGCAAG	464	1052	0.26736441484300666	1329	ST-RELA	G1	RELA-sc1	recurrence
foreman_1329_GAAATGATCACCATAG	402	693	0.2611832611832612	1329	ST-RELA	S	RELA-sc1	recurrence
foreman_1329_GAACCTACAAGTTCTG	782	1692	0.17553191489361702	1329	ST-RELA	S	RELA-sc1	recurrence
foreman_1329_GACACGCGTTGGTGGA	717	1655	0.2785498489425982	1329	ST-RELA	G2M	RELA-sc1	recurrence
foreman_1329_GACTACAAGATCTGAA	399	838	0.2911694510739857	1329	ST-RELA	G1	RELA-sc1	recurrence
foreman_1329_GAGCAGAAGATAGGAG	403	651	0.21351766513056836	1329	ST-RELA	S	RELA-sc1	recurrence
foreman_1329_GAGTCCGGTGCGCTTG	498	874	0.19794050343249428	1329	ST-RELA	S	RELA-sc1	recurrence
foreman_1329_GATCGATTCATGTCTT	1075	2353	0.18622448979591838	1329	ST-RELA	S	RELA-sc1	recurrence
foreman_1329_GATCGCGTCGCGTTTC	625	1181	0.14394580863674852	1329	ST-RELA	S	RELA-sc1	recurrence
foreman_1329_GATGAAACAGTATGCT	525	1001	0.2087912087912088	1329	ST-RELA	G1	RELA-sc1	recurrence
foreman_1329_GATGCTACAAGTACCT	607	1701	0.26631393298059963	1329	ST-RELA	G2M	RELA-sc1	recurrence
foreman_1329_GCAATCAGTGATGTGG	1055	2393	0.2498955286251567	1329	ST-RELA	S	RELA-sc1	recurrence
foreman_1329_GCCAAATAGGCATTGG	572	1245	0.2248995983935743	1329	ST-RELA	G1	RELA-sc1	recurrence
foreman_1329_GCGCCAATCGTTTATC	707	1881	0.18872939925571505	1329	ST-RELA	S	RELA-sc1	recurrence
foreman_1329_GCTCTGTGTTAAGGGC	329	542	0.22509225092250923	1329	ST-RELA	G2M	RELA-sc1	recurrence
foreman_1329_GCTGCAGGTCGAAAGC	613	1384	0.26445086705202314	1329	ST-RELA	S	RELA-sc1	recurrence
foreman_1329_GCTTGAAAGTTGAGAT	480	1056	0.24147727272727273	1329	ST-RELA	S	RELA-sc1	recurrence
foreman_1329_GGACATTTCATCATTC	415	873	0.27835051546391754	1329	ST-RELA	G1	RELA-sc1	recurrence
foreman_1329_GGATGTTCACATTCGA	1001	2767	0.2992410552945428	1329	ST-RELA	G1	RELA-sc1	recurrence
foreman_1329_GGCAATTGTATTAGCC	651	1688	0.24052132701421802	1329	ST-RELA	G1	RELA-sc1	recurrence
foreman_1329_GGCCGATCACTGTCGG	840	2187	0.25468678555098306	1329	ST-RELA	S	RELA-sc1	recurrence
foreman_1329_GGGTTGCCATGGTAGG	325	584	0.22602739726027396	1329	ST-RELA	S	RELA-sc1	recurrence
foreman_1329_GTATTCTCACATTCGA	502	844	0.278436018957346	1329	ST-RELA	S	RELA-sc1	recurrence
foreman_1329_GTCGGGTTCCACTCCA	728	1406	0.2411095305832148	1329	ST-RELA	G1	RELA-sc1	recurrence
foreman_1329_GTCTTCGTCTGAGTGT	611	1176	0.23979591836734693	1329	ST-RELA	G2M	RELA-sc1	recurrence
foreman_1329_GTGCAGCGTGTGAAAT	432	749	0.22162883845126835	1329	ST-RELA	S	RELA-sc1	recurrence
foreman_1329_GTTACAGCAACACCTA	720	1779	0.19898819561551434	1329	ST-RELA	S	RELA-sc1	recurrence
foreman_1329_GTTTCTAAGATAGGAG	607	1428	0.27450980392156865	1329	ST-RELA	S	RELA-sc1	recurrence
foreman_1329_GTTTCTATCTTTACAC	856	1873	0.18579818473037907	1329	ST-RELA	S	RELA-sc1	recurrence
foreman_1329_TACTTACAGCCCAACC	552	1138	0.2759226713532513	1329	ST-RELA	S	RELA-sc1	recurrence
foreman_1329_TAGAGCTAGGCTACGA	637	1621	0.2887106724244294	1329	ST-RELA	G1	RELA-sc1	recurrence
foreman_1329_TAGTGGTGTACTCGCG	478	950	0.23684210526315788	1329	ST-RELA	G1	RELA-sc1	recurrence
foreman_1329_TCGGGACAGGAGTTGC	966	1889	0.17893065113816833	1329	ST-RELA	S	RELA-sc1	recurrence
foreman_1329_TCGGGACGTACCGTAT	449	1006	0.2982107355864811	1329	ST-RELA	S	RELA-sc1	recurrence
foreman_1329_TCGGTAAGTATCTGCA	681	1208	0.26241721854304634	1329	ST-RELA	S	RELA-sc1	recurrence
foreman_1329_TCTATTGAGGCCGAAT	937	2163	0.21266759130836801	1329	ST-RELA	S	RELA-sc1	recurrence
foreman_1329_TCTCTAAAGCGCTCCA	718	1606	0.17683686176836863	1329	ST-RELA	S	RELA-sc1	recurrence
foreman_1329_TCTGGAAGTCTAGTCA	477	1223	0.26573998364677026	1329	ST-RELA	S	RELA-sc1	recurrence
foreman_1329_TCTTCGGAGCGGATCA	737	1965	0.2768447837150127	1329	ST-RELA	S	RELA-sc1	recurrence
foreman_1329_TGCGGGTAGAGTACAT	464	915	0.292896174863388	1329	ST-RELA	G1	RELA-sc1	recurrence
foreman_1329_TGCGGGTGTCTCCACT	313	542	0.24907749077490776	1329	ST-RELA	G1	RELA-sc1	recurrence
foreman_1329_TGGACGCGTTCGCTAA	594	1340	0.2126865671641791	1329	ST-RELA	S	RELA-sc1	recurrence
foreman_1329_TGGCGCAAGTGATCGG	311	523	0.29636711281070743	1329	ST-RELA	S	RELA-sc1	recurrence
foreman_1329_TGGGCGTCACGTTGGC	721	1557	0.2466281310211946	1329	ST-RELA	S	RELA-sc1	recurrence
foreman_1329_TTATGCTTCGTGGACC	1639	5320	0.09849624060150376	1329	ST-RELA	G2M	RELA-sc1	recurrence
foreman_1329_TTCTCAACATTGGCGC	600	1359	0.19219440353460973	1329	ST-RELA	G1	RELA-sc1	recurrence
foreman_1329_TTGCGTCAGGACAGCT	509	1046	0.2418738049713193	1329	ST-RELA	S	RELA-sc1	recurrence
foreman_1329_TTGTAGGGTTGATTGC	517	1411	0.2884479092841956	1329	ST-RELA	G2M	RELA-sc1	recurrence
foreman_1329_TTTGGTTAGGTGTTAA	451	1288	0.2732919254658385	1329	ST-RELA	G1	RELA-sc1	recurrence
foreman_1329_TACGGATGTCTAGCGC	501	755	0.051655629139072845	1329	ST-RELA	S	RELA-sc1	recurrence
foreman_1329_TCGCGAGCATTGCGGC	597	1139	0.20456540825285338	1329	ST-RELA	G2M	RELA-sc1	recurrence
foreman_1329_TGTCCCATCTTGTCAT	562	965	0.12435233160621761	1329	ST-RELA	S	RELA-sc1	recurrence
foreman_1329_TAAGCGTTCACTCCTG	2686	8581	0.012121212121212121	1329	ST-RELA	S	RELA-sc1	recurrence
foreman_1329_TCAACGAGTGGCGAAT	1985	3764	0.004516471838469713	1329	ST-RELA	S	RELA-sc1	recurrence
foreman_1329_ACGGAGAAGACTAAGT	1124	2053	0.10180224062347784	1329	ST-RELA	G2M	RELA-sc1	recurrence
foreman_1329_ACTTTCAAGCGGCTTC	3215	10316	0.04527826255574947	1329	ST-RELA	S	RELA-sc1	recurrence
foreman_1329_CGCCAAGAGACTTTCG	2558	8055	0.025822470515207946	1329	ST-RELA	G2M	RELA-sc1	recurrence
foreman_1329_CGGTTAACATCCGTGG	1904	5170	0.03423597678916828	1329	ST-RELA	G1	RELA-sc1	recurrence
foreman_1329_CGTTAGAAGATACACA	1209	2678	0.16654219566840925	1329	ST-RELA	G1	RELA-sc1	recurrence
foreman_1329_CTAACTTCATGATCCA	2918	10291	0.014964532115440677	1329	ST-RELA	S	RELA-sc1	recurrence
foreman_1329_CTAGCCTCAGACGCTC	1214	2708	0.0794530672579453	1329	ST-RELA	S	RELA-sc1	recurrence
foreman_1329_CTCGAGGAGATCGGGT	2386	7268	0.017889087656529516	1329	ST-RELA	S	RELA-sc1	recurrence
foreman_1329_GAAATGACACCAGTTA	1557	3387	0.18128136994390315	1329	ST-RELA	S	RELA-sc1	recurrence
foreman_1329_GAACATCGTCTAGCCG	2226	5840	0.046746575342465756	1329	ST-RELA	G1	RELA-sc1	recurrence
foreman_1329_GACGTGCCACTTACGA	835	1997	0.1757636454682023	1329	ST-RELA	G1	RELA-sc1	recurrence
foreman_1329_GACTGCGGTAGCGATG	1705	4237	0.13004484304932734	1329	ST-RELA	S	RELA-sc1	recurrence
foreman_1329_GATCAGTAGCAATATG	3720	12686	0.05052814125807977	1329	ST-RELA	G2M	RELA-sc1	recurrence
foreman_1329_GATCGATGTCGCGAAA	1883	4192	0.148890479599141	1329	ST-RELA	S	RELA-sc1	recurrence
foreman_1329_GCACTCTGTTCGGGCT	1655	4114	0.14518482490272375	1329	ST-RELA	S	RELA-sc1	recurrence
foreman_1329_GCGCAACCACGGCTAC	1050	2375	0.15705263157894736	1329	ST-RELA	S	RELA-sc1	recurrence
foreman_1329_GCGGGTTTCTAACCGA	649	1275	0.14207221350078492	1329	ST-RELA	S	RELA-sc1	recurrence
foreman_1329_GCTCCTAAGACATAAC	579	976	0.16905737704918034	1329	ST-RELA	G2M	RELA-sc1	recurrence
foreman_1329_GCTCCTAGTCCGTCAG	2508	7923	0.06197147545121797	1329	ST-RELA	S	RELA-sc1	recurrence
foreman_1329_GGACATTTCCGCGTTT	902	1676	0.1426014319809069	1329	ST-RELA	G1	RELA-sc1	recurrence
foreman_1329_GGACGTCCACGAGGTA	2008	5468	0.16313094367227504	1329	ST-RELA	S	RELA-sc1	recurrence
foreman_1329_GGCAATTAGCTCTCGG	1612	3416	0.16774004683840749	1329	ST-RELA	S	RELA-sc1	recurrence
foreman_1329_GGTGAAGCAGGACCCT	873	2024	0.16452569169960474	1329	ST-RELA	S	RELA-sc1	recurrence
foreman_1329_GTACGTACACGTGAGA	864	1906	0.1621196222455404	1329	ST-RELA	G1	RELA-sc1	recurrence
foreman_1329_GTACGTAGTCATACTG	732	1292	0.12161115414407436	1329	ST-RELA	S	RELA-sc1	recurrence
foreman_1329_GTAGTCAAGTACACCT	2317	8367	0.024859567347914426	1329	ST-RELA	S	RELA-sc1	recurrence
foreman_1329_GTAGTCATCAAGATCC	1978	4471	0.02885260568105569	1329	ST-RELA	G1	RELA-sc1	recurrence
foreman_1329_GTAGTCATCATGCTCC	825	1575	0.16698412698412698	1329	ST-RELA	G2M	RELA-sc1	recurrence
foreman_1329_GTTTCTATCAGTCCCT	1037	2169	0.13324112494236975	1329	ST-RELA	G2M	RELA-sc1	recurrence
foreman_1329_TACGGGCTCTAACTGG	2328	8277	0.015464540292376466	1329	ST-RELA	G1	RELA-sc1	recurrence
foreman_1329_TAGTTGGTCCAAAGTC	1279	2872	0.07903899721448468	1329	ST-RELA	G1	RELA-sc1	recurrence
foreman_1329_TCAGCTCTCCTATTCA	1104	1949	0.12012320328542095	1329	ST-RELA	S	RELA-sc1	recurrence
foreman_1329_TCGCGAGCAAGTACCT	856	2074	0.21600771456123433	1329	ST-RELA	G1	RELA-sc1	recurrence
foreman_1329_TCGCGTTGTCCAGTTA	969	2183	0.2071494042163153	1329	ST-RELA	G1	RELA-sc1	recurrence
foreman_1329_TCGCGTTGTGGTTTCA	1100	2975	0.05411764705882353	1329	ST-RELA	S	RELA-sc1	recurrence
foreman_1329_TGCCCATCATCTGGTA	720	1395	0.12831541218637993	1329	ST-RELA	G1	RELA-sc1	recurrence
foreman_1329_TGCGTGGCACCATGTA	3317	11151	0.055510716527665684	1329	ST-RELA	S	RELA-sc1	recurrence
foreman_1329_TGGCGCACATATGCTG	927	1956	0.15388548057259713	1329	ST-RELA	G1	RELA-sc1	recurrence
foreman_1329_TGGGAAGGTCTTCTCG	891	1870	0.253475935828877	1329	ST-RELA	G2M	RELA-sc1	recurrence
foreman_1329_TGGGCGTTCAAACCAC	2570	8627	0.03071751477918164	1329	ST-RELA	G1	RELA-sc1	recurrence
foreman_1329_TGGTTCCAGGAACTGC	576	1112	0.2077338129496403	1329	ST-RELA	S	RELA-sc1	recurrence
foreman_1329_TGTATTCCAATGGACG	1098	2146	0.1896551724137931	1329	ST-RELA	S	RELA-sc1	recurrence
foreman_1329_TGTGTTTGTCGGCACT	1424	3347	0.20017926501344488	1329	ST-RELA	S	RELA-sc1	recurrence
foreman_1329_TTCTCAAGTCCTCCAT	1388	3280	0.10701219512195122	1329	ST-RELA	S	RELA-sc1	recurrence
foreman_1329_AAATGCCCATGGGACA	3303	11624	0.0419857179729846	1329	ST-RELA	S	RELA-sc1	recurrence
foreman_1329_AACTCTTCAACTGGCC	1035	1903	0.16132422490803994	1329	ST-RELA	S	RELA-sc1	recurrence
foreman_1329_AACTTTCAGAAACCGC	832	1826	0.13691128148959475	1329	ST-RELA	G1	RELA-sc1	recurrence
foreman_1329_AACTTTCAGACTCGGA	1469	3304	0.18734866828087168	1329	ST-RELA	S	RELA-sc1	recurrence
foreman_1329_AAGGAGCGTACCGCTG	1096	2411	0.16756532559104106	1329	ST-RELA	S	RELA-sc1	recurrence
foreman_1329_AAGGTTCCAGTAGAGC	763	1847	0.265836491608013	1329	ST-RELA	S	RELA-sc1	recurrence
foreman_1329_ACCCACTTCGCCATAA	1581	3789	0.13882290841910794	1329	ST-RELA	S	RELA-sc1	recurrence
foreman_1329_ACCGTAAAGCAGCCTC	867	1807	0.22689540675152187	1329	ST-RELA	G2M	RELA-sc1	recurrence
foreman_1329_ACGATACCAACACGCC	1154	2596	0.18489984591679506	1329	ST-RELA	S	RELA-sc1	recurrence
foreman_1329_AGAATAGTCCTCATTA	1562	3386	0.16952155936207916	1329	ST-RELA	S	RELA-sc1	recurrence
foreman_1329_AGCAGCCGTAAACCTC	1928	5245	0.02688274547187798	1329	ST-RELA	S	RELA-sc1	recurrence
foreman_1329_AGCATACTCGCCATAA	1875	5366	0.010251630941286114	1329	ST-RELA	S	RELA-sc1	recurrence
foreman_1329_AGCCTAAGTCCGAATT	1322	3113	0.1583681336331513	1329	ST-RELA	S	RELA-sc1	recurrence
foreman_1329_AGCTCCTCAAGTTAAG	1692	3954	0.0629742033383915	1329	ST-RELA	S	RELA-sc1	recurrence
foreman_1329_AGGTCATAGCAACGGT	874	1693	0.0383933845245127	1329	ST-RELA	S	RELA-sc1	recurrence
foreman_1329_AGGTCATCAATCTACG	1592	3762	0.21477937267410951	1329	ST-RELA	S	RELA-sc1	recurrence
foreman_1329_AGTAGTCAGACCTTTG	717	1367	0.20848573518653987	1329	ST-RELA	G1	RELA-sc1	recurrence
foreman_1329_ATAAGAGCACTCAGGC	1202	2522	0.1724821570182395	1329	ST-RELA	G1	RELA-sc1	recurrence
foreman_1329_ATAAGAGCAGGACCCT	1123	2316	0.16839378238341968	1329	ST-RELA	S	RELA-sc1	recurrence
foreman_1329_ATAGACCTCGTGGGAA	926	1877	0.0847547974413646	1329	ST-RELA	S	RELA-sc1	recurrence
foreman_1329_ATCTACTTCGTGGGAA	653	1095	0.20639269406392693	1329	ST-RELA	G2M	RELA-sc1	recurrence
foreman_1329_ATGAGGGTCTTAGAGC	975	2285	0.24595185995623634	1329	ST-RELA	S	RELA-sc1	recurrence
foreman_1329_ATTATCCCATCCGGGT	1206	2278	0.1804214223002634	1329	ST-RELA	S	RELA-sc1	recurrence
foreman_1329_ATTGGTGCATCACGTA	1072	2555	0.1569471624266145	1329	ST-RELA	S	RELA-sc1	recurrence
foreman_1329_CAAGATCGTTATCACG	803	1203	0.09725685785536159	1329	ST-RELA	S	RELA-sc1	recurrence
foreman_1329_CAAGGCCCATCACGTA	1353	3145	0.156120826709062	1329	ST-RELA	S	RELA-sc1	recurrence
foreman_1329_CACAGGCGTACCATCA	1275	3074	0.20624593363695512	1329	ST-RELA	S	RELA-sc1	recurrence
foreman_1329_CACCACTCACTAGTAC	1303	3204	0.10081148564294631	1329	ST-RELA	S	RELA-sc1	recurrence
foreman_1329_CACTCCAGTCTCTTTA	1277	3072	0.19140625	1329	ST-RELA	S	RELA-sc1	recurrence
foreman_1329_CAGCCGAAGACGCACA	1055	2377	0.22465292385359698	1329	ST-RELA	S	RELA-sc1	recurrence
foreman_1329_CAGCTAACAGGAACGT	920	1655	0.18851963746223566	1329	ST-RELA	S	RELA-sc1	recurrence
foreman_1329_CAGCTGGAGCCACTAT	983	2228	0.17145421903052063	1329	ST-RELA	S	RELA-sc1	recurrence
foreman_1329_CATGACATCCACGACG	986	1836	0.11819172113289761	1329	ST-RELA	S	RELA-sc1	recurrence
foreman_1329_CATGACATCGTCGTTC	959	1926	0.18743509865005192	1329	ST-RELA	S	RELA-sc1	recurrence
foreman_1329_CATGGCGTCCGTAGGC	1056	2228	0.13868940754039497	1329	ST-RELA	S	RELA-sc2	recurrence
foreman_1329_CATTCGCAGTCAAGGC	901	1560	0.1564102564102564	1329	ST-RELA	S	RELA-sc1	recurrence
foreman_1329_CCCATACTCCGGGTGT	1328	2780	0.1410071942446043	1329	ST-RELA	G1	RELA-sc1	recurrence
foreman_1329_CCGGTAGTCAAGGCTT	888	2070	0.21835748792270532	1329	ST-RELA	G1	RELA-sc1	recurrence
foreman_1329_CCTAAAGAGACAATAC	1229	2218	0.16095581605049594	1329	ST-RELA	G2M	RELA-sc1	recurrence
foreman_1329_CCTAAAGTCCTGCTTG	973	2023	0.19476025704399408	1329	ST-RELA	G2M	RELA-sc1	recurrence
foreman_1329_CCTAGCTCACTGTTAG	1028	2776	0.16786743515850144	1329	ST-RELA	S	RELA-sc1	recurrence
foreman_1329_CCTATTACAGACTCGC	2557	7927	0.04326983726504352	1329	ST-RELA	S	RELA-sc1	recurrence
foreman_1329_CCTCTGATCGACCAGC	1629	3931	0.2744848639023149	1329	ST-RELA	S	RELA-sc1	recurrence
foreman_1329_CGAACATAGATGAGAG	1420	3201	0.24179943767572634	1329	ST-RELA	S	RELA-sc1	recurrence
foreman_1329_CGAGCACTCGCCCTTA	1059	1972	0.14908722109533468	1329	ST-RELA	G1	RELA-sc1	recurrence
foreman_1329_CGCCAAGCAAGCCTAT	1811	4190	0.12195704057279236	1329	ST-RELA	S	RELA-sc1	recurrence
foreman_1329_CGCCAAGTCTGGGCCA	843	1754	0.15222348916761688	1329	ST-RELA	S	RELA-sc1	recurrence
foreman_1329_CGCTATCAGGCATGGT	2013	4995	0.10470470470470471	1329	ST-RELA	S	RELA-sc1	recurrence
foreman_1329_CGGACACTCTGGAGCC	1400	2907	0.1716546267629859	1329	ST-RELA	S	RELA-sc1	recurrence
foreman_1329_CGTAGCGTCGGAGCAA	1329	2843	0.15728360309641098	1329	ST-RELA	S	RELA-sc1	recurrence
foreman_1329_CTGATAGGTCTAGGTT	859	1821	0.2482152663371774	1329	ST-RELA	S	RELA-sc1	recurrence
foreman_1329_CTTGGCTTCAGAGGTG	1069	2383	0.22996223248006714	1329	ST-RELA	S	RELA-sc1	recurrence
foreman_1329_TACTTGTTCGCTTGTC	1147	2572	0.10964230171073094	1329	ST-RELA	S	RELA-sc1	recurrence
foreman_1329_TAGTGGTTCGAGAACG	1742	4148	0.22131147540983606	1329	ST-RELA	G2M	RELA-sc2	recurrence
foreman_1329_TCAGATGAGACAGAGA	1313	3158	0.2435085497150095	1329	ST-RELA	S	RELA-sc1	recurrence
foreman_1329_TGGCGCATCTAACTCT	3233	11648	0.0415521978021978	1329	ST-RELA	G2M	RELA-sc1	recurrence
foreman_1329_TTCTCCTCAGGGAGAG	1009	2424	0.28671617161716173	1329	ST-RELA	G2M	RELA-sc1	recurrence
foreman_1329_TTCTTAGCACCGTTGG	854	1729	0.22729901677270098	1329	ST-RELA	S	RELA-sc1	recurrence
foreman_1329_TTGACTTCACGAAATA	545	1050	0.21258341277407056	1329	ST-RELA	G2M	RELA-sc1	recurrence
foreman_870_AAACCTGGTAAGAGAG	3635	11585	0.0672421234354769	870	ST-RELA	G1	RELA-sc1	primary
foreman_870_AAACGGGAGTCGTACT	3826	11584	0.04333563535911602	870	ST-RELA	G1	RELA-sc1	primary
foreman_870_AAAGTAGCAAGCGTAG	3874	12448	0.046031491002570694	870	ST-RELA	G1	RELA-sc1	primary
foreman_870_AAAGTAGGTCTGATTG	4778	15547	0.050688279943393796	870	ST-RELA	G1	RELA-sc1	primary
foreman_870_AAATGCCAGGTGATAT	3682	12167	0.048824593128390596	870	ST-RELA	S	RELA-sc1	primary
foreman_870_AAATGCCAGTGTCCAT	2686	6668	0.07049647517624119	870	ST-RELA	G2M	RELA-sc1	primary
foreman_870_AAATGCCTCGGTCTAA	2333	5191	0.055865921787709494	870	ST-RELA	G2M	RELA-sc1	primary
foreman_870_AACGTTGCACCATCCT	3058	9168	0.05170157068062827	870	ST-RELA	S	RELA-sc1	primary
foreman_870_AACTCCCCACAGAGGT	3616	10867	0.04279009846323732	870	ST-RELA	G1	RELA-sc1	primary
foreman_870_AACTTTCGTTTGCATG	4172	14658	0.04796343044279184	870	ST-RELA	G1	RELA-sc1	primary
foreman_870_AATCCAGAGACAATAC	3787	12106	0.0533663775299463	870	ST-RELA	S	RELA-sc1	primary
foreman_870_ACATACGGTCCAGTAT	3782	11584	0.06319060773480663	870	ST-RELA	G1	RELA-sc1	primary
foreman_870_ACCAGTACAACTGGCC	3542	11765	0.05168310098605916	870	ST-RELA	G1	RELA-sc1	primary
foreman_870_ACGAGCCCACAGAGGT	3090	10682	0.044841789926979965	870	ST-RELA	G1	RELA-sc1	primary
foreman_870_ACGATACTCAAACGGG	2321	6074	0.06568982548567666	870	ST-RELA	S	RELA-sc1	primary
foreman_870_ACGCCAGTCACAGTAC	3058	8160	0.047560676636430495	870	ST-RELA	G1	RELA-sc1	primary
foreman_870_ACGCCGATCAATCTCT	797	1970	0.265989847715736	870	ST-RELA	G1	RELA-sc1	primary
foreman_870_ACTTACTTCCCAACGG	2627	6688	0.048295454545454544	870	ST-RELA	G1	RELA-sc1	primary
foreman_870_AGACGTTCAGATTGCT	3645	11501	0.05112598904443092	870	ST-RELA	S	RELA-sc1	primary
foreman_870_AGCATACGTCCAGTGC	3074	8778	0.052181838897117465	870	ST-RELA	G2M	RELA-sc1	primary
foreman_870_AGGCCACCACGGTAGA	3988	13450	0.055315985130111524	870	ST-RELA	G1	RELA-sc1	primary
foreman_870_AGGCCACTCTCTGAGA	3257	8798	0.03944078199590816	870	ST-RELA	S	RELA-sc1	primary
foreman_870_AGGCCGTGTATGGTTC	4051	13360	0.067300494085941	870	ST-RELA	G1	RELA-sc1	primary
foreman_870_AGGTCCGGTAAACCTC	1512	3089	0.026222078342505666	870	ST-RELA	G1	RELA-sc1	primary
foreman_870_AGTCTTTGTTTACTCT	3578	10626	0.05167545180722891	870	ST-RELA	G1	RELA-sc1	primary
foreman_870_AGTTGGTAGCTGCCCA	2131	4777	0.037889889051706094	870	ST-RELA	G1	RELA-sc1	primary
foreman_870_ATAGACCTCGTTTGCC	4031	13095	0.04360775927905911	870	ST-RELA	G1	RELA-sc1	primary
foreman_870_ATCATCTTCGCCGTGA	2246	5542	0.12865391555395164	870	ST-RELA	G1	RELA-sc1	primary
foreman_870_ATCATGGTCCATGAAC	3732	10576	0.05730496453900709	870	ST-RELA	G1	RELA-sc1	primary
foreman_870_ATTACTCTCGGTTAAC	3183	9864	0.05545417680454177	870	ST-RELA	G1	RELA-sc1	primary
foreman_870_ATTCTACAGGCAAAGA	4108	12849	0.03120865436998988	870	ST-RELA	S	RELA-sc1	primary
foreman_870_CAAGTTGGTGCGGTAA	3579	10098	0.05298603545607606	870	ST-RELA	G1	RELA-sc1	primary
foreman_870_CACACTCCACGAGAGT	2151	4624	0.0625	870	ST-RELA	G1	RELA-sc1	primary
foreman_870_CACAGTAGTTCAGACT	3066	8160	0.045098039215686274	870	ST-RELA	G1	RELA-sc1	primary
foreman_870_CACCAGGCATTCTTAC	3491	10873	0.0468132070265796	870	ST-RELA	G1	RELA-sc1	primary
foreman_870_CATATGGAGCACACAG	3769	12412	0.051728305535412133	870	ST-RELA	G1	RELA-sc1	primary
foreman_870_CATCGAATCTGGTTCC	3440	9210	0.06264929424538546	870	ST-RELA	G1	RELA-sc1	primary
foreman_870_CATTCGCCATCACGAT	4095	12825	0.047567061759201494	870	ST-RELA	G1	RELA-sc1	primary
foreman_870_CCACGGACACCTTGTC	2716	8193	0.08678139875503478	870	ST-RELA	G1	RELA-sc1	primary
foreman_870_CCATTCGTCGTCTGCT	2795	8679	0.11039410002304678	870	ST-RELA	S	RELA-sc1	primary
foreman_870_CCGGGATAGTGTTTGC	3152	8418	0.0473984319315752	870	ST-RELA	G1	RELA-sc1	primary
foreman_870_CCGTACTAGCTGCAAG	4835	17108	0.05810147299509002	870	ST-RELA	G2M	RELA-sc1	primary
foreman_870_CCGTACTAGTCCTCCT	2835	8029	0.04633781763826607	870	ST-RELA	G1	RELA-sc1	primary
foreman_870_CCTATTAGTAGTACCT	3878	13440	0.0572172619047619	870	ST-RELA	S	RELA-sc1	primary
foreman_870_CCTTCCCCAAGCCCAC	3546	10219	0.05207007927963198	870	ST-RELA	G1	RELA-sc1	primary
foreman_870_CGAGAAGGTCGAAAGC	1792	4099	0.06050256160039034	870	ST-RELA	G1	RELA-sc1	primary
foreman_870_CGGACGTGTGTGGCTC	1235	2812	0.14971550497866287	870	ST-RELA	G1	RELA-sc1	primary
foreman_870_CGGGTCATCGGCGGTT	4200	15234	0.05501575630252101	870	ST-RELA	G1	RELA-sc1	primary
foreman_870_CGTAGGCTCTGTCCGT	2518	6128	0.08013709809041945	870	ST-RELA	S	RELA-sc1	primary
foreman_870_CGTCACTAGGTGATAT	2041	4352	0.07306985294117647	870	ST-RELA	S	RELA-sc1	primary
foreman_870_CGTTGGGGTGTGACGA	2903	6984	0.033934707903780066	870	ST-RELA	S	RELA-sc1	primary
foreman_870_CTAAGACAGCCTTGAT	2790	7917	0.0524188455222938	870	ST-RELA	G1	RELA-sc1	primary
foreman_870_CTACACCCAGCTATTG	3734	11146	0.0415395657635026	870	ST-RELA	G1	RELA-sc1	primary
foreman_870_CTACACCTCGTTGACA	3915	12991	0.023169886844738665	870	ST-RELA	G1	RELA-sc1	primary
foreman_870_CTACATTTCAAGCCTA	2956	9051	0.05855706551762236	870	ST-RELA	G1	RELA-sc1	primary
foreman_870_CTACGTCCAATAGAGT	3470	10897	0.051023217399284206	870	ST-RELA	S	RELA-sc1	primary
foreman_870_CTACGTCTCGCCAAAT	2102	5088	0.07822327044025157	870	ST-RELA	G1	RELA-sc1	primary
foreman_870_CTCTGGTTCAGGCGAA	1570	3351	0.049239033124440466	870	ST-RELA	G1	RELA-sc1	primary
foreman_870_CTGCCTATCCAGAGGA	3289	8910	0.05656565656565657	870	ST-RELA	G1	RELA-sc1	primary
foreman_870_CTTCTCTCACAGACAG	3318	10258	0.05518182704494492	870	ST-RELA	G1	RELA-sc1	primary
foreman_870_CTTGGCTTCGAGCCCA	3421	11159	0.06676225468231921	870	ST-RELA	S	RELA-sc1	primary
foreman_870_CTTTGCGGTGGTAACG	3888	12809	0.0437973300023421	870	ST-RELA	G1	RELA-sc1	primary
foreman_870_GAACATCCATGTCGAT	3340	8833	0.05128495414921318	870	ST-RELA	G1	RELA-sc1	primary
foreman_870_GAACGGATCCAAACAC	4050	12779	0.07825338445887785	870	ST-RELA	G1	RELA-sc1	primary
foreman_870_GAAGCAGGTCACCTAA	2912	7490	0.02069425901201602	870	ST-RELA	G1	RELA-sc1	primary
foreman_870_GACACGCTCGTGACAT	1125	2494	0.19566960705693665	870	ST-RELA	G1	RELA-sc1	primary
foreman_870_GACAGAGCACTCAGGC	2282	5749	0.07236041050617499	870	ST-RELA	G1	RELA-sc1	primary
foreman_870_GACGCGTAGTGTACTC	2148	5198	0.05348210850327049	870	ST-RELA	G1	RELA-sc1	primary
foreman_870_GACGTTATCGCCCTTA	3597	11938	0.07019601273245099	870	ST-RELA	S	RELA-sc1	primary
foreman_870_GATCGTAAGGCAAAGA	2803	7238	0.06894169660127107	870	ST-RELA	S	RELA-sc1	primary
foreman_870_GCAAACTTCGCCCTTA	3575	10522	0.025090287017677248	870	ST-RELA	G1	RELA-sc1	primary
foreman_870_GCAGCCAGTCATCCCT	2037	5091	0.04950884086444008	870	ST-RELA	G1	RELA-sc1	primary
foreman_870_GCATGATGTTTACTCT	2611	6301	0.03618473258212982	870	ST-RELA	G1	RELA-sc1	primary
foreman_870_GCATGTAGTATATGAG	3524	10445	0.03925323121110579	870	ST-RELA	S	RELA-sc1	primary
foreman_870_GCTGCAGTCCGCGCAA	4107	14320	0.044902234636871506	870	ST-RELA	S	RELA-sc1	primary
foreman_870_GGAAAGCTCCTAAGTG	3492	9853	0.047396731959809195	870	ST-RELA	S	RELA-sc1	primary
foreman_870_GGAATAACACACGCTG	3506	9050	0.041988950276243095	870	ST-RELA	S	RELA-sc1	primary
foreman_870_GGACAGAAGAGAACAG	3362	9073	0.04254850088183421	870	ST-RELA	G1	RELA-sc1	primary
foreman_870_GGCAATTTCCGAACGC	3252	9956	0.061169144234632385	870	ST-RELA	G1	RELA-sc1	primary
foreman_870_GGCCGATTCTTGAGAC	4009	13720	0.0739067055393586	870	ST-RELA	G1	RELA-sc1	primary
foreman_870_GGCGACTGTCCATGAT	2679	8119	0.08153713511516196	870	ST-RELA	S	RELA-sc1	primary
foreman_870_GGTATTGCAGGGCATA	3404	9498	0.08180669614655717	870	ST-RELA	G1	RELA-sc1	primary
foreman_870_GGTATTGGTCTAAACC	3608	11125	0.060764044943820227	870	ST-RELA	S	RELA-sc1	primary
foreman_870_GGTGAAGAGTGGCACA	3848	12883	0.08515097415198324	870	ST-RELA	G1	RELA-sc1	primary
foreman_870_GGTGTTAGTTCGTGAT	2716	6095	0.04167350287120591	870	ST-RELA	G1	RELA-sc1	primary
foreman_870_GTACGTACAAAGTGCG	4304	14749	0.04380254949823705	870	ST-RELA	G1	RELA-sc1	primary
foreman_870_GTCAAGTTCAGCTCTC	2429	5980	0.04080267558528428	870	ST-RELA	G1	RELA-sc1	primary
foreman_870_GTCATTTGTGCACGAA	3368	10937	0.05348815945871811	870	ST-RELA	G1	RELA-sc1	primary
foreman_870_GTCTTCGCACCCATGG	2180	4578	0.04325032765399738	870	ST-RELA	G1	RELA-sc1	primary
foreman_870_GTGGGTCAGTGAAGTT	3827	12728	0.05758956631049654	870	ST-RELA	G1	RELA-sc1	primary
foreman_870_GTGTTAGTCCTAGAAC	2900	7361	0.10869565217391304	870	ST-RELA	G1	RELA-sc1	primary
foreman_870_GTTCGGGGTCAACATC	3039	7561	0.07353524666049464	870	ST-RELA	G1	RELA-sc1	primary
foreman_870_TACACGAGTCGCTTCT	3467	10541	0.03339341618442273	870	ST-RELA	G1	RELA-sc1	primary
foreman_870_TACAGTGGTAACGCGA	3501	9785	0.048748083801737355	870	ST-RELA	G1	RELA-sc1	primary
foreman_870_TACCTATCATCGATTG	3028	7733	0.039182723393249706	870	ST-RELA	G1	RELA-sc1	primary
foreman_870_TACGGTATCAGCAACT	2278	4935	0.04437689969604863	870	ST-RELA	S	RELA-sc1	primary
foreman_870_TACTCATTCATTCACT	3881	11942	0.06188243175347513	870	ST-RELA	G1	RELA-sc1	primary
foreman_870_TAGACCAGTCAATGTC	2045	4281	0.0539593552908199	870	ST-RELA	S	RELA-sc1	primary
foreman_870_TAGTGGTTCAGTGTTG	2972	9134	0.04937595795927305	870	ST-RELA	G1	RELA-sc1	primary
foreman_870_TCAACGATCAGTCCCT	4505	14932	0.058197160460755425	870	ST-RELA	G1	RELA-sc1	primary
foreman_870_TCAGCTCAGTACGCCC	3084	8920	0.04069506726457399	870	ST-RELA	G1	RELA-sc1	primary
foreman_870_TGAGCCGTCCGAATGT	2291	5449	0.054321893925490916	870	ST-RELA	G1	RELA-sc1	primary
foreman_870_TGGCGCATCTGAGTGT	4001	12808	0.03818224408526587	870	ST-RELA	G1	RELA-sc1	primary
foreman_870_TGGCGCATCTTGGGTA	4438	14047	0.04613084644408059	870	ST-RELA	G1	RELA-sc1	primary
foreman_870_TGTGGTACACAGACTT	3567	10560	0.03769296334880197	870	ST-RELA	G1	RELA-sc1	primary
foreman_870_TTAGGACAGATCGGGT	3601	10379	0.04634804393910195	870	ST-RELA	G1	RELA-sc1	primary
foreman_870_TTGCGTCAGGCCCTCA	1623	3593	0.05622042861118842	870	ST-RELA	G2M	RELA-sc1	primary
foreman_870_TTGTAGGCACGTGAGA	2609	7278	0.07420640373780404	870	ST-RELA	G1	RELA-sc1	primary
foreman_870_TTTACTGTCCGTCATC	1304	4410	0.163718820861678	870	ST-RELA	G1	RELA-sc1	primary
foreman_870_TTTCCTCGTAAGAGGA	3008	8457	0.06621733475227622	870	ST-RELA	G1	RELA-sc1	primary
foreman_870_AGTGTCATCCTAAGTG	2148	4792	0.07491652754590986	870	ST-RELA	G2M	RELA-sc1	primary
foreman_870_CCGTACTAGGTGTGGT	601	1002	0.05688622754491018	870	ST-RELA	G1	RELA-sc1	primary
foreman_870_TACTCGCTCGTCCAGG	2338	5560	0.05665467625899281	870	ST-RELA	G2M	RELA-sc1	primary
foreman_870_AACGTTGAGCATCATC	1229	2920	0.15102739726027398	870	ST-RELA	S	RELA-sc1	primary
foreman_870_AACTCTTAGAGATGAG	1144	2801	0.2784719742948947	870	ST-RELA	G1	RELA-sc1	primary
foreman_870_AAGACCTCATTCGACA	664	1868	0.26017130620985013	870	ST-RELA	S	RELA-sc1	primary
foreman_870_AAGCCGCTCGTTGCCT	899	2582	0.22114639814097597	870	ST-RELA	G1	RELA-sc1	primary
foreman_870_AATCGGTTCGTGGGAA	876	2123	0.17522373999057936	870	ST-RELA	G1	RELA-sc1	primary
foreman_870_ACATACGAGGGATGGG	1325	3517	0.2345749218083594	870	ST-RELA	G1	RELA-sc1	primary
foreman_870_ACATGGTCAAGAGGCT	953	2618	0.21504965622612682	870	ST-RELA	S	RELA-sc1	primary
foreman_870_ACCCACTCACGACGAA	775	2744	0.2325072886297376	870	ST-RELA	G1	RELA-sc1	primary
foreman_870_ACGCAGCGTGCGCTTG	774	1735	0.20518731988472622	870	ST-RELA	G2M	RELA-sc1	primary
foreman_870_ACGGGTCTCTCGCTTG	983	2252	0.12788632326820604	870	ST-RELA	S	RELA-sc1	primary
foreman_870_ACGTCAACAGTTCCCT	838	1663	0.0974143114852676	870	ST-RELA	G2M	RELA-sc1	primary
foreman_870_AGCATACAGAAGGGTA	817	1754	0.1516533637400228	870	ST-RELA	S	RELA-sc1	primary
foreman_870_AGCGGTCCATTCGACA	803	2195	0.2296127562642369	870	ST-RELA	G1	RELA-sc1	primary
foreman_870_AGGTCATGTTGGTTTG	756	1763	0.12422007941009643	870	ST-RELA	S	RELA-sc1	primary
foreman_870_AGGTCATTCCCATTTA	645	1079	0.11214087117701575	870	ST-RELA	S	RELA-sc1	primary
foreman_870_AGGTCCGTCTACCTGC	965	2371	0.285111767186841	870	ST-RELA	G1	RELA-sc1	primary
foreman_870_AGTTGGTTCCCGGATG	869	2440	0.2713114754098361	870	ST-RELA	S	RELA-sc1	primary
foreman_870_ATAACGCAGCACAGGT	941	2377	0.2608329827513673	870	ST-RELA	G1	RELA-sc1	primary
foreman_870_ATCACGATCCAGATCA	975	2614	0.15920398009950248	870	ST-RELA	S	RELA-sc1	primary
foreman_870_ATCCGAAGTATTACCG	580	1430	0.27062937062937065	870	ST-RELA	G1	RELA-sc1	primary
foreman_870_ATCTACTAGGTCGGAT	426	862	0.29466357308584684	870	ST-RELA	S	RELA-sc1	primary
foreman_870_ATGCGATCACAACTGT	878	2687	0.23483438779307778	870	ST-RELA	G1	RELA-sc1	primary
foreman_870_CAAGATCAGCGCTTAT	935	1908	0.21016771488469602	870	ST-RELA	S	RELA-sc1	primary
foreman_870_CACACCTCAGGTTTCA	1121	3084	0.09533073929961089	870	ST-RELA	G1	RELA-sc1	primary
foreman_870_CACCACTGTTAAGGGC	609	1588	0.23488664987405541	870	ST-RELA	G1	RELA-sc1	primary
foreman_870_CAGAGAGAGTGTCCAT	992	2091	0.07747489239598278	870	ST-RELA	G2M	RELA-sc1	primary
foreman_870_CAGCCGAGTCTAGGTT	1119	3114	0.17597944765574824	870	ST-RELA	S	RELA-sc1	primary
foreman_870_CAGCGACTCGGAAACG	1135	2719	0.22103714600956234	870	ST-RELA	S	RELA-sc1	primary
foreman_870_CAGCTGGCAAGCGTAG	916	2992	0.24632352941176472	870	ST-RELA	G2M	RELA-sc1	primary
foreman_870_CAGTCCTAGGAGTAGA	1209	3286	0.2285453438831406	870	ST-RELA	G1	RELA-sc1	primary
foreman_870_CATGCCTAGTGTTTGC	747	1647	0.18882817243472982	870	ST-RELA	G2M	RELA-sc1	primary
foreman_870_CCAATCCGTTCCACTC	808	1779	0.15907813378302418	870	ST-RELA	G1	RELA-sc1	primary
foreman_870_CCACTACGTCCCTTGT	787	1815	0.28705234159779613	870	ST-RELA	G1	RELA-sc1	primary
foreman_870_CCCATACCACCGCTAG	604	1584	0.29987373737373735	870	ST-RELA	G1	RELA-sc1	primary
foreman_870_CCGGTAGTCACAACGT	729	2104	0.24857414448669202	870	ST-RELA	G2M	RELA-sc1	primary
foreman_870_CCTAAAGAGAGGGATA	1369	3440	0.0438953488372093	870	ST-RELA	G1	RELA-sc1	primary
foreman_870_CCTTCGAGTATAATGG	849	1963	0.07747196738022426	870	ST-RELA	S	RELA-sc1	primary
foreman_870_CCTTTCTAGAGTACCG	1009	2398	0.1780650542118432	870	ST-RELA	S	RELA-sc1	primary
foreman_870_CGAGCACCAAGGACAC	811	1529	0.01831262262916939	870	ST-RELA	G1	RELA-sc1	primary
foreman_870_CGAGCCACACAGATTC	924	2648	0.20732628398791542	870	ST-RELA	G1	RELA-sc1	primary
foreman_870_CGAGCCATCTAGCACA	1495	4046	0.17745921898171033	870	ST-RELA	S	RELA-sc1	primary
foreman_870_CGCTATCTCATGTCTT	1159	2622	0.11250953470633104	870	ST-RELA	S	RELA-sc1	primary
foreman_870_CGGACACCATGAGCGA	830	1820	0.16703296703296702	870	ST-RELA	S	RELA-sc1	primary
foreman_870_CGGACGTAGCAACGGT	829	2298	0.24499564838990426	870	ST-RELA	G1	RELA-sc1	primary
foreman_870_CGGACTGCACAGGCCT	799	1799	0.16008893829905502	870	ST-RELA	S	RELA-sc1	primary
foreman_870_CTACACCTCGTTGCCT	341	842	0.24821852731591448	870	ST-RELA	S	RELA-sc1	primary
foreman_870_CTAGAGTTCTAACTTC	1377	3325	0.16330827067669174	870	ST-RELA	G1	RELA-sc1	primary
foreman_870_CTCACACAGCGTGAGT	1384	3805	0.16005256241787122	870	ST-RELA	G1	RELA-sc1	primary
foreman_870_CTGCCTATCGACGGAA	1076	2465	0.14929006085192698	870	ST-RELA	G1	RELA-sc1	primary
foreman_870_CTGTGCTAGTACTTGC	870	1478	0.05886332882273342	870	ST-RELA	G1	RELA-sc1	primary
foreman_870_GAAATGAAGCCGTCGT	383	695	0.2776978417266187	870	ST-RELA	S	RELA-sc1	primary
foreman_870_GACAGAGTCATGTCCC	800	1642	0.23629719853836784	870	ST-RELA	S	RELA-sc1	primary
foreman_870_GAGGTGATCACTTACT	958	2473	0.13263243024666396	870	ST-RELA	G2M	RELA-sc1	primary
foreman_870_GATCGCGAGTGGGATC	830	2156	0.2894248608534323	870	ST-RELA	G1	RELA-sc1	primary
foreman_870_GATGAGGTCTTTACAC	1552	4277	0.11783960720130933	870	ST-RELA	S	RELA-sc1	primary
foreman_870_GCAATCACAATGGAGC	2054	6148	0.1481782693558881	870	ST-RELA	S	RELA-sc1	primary
foreman_870_GCAGTTACAGATGGGT	279	733	0.19508867667121418	870	ST-RELA	G2M	RELA-sc1	primary
foreman_870_GCATGCGCAGATGAGC	1366	4016	0.14965139442231076	870	ST-RELA	G1	RELA-sc1	primary
foreman_870_GCCTCTACAAGAGTCG	953	2031	0.1916256157635468	870	ST-RELA	G1	RELA-sc1	primary
foreman_870_GCGCAACGTCTTCAAG	1105	2546	0.1575638506876228	870	ST-RELA	S	RELA-sc1	primary
foreman_870_GCTGCGATCCGGGTGT	816	1718	0.14726426076833526	870	ST-RELA	G1	RELA-sc1	primary
foreman_870_GGGAGATGTATCTGCA	813	1740	0.2764367816091954	870	ST-RELA	S	RELA-sc1	primary
foreman_870_GGGAGATGTGCGATAG	848	1937	0.15642746515229736	870	ST-RELA	S	RELA-sc1	primary
foreman_870_GGTATTGAGTTCGCAT	903	2847	0.17773094485423252	870	ST-RELA	G1	RELA-sc1	primary
foreman_870_GGTGTTACAATTCCTT	367	577	0.2755632582322357	870	ST-RELA	S	RELA-sc1	primary
foreman_870_GGTGTTACATTGCGGC	1063	2449	0.09881584320130665	870	ST-RELA	S	RELA-sc1	primary
foreman_870_GGTGTTAGTCTCTCTG	1093	2751	0.2690909090909091	870	ST-RELA	G1	RELA-sc1	primary
foreman_870_GTAACGTAGAAGGTTT	1106	2740	0.22992700729927007	870	ST-RELA	G1	RELA-sc1	primary
foreman_870_GTACTTTGTGTGAATA	605	2273	0.26264848218213815	870	ST-RELA	G1	RELA-sc1	primary
foreman_870_GTAGTCACACCTCGGA	1015	2322	0.2243755383290267	870	ST-RELA	G1	RELA-sc1	primary
foreman_870_GTATCTTGTCTCAACA	978	2990	0.0745819397993311	870	ST-RELA	S	RELA-sc1	primary
foreman_870_GTATTCTCAAACGTGG	755	1595	0.2482758620689655	870	ST-RELA	G1	RELA-sc1	primary
foreman_870_GTCGGGTGTCATCGGC	607	909	0.0517051705170517	870	ST-RELA	S	RELA-sc1	primary
foreman_870_GTCTCGTAGCACACAG	773	1625	0.24184615384615385	870	ST-RELA	G1	RELA-sc1	primary
foreman_870_GTTCATTAGCGATCCC	949	1987	0.19879214896829392	870	ST-RELA	G2M	RELA-sc1	primary
foreman_870_TACCTTACAATCCAAC	1001	2089	0.1038774533269507	870	ST-RELA	G1	RELA-sc1	primary
foreman_870_TACGGATTCTTGACGA	960	1846	0.06933911159263272	870	ST-RELA	S	RELA-sc1	primary
foreman_870_TACGGGCGTTAAGACA	922	2215	0.1250564334085779	870	ST-RELA	S	RELA-sc1	primary
foreman_870_TACTTACGTACAGTGG	2026	6339	0.11184729452595046	870	ST-RELA	G1	RELA-sc1	primary
foreman_870_TACTTGTGTTCCACAA	1477	4243	0.231440018854584	870	ST-RELA	G1	RELA-sc1	primary
foreman_870_TCACAAGAGAGGGATA	632	1010	0.11386138613861387	870	ST-RELA	S	RELA-sc1	primary
foreman_870_TCACAAGGTTGGTTTG	852	2238	0.2520107238605898	870	ST-RELA	G1	RELA-sc1	primary
foreman_870_TCCCGATGTTGGTGGA	939	2573	0.19588029537504859	870	ST-RELA	G1	RELA-sc1	primary
foreman_870_TCGGGACAGAATTGTG	1042	2313	0.10938175529615218	870	ST-RELA	S	RELA-sc1	primary
foreman_870_TCGGGACAGCGCTCCA	855	1554	0.0444015444015444	870	ST-RELA	G2M	RELA-sc1	primary
foreman_870_TCGTACCGTGTTAAGA	925	2216	0.2157039711191336	870	ST-RELA	G1	RELA-sc1	primary
foreman_870_TGACGGCGTTGCTCCT	1279	3427	0.24430823117338005	870	ST-RELA	G1	RELA-sc1	primary
foreman_870_TGACTAGTCCGTAGGC	830	2567	0.246980911569926	870	ST-RELA	S	RELA-sc1	primary
foreman_870_TGCCCTACACCCATTC	711	1567	0.2616464582003829	870	ST-RELA	S	RELA-sc1	primary
foreman_870_TGCGTGGCAAAGTGCG	714	2035	0.28501228501228504	870	ST-RELA	G1	RELA-sc1	primary
foreman_870_TGGACGCTCGACGGAA	548	847	0.0743801652892562	870	ST-RELA	G1	RELA-sc1	primary
foreman_870_TGTCCCAGTGGTTTCA	1368	3370	0.16409495548961425	870	ST-RELA	S	RELA-sc1	primary
foreman_870_TTAGGACAGAGTACAT	1131	2923	0.1532671912418748	870	ST-RELA	S	RELA-sc1	primary
foreman_870_TTAGGCACAACACGCC	1691	5632	0.28746448863636365	870	ST-RELA	G1	RELA-sc1	primary
foreman_870_TTCTCCTTCTTCCTTC	1670	4215	0.1423487544483986	870	ST-RELA	G1	RELA-sc1	primary
foreman_870_TTGGAACCACAGGAGT	1016	2019	0.09608717186726103	870	ST-RELA	S	RELA-sc1	primary
foreman_870_TTGGCAATCCTCATTA	1170	2526	0.14455445544554454	870	ST-RELA	G1	RELA-sc1	primary
foreman_870_TTTACTGAGTCCTCCT	873	2490	0.2421686746987952	870	ST-RELA	G2M	RELA-sc1	primary
foreman_870_ATCTACTTCAGAAATG	429	695	0.21007194244604316	870	ST-RELA	S	RELA-sc1	primary
foreman_870_CATATGGTCCCAAGAT	517	906	0.2560706401766004	870	ST-RELA	S	RELA-sc1	primary
foreman_870_CGATTGATCTAGCACA	820	1420	0.1295774647887324	870	ST-RELA	S	RELA-sc1	primary
foreman_870_GACGCGTAGAGTCGGT	695	1105	0.08144796380090498	870	ST-RELA	S	RELA-sc1	primary
foreman_870_CAACCAAAGAGGGATA	1060	1845	0.12953929539295392	870	ST-RELA	G1	RELA-sc1	primary
foreman_870_CACATAGGTTGGGACA	3118	8385	0.06451997614788313	870	ST-RELA	G1	RELA-sc1	primary
foreman_870_CAGCGACGTCAGCTAT	3687	9821	0.02810304449648712	870	ST-RELA	S	RELA-sc1	primary
foreman_870_CCGTTCATCGCGTAGC	992	1956	0.18660531697341512	870	ST-RELA	G1	RELA-sc1	primary
foreman_870_GGACAGATCATTTGGG	3470	10057	0.07308342448046137	870	ST-RELA	G1	RELA-sc1	primary
foreman_870_GTCGGGTTCTACTTAC	569	1222	0.27577741407528644	870	ST-RELA	S	RELA-sc1	primary
foreman_870_AAACGGGCAGCTGCAC	1538	3455	0.07554269175108538	870	ST-RELA	G2M	RELA-sc1	primary
foreman_870_AAAGTAGTCCATGAGT	806	1262	0.006339144215530904	870	ST-RELA	S	RELA-sc1	primary
foreman_870_AACACGTTCTCGGACG	4308	15989	0.04703233473012696	870	ST-RELA	G1	RELA-sc1	primary
foreman_870_AACCATGAGAGTGAGA	3742	12401	0.06411290322580646	870	ST-RELA	G1	RELA-sc1	primary
foreman_870_AACCGCGAGTTCGCAT	4179	14468	0.04658556815040089	870	ST-RELA	G1	RELA-sc1	primary
foreman_870_AACCGCGTCTCCAACC	3585	10233	0.03811944091486658	870	ST-RELA	G2M	RELA-sc1	primary
foreman_870_AACGTTGAGAGCTGCA	2809	6990	0.036199742452425236	870	ST-RELA	S	RELA-sc1	primary
foreman_870_AACTCCCAGTGTACCT	2554	6960	0.03089080459770115	870	ST-RELA	G1	RELA-sc1	primary
foreman_870_AAGGCAGCAATAGCGG	3421	9833	0.05522782750203417	870	ST-RELA	S	RELA-sc1	primary
foreman_870_ACACCCTAGACTAGAT	2659	7685	0.07338972023422251	870	ST-RELA	G1	RELA-sc1	primary
foreman_870_ACACTGACACAACGCC	2605	6827	0.08144133587227186	870	ST-RELA	G1	RELA-sc1	primary
foreman_870_ACAGCCGGTCCTCTTG	2525	5977	0.037142379119959844	870	ST-RELA	S	RELA-sc1	primary
foreman_870_ACATCAGAGTACGATA	2912	8148	0.05240549828178694	870	ST-RELA	G1	RELA-sc1	primary
foreman_870_ACCAGTACATCACGAT	1543	3756	0.14860186418109186	870	ST-RELA	G1	RELA-sc1	primary
foreman_870_ACCAGTAGTAAGGGAA	3615	11677	0.05994690417059176	870	ST-RELA	S	RELA-sc1	primary
foreman_870_ACGATGTAGAAGAAGC	2161	5013	0.024536205864751647	870	ST-RELA	G1	RELA-sc1	primary
foreman_870_ACGCCAGAGAAACCGC	1265	2787	0.14208826695371368	870	ST-RELA	G1	RELA-sc1	primary
foreman_870_ACGCCAGCACTCTGTC	2945	9153	0.048841783216783216	870	ST-RELA	G1	RELA-sc1	primary
foreman_870_ACGCCAGCATTACGAC	2933	9531	0.07952995488406253	870	ST-RELA	G1	RELA-sc1	primary
foreman_870_ACGGGTCCACAGCGTC	2855	8620	0.05324825986078886	870	ST-RELA	G1	RELA-sc1	primary
foreman_870_ACGGGTCGTTAAAGAC	2491	5881	0.10799319727891156	870	ST-RELA	S	RELA-sc1	primary
foreman_870_ACTGAACGTCAGCTAT	2469	6159	0.024029874979704498	870	ST-RELA	G1	RELA-sc1	primary
foreman_870_ACTGAGTGTCCCGACA	874	1999	0.19759879939969985	870	ST-RELA	G1	RELA-sc1	primary
foreman_870_ACTGCTCAGCCGCCTA	2768	8116	0.05952674389943308	870	ST-RELA	S	RELA-sc1	primary
foreman_870_ACTTGTTAGGATTCGG	1820	4099	0.05245181751646743	870	ST-RELA	G1	RELA-sc1	primary
foreman_870_ACTTTCAGTCTCACCT	1500	3529	0.06999149900821762	870	ST-RELA	G1	RELA-sc1	primary
foreman_870_AGAATAGAGAAACGAG	3692	12156	0.06696281671602501	870	ST-RELA	G1	RELA-sc1	primary
foreman_870_AGAATAGCACATAACC	3240	9036	0.05688357680389553	870	ST-RELA	G1	RELA-sc1	primary
foreman_870_AGAATAGTCGGATGGA	3529	12501	0.06	870	ST-RELA	G1	RELA-sc1	primary
foreman_870_AGAGTGGAGAATTCCC	3635	12143	0.07156975786526108	870	ST-RELA	G1	RELA-sc1	primary
foreman_870_AGATCTGAGACAGAGA	2511	6526	0.06634998467667791	870	ST-RELA	G1	RELA-sc1	primary
foreman_870_AGCAGCCCACTGCCAG	2298	6389	0.09563311942401002	870	ST-RELA	G1	RELA-sc1	primary
foreman_870_AGCCTAACACAGGCCT	2605	7512	0.10225003328451604	870	ST-RELA	G1	RELA-sc1	primary
foreman_870_AGCGGTCAGGGATACC	3429	10675	0.058366123290237965	870	ST-RELA	G2M	RELA-sc1	primary
foreman_870_AGGCCACAGATCTGCT	1172	2399	0.08378491037932471	870	ST-RELA	G2M	RELA-sc1	primary
foreman_870_AGGCCACCATGGTCAT	3036	8322	0.056476808459504924	870	ST-RELA	S	RELA-sc1	primary
foreman_870_AGGGAGTTCCGCATAA	1100	2039	0.10201078960274644	870	ST-RELA	S	RELA-sc1	primary
foreman_870_AGGGATGTCAGGTTCA	2122	4829	0.047628908676744665	870	ST-RELA	G1	RELA-sc1	primary
foreman_870_AGGTCATCACGAGAGT	3750	13798	0.08030149296999566	870	ST-RELA	G1	RELA-sc1	primary
foreman_870_AGGTCATGTACAAGTA	1183	2212	0.06555153707052441	870	ST-RELA	S	RELA-sc1	primary
foreman_870_AGGTCATGTTCACCTC	1999	4592	0.06707317073170732	870	ST-RELA	G1	RELA-sc1	primary
foreman_870_AGTGGGACAGCCACCA	2224	5960	0.061577181208053694	870	ST-RELA	S	RELA-sc1	primary
foreman_870_AGTGTCAGTGTTGGGA	2148	5048	0.050515055467511887	870	ST-RELA	S	RELA-sc1	primary
foreman_870_ATAAGAGAGTTCGCGC	1211	2355	0.07473460721868365	870	ST-RELA	G2M	RELA-sc1	primary
foreman_870_ATAGACCGTCTGATTG	3694	13185	0.05020857034508912	870	ST-RELA	G1	RELA-sc1	primary
foreman_870_ATCACGAAGCTGAAAT	1696	3926	0.056560509554140125	870	ST-RELA	G1	RELA-sc1	primary
foreman_870_ATCATCTTCCAGAGGA	2117	4882	0.058787382220401474	870	ST-RELA	G1	RELA-sc1	primary
foreman_870_ATCCACCCACCGCTAG	4473	18740	0.07753468516542156	870	ST-RELA	G1	RELA-sc1	primary
foreman_870_ATCCGAAAGGAATCGC	2892	8607	0.08144533519228535	870	ST-RELA	G1	RELA-sc1	primary
foreman_870_ATCGAGTGTCTACCTC	2141	4635	0.04552319309600863	870	ST-RELA	S	RELA-sc1	primary
foreman_870_ATGCGATCACGCTTTC	2574	7343	0.04112760452131282	870	ST-RELA	S	RELA-sc1	primary
foreman_870_ATGCGATCACTTGGAT	1691	3512	0.042710706150341685	870	ST-RELA	G1	RELA-sc1	primary
foreman_870_ATGGGAGAGGTTACCT	1627	4343	0.1538107299102003	870	ST-RELA	S	RELA-sc1	primary
foreman_870_CAACCAAGTAGGAGTC	1221	2988	0.18206157965194109	870	ST-RELA	G1	RELA-sc1	primary
foreman_870_CAACCAAGTTAGATGA	1549	3741	0.05640203154236835	870	ST-RELA	G1	RELA-sc1	primary
foreman_870_CAACTAGGTCTGCCAG	2234	6038	0.04637297118251076	870	ST-RELA	G1	RELA-sc1	primary
foreman_870_CAAGATCAGTGTTAGA	909	1830	0.1448087431693989	870	ST-RELA	S	RELA-sc1	primary
foreman_870_CAAGATCCATCGATGT	3263	10858	0.07948056732363235	870	ST-RELA	G1	RELA-sc1	primary
foreman_870_CAAGGCCCAAGCCGTC	1987	4610	0.05140997830802603	870	ST-RELA	G1	RELA-sc1	primary
foreman_870_CAAGTTGAGGCGCTCT	4321	14523	0.02485712318391517	870	ST-RELA	G1	RELA-sc1	primary
foreman_870_CACAAACTCAGCTGGC	1402	3593	0.12997495129418313	870	ST-RELA	S	RELA-sc1	primary
foreman_870_CACACAAGTAAACACA	2462	6593	0.06355225238889732	870	ST-RELA	G1	RELA-sc1	primary
foreman_870_CACACAATCCGAACGC	2038	5682	0.061070045758535724	870	ST-RELA	S	RELA-sc1	primary
foreman_870_CACAGGCAGGGTCTCC	2478	7212	0.05741228678407988	870	ST-RELA	S	RELA-sc1	primary
foreman_870_CACATAGCATCATCCC	1951	4549	0.07342273027038909	870	ST-RELA	S	RELA-sc1	primary
foreman_870_CACATAGGTCCGAATT	4194	14720	0.0924655207554861	870	ST-RELA	G1	RELA-sc1	primary
foreman_870_CACATTTTCGGTGTCG	990	2022	0.17754698318496537	870	ST-RELA	G1	RELA-sc1	primary
foreman_870_CACCACTCAGATAATG	3242	9566	0.07631193811415429	870	ST-RELA	S	RELA-sc1	primary
foreman_870_CACCTTGGTAGTAGTA	3484	8619	0.03445875391576749	870	ST-RELA	S	RELA-sc1	primary
foreman_870_CAGAATCCACATCCAA	637	993	0.12890231621349446	870	ST-RELA	G1	RELA-sc1	primary
foreman_870_CAGAATCTCTAACGGT	3071	9285	0.11039310716208939	870	ST-RELA	G1	RELA-sc1	primary
foreman_870_CAGCGACCAGGTTTCA	2226	5351	0.0545692393945057	870	ST-RELA	G1	RELA-sc1	primary
foreman_870_CAGCGACGTAGCTTGT	3069	8540	0.034192037470725994	870	ST-RELA	G1	RELA-sc1	primary
foreman_870_CAGCGACGTCCGTTAA	2380	6196	0.05019367333763718	870	ST-RELA	G1	RELA-sc1	primary
foreman_870_CAGCTAAAGCCAGTAG	2217	5506	0.11296767163094806	870	ST-RELA	G1	RELA-sc1	primary
foreman_870_CAGTAACCACTGCCAG	1198	2564	0.1544461778471139	870	ST-RELA	G1	RELA-sc1	primary
foreman_870_CAGTCCTGTAGCCTAT	3456	10969	0.06691585376971465	870	ST-RELA	G1	RELA-sc1	primary
foreman_870_CATATGGGTGATAAGT	3799	13415	0.09826287929620517	870	ST-RELA	G2M	RELA-sc1	primary
foreman_870_CATATGGGTTATCCGA	1146	2276	0.13802197802197802	870	ST-RELA	G2M	RELA-sc1	primary
foreman_870_CATATTCGTTACAGAA	2311	6191	0.06347924406396382	870	ST-RELA	G1	RELA-sc1	primary
foreman_870_CATCCACAGACCTTTG	2216	5354	0.04427423874462918	870	ST-RELA	G1	RELA-sc1	primary
foreman_870_CCAATCCCAGGGTACA	3319	9979	0.11334936861094408	870	ST-RELA	G1	RELA-sc1	primary
foreman_870_CCAATCCCATGAGCGA	1682	3384	0.030437352245862883	870	ST-RELA	G1	RELA-sc1	primary
foreman_870_CCACGGACATCATCCC	3034	9571	0.03991223487618849	870	ST-RELA	G1	RELA-sc1	primary
foreman_870_CCCAGTTAGCGGCTTC	2516	6999	0.07786826689527075	870	ST-RELA	G1	RELA-sc1	primary
foreman_870_CCCTCCTTCACCATAG	2211	5399	0.13097443497591701	870	ST-RELA	S	RELA-sc1	primary
foreman_870_CCGGGATCAAGCGCTC	2577	6086	0.1219191587249425	870	ST-RELA	G2M	RELA-sc1	primary
foreman_870_CCGGTAGAGCGATATA	780	1655	0.18308157099697886	870	ST-RELA	G1	RELA-sc1	primary
foreman_870_CCGGTAGTCATGTAGC	4110	13682	0.05876333869317351	870	ST-RELA	G1	RELA-sc1	primary
foreman_870_CCTATTAGTCGCTTCT	3961	13347	0.04937439124896981	870	ST-RELA	G1	RELA-sc1	primary
foreman_870_CCTTACGAGTGAAGTT	3198	9957	0.08516621472331024	870	ST-RELA	G1	RELA-sc1	primary
foreman_870_CCTTCCCGTACCGGCT	4258	16590	0.03930315269154259	870	ST-RELA	G1	RELA-sc1	primary
foreman_870_CCTTTCTAGGCATTGG	2502	6907	0.07991892283190966	870	ST-RELA	G1	RELA-sc1	primary
foreman_870_CCTTTCTTCTCTAGGA	3617	10398	0.05636241223429835	870	ST-RELA	S	RELA-sc1	primary
foreman_870_CGAGAAGAGCCGGTAA	3947	13937	0.05956225331898098	870	ST-RELA	G1	RELA-sc1	primary
foreman_870_CGAGCACGTAGCACGA	2562	6852	0.05823967304043205	870	ST-RELA	G1	RELA-sc1	primary
foreman_870_CGATGGCAGGGTTTCT	4053	14593	0.05070924415815802	870	ST-RELA	S	RELA-sc1	primary
foreman_870_CGATGTAAGGTGTTAA	3980	13522	0.0936991569294483	870	ST-RELA	G1	RELA-sc1	primary
foreman_870_CGCGTTTTCCTCAATT	1841	4300	0.11186046511627908	870	ST-RELA	G2M	RELA-sc1	primary
foreman_870_CGCTATCCATGTAGTC	2013	4718	0.12272149215769394	870	ST-RELA	G1	RELA-sc1	primary
foreman_870_CGCTGGAGTCTTGTCC	1029	2341	0.11448099102947458	870	ST-RELA	G1	RELA-sc1	primary
foreman_870_CGGACGTTCCGCATAA	1608	3749	0.10109362496665777	870	ST-RELA	G1	RELA-sc1	primary
foreman_870_CGGACTGAGGGAACGG	3644	12000	0.0705	870	ST-RELA	S	RELA-sc1	primary
foreman_870_CGGGTCAGTAAAGGAG	1711	3684	0.03664495114006515	870	ST-RELA	G1	RELA-sc1	primary
foreman_870_CGTAGCGTCTGCGGCA	963	2002	0.06143856143856144	870	ST-RELA	G1	RELA-sc1	primary
foreman_870_CGTAGGCGTACCTACA	2452	7129	0.05472148168935036	870	ST-RELA	G1	RELA-sc1	primary
foreman_870_CGTCACTCAGCTGTGC	1986	4780	0.04519774011299435	870	ST-RELA	G2M	RELA-sc1	primary
foreman_870_CGTCCATTCTTTAGGG	1607	4037	0.09140450829824127	870	ST-RELA	G2M	RELA-sc1	primary
foreman_870_CGTCTACCAGCTGTGC	3768	12533	0.06854999600989546	870	ST-RELA	G1	RELA-sc1	primary
foreman_870_CGTCTACGTTCCACAA	1725	4003	0.05246065450911816	870	ST-RELA	G1	RELA-sc1	primary
foreman_870_CGTGTAAGTGCAACGA	2930	7721	0.06360103626943005	870	ST-RELA	G2M	RELA-sc1	primary
foreman_870_CGTTCTGAGCTATGCT	1510	3076	0.04843953185955787	870	ST-RELA	S	RELA-sc1	primary
foreman_870_CTAAGACCATCCCACT	3919	14288	0.037583986562150055	870	ST-RELA	G1	RELA-sc1	primary
foreman_870_CTAATGGAGAACTGTA	4174	13248	0.07654563297350343	870	ST-RELA	G1	RELA-sc1	primary
foreman_870_CTAATGGTCTTCAACT	809	2036	0.16011787819253437	870	ST-RELA	S	RELA-sc1	primary
foreman_870_CTACCCACACTGTGTA	2903	7267	0.03756708407871199	870	ST-RELA	G1	RELA-sc1	primary
foreman_870_CTACGTCCACGTAAGG	2203	5103	0.11992945326278659	870	ST-RELA	G1	RELA-sc1	primary
foreman_870_CTACGTCTCCGCGGTA	2306	5494	0.07318405243036592	870	ST-RELA	G1	RELA-sc1	primary
foreman_870_CTAGAGTTCCGCATCT	2753	7121	0.08650470439545008	870	ST-RELA	G1	RELA-sc1	primary
foreman_870_CTAGCCTCACGTAAGG	4309	15880	0.06782115869017633	870	ST-RELA	G1	RELA-sc1	primary
foreman_870_CTAGTGAGTTCCAACA	986	2161	0.23692734844979177	870	ST-RELA	G1	RELA-sc1	primary
foreman_870_CTCCTAGCAGGACCCT	3506	11152	0.05774748923959828	870	ST-RELA	G1	RELA-sc1	primary
foreman_870_CTCCTAGTCTTCAACT	4877	18863	0.09373840199353163	870	ST-RELA	G1	RELA-sc1	primary
foreman_870_CTCGGGATCCGGGTGT	2262	6191	0.043288644806977875	870	ST-RELA	S	RELA-sc1	primary
foreman_870_CTCGTACGTACGCACC	2237	5595	0.05290437890974084	870	ST-RELA	G1	RELA-sc1	primary
foreman_870_CTCTACGAGCGAAGGG	1111	1900	0.10736842105263159	870	ST-RELA	S	RELA-sc1	primary
foreman_870_CTCTACGTCAAGGCTT	3280	9175	0.057329700272479564	870	ST-RELA	G1	RELA-sc1	primary
foreman_870_CTGAAGTTCGGTTCGG	3564	11208	0.041666666666666664	870	ST-RELA	G1	RELA-sc1	primary
foreman_870_CTGATCCCAAGTCTGT	2319	6877	0.06427221172022685	870	ST-RELA	G1	RELA-sc1	primary
foreman_870_CTGCCTACATGCAACT	2827	7681	0.0516859783882307	870	ST-RELA	G1	RELA-sc1	primary
foreman_870_CTGCCTAGTGTCCTCT	2313	6421	0.05404142656907024	870	ST-RELA	G1	RELA-sc1	primary
foreman_870_CTGCTGTGTGACGGTA	3553	11057	0.0630369901419915	870	ST-RELA	G1	RELA-sc1	primary
foreman_870_CTGGTCTAGAGCTGCA	2587	7275	0.05649484536082474	870	ST-RELA	G1	RELA-sc1	primary
foreman_870_CTGGTCTCATGCCACG	1715	4444	0.08620301598019356	870	ST-RELA	G1	RELA-sc1	primary
foreman_870_CTGTGCTTCAGGCAAG	3202	8364	0.04185101040296544	870	ST-RELA	G1	RELA-sc1	primary
foreman_870_CTTAACTTCACCATAG	4581	16273	0.057214847590953785	870	ST-RELA	G1	RELA-sc1	primary
foreman_870_CTTACCGCAGCTCGCA	3742	14363	0.0437265004873973	870	ST-RELA	G1	RELA-sc1	primary
foreman_870_CTTACCGCAGCTGCAC	3644	11183	0.046856836269337385	870	ST-RELA	G1	RELA-sc1	primary
foreman_870_CTTGGCTAGACCACGA	2250	6087	0.04879250862493839	870	ST-RELA	G1	RELA-sc1	primary
foreman_870_CTTGGCTCATGTCCTC	2337	5884	0.0758116607173211	870	ST-RELA	G1	RELA-sc1	primary
foreman_870_CTTGGCTTCGCCCTTA	3922	12497	0.0413699287829079	870	ST-RELA	S	RELA-sc1	primary
foreman_870_GAAACTCTCGCCAAAT	2230	5706	0.06484402383456012	870	ST-RELA	G1	RELA-sc1	primary
foreman_870_GAAACTCTCGGAGCAA	2363	5310	0.048596722546618946	870	ST-RELA	G1	RELA-sc1	primary
foreman_870_GACCTGGGTCTTTCAT	2160	5531	0.05986616024597576	870	ST-RELA	S	RELA-sc1	primary
foreman_870_GACGTGCAGATGTCGG	2702	7236	0.0632946379215036	870	ST-RELA	G1	RELA-sc1	primary
foreman_870_GACGTTAAGTCAAGGC	1955	4939	0.062158331646082206	870	ST-RELA	G1	RELA-sc1	primary
foreman_870_GAGCAGAAGGTAGCCA	3225	10493	0.05565615172019441	870	ST-RELA	G1	RELA-sc1	primary
foreman_870_GATCTAGTCCACGAAT	2306	5909	0.04400067693349129	870	ST-RELA	G1	RELA-sc1	primary
foreman_870_GATTCAGCACGACTCG	1909	4382	0.04906435417617526	870	ST-RELA	S	RELA-sc1	primary
foreman_870_GCACATATCTCACATT	3398	10860	0.05120648369865537	870	ST-RELA	G1	RELA-sc1	primary
foreman_870_GCACTCTCAATGGACG	2702	8904	0.08647798742138364	870	ST-RELA	G1	RELA-sc1	primary
foreman_870_GCAGCCAAGGCCCTCA	1109	2513	0.16116195781933942	870	ST-RELA	G1	RELA-sc1	primary
foreman_870_GCATGATCAGCGAACA	990	1785	0.1484593837535014	870	ST-RELA	G1	RELA-sc1	primary
foreman_870_GCGACCAGTGGGTCAA	2335	5486	0.045570543200874954	870	ST-RELA	S	RELA-sc1	primary
foreman_870_GCGCAACAGCGTGAAC	4003	14853	0.05971857537197872	870	ST-RELA	G1	RELA-sc1	primary
foreman_870_GCGCCAAGTCTGATTG	1937	4852	0.1251030502885408	870	ST-RELA	S	RELA-sc1	primary
foreman_870_GCGCGATCATTCTTAC	2365	5654	0.04828440042447824	870	ST-RELA	G1	RELA-sc1	primary
foreman_870_GCGGGTTAGAGTACCG	2503	7123	0.0659834339463709	870	ST-RELA	G2M	RELA-sc1	primary
foreman_870_GCGGGTTGTAAGTGGC	2407	6263	0.058278780137314384	870	ST-RELA	G1	RELA-sc1	primary
foreman_870_GCTCTGTAGTAACCCT	2397	6274	0.11796588554120835	870	ST-RELA	G1	RELA-sc1	primary
foreman_870_GCTGCAGCAGGGAGAG	3736	11439	0.04956726986624705	870	ST-RELA	G1	RELA-sc1	primary
foreman_870_GCTGCGATCTGATACG	2617	6609	0.03222877893781208	870	ST-RELA	G1	RELA-sc1	primary
foreman_870_GCTGGGTAGTACATGA	3848	12607	0.04434396319213073	870	ST-RELA	G1	RELA-sc1	primary
foreman_870_GGACAGAAGTGTTAGA	1735	3753	0.062083666400213164	870	ST-RELA	G1	RELA-sc1	primary
foreman_870_GGAGCAAAGCCCAACC	2807	8464	0.05068525519848771	870	ST-RELA	S	RELA-sc1	primary
foreman_870_GGAGCAAGTTGGTTTG	2752	8021	0.06395711257947886	870	ST-RELA	G1	RELA-sc1	primary
foreman_870_GGATGTTAGCATGGCA	1871	5928	0.13849527665317138	870	ST-RELA	G1	RELA-sc1	primary
foreman_870_GGATGTTAGGACGAAA	2291	5463	0.059125022881200806	870	ST-RELA	S	RELA-sc1	primary
foreman_870_GGATTACCAAAGAATC	2289	6119	0.06930369401765282	870	ST-RELA	S	RELA-sc1	primary
foreman_870_GGCCGATGTTTGACAC	3319	9105	0.019220208676551345	870	ST-RELA	S	RELA-sc1	primary
foreman_870_GGCGACTAGTACTTGC	2751	8497	0.06943627162527952	870	ST-RELA	G1	RELA-sc1	primary
foreman_870_GGCTGGTAGGCTCTTA	2261	5015	0.025324027916251247	870	ST-RELA	G2M	RELA-sc1	primary
foreman_870_GGGACCTTCAGAGGTG	2839	6906	0.045612510860121636	870	ST-RELA	G1	RELA-sc1	primary
foreman_870_GGGAGATGTCGCCATG	2564	7114	0.05313466404273264	870	ST-RELA	G1	RELA-sc1	primary
foreman_870_GGGCACTGTGAGTATA	3198	9470	0.05417106652587117	870	ST-RELA	S	RELA-sc1	primary
foreman_870_GGGCATCAGCCAGGAT	2240	5668	0.05045871559633028	870	ST-RELA	S	RELA-sc1	primary
foreman_870_GGGTTGCGTATAGGTA	1829	4321	0.05646841009025688	870	ST-RELA	S	RELA-sc1	primary
foreman_870_GGTGAAGGTAGCTCCG	3278	10104	0.050673000791765635	870	ST-RELA	G1	RELA-sc1	primary
foreman_870_GTAACGTCAGTAAGAT	1082	2129	0.20488721804511278	870	ST-RELA	G1	RELA-sc1	primary
foreman_870_GTACGTATCGTTACAG	916	1770	0.14463276836158193	870	ST-RELA	G1	RELA-sc1	primary
foreman_870_GTACTCCGTCTCCCTA	2393	6259	0.04154018213772168	870	ST-RELA	G1	RELA-sc1	primary
foreman_870_GTACTCCTCTCGATGA	3324	9768	0.036036036036036036	870	ST-RELA	S	RELA-sc1	primary
foreman_870_GTATCTTAGGATGTAT	3559	11696	0.05967852257181942	870	ST-RELA	G1	RELA-sc1	primary
foreman_870_GTATTCTCAAGCTGGA	2382	5855	0.056532877882152006	870	ST-RELA	S	RELA-sc1	primary
foreman_870_GTATTCTCACGGTAGA	4268	15286	0.062483643025386025	870	ST-RELA	G1	RELA-sc1	primary
foreman_870_GTCACAAAGATTACCC	2453	7031	0.07054473047930593	870	ST-RELA	G1	RELA-sc1	primary
foreman_870_GTCATTTAGTGTTGAA	2835	7430	0.047106325706594884	870	ST-RELA	G1	RELA-sc1	primary
foreman_870_GTCATTTTCTCACATT	2806	7314	0.034454470877768664	870	ST-RELA	S	RELA-sc1	primary
foreman_870_GTCGGGTAGCTCCCAG	1608	3525	0.07716312056737588	870	ST-RELA	G1	RELA-sc1	primary
foreman_870_GTCGGGTCACATGTGT	1724	3950	0.08506329113924051	870	ST-RELA	G1	RELA-sc1	primary
foreman_870_GTCTCGTCATCAGTAC	3128	8014	0.03906152502183951	870	ST-RELA	S	RELA-sc1	primary
foreman_870_GTCTTCGGTTGTCGCG	2723	7480	0.059224598930481286	870	ST-RELA	G1	RELA-sc1	primary
foreman_870_GTGAAGGTCGGAATCT	854	1752	0.1341324200913242	870	ST-RELA	G1	RELA-sc1	primary
foreman_870_GTGCGGTGTGTGGCTC	2355	6088	0.05207819944143256	870	ST-RELA	G1	RELA-sc1	primary
foreman_870_GTGTGCGAGATAGTCA	2195	4862	0.02653229123817359	870	ST-RELA	S	RELA-sc1	primary
foreman_870_GTGTTAGTCACAAACC	945	2218	0.1762849413886384	870	ST-RELA	S	RELA-sc1	primary
foreman_870_GTGTTAGTCAGTTAGC	3397	10821	0.06719038817005546	870	ST-RELA	G1	RELA-sc1	primary
foreman_870_GTTCGGGGTATTCTCT	3534	11307	0.062350756168745025	870	ST-RELA	G1	RELA-sc1	primary
foreman_870_GTTCGGGGTGTGTGCC	3271	9668	0.03764997931319818	870	ST-RELA	S	RELA-sc1	primary
foreman_870_GTTTCTAAGCAGCCTC	3596	9742	0.05573804146992404	870	ST-RELA	S	RELA-sc1	primary
foreman_870_TAAGAGAAGCAGATCG	3210	10549	0.06247629882442169	870	ST-RELA	S	RELA-sc1	primary
foreman_870_TAAGCGTAGTGACTCT	3511	10457	0.06502821076790667	870	ST-RELA	G1	RELA-sc1	primary
foreman_870_TAAGCGTGTCGACTGC	1986	5214	0.0508247027234369	870	ST-RELA	G1	RELA-sc1	primary
foreman_870_TAAGCGTTCACCCGAG	2860	7964	0.047714716223003516	870	ST-RELA	G1	RELA-sc1	primary
foreman_870_TAAGTGCAGGGAACGG	3365	10380	0.07216494845360824	870	ST-RELA	G1	RELA-sc1	primary
foreman_870_TAAGTGCTCACGACTA	3754	11747	0.04188659969351269	870	ST-RELA	S	RELA-sc1	primary
foreman_870_TAAGTGCTCCGCAGTG	2341	6464	0.05987931301253288	870	ST-RELA	G1	RELA-sc1	primary
foreman_870_TACACGACAAGCTGTT	3232	9295	0.07241230901656984	870	ST-RELA	G1	RELA-sc1	primary
foreman_870_TACACGATCGTGACAT	3471	9950	0.0392964824120603	870	ST-RELA	G1	RELA-sc1	primary
foreman_870_TACGGGCCAGCAGTTT	3055	9212	0.07686461839105417	870	ST-RELA	S	RELA-sc1	primary
foreman_870_TACTTGTTCATAAAGG	3489	10312	0.05062554553389584	870	ST-RELA	S	RELA-sc1	primary
foreman_870_TAGTTGGGTTACAGAA	2543	6006	0.04462947543713572	870	ST-RELA	G1	RELA-sc1	primary
foreman_870_TATGCCCTCAAGCCTA	2597	6560	0.05000762311327946	870	ST-RELA	G1	RELA-sc1	primary
foreman_870_TCAACGACAATCGAAA	1875	4768	0.08578020134228188	870	ST-RELA	S	RELA-sc1	primary
foreman_870_TCAATCTTCAGCACAT	1778	3762	0.06726934325977134	870	ST-RELA	G2M	RELA-sc1	primary
foreman_870_TCAATCTTCTGAGGGA	2092	4968	0.15056360708534622	870	ST-RELA	G1	RELA-sc1	primary
foreman_870_TCAGGATCAATAGCAA	2554	6983	0.11928970356580267	870	ST-RELA	G1	RELA-sc1	primary
foreman_870_TCATTACAGACCGGAT	3545	10563	0.0432642241787371	870	ST-RELA	G1	RELA-sc1	primary
foreman_870_TCATTACAGCCCGAAA	2285	5265	0.05944919278252612	870	ST-RELA	G1	RELA-sc1	primary
foreman_870_TCATTACAGCGCCTTG	1442	2468	0.04376012965964344	870	ST-RELA	G1	RELA-sc1	primary
foreman_870_TCCCGATCATAACCTG	1209	2615	0.1231357552581262	870	ST-RELA	S	RELA-sc1	primary
foreman_870_TCGAGGCGTTGGGACA	2726	7637	0.07921958884378683	870	ST-RELA	G2M	RELA-sc1	primary
foreman_870_TCGGGACCACAACGTT	3711	12136	0.039060568603213844	870	ST-RELA	G1	RELA-sc1	primary
foreman_870_TCGGTAAAGTCTCAAC	1888	4216	0.0661764705882353	870	ST-RELA	G2M	RELA-sc1	primary
foreman_870_TCGGTAATCCCAAGAT	1501	4132	0.05421103581800581	870	ST-RELA	G1	RELA-sc1	primary
foreman_870_TCTGGAAAGTAGGTGC	1627	3314	0.08026554013277007	870	ST-RELA	G1	RELA-sc1	primary
foreman_870_TCTGGAAGTTTAAGCC	2711	7080	0.05071337759570561	870	ST-RELA	S	RELA-sc1	primary
foreman_870_TCTTTCCCAGGTGCCT	2833	7616	0.04438608010505581	870	ST-RELA	S	RELA-sc1	primary
foreman_870_TGACAACAGCTAAGAT	4007	13676	0.05674173735010237	870	ST-RELA	S	RELA-sc1	primary
foreman_870_TGAGCATAGGGATCTG	2018	4878	0.055965559655596554	870	ST-RELA	G1	RELA-sc1	primary
foreman_870_TGCCCTAAGTCTCAAC	2854	8476	0.07869277961302501	870	ST-RELA	G2M	RELA-sc1	primary
foreman_870_TGCCCTAGTTGGAGGT	1083	2106	0.08499525166191833	870	ST-RELA	S	RELA-sc1	primary
foreman_870_TGCGTGGCATACCATG	2393	5494	0.050236621769202766	870	ST-RELA	G1	RELA-sc1	primary
foreman_870_TGCGTGGGTCCGACGT	1458	3142	0.15404201145767027	870	ST-RELA	G1	RELA-sc1	primary
foreman_870_TGCTACCTCCACGCAG	2702	8030	0.10909090909090909	870	ST-RELA	G1	RELA-sc1	primary
foreman_870_TGGACGCGTCTCCACT	1408	2867	0.11266131845134286	870	ST-RELA	G1	RELA-sc1	primary
foreman_870_TGGGCGTCACGGCCAT	4281	13703	0.04262151510728361	870	ST-RELA	G1	RELA-sc1	primary
foreman_870_TGGGCGTGTCTGATTG	3223	9175	0.04806539509536785	870	ST-RELA	G1	RELA-sc1	primary
foreman_870_TGGTTAGAGCCAGAAC	2833	8059	0.05969223132290891	870	ST-RELA	S	RELA-sc1	primary
foreman_870_TGTGTTTAGCTGTCTA	3218	9280	0.05980603448275862	870	ST-RELA	G1	RELA-sc1	primary
foreman_870_TGTTCCGGTGACGGTA	3518	10653	0.07800619543790481	870	ST-RELA	G2M	RELA-sc1	primary
foreman_870_TTAACTCAGTTATCGC	3141	8953	0.05506534122640456	870	ST-RELA	S	RELA-sc1	primary
foreman_870_TTAACTCCACCGAAAG	3387	10117	0.0749308026888098	870	ST-RELA	G1	RELA-sc1	primary
foreman_870_TTCGGTCAGACCCACC	4672	15913	0.04612580908691007	870	ST-RELA	S	RELA-sc1	primary
foreman_870_TTGAACGAGGTCATCT	3597	11897	0.049928553416827774	870	ST-RELA	G1	RELA-sc1	primary
foreman_870_TTGAACGTCGTTTATC	3235	9251	0.055129175224300074	870	ST-RELA	G1	RELA-sc1	primary
foreman_870_TTGACTTAGCTAACAA	1697	4131	0.09489227789881384	870	ST-RELA	G1	RELA-sc1	primary
foreman_870_TTGGAACAGTTTGCGT	1489	3644	0.16410537870472008	870	ST-RELA	G1	RELA-sc1	primary
foreman_870_TTGGCAAGTGATAAAC	3294	10374	0.06556112610875434	870	ST-RELA	G1	RELA-sc1	primary
foreman_870_TTTGTCAGTTCGTTGA	3906	12470	0.06415911460421846	870	ST-RELA	G1	RELA-sc1	primary
foreman_870_CGTTAGAAGCTAAACA	895	1713	0.06538237011091652	870	ST-RELA	S	RELA-sc1	primary
foreman_870_GCATGCGCAATCCAAC	946	2363	0.25687685146000844	870	ST-RELA	G1	RELA-sc1	primary
foreman_870_GGCCGATAGTCGAGTG	841	1838	0.22034820457018497	870	ST-RELA	G1	RELA-sc1	primary
foreman_870_GGCGACTTCTGTCCGT	1047	2742	0.19438366156090445	870	ST-RELA	G1	RELA-sc1	primary
foreman_870_GTACTTTGTCCGAGTC	799	1835	0.14713896457765668	870	ST-RELA	G1	RELA-sc1	primary
foreman_870_GTAGTCAGTGTAATGA	610	1501	0.2918054630246502	870	ST-RELA	G1	RELA-sc1	primary
foreman_870_TACACGACAAGGACAC	944	2417	0.23582954075299958	870	ST-RELA	S	RELA-sc2	primary
foreman_870_TACACGAGTAGAAGGA	1151	2711	0.21763187015861304	870	ST-RELA	G1	RELA-sc1	primary
foreman_870_TCAATCTCATATGGTC	1454	4145	0.20289505428226778	870	ST-RELA	G1	RELA-sc1	primary
foreman_870_TCAGCTCTCACAGTAC	823	1414	0.2036775106082037	870	ST-RELA	G2M	RELA-sc1	primary
foreman_1158_2_CTATAGGTCAGTCCGG	3604	9478	0.14014352047277331	1158	ST-RELA	G1	RELA-sc1	recurrence
foreman_1158_2_GGTAGAGCACATCCCT	1564	3087	0.1661807580174927	1158	ST-RELA	S	RELA-sc1	recurrence
foreman_1158_2_AAAGTCCTCGTGGAAG	853	1392	0.19540229885057472	1158	ST-RELA	G1	RELA-sc2	recurrence
foreman_1158_2_AAGCATCCACTGATTG	1017	1988	0.19466800804828974	1158	ST-RELA	S	RELA-sc1	recurrence
foreman_1158_2_AATCGTGAGCCTCTGG	2924	7515	0.25681969394544246	1158	ST-RELA	S	RELA-sc1	recurrence
foreman_1158_2_AATCGTGCATTGAAAG	2650	7464	0.15192926045016078	1158	ST-RELA	S	RELA-sc1	recurrence
foreman_1158_2_ACACCAATCCGCGATG	4207	13211	0.15070774354704414	1158	ST-RELA	S	RELA-sc1	recurrence
foreman_1158_2_ACAGCCGCAGGATTCT	2836	8091	0.12940304041527623	1158	ST-RELA	S	RELA-sc1	recurrence
foreman_1158_2_ACCCAAAGTGCATACT	3329	9999	0.1551155115511551	1158	ST-RELA	G1	RELA-sc1	recurrence
foreman_1158_2_ACCTACCGTTTCTTAC	2047	4267	0.11202249824232483	1158	ST-RELA	G2M	RELA-sc1	recurrence
foreman_1158_2_ACGGTCGAGATCGGTG	1200	2664	0.2225975975975976	1158	ST-RELA	G1	RELA-sc1	recurrence
foreman_1158_2_ACTACGATCTTGGATG	2168	5061	0.2203121912665481	1158	ST-RELA	S	RELA-sc1	recurrence
foreman_1158_2_ACTCCCACAGTAACCT	3055	8270	0.2392986698911729	1158	ST-RELA	G1	RELA-sc1	recurrence
foreman_1158_2_ACTTCCGTCCGTGGTG	2455	5945	0.21672555948174324	1158	ST-RELA	G1	RELA-sc1	recurrence
foreman_1158_2_AGACAAAAGCCTGGAA	2301	6004	0.2548301132578281	1158	ST-RELA	G2M	RELA-sc1	recurrence
foreman_1158_2_AGACAAACAATTGAAG	1314	2482	0.16116035455278002	1158	ST-RELA	S	RELA-sc1	recurrence
foreman_1158_2_AGAGAATAGGGTGGGA	3113	9014	0.10949633902817839	1158	ST-RELA	G1	RELA-sc1	recurrence
foreman_1158_2_AGCGTCGTCGAGTACT	733	1185	0.21265822784810126	1158	ST-RELA	G1	RELA-sc1	recurrence
foreman_1158_2_AGGGCTCGTGTATTGC	1461	2807	0.18916993231207696	1158	ST-RELA	G1	RELA-sc1	recurrence
foreman_1158_2_AGGTCATGTACCGCGT	1356	3552	0.19679054054054054	1158	ST-RELA	S	RELA-sc1	recurrence
foreman_1158_2_AGTGCCGTCGATTTCT	2978	7452	0.1333870101986044	1158	ST-RELA	S	RELA-sc1	recurrence
foreman_1158_2_AGTTCGAGTCGAAACG	1470	3238	0.23440395305744285	1158	ST-RELA	G1	RELA-sc1	recurrence
foreman_1158_2_ATAGACCGTTGCGTAT	1763	3788	0.19033790918690602	1158	ST-RELA	S	RELA-sc1	recurrence
foreman_1158_2_ATCAGGTTCTGGGCCA	2967	8576	0.15403451492537312	1158	ST-RELA	G1	RELA-sc1	recurrence
foreman_1158_2_ATCATTCAGCAACAAT	3683	10168	0.1809598741148702	1158	ST-RELA	S	RELA-sc1	recurrence
foreman_1158_2_ATCCCTGAGGTCGTCC	3152	9601	0.1397771065514009	1158	ST-RELA	S	RELA-sc1	recurrence
foreman_1158_2_ATCGGCGCAACGTATC	1924	4329	0.26888426888426886	1158	ST-RELA	S	RELA-sc1	recurrence
foreman_1158_2_ATGGTTGAGGTCGTGA	2282	5271	0.1616391576550939	1158	ST-RELA	S	RELA-sc1	recurrence
foreman_1158_2_ATTATCCTCTCCGATC	2275	5351	0.14277705101850122	1158	ST-RELA	G2M	RELA-sc1	recurrence
foreman_1158_2_CAAGAGGTCCAACACA	3028	8595	0.17591623036649215	1158	ST-RELA	G1	RELA-sc1	recurrence
foreman_1158_2_CAATACGGTAGGTGCA	2175	5002	0.15736852629474105	1158	ST-RELA	S	RELA-sc1	recurrence
foreman_1158_2_CACACAATCGGAATTC	617	1032	0.09786821705426356	1158	ST-RELA	G2M	RELA-sc1	recurrence
foreman_1158_2_CACTGTCAGACGAAGA	3215	9124	0.2067302422448756	1158	ST-RELA	S	RELA-sc1	recurrence
foreman_1158_2_CAGATCATCCACGGAC	3529	10124	0.15231133939154484	1158	ST-RELA	G1	RELA-sc1	recurrence
foreman_1158_2_CAGTTCCGTAGTCTTG	2703	6743	0.18273509344408187	1158	ST-RELA	G1	RELA-sc1	recurrence
foreman_1158_2_CATCCGTAGTCCTACA	2012	4589	0.24035737633471344	1158	ST-RELA	G1	RELA-sc1	recurrence
foreman_1158_2_CATTGCCAGGGTTGCA	2438	5535	0.22619692863595303	1158	ST-RELA	S	RELA-sc1	recurrence
foreman_1158_2_CCAAGCGAGGCAATGC	2440	5786	0.12443829934324231	1158	ST-RELA	G1	RELA-sc1	recurrence
foreman_1158_2_CCATAAGAGGTCGTCC	3876	11736	0.26942740286298567	1158	ST-RELA	S	RELA-sc1	recurrence
foreman_1158_2_CCCTCTCCAGTGCGCT	2604	6050	0.20300876177880642	1158	ST-RELA	G1	RELA-sc1	recurrence
foreman_1158_2_CCGATGGCAGAAACCG	822	1405	0.16583629893238433	1158	ST-RELA	S	RELA-sc1	recurrence
foreman_1158_2_CCTCCTCTCGCGTTTC	2064	4873	0.19146316437512825	1158	ST-RELA	S	RELA-sc1	recurrence
foreman_1158_2_CCTGTTGAGTGAGGCT	3526	9631	0.1659225417921296	1158	ST-RELA	S	RELA-sc1	recurrence
foreman_1158_2_CGATCGGAGATTAGAC	2584	6393	0.12967307993117472	1158	ST-RELA	S	RELA-sc1	recurrence
foreman_1158_2_CGTCAAAGTTGGGTAG	2406	6119	0.22797842784768754	1158	ST-RELA	G1	RELA-sc1	recurrence
foreman_1158_2_CGTCCATTCGCGGACT	2074	4951	0.20137345990708946	1158	ST-RELA	S	RELA-sc1	recurrence
foreman_1158_2_CGTGAATCAGCGGTTC	1421	2907	0.24595803233574132	1158	ST-RELA	G1	RELA-sc1	recurrence
foreman_1158_2_CGTGCTTAGGGCAATC	2072	5723	0.13579168123033905	1158	ST-RELA	G1	RELA-sc1	recurrence
foreman_1158_2_CTACAGATCTTTCGAT	1813	4229	0.25325135965949397	1158	ST-RELA	S	RELA-sc1	recurrence
foreman_1158_2_CTGAGCGTCTTGGTGA	1645	3410	0.17712609970674487	1158	ST-RELA	G1	RELA-sc1	recurrence
foreman_1158_2_CTGCTCACACGCGTGT	3028	8357	0.20629412468589206	1158	ST-RELA	G2M	RELA-sc1	recurrence
foreman_1158_2_CTGGCAGAGCTTCGTA	802	1530	0.2777777777777778	1158	ST-RELA	G2M	RELA-sc1	recurrence
foreman_1158_2_CTGTAGAGTTCGGGTC	1366	2836	0.27009873060648804	1158	ST-RELA	S	RELA-sc1	recurrence
foreman_1158_2_CTTCCGAAGCTCCATA	1463	3061	0.21398235870630514	1158	ST-RELA	S	RELA-sc1	recurrence
foreman_1158_2_GAAGCGACATGATCTG	2513	7416	0.13524811218985977	1158	ST-RELA	G1	RELA-sc1	recurrence
foreman_1158_2_GACCAATAGATGGCGT	2049	4945	0.23761375126390294	1158	ST-RELA	G1	RELA-sc1	recurrence
foreman_1158_2_GAGGCAAAGCGACTGA	3225	9862	0.15645913607787468	1158	ST-RELA	G1	RELA-sc1	recurrence
foreman_1158_2_GAGTCATCAAATCAAG	4047	13567	0.16172784903435058	1158	ST-RELA	G1	RELA-sc1	recurrence
foreman_1158_2_GAGTCATGTTAGTCGT	2210	6157	0.1388888888888889	1158	ST-RELA	S	RELA-sc1	recurrence
foreman_1158_2_GATCGTAGTGTCTTAG	817	1538	0.25097529258777634	1158	ST-RELA	G1	RELA-sc1	recurrence
foreman_1158_2_GATGATCGTACAACGG	1185	1912	0.12663526949241236	1158	ST-RELA	S	RELA-sc1	recurrence
foreman_1158_2_GCCAGCAAGATTAGAC	4118	13603	0.18966404469602294	1158	ST-RELA	S	RELA-sc1	recurrence
foreman_1158_2_GCCAGCAGTCACATTG	5035	17112	0.18226975222066386	1158	ST-RELA	G2M	RELA-sc1	recurrence
foreman_1158_2_GCGTGCAAGGAACGAA	999	1830	0.22185792349726777	1158	ST-RELA	G1	RELA-sc2	recurrence
foreman_1158_2_GGAACCCAGTCTGTAC	3687	12192	0.14238845144356954	1158	ST-RELA	G1	RELA-sc1	recurrence
foreman_1158_2_GGAACCCGTGACTCGC	1606	3426	0.24642335766423357	1158	ST-RELA	G1	RELA-sc1	recurrence
foreman_1158_2_GGAATGGGTGATGAAT	2829	6947	0.18931759285919955	1158	ST-RELA	S	RELA-sc1	recurrence
foreman_1158_2_GGAGGATCAATTGAAG	1171	2599	0.2808772604848018	1158	ST-RELA	G1	RELA-sc1	recurrence
foreman_1158_2_GGGCTACTCCCTTGTG	2243	5454	0.2818631945717953	1158	ST-RELA	S	RELA-sc1	recurrence
foreman_1158_2_GGGTCACTCAGCGGAA	811	1298	0.1926040061633282	1158	ST-RELA	G1	RELA-sc1	recurrence
foreman_1158_2_GGTAGAGGTAGCGTTT	3036	8771	0.19917911298597651	1158	ST-RELA	S	RELA-sc1	recurrence
foreman_1158_2_GGTGAAGTCCATGATG	2816	7571	0.1304979527143046	1158	ST-RELA	G1	RELA-sc1	recurrence
foreman_1158_2_GTAATCGTCACCTGTC	2373	5613	0.15410653839301622	1158	ST-RELA	S	RELA-sc1	recurrence
foreman_1158_2_GTCATTTGTTCGTTCC	3453	9855	0.14819326025172555	1158	ST-RELA	S	RELA-sc1	recurrence
foreman_1158_2_GTCGCGAAGCATGAAT	1919	4687	0.1715382974183913	1158	ST-RELA	G1	RELA-sc1	recurrence
foreman_1158_2_GTGAGGAAGTAAACTG	2282	5080	0.2530025595589683	1158	ST-RELA	G1	RELA-sc1	recurrence
foreman_1158_2_GTGATGTAGAGTCCGA	3063	8854	0.14264739100971313	1158	ST-RELA	S	RELA-sc1	recurrence
foreman_1158_2_GTGCTTCAGCTCCGAC	2668	7338	0.2389259915496797	1158	ST-RELA	G1	RELA-sc1	recurrence
foreman_1158_2_GTTAGTGAGTTGGGAC	2636	7167	0.23636109948374495	1158	ST-RELA	S	RELA-sc1	recurrence
foreman_1158_2_GTTGTGAAGTCTTCCC	554	784	0.1211734693877551	1158	ST-RELA	S	RELA-sc1	recurrence
foreman_1158_2_TAATCTCTCCACGGGT	2836	7869	0.14463650228774783	1158	ST-RELA	G1	RELA-sc1	recurrence
foreman_1158_2_TACACCCCATCATCCC	3444	10427	0.1322654901208517	1158	ST-RELA	S	RELA-sc1	recurrence
foreman_1158_2_TACATTCGTCGGTGTC	3483	9415	0.15146043547530536	1158	ST-RELA	S	RELA-sc1	recurrence
foreman_1158_2_TAGAGTCAGGTGCTGA	3162	8570	0.15390898483080515	1158	ST-RELA	S	RELA-sc1	recurrence
foreman_1158_2_TAGGTACAGTATAACG	2035	4544	0.22205105633802816	1158	ST-RELA	G1	RELA-sc1	recurrence
foreman_1158_2_TAGGTACGTAACCAGG	3438	9980	0.19579158316633266	1158	ST-RELA	G1	RELA-sc1	recurrence
foreman_1158_2_TAGGTTGTCTCCGAGG	810	1449	0.2532781228433402	1158	ST-RELA	G1	RELA-sc1	recurrence
foreman_1158_2_TATATCCGTACAATAG	3020	8166	0.2695322067107519	1158	ST-RELA	S	RELA-sc1	recurrence
foreman_1158_2_TCAATTCAGAAGCGGG	3684	10293	0.18566015738851646	1158	ST-RELA	S	RELA-sc1	recurrence
foreman_1158_2_TCATCATCAGAGGTTG	2848	7961	0.11116693882678055	1158	ST-RELA	G1	RELA-sc1	recurrence
foreman_1158_2_TCATGGAGTAGTCACT	2675	7183	0.15480996797995267	1158	ST-RELA	S	RELA-sc1	recurrence
foreman_1158_2_TCTGTCGGTAATGCGG	775	1439	0.1620305980528512	1158	ST-RELA	G2M	RELA-sc1	recurrence
foreman_1158_2_TCTTAGTCATGCCGAC	2688	6969	0.2615870282680442	1158	ST-RELA	S	RELA-sc1	recurrence
foreman_1158_2_TGAACGTCATTAGGAA	1757	4098	0.2784285017081503	1158	ST-RELA	G1	RELA-sc1	recurrence
foreman_1158_2_TGAGCGCCAGATCATC	2106	4965	0.24551863041289024	1158	ST-RELA	G1	RELA-sc2	recurrence
foreman_1158_2_TGGGATTAGGCCTAAG	1257	2881	0.26449149600833044	1158	ST-RELA	G1	RELA-sc1	recurrence
foreman_1158_2_TGGTTAGTCTGCGGAC	2647	7058	0.20121864815077228	1158	ST-RELA	S	RELA-sc1	recurrence
foreman_1158_2_TTAATCCCAAGGAGTC	2183	5133	0.27021235145139294	1158	ST-RELA	S	RELA-sc1	recurrence
foreman_1158_2_TTACGTTGTTGGGCCT	1410	2927	0.18824735223778613	1158	ST-RELA	S	RELA-sc1	recurrence
foreman_1158_2_TTCAGGAAGAATGTTG	1959	4573	0.2562869013776514	1158	ST-RELA	G2M	RELA-sc1	recurrence
foreman_1158_2_TTGGGATTCATCACTT	1021	2207	0.2822836429542365	1158	ST-RELA	S	RELA-sc1	recurrence
foreman_1158_2_TTTCCTCTCGTCCTTG	3895	11812	0.24729089061970877	1158	ST-RELA	G2M	RELA-sc1	recurrence
foreman_1158_2_ATACCGACAGAGAAAG	2603	5970	0.06281407035175879	1158	ST-RELA	G1	RELA-sc1	recurrence
foreman_1158_2_ATCGCCTAGTTGTCAC	2868	7850	0.20751592356687898	1158	ST-RELA	G1	RELA-sc1	recurrence
foreman_1158_2_AGCCAGCTCTATCCAT	3212	9323	0.13999141815061145	1158	ST-RELA	G2M	RELA-sc1	recurrence
foreman_1158_2_ATTCCTAAGAACTGAT	2770	7336	0.11929107021131562	1158	ST-RELA	G1	RELA-sc1	recurrence
foreman_1158_2_GTAGTACAGAGAATCT	2939	8542	0.15851088738000468	1158	ST-RELA	S	RELA-sc1	recurrence
foreman_1158_2_TCAGTCCCAATAGGAT	3268	9927	0.13399153737658676	1158	ST-RELA	G1	RELA-sc1	recurrence
foreman_1158_2_CACGGGTGTTGCGAAG	3412	9457	0.1140953790842762	1158	ST-RELA	G2M	RELA-sc1	recurrence
foreman_1158_2_CATTGTTAGCTCTGTA	3155	8836	0.11351290176550476	1158	ST-RELA	G1	RELA-sc1	recurrence
foreman_1158_2_CCATAAGAGGAACGTC	2592	6751	0.11598281736039105	1158	ST-RELA	G1	RELA-sc1	recurrence
foreman_1158_2_CCTAAGACAGAAGCGT	1150	2007	0.11559541604384654	1158	ST-RELA	G1	RELA-sc1	recurrence
foreman_1158_2_CTTAGGAAGATGAATC	2820	7209	0.09877913429522753	1158	ST-RELA	G1	RELA-sc1	recurrence
foreman_1158_2_GAAGGGTGTATACCTG	2694	7047	0.09039307506740457	1158	ST-RELA	G1	RELA-sc1	recurrence
foreman_1158_2_GGGATCCGTAGACGTG	2430	6853	0.11659127389464469	1158	ST-RELA	G1	RELA-sc1	recurrence
foreman_1158_2_GTAGGAGCAGTGCGCT	2801	7368	0.13614768562508484	1158	ST-RELA	G1	RELA-sc1	recurrence
foreman_1158_2_TCATGCCGTAGCTGTT	3202	7459	0.09587020648967552	1158	ST-RELA	G2M	RELA-sc1	recurrence
foreman_1158_2_TCTGTCGCAGTCACGC	2810	7089	0.0792777542671745	1158	ST-RELA	G1	RELA-sc1	recurrence
foreman_1158_2_AAACGAACACATATCG	3766	11683	0.1046909775723335	1158	ST-RELA	G1	RELA-sc1	recurrence
foreman_1158_2_AAACGCTAGGAACGAA	3323	9613	0.13700197649016957	1158	ST-RELA	G1	RELA-sc1	recurrence
foreman_1158_2_AAACGCTAGTTTGGCT	3307	10458	0.14792503346720215	1158	ST-RELA	G1	RELA-sc1	recurrence
foreman_1158_2_AAAGGGCCATCGATGT	2920	7609	0.12210830704521557	1158	ST-RELA	S	RELA-sc1	recurrence
foreman_1158_2_AAAGTGACAGGTCAGA	2931	7221	0.14582467802243457	1158	ST-RELA	G1	RELA-sc1	recurrence
foreman_1158_2_AAAGTGAGTCACATTG	3167	8273	0.1023812401788952	1158	ST-RELA	G2M	RELA-sc1	recurrence
foreman_1158_2_AACAAGAGTTCGGACC	3047	8053	0.1768285111138706	1158	ST-RELA	G1	RELA-sc1	recurrence
foreman_1158_2_AACCACATCGGAGTGA	3415	9586	0.13249869587897756	1158	ST-RELA	G2M	RELA-sc1	recurrence
foreman_1158_2_AACCTGAAGTTTCGAC	3229	8810	0.14335981838819523	1158	ST-RELA	S	RELA-sc1	recurrence
foreman_1158_2_AACCTGAGTAGTCACT	3212	8632	0.08862372567191844	1158	ST-RELA	S	RELA-sc1	recurrence
foreman_1158_2_AACGAAACAACTGAAA	2376	5836	0.2145305003427005	1158	ST-RELA	S	RELA-sc1	recurrence
foreman_1158_2_AACGGGAAGCAGATAT	2687	6769	0.16356382978723405	1158	ST-RELA	G1	RELA-sc1	recurrence
foreman_1158_2_AAGACAACAAGAGGCT	3462	9397	0.13153133978929446	1158	ST-RELA	S	RELA-sc1	recurrence
foreman_1158_2_AAGCATCGTCGCATCG	3029	7615	0.0953381483913329	1158	ST-RELA	G1	RELA-sc1	recurrence
foreman_1158_2_AAGCGAGGTGAAGCGT	2801	7135	0.21513665031534687	1158	ST-RELA	S	RELA-sc1	recurrence
foreman_1158_2_AAGCGTTCATAGGCGA	3495	9804	0.13555691554467564	1158	ST-RELA	G2M	RELA-sc1	recurrence
foreman_1158_2_AAGGTAAGTGGTGATG	2641	6231	0.19017814155031296	1158	ST-RELA	G1	RELA-sc1	recurrence
foreman_1158_2_AAGGTAAGTTTGGAGG	3392	9490	0.12276080084299262	1158	ST-RELA	G1	RELA-sc1	recurrence
foreman_1158_2_AAGTACCCAACGATCT	3192	8973	0.13451465507634014	1158	ST-RELA	G1	RELA-sc1	recurrence
foreman_1158_2_AAGTCGTGTGGTTCTA	2194	5382	0.11965811965811966	1158	ST-RELA	G1	RELA-sc1	recurrence
foreman_1158_2_AAGTGAAAGGATACGC	4050	12280	0.13754071661237785	1158	ST-RELA	G1	RELA-sc1	recurrence
foreman_1158_2_AAGTGAAGTATGCGTT	3244	8355	0.09874326750448834	1158	ST-RELA	G1	RELA-sc1	recurrence
foreman_1158_2_AAGTGAAGTGTCATGT	2825	7155	0.10845562543675752	1158	ST-RELA	G1	RELA-sc1	recurrence
foreman_1158_2_AATGGCTGTGGACAGT	4385	12988	0.10217910217910219	1158	ST-RELA	S	RELA-sc1	recurrence
foreman_1158_2_AATTTCCCAGAACTCT	3074	8269	0.13763909046927914	1158	ST-RELA	G1	RELA-sc1	recurrence
foreman_1158_2_ACAAAGATCGAACACT	2384	5340	0.1649812734082397	1158	ST-RELA	S	RELA-sc1	recurrence
foreman_1158_2_ACAACCAAGCATTGTC	2299	5686	0.14562082307421736	1158	ST-RELA	G1	RELA-sc1	recurrence
foreman_1158_2_ACAACCACATCGGATT	3050	8149	0.12727049582719685	1158	ST-RELA	S	RELA-sc1	recurrence
foreman_1158_2_ACACAGTCAGATCACT	2454	6703	0.13324380781856163	1158	ST-RELA	G1	RELA-sc1	recurrence
foreman_1158_2_ACACCAACAACCGGAA	3178	9085	0.15729223995597139	1158	ST-RELA	G1	RELA-sc1	recurrence
foreman_1158_2_ACACCAACAGTATTCG	3084	8784	0.1302367941712204	1158	ST-RELA	G1	RELA-sc1	recurrence
foreman_1158_2_ACATCCCGTACTAACC	2784	6632	0.08745476477683957	1158	ST-RELA	G1	RELA-sc1	recurrence
foreman_1158_2_ACATCGAAGGTAGCAC	3298	8521	0.12441314553990611	1158	ST-RELA	G1	RELA-sc1	recurrence
foreman_1158_2_ACATCGACAATCGCCG	3361	9505	0.10867964229352972	1158	ST-RELA	G1	RELA-sc1	recurrence
foreman_1158_2_ACATTTCCAATCTGCA	3251	9112	0.15956979806848112	1158	ST-RELA	G1	RELA-sc1	recurrence
foreman_1158_2_ACCACAAGTTAATCGC	3592	10309	0.10524784169172567	1158	ST-RELA	S	RELA-sc1	recurrence
foreman_1158_2_ACCATTTAGGTAGATT	3444	10352	0.10896445131375579	1158	ST-RELA	S	RELA-sc1	recurrence
foreman_1158_2_ACCCAAATCTCTATGT	4220	12624	0.12096007604562738	1158	ST-RELA	S	RELA-sc1	recurrence
foreman_1158_2_ACCCTCAGTATGAAAC	2535	7228	0.15066408411732152	1158	ST-RELA	G1	RELA-sc1	recurrence
foreman_1158_2_ACCTGTCTCGGACAAG	4943	16663	0.13395750810226864	1158	ST-RELA	G1	RELA-sc1	recurrence
foreman_1158_2_ACGTAGTAGATGCCGA	2590	6487	0.11916139972252196	1158	ST-RELA	S	RELA-sc1	recurrence
foreman_1158_2_ACGTCCTCAAACAGGC	3097	8419	0.12318840579710146	1158	ST-RELA	G1	RELA-sc1	recurrence
foreman_1158_2_ACGTTCCCACTTCAAG	3751	10007	0.09803137803537523	1158	ST-RELA	S	RELA-sc1	recurrence
foreman_1158_2_ACGTTCCGTGCGAGTA	3351	8455	0.09438202247191012	1158	ST-RELA	S	RELA-sc1	recurrence
foreman_1158_2_ACTGATGGTTGCTCCT	3908	11265	0.20408344429649355	1158	ST-RELA	S	RELA-sc1	recurrence
foreman_1158_2_ACTGCAATCCAACACA	3550	10140	0.10740704211460696	1158	ST-RELA	S	RELA-sc1	recurrence
foreman_1158_2_ACTGTGACATCGTGCG	2840	7536	0.1859076433121019	1158	ST-RELA	G1	RELA-sc1	recurrence
foreman_1158_2_ACTTTGTAGTCTGCGC	3649	11345	0.14440624173499075	1158	ST-RELA	G1	RELA-sc1	recurrence
foreman_1158_2_ACTTTGTCAGGATGAC	3371	9855	0.14175545408422122	1158	ST-RELA	G1	RELA-sc1	recurrence
foreman_1158_2_AGAAATGTCCAAGCCG	3237	8803	0.10452169961372415	1158	ST-RELA	S	RELA-sc1	recurrence
foreman_1158_2_AGAACAAAGGGCTTCC	2554	6013	0.10310992848827541	1158	ST-RELA	G1	RELA-sc1	recurrence
foreman_1158_2_AGAACCTAGACATCAA	3367	9147	0.13053460150869137	1158	ST-RELA	G1	RELA-sc1	recurrence
foreman_1158_2_AGAAGTATCGGTAGGA	2497	6525	0.1672030651340996	1158	ST-RELA	G1	RELA-sc1	recurrence
foreman_1158_2_AGACACTGTGTATTCG	2410	5716	0.13400979706088173	1158	ST-RELA	G2M	RELA-sc1	recurrence
foreman_1158_2_AGAGCCCAGCTCGACC	3610	10198	0.12737791723867425	1158	ST-RELA	S	RELA-sc1	recurrence
foreman_1158_2_AGAGCCCTCGAAACAA	2346	6178	0.13920362576885723	1158	ST-RELA	G1	RELA-sc1	recurrence
foreman_1158_2_AGATCGTGTTAGGGAC	3314	8695	0.1281196089706728	1158	ST-RELA	G1	RELA-sc1	recurrence
foreman_1158_2_AGATGCTCAAGCGCAA	4156	11876	0.11132631578947369	1158	ST-RELA	S	RELA-sc1	recurrence
foreman_1158_2_AGCCAATAGCCATGCC	4974	15634	0.1276786285421864	1158	ST-RELA	S	RELA-sc1	recurrence
foreman_1158_2_AGCCAATAGTACCGGA	3246	8164	0.16744243018128369	1158	ST-RELA	G1	RELA-sc1	recurrence
foreman_1158_2_AGCCAATCAGGACGAT	3374	9743	0.12131786923945397	1158	ST-RELA	G1	RELA-sc1	recurrence
foreman_1158_2_AGCCAATGTCATCACA	4085	11816	0.14007617435463393	1158	ST-RELA	S	RELA-sc1	recurrence
foreman_1158_2_AGCGATTTCGTGCGAC	2553	6074	0.18047093693397004	1158	ST-RELA	G1	RELA-sc1	recurrence
foreman_1158_2_AGCGCTGGTGCCGTTG	2971	8095	0.10290302655960469	1158	ST-RELA	G1	RELA-sc1	recurrence
foreman_1158_2_AGCGTATAGATGAAGG	3174	8108	0.1859891465219536	1158	ST-RELA	G1	RELA-sc1	recurrence
foreman_1158_2_AGCGTATAGCTGTTAC	3416	9009	0.12964812964812966	1158	ST-RELA	G1	RELA-sc1	recurrence
foreman_1158_2_AGCTTCCCACTGCATA	2497	5959	0.11430010070493454	1158	ST-RELA	G1	RELA-sc1	recurrence
foreman_1158_2_AGGAATACAGGACGAT	2415	5950	0.20840336134453782	1158	ST-RELA	G1	RELA-sc1	recurrence
foreman_1158_2_AGGAATATCAATCCAG	3615	10029	0.13092033103998404	1158	ST-RELA	G1	RELA-sc1	recurrence
foreman_1158_2_AGGACGAGTCGGCCTA	2230	4781	0.14139301401380464	1158	ST-RELA	G1	RELA-sc1	recurrence
foreman_1158_2_AGGGTGATCGGATAAA	2571	5972	0.14718687206965841	1158	ST-RELA	G1	RELA-sc1	recurrence
foreman_1158_2_AGGGTTTAGCTCCCTT	3789	11912	0.18393216924110142	1158	ST-RELA	G1	RELA-sc1	recurrence
foreman_1158_2_AGGTCATGTTCTCCAC	2916	7240	0.1334254143646409	1158	ST-RELA	S	RELA-sc1	recurrence
foreman_1158_2_AGTAACCAGAGCATAT	2931	7591	0.10513833992094862	1158	ST-RELA	G1	RELA-sc1	recurrence
foreman_1158_2_AGTACCAAGCAGATAT	3210	8719	0.1263906411285698	1158	ST-RELA	S	RELA-sc1	recurrence
foreman_1158_2_AGTAGCTAGGATTTAG	2892	7129	0.11195286195286196	1158	ST-RELA	G1	RELA-sc1	recurrence
foreman_1158_2_AGTCATGCACTTGGCG	2726	6690	0.10553064275037369	1158	ST-RELA	G1	RELA-sc1	recurrence
foreman_1158_2_AGTGACTAGGGCAATC	4359	13908	0.12821803538041132	1158	ST-RELA	S	RELA-sc1	recurrence
foreman_1158_2_AGTGACTGTGGAGAAA	3527	10444	0.12543086939869783	1158	ST-RELA	G1	RELA-sc1	recurrence
foreman_1158_2_AGTGATCGTCCCACGA	3039	8433	0.13565753587098303	1158	ST-RELA	G1	RELA-sc1	recurrence
foreman_1158_2_ATACCGATCCTGGTCT	2901	7074	0.14192818772971444	1158	ST-RELA	G1	RELA-sc1	recurrence
foreman_1158_2_ATACTTCGTTTGCCGG	2368	5940	0.12794612794612795	1158	ST-RELA	G1	RELA-sc1	recurrence
foreman_1158_2_ATAGGCTTCCGACATA	2735	7959	0.09423294383716548	1158	ST-RELA	S	RELA-sc1	recurrence
foreman_1158_2_ATCACGAGTCAGGTAG	4631	14726	0.1379872334646204	1158	ST-RELA	G1	RELA-sc1	recurrence
foreman_1158_2_ATCACTTCAACACAAA	4080	11385	0.09591567852437417	1158	ST-RELA	S	RELA-sc1	recurrence
foreman_1158_2_ATCCTATTCGTAGTGT	3356	9000	0.15244444444444444	1158	ST-RELA	G1	RELA-sc1	recurrence
foreman_1158_2_ATCGGCGAGCACTAGG	3689	10731	0.15534432951262697	1158	ST-RELA	G1	RELA-sc1	recurrence
foreman_1158_2_ATCGTCCGTGTCTTCC	3923	13321	0.11088588588588588	1158	ST-RELA	G1	RELA-sc1	recurrence
foreman_1158_2_ATCTCTATCTGCCTGT	3232	8036	0.13990540204132437	1158	ST-RELA	S	RELA-sc1	recurrence
foreman_1158_2_ATCTTCAAGAGTGACC	3761	10757	0.19206098354559822	1158	ST-RELA	G1	RELA-sc1	recurrence
foreman_1158_2_ATGACCATCCTGGGAC	2778	7067	0.13768218480260366	1158	ST-RELA	G1	RELA-sc1	recurrence
foreman_1158_2_ATGAGGGAGTAGAGTT	3452	9163	0.13119406243178344	1158	ST-RELA	G1	RELA-sc1	recurrence
foreman_1158_2_ATGCGATAGTAAGGGA	2548	5966	0.11886001676445934	1158	ST-RELA	S	RELA-sc1	recurrence
foreman_1158_2_ATTCACTGTTGCTAGT	2837	7380	0.0989159891598916	1158	ST-RELA	S	RELA-sc1	recurrence
foreman_1158_2_ATTCAGGCAGATTTCG	3075	7336	0.12609051254089423	1158	ST-RELA	G1	RELA-sc1	recurrence
foreman_1158_2_ATTCATCGTCTTTCTA	2526	6441	0.1103865859338612	1158	ST-RELA	S	RELA-sc1	recurrence
foreman_1158_2_ATTCGTTGTTACGGAG	2840	7501	0.12786666666666666	1158	ST-RELA	G1	RELA-sc1	recurrence
foreman_1158_2_ATTGTTCAGGACTATA	3315	9573	0.11239945680559908	1158	ST-RELA	G1	RELA-sc1	recurrence
foreman_1158_2_ATTTCACTCCGGCTTT	3112	8713	0.09330884884655113	1158	ST-RELA	G1	RELA-sc1	recurrence
foreman_1158_2_ATTTCACTCGGCTGTG	2884	7893	0.09464082098061574	1158	ST-RELA	G1	RELA-sc1	recurrence
foreman_1158_2_CAAAGAAAGTCGCTAT	3227	8545	0.12100643651258046	1158	ST-RELA	G1	RELA-sc1	recurrence
foreman_1158_2_CAACAGTAGCTAATCC	2779	6851	0.2050795504305941	1158	ST-RELA	S	RELA-sc1	recurrence
foreman_1158_2_CAACCAAGTCATATGC	3114	8369	0.11065965583173996	1158	ST-RELA	S	RELA-sc1	recurrence
foreman_1158_2_CAACGATGTTAGTTCG	2301	6101	0.12063596131781675	1158	ST-RELA	G1	RELA-sc1	recurrence
foreman_1158_2_CAACGGCGTTATTCTC	3667	10723	0.13831374743518	1158	ST-RELA	G1	RELA-sc1	recurrence
foreman_1158_2_CAAGGGACATTGACTG	3129	7901	0.11329113924050632	1158	ST-RELA	G1	RELA-sc1	recurrence
foreman_1158_2_CAATCGACATGCCGCA	4611	13994	0.09526191667262203	1158	ST-RELA	G1	RELA-sc1	recurrence
foreman_1158_2_CACAGATTCTGCTTTA	3029	8696	0.11063829787234042	1158	ST-RELA	G1	RELA-sc1	recurrence
foreman_1158_2_CACAGGCGTTCAGCTA	3054	9073	0.12533068783068782	1158	ST-RELA	G1	RELA-sc1	recurrence
foreman_1158_2_CACATGAAGACCATGG	2553	5868	0.1303680981595092	1158	ST-RELA	G1	RELA-sc1	recurrence
foreman_1158_2_CACCAAATCGGTCAGC	2632	6341	0.19586815959627818	1158	ST-RELA	S	RELA-sc1	recurrence
foreman_1158_2_CACCGTTCAGCGTGAA	3423	9928	0.10042304593070105	1158	ST-RELA	G1	RELA-sc1	recurrence
foreman_1158_2_CACGGGTTCCCATAGA	3186	8722	0.12773764476550853	1158	ST-RELA	G1	RELA-sc1	recurrence
foreman_1158_2_CACGTTCCAATCGAAA	3462	10042	0.11611232822146983	1158	ST-RELA	G1	RELA-sc1	recurrence
foreman_1158_2_CACGTTCCACCGTGGT	3055	8633	0.19240125101355265	1158	ST-RELA	S	RELA-sc1	recurrence
foreman_1158_2_CACTAAGAGTTGCTGT	3082	8482	0.1457203489742985	1158	ST-RELA	S	RELA-sc1	recurrence
foreman_1158_2_CACTGAAGTTCTCACC	3401	9867	0.10267585647678897	1158	ST-RELA	S	RELA-sc1	recurrence
foreman_1158_2_CACTGTCGTGATACTC	2932	7884	0.1382546930492136	1158	ST-RELA	G1	RELA-sc1	recurrence
foreman_1158_2_CAGAGCCAGCTTTCTT	3271	8820	0.16303854875283447	1158	ST-RELA	G1	RELA-sc1	recurrence
foreman_1158_2_CAGAGCCAGGAATCGC	2699	7204	0.10508051082731816	1158	ST-RELA	S	RELA-sc1	recurrence
foreman_1158_2_CAGATACCACAGCATT	2291	5418	0.10208602547535536	1158	ST-RELA	S	RELA-sc1	recurrence
foreman_1158_2_CAGATACTCTGTCAGA	3433	10829	0.13860928986979407	1158	ST-RELA	G1	RELA-sc1	recurrence
foreman_1158_2_CAGCACGGTATCGGTT	3500	8988	0.10157988429016467	1158	ST-RELA	S	RELA-sc1	recurrence
foreman_1158_2_CATACAGTCACGATAC	4333	12791	0.09193964506293488	1158	ST-RELA	S	RELA-sc1	recurrence
foreman_1158_2_CATACCCGTTGGCTAT	2982	8229	0.1060882245716369	1158	ST-RELA	G2M	RELA-sc1	recurrence
foreman_1158_2_CATCCACGTGCAACGA	3750	10129	0.11017869483660776	1158	ST-RELA	G1	RELA-sc1	recurrence
foreman_1158_2_CATCGCTCATGTTTGG	3011	8807	0.14376561435384966	1158	ST-RELA	S	RELA-sc1	recurrence
foreman_1158_2_CATGGATGTCCCTAAA	2237	4938	0.16730808183107151	1158	ST-RELA	S	RELA-sc1	recurrence
foreman_1158_2_CATTCTATCTTACGGA	3390	9289	0.11314457961029174	1158	ST-RELA	S	RELA-sc1	recurrence
foreman_1158_2_CATTGCCGTGGAAATT	3789	10620	0.1051789077212806	1158	ST-RELA	G1	RELA-sc1	recurrence
foreman_1158_2_CCAATGATCGCTTTAT	3572	9511	0.145305435811166	1158	ST-RELA	S	RELA-sc1	recurrence
foreman_1158_2_CCAATTTCATCCCGTT	3113	7762	0.1111826848750322	1158	ST-RELA	G2M	RELA-sc1	recurrence
foreman_1158_2_CCACAAAAGCATGCAG	3586	10293	0.11116509571470216	1158	ST-RELA	S	RELA-sc1	recurrence
foreman_1158_2_CCACAAAAGCGACAGT	3267	9367	0.15278667520819988	1158	ST-RELA	G1	RELA-sc1	recurrence
foreman_1158_2_CCACACTAGTAGGTTA	3343	8876	0.17868409193330329	1158	ST-RELA	S	RELA-sc1	recurrence
foreman_1158_2_CCGATGGCACTGTCGG	3255	8595	0.12763234438627108	1158	ST-RELA	G1	RELA-sc1	recurrence
foreman_1158_2_CCGGGTACATACAGGG	4744	15539	0.0926116617325267	1158	ST-RELA	S	RELA-sc1	recurrence
foreman_1158_2_CCGGTAGCACTATCGA	1071	1762	0.0011350737797956867	1158	ST-RELA	G2M	RELA-sc1	recurrence
foreman_1158_2_CCTATCGCACACACGC	4089	12071	0.1380167343219286	1158	ST-RELA	G1	RELA-sc1	recurrence
foreman_1158_2_CGATCGGAGTCGCTAT	1661	3465	0.14487734487734488	1158	ST-RELA	G1	RELA-sc1	recurrence
foreman_1158_2_CGATCGGCACCAAATC	2834	7696	0.10097465886939572	1158	ST-RELA	G1	RELA-sc1	recurrence
foreman_1158_2_CGATCGGTCTACCTTA	4510	12942	0.1376912378303199	1158	ST-RELA	S	RELA-sc1	recurrence
foreman_1158_2_CGATGCGTCGAACCAT	2791	6992	0.1508867276887872	1158	ST-RELA	G1	RELA-sc1	recurrence
foreman_1158_2_CGATGGCAGTGACCTT	2969	7862	0.10925973034851183	1158	ST-RELA	S	RELA-sc1	recurrence
foreman_1158_2_CGCAGGTAGCACCGAA	2915	7620	0.16640419947506563	1158	ST-RELA	G1	RELA-sc1	recurrence
foreman_1158_2_CGCAGGTTCATAAGGA	2883	7622	0.11348727368144844	1158	ST-RELA	G1	RELA-sc1	recurrence
foreman_1158_2_CGCCAGACATTAGGCT	3045	7859	0.10090342282733172	1158	ST-RELA	S	RELA-sc1	recurrence
foreman_1158_2_CGCCAGAGTAGTCGGA	3071	7885	0.12618896639188332	1158	ST-RELA	G1	RELA-sc1	recurrence
foreman_1158_2_CGCCAGATCGGTAGGA	2618	6739	0.13073156254637186	1158	ST-RELA	G1	RELA-sc1	recurrence
foreman_1158_2_CGCGTGAGTCTCTCAC	2725	6135	0.11181744091279544	1158	ST-RELA	G1	RELA-sc1	recurrence
foreman_1158_2_CGGAACCAGGGTAGCT	2405	5577	0.1630493273542601	1158	ST-RELA	G1	RELA-sc1	recurrence
foreman_1158_2_CGGCAGTAGCTAATCC	3396	8425	0.12764189028734269	1158	ST-RELA	G1	RELA-sc1	recurrence
foreman_1158_2_CGGCAGTGTAGCGTCC	2331	5712	0.12815126050420167	1158	ST-RELA	G2M	RELA-sc1	recurrence
foreman_1158_2_CGGGCATGTGCAGTGA	2894	7503	0.18608371101039722	1158	ST-RELA	G1	RELA-sc1	recurrence
foreman_1158_2_CGGGTCAAGAATTGTG	2350	6013	0.11574921004490271	1158	ST-RELA	G1	RELA-sc1	recurrence
foreman_1158_2_CGGGTCATCATGCCCT	2893	6572	0.14987827145465613	1158	ST-RELA	G1	RELA-sc1	recurrence
foreman_1158_2_CGGGTGTCAAGGTCAG	2421	5937	0.13811689405423613	1158	ST-RELA	G1	RELA-sc1	recurrence
foreman_1158_2_CGTAATGGTCAAAGTA	3856	10689	0.14379268406773318	1158	ST-RELA	G2M	RELA-sc1	recurrence
foreman_1158_2_CGTAATGTCGGAACTT	2963	7727	0.1270868383590009	1158	ST-RELA	G1	RELA-sc1	recurrence
foreman_1158_2_CGTCAAACATCCCGTT	3924	11102	0.16186272743649793	1158	ST-RELA	G1	RELA-sc1	recurrence
foreman_1158_2_CGTCAAATCATCGCAA	1963	4517	0.10028780163825549	1158	ST-RELA	S	RELA-sc1	recurrence
foreman_1158_2_CGTCCATCAGCGGTTC	4232	12929	0.1629669734704927	1158	ST-RELA	G1	RELA-sc1	recurrence
foreman_1158_2_CGTCCATTCACAAGGG	4136	11430	0.12852143482064743	1158	ST-RELA	S	RELA-sc1	recurrence
foreman_1158_2_CTACTATGTATGGTTC	3158	8195	0.1277608297742526	1158	ST-RELA	G1	RELA-sc1	recurrence
foreman_1158_2_CTATAGGCAGAACATA	3515	10293	0.14271835227824736	1158	ST-RELA	G1	RELA-sc1	recurrence
foreman_1158_2_CTCAACCAGCAGCCCT	3057	7489	0.187366452991453	1158	ST-RELA	G1	RELA-sc1	recurrence
foreman_1158_2_CTCAGAAGTCAAGCGA	3407	9881	0.12448132780082988	1158	ST-RELA	G1	RELA-sc1	recurrence
foreman_1158_2_CTCATCGAGAACAAGG	3580	10823	0.1217889484383663	1158	ST-RELA	G1	RELA-sc1	recurrence
foreman_1158_2_CTCATCGCAGAACATA	3709	9901	0.10726189273810727	1158	ST-RELA	S	RELA-sc1	recurrence
foreman_1158_2_CTCATGCGTCTACACA	2972	7201	0.10722222222222222	1158	ST-RELA	G2M	RELA-sc1	recurrence
foreman_1158_2_CTCCACAAGAGCAAGA	3480	10244	0.1073799297149551	1158	ST-RELA	G1	RELA-sc1	recurrence
foreman_1158_2_CTCTCAGCATGCAGGA	3249	7914	0.16856204195097296	1158	ST-RELA	S	RELA-sc1	recurrence
foreman_1158_2_CTGCGAGAGCGCAATG	4287	13089	0.12636565054626023	1158	ST-RELA	G1	RELA-sc1	recurrence
foreman_1158_2_CTGCGAGAGGACTAAT	3227	9201	0.12141304347826087	1158	ST-RELA	G1	RELA-sc1	recurrence
foreman_1158_2_CTGCGAGGTTAGGGTG	2781	6562	0.11520877781164279	1158	ST-RELA	G1	RELA-sc1	recurrence
foreman_1158_2_CTGTACCTCGACCTAA	2745	6413	0.12552627475440511	1158	ST-RELA	G1	RELA-sc1	recurrence
foreman_1158_2_CTGTCGTCATTCAGCA	2891	7494	0.09942613105565194	1158	ST-RELA	G1	RELA-sc1	recurrence
foreman_1158_2_CTGTCGTGTACCTAGT	1865	3567	0.10849453322119428	1158	ST-RELA	G1	RELA-sc1	recurrence
foreman_1158_2_CTTCCTTGTAGAGTTA	3105	7981	0.12880591404585892	1158	ST-RELA	G1	RELA-sc1	recurrence
foreman_1158_2_CTTCGGTCATATGCGT	3387	10380	0.12235067437379576	1158	ST-RELA	G1	RELA-sc1	recurrence
foreman_1158_2_CTTCGGTGTGTTTGCA	2964	8172	0.14941262848751835	1158	ST-RELA	G1	RELA-sc1	recurrence
foreman_1158_2_CTTGAGATCAGTGTCA	1796	4333	0.15024232633279483	1158	ST-RELA	S	RELA-sc1	recurrence
foreman_1158_2_CTTTCGGCACTAGAGG	3034	7869	0.14995552166730208	1158	ST-RELA	G1	RELA-sc1	recurrence
foreman_1158_2_CTTTCGGGTTTACGTG	3816	11231	0.1840769436281058	1158	ST-RELA	G1	RELA-sc1	recurrence
foreman_1158_2_GAACGTTTCGAAGAAT	3045	8752	0.10523308957952468	1158	ST-RELA	G1	RELA-sc1	recurrence
foreman_1158_2_GAACTGTCAGTACTAC	2522	6256	0.1613109512390088	1158	ST-RELA	G1	RELA-sc1	recurrence
foreman_1158_2_GAAGAATCAGACGCTC	3797	11077	0.13533766702780786	1158	ST-RELA	S	RELA-sc1	recurrence
foreman_1158_2_GAAGCCCGTTATAGAG	3153	8587	0.10213112844998253	1158	ST-RELA	G1	RELA-sc1	recurrence
foreman_1158_2_GAAGCGACAGAATCGG	4004	9586	0.12844323873121868	1158	ST-RELA	S	RELA-sc1	recurrence
foreman_1158_2_GAATCACCAGACACCC	3230	8855	0.09926595143986448	1158	ST-RELA	G1	RELA-sc1	recurrence
foreman_1158_2_GAATCACTCGACCCAG	2780	7628	0.14787624541164132	1158	ST-RELA	G1	RELA-sc1	recurrence
foreman_1158_2_GAATCGTTCGGAGCAA	2978	8292	0.10986493005306319	1158	ST-RELA	G1	RELA-sc1	recurrence
foreman_1158_2_GACCGTGAGTGGGAAA	2844	7876	0.13217369222955816	1158	ST-RELA	S	RELA-sc1	recurrence
foreman_1158_2_GACGTTACATTCGGGC	3573	9802	0.14204081632653062	1158	ST-RELA	G1	RELA-sc1	recurrence
foreman_1158_2_GAGAAATCAGCTCATA	2946	8123	0.1167056506216915	1158	ST-RELA	G1	RELA-sc1	recurrence
foreman_1158_2_GAGACCCAGATGCTGG	3564	9982	0.11180124223602485	1158	ST-RELA	S	RELA-sc1	recurrence
foreman_1158_2_GAGCTGCCAGCCTACG	3111	9209	0.10708079930495222	1158	ST-RELA	G1	RELA-sc1	recurrence
foreman_1158_2_GAGTCATAGGCTCTCG	2589	7285	0.09993136582017845	1158	ST-RELA	G2M	RELA-sc1	recurrence
foreman_1158_2_GAGTCTACATTAAGCC	3363	9732	0.12526975644846366	1158	ST-RELA	G2M	RELA-sc1	recurrence
foreman_1158_2_GAGTGAGTCAATCGGT	3565	10037	0.11477533127428514	1158	ST-RELA	G1	RELA-sc1	recurrence
foreman_1158_2_GAGTTTGAGGTATCTC	2755	6942	0.14592336502448863	1158	ST-RELA	G1	RELA-sc1	recurrence
foreman_1158_2_GATCCCTGTATCGGTT	2562	6730	0.12899390696983207	1158	ST-RELA	G1	RELA-sc1	recurrence
foreman_1158_2_GATCGTAGTCATACCA	2786	7359	0.14064410925397472	1158	ST-RELA	G1	RELA-sc1	recurrence
foreman_1158_2_GATGACTGTCCGCAGT	3734	11050	0.12180995475113122	1158	ST-RELA	S	RELA-sc1	recurrence
foreman_1158_2_GATGGAGCATGAAGGC	2842	7920	0.09659090909090909	1158	ST-RELA	G1	RELA-sc1	recurrence
foreman_1158_2_GATTCTTGTGTGACCC	3325	8992	0.12333185053380782	1158	ST-RELA	G1	RELA-sc1	recurrence
foreman_1158_2_GATTCTTTCTGTTCAT	1979	4426	0.23971983732489832	1158	ST-RELA	S	RELA-sc1	recurrence
foreman_1158_2_GCACGGTGTTTAAGGA	2403	5935	0.15503875968992248	1158	ST-RELA	G1	RELA-sc1	recurrence
foreman_1158_2_GCAGCCATCTGAATCG	3490	9832	0.10081383519837232	1158	ST-RELA	G1	RELA-sc1	recurrence
foreman_1158_2_GCATCGGAGCGCCTAC	3078	6831	0.09282576866764275	1158	ST-RELA	G1	RELA-sc1	recurrence
foreman_1158_2_GCCAACGCACTGAGGA	3134	8965	0.0858991521642124	1158	ST-RELA	S	RELA-sc1	recurrence
foreman_1158_2_GCCATGGTCGGCTGAC	3402	9512	0.10618166526492852	1158	ST-RELA	G1	RELA-sc1	recurrence
foreman_1158_2_GCCATTCAGAACTCCT	3684	10738	0.15004191114836546	1158	ST-RELA	S	RELA-sc1	recurrence
foreman_1158_2_GCCATTCAGTGATGGC	3465	10559	0.12529595605644475	1158	ST-RELA	G1	RELA-sc1	recurrence
foreman_1158_2_GCCGTGATCAAGTGGG	2674	6864	0.11771561771561771	1158	ST-RELA	G1	RELA-sc1	recurrence
foreman_1158_2_GCGAGAAGTATAATGG	3460	9691	0.11011351909184726	1158	ST-RELA	S	RELA-sc1	recurrence
foreman_1158_2_GCGGATCAGCCTCATA	2433	5842	0.15014552302687895	1158	ST-RELA	S	RELA-sc1	recurrence
foreman_1158_2_GCGGATCCATCATGAC	1630	3560	0.20842696629213484	1158	ST-RELA	G1	RELA-sc1	recurrence
foreman_1158_2_GCGGATCTCATCGCTC	3193	9110	0.12206366630076838	1158	ST-RELA	G2M	RELA-sc1	recurrence
foreman_1158_2_GCGTGCAAGGTCCCTG	3302	9544	0.13118189438390612	1158	ST-RELA	G1	RELA-sc1	recurrence
foreman_1158_2_GCTACAACAGACTCTA	3398	8778	0.11370627777144811	1158	ST-RELA	G1	RELA-sc1	recurrence
foreman_1158_2_GCTACAACAGCTGCCA	2920	8405	0.11386079714455681	1158	ST-RELA	G1	RELA-sc1	recurrence
foreman_1158_2_GCTACCTTCGAAGTGG	2681	6552	0.1485042735042735	1158	ST-RELA	G1	RELA-sc1	recurrence
foreman_1158_2_GCTTCACAGGCAATGC	2964	8029	0.13936978453107485	1158	ST-RELA	G1	RELA-sc1	recurrence
foreman_1158_2_GCTTGGGCATGCGGTC	3450	9502	0.11934329614817933	1158	ST-RELA	S	RELA-sc1	recurrence
foreman_1158_2_GCTTGGGTCCCTTGTG	3294	8748	0.10619570187471422	1158	ST-RELA	G1	RELA-sc1	recurrence
foreman_1158_2_GGAACCCTCTTAGTTC	3652	9911	0.11928549803209204	1158	ST-RELA	G2M	RELA-sc1	recurrence
foreman_1158_2_GGAAGTGAGTCGGCAA	3094	7995	0.10969355847404628	1158	ST-RELA	G1	RELA-sc1	recurrence
foreman_1158_2_GGAAGTGCAAGATGTA	3247	8927	0.11168365632351294	1158	ST-RELA	G1	RELA-sc1	recurrence
foreman_1158_2_GGAATCTAGGAGTCTG	2282	5195	0.19715055833654216	1158	ST-RELA	G1	RELA-sc1	recurrence
foreman_1158_2_GGAATGGAGCACGGAT	3422	10413	0.12810909440122922	1158	ST-RELA	S	RELA-sc1	recurrence
foreman_1158_2_GGAATGGAGTCTGCAT	3167	8105	0.1168558736426456	1158	ST-RELA	S	RELA-sc1	recurrence
foreman_1158_2_GGACGTCGTTGAAGTA	3382	9506	0.13172014729089954	1158	ST-RELA	G1	RELA-sc1	recurrence
foreman_1158_2_GGAGAACCATACCATG	2780	7620	0.11445071531697074	1158	ST-RELA	S	RELA-sc1	recurrence
foreman_1158_2_GGAGAACTCTTTCCGG	3754	11005	0.14093593820990458	1158	ST-RELA	G2M	RELA-sc1	recurrence
foreman_1158_2_GGAGATGCACTAACGT	2753	7445	0.10826057756883814	1158	ST-RELA	S	RELA-sc1	recurrence
foreman_1158_2_GGATCTACAGTGTGCC	2843	7368	0.11685667752442996	1158	ST-RELA	G1	RELA-sc1	recurrence
foreman_1158_2_GGCAGTCGTTAAGACA	3159	8611	0.1573568691208919	1158	ST-RELA	G1	RELA-sc1	recurrence
foreman_1158_2_GGCTTGGGTTGCTCCT	6057	21548	0.11374605531835902	1158	ST-RELA	S	RELA-sc1	recurrence
foreman_1158_2_GGCTTTCGTATTTCTC	2421	5622	0.12540021344717184	1158	ST-RELA	G1	RELA-sc1	recurrence
foreman_1158_2_GGCTTTCGTCTGTTAG	2664	5958	0.11195031889895939	1158	ST-RELA	S	RELA-sc1	recurrence
foreman_1158_2_GGGAAGTCACGTACAT	3839	11351	0.1248348163157431	1158	ST-RELA	S	RELA-sc1	recurrence
foreman_1158_2_GGGACAACAGGTGGAT	3633	11362	0.16035909170920612	1158	ST-RELA	S	RELA-sc1	recurrence
foreman_1158_2_GGGACTCGTATGGAGC	2718	6765	0.10569105691056911	1158	ST-RELA	G1	RELA-sc1	recurrence
foreman_1158_2_GGGAGATCAGACTCTA	3275	9024	0.11192375886524823	1158	ST-RELA	S	RELA-sc1	recurrence
foreman_1158_2_GGGAGTATCAGTGTGT	3272	8349	0.13450712660198827	1158	ST-RELA	S	RELA-sc1	recurrence
foreman_1158_2_GGGATGACAAGCTGTT	2681	7177	0.10645116343876271	1158	ST-RELA	G1	RELA-sc1	recurrence
foreman_1158_2_GGGATGACACAACGCC	3451	8976	0.09681372549019608	1158	ST-RELA	S	RELA-sc1	recurrence
foreman_1158_2_GGGCCATAGGGCTTCC	2898	7505	0.12591605596269154	1158	ST-RELA	G1	RELA-sc1	recurrence
foreman_1158_2_GGGTTATTCGTGAGAG	2808	6968	0.09773249138920781	1158	ST-RELA	G1	RELA-sc1	recurrence
foreman_1158_2_GGTAGAGGTCGAACGA	2992	7668	0.15271257172665623	1158	ST-RELA	G2M	RELA-sc1	recurrence
foreman_1158_2_GTACAACGTATGGAAT	3393	9570	0.10240334378265413	1158	ST-RELA	G1	RELA-sc1	recurrence
foreman_1158_2_GTACAGTAGGGCTTCC	3013	7836	0.13667687595712097	1158	ST-RELA	G1	RELA-sc1	recurrence
foreman_1158_2_GTAGAGGTCTATACTC	2966	8165	0.1213717085119412	1158	ST-RELA	S	RELA-sc1	recurrence
foreman_1158_2_GTAGTACAGCTAGTTC	3223	8957	0.12939600312604665	1158	ST-RELA	S	RELA-sc1	recurrence
foreman_1158_2_GTATTGGTCATCTGTT	3393	9680	0.1350206611570248	1158	ST-RELA	G1	RELA-sc1	recurrence
foreman_1158_2_GTCACGGAGACGATAT	2475	6302	0.1267851475721993	1158	ST-RELA	G1	RELA-sc1	recurrence
foreman_1158_2_GTCATCCTCAGTGATC	3013	7549	0.15101337925553054	1158	ST-RELA	G2M	RELA-sc1	recurrence
foreman_1158_2_GTCATGAGTGTTTGCA	3220	9278	0.1050873032981246	1158	ST-RELA	G1	RELA-sc1	recurrence
foreman_1158_2_GTCATTTCACTTCATT	3880	10529	0.11778115501519756	1158	ST-RELA	G1	RELA-sc1	recurrence
foreman_1158_2_GTCGAATGTGAAGCGT	2456	5950	0.13142857142857142	1158	ST-RELA	G1	RELA-sc1	recurrence
foreman_1158_2_GTCGTAAGTCGGTACC	2461	6031	0.14790250373072458	1158	ST-RELA	S	RELA-sc1	recurrence
foreman_1158_2_GTCGTTCTCAGAGCGA	1943	4648	0.11512803959543792	1158	ST-RELA	G2M	RELA-sc1	recurrence
foreman_1158_2_GTGAGTTCATACATCG	4192	12686	0.1097272583950812	1158	ST-RELA	S	RELA-sc1	recurrence
foreman_1158_2_GTGCACGGTGGGTTGA	3615	10594	0.11450958179930143	1158	ST-RELA	S	RELA-sc1	recurrence
foreman_1158_2_GTGCAGCGTTGATCGT	2052	4795	0.1716371220020855	1158	ST-RELA	G1	RELA-sc1	recurrence
foreman_1158_2_GTGCAGCTCCATCCGT	3654	9761	0.13934426229508196	1158	ST-RELA	G1	RELA-sc1	recurrence
foreman_1158_2_GTGCGTGTCTGCGGGT	2175	4831	0.1809149244462844	1158	ST-RELA	S	RELA-sc1	recurrence
foreman_1158_2_GTGTGATAGCCACCGT	3460	9152	0.0896076931482898	1158	ST-RELA	G1	RELA-sc1	recurrence
foreman_1158_2_GTGTGATTCGACGCGT	2106	4842	0.12639405204460966	1158	ST-RELA	G1	RELA-sc1	recurrence
foreman_1158_2_GTGTGGCAGAGTACCG	4696	16479	0.16306590605656027	1158	ST-RELA	G1	RELA-sc1	recurrence
foreman_1158_2_GTGTTCCAGACCGCCT	3596	10775	0.14134570765661253	1158	ST-RELA	G1	RELA-sc1	recurrence
foreman_1158_2_GTGTTCCCAGAATGTA	3813	11013	0.14728048669753926	1158	ST-RELA	G1	RELA-sc1	recurrence
foreman_1158_2_GTTACAGGTGAAGCTG	2692	6333	0.14748144639191538	1158	ST-RELA	S	RELA-sc1	recurrence
foreman_1158_2_GTTATGGTCGCCACTT	4011	11813	0.12435452467620418	1158	ST-RELA	S	RELA-sc1	recurrence
foreman_1158_2_GTTCCGTCAGTGGGTA	3317	8330	0.12545018007202882	1158	ST-RELA	S	RELA-sc1	recurrence
foreman_1158_2_GTTCTATGTCTCGACG	3597	8725	0.11736389684813754	1158	ST-RELA	S	RELA-sc1	recurrence
foreman_1158_2_GTTGCGGAGTTGCCTA	3726	10788	0.12810530218761587	1158	ST-RELA	G1	RELA-sc1	recurrence
foreman_1158_2_GTTGCGGGTCGAACAG	2689	7416	0.13906123550040464	1158	ST-RELA	G1	RELA-sc1	recurrence
foreman_1158_2_GTTGTCCTCGCCAACG	4065	12287	0.1299747700822007	1158	ST-RELA	S	RELA-sc1	recurrence
foreman_1158_2_GTTTACTAGAACAGGA	2695	7202	0.1174673701749514	1158	ST-RELA	S	RELA-sc1	recurrence
foreman_1158_2_GTTTGGAAGAAAGTCT	3022	7586	0.16411811231215398	1158	ST-RELA	G1	RELA-sc1	recurrence
foreman_1158_2_GTTTGGAGTGATACCT	1840	3719	0.1591825759612799	1158	ST-RELA	G2M	RELA-sc1	recurrence
foreman_1158_2_TAACACGGTTCAAGTC	2852	7344	0.12322984749455337	1158	ST-RELA	G1	RELA-sc1	recurrence
foreman_1158_2_TAACCAGGTCGCCACA	4486	13384	0.11371787208607292	1158	ST-RELA	S	RELA-sc1	recurrence
foreman_1158_2_TAACTTCTCTCTGACC	3478	10210	0.11636791066705848	1158	ST-RELA	S	RELA-sc1	recurrence
foreman_1158_2_TAAGTCGAGTTCGGTT	3588	10361	0.1255791505791506	1158	ST-RELA	G1	RELA-sc1	recurrence
foreman_1158_2_TAATTCCAGCGCATCC	2982	8714	0.14470966261188892	1158	ST-RELA	G1	RELA-sc1	recurrence
foreman_1158_2_TACAACGCACCGTGCA	2553	5833	0.1261786387793588	1158	ST-RELA	G1	RELA-sc1	recurrence
foreman_1158_2_TACATTCTCGTCGATA	1761	3537	0.12072377721232683	1158	ST-RELA	G1	RELA-sc1	recurrence
foreman_1158_2_TACCCACCAAAGGCGT	2997	8643	0.07393266227004512	1158	ST-RELA	G1	RELA-sc1	recurrence
foreman_1158_2_TACCCACTCCGTTTCG	1301	2458	0.13100081366965013	1158	ST-RELA	G1	RELA-sc1	recurrence
foreman_1158_2_TACCGGGAGCATCCTA	2551	6708	0.12954680977936792	1158	ST-RELA	G1	RELA-sc1	recurrence
foreman_1158_2_TACGGGCGTATTGACC	2947	7222	0.1254500138465799	1158	ST-RELA	G1	RELA-sc1	recurrence
foreman_1158_2_TACGGGCGTCCTGAAT	2288	5244	0.18840579710144928	1158	ST-RELA	G1	RELA-sc1	recurrence
foreman_1158_2_TACGGGCTCAGGAAAT	2943	7750	0.10130339398632082	1158	ST-RELA	G1	RELA-sc1	recurrence
foreman_1158_2_TACGGTAGTCCTATAG	2885	7972	0.11929252383341696	1158	ST-RELA	S	RELA-sc1	recurrence
foreman_1158_2_TACGGTATCCTCAGGG	2150	4716	0.19550466497031382	1158	ST-RELA	G1	RELA-sc1	recurrence
foreman_1158_2_TAGACTGGTCGAGTTT	3270	9033	0.1207793645521975	1158	ST-RELA	S	RELA-sc1	recurrence
foreman_1158_2_TAGATCGGTCCGCAGT	2838	7404	0.12238281777657706	1158	ST-RELA	G1	RELA-sc1	recurrence
foreman_1158_2_TAGGAGGCACGCCAGT	3611	9675	0.17636720769151246	1158	ST-RELA	S	RELA-sc1	recurrence
foreman_1158_2_TAGGGTTTCGGACGTC	2695	6289	0.12802162849872772	1158	ST-RELA	G2M	RELA-sc1	recurrence
foreman_1158_2_TAGGTTGAGCCGAACA	3622	9907	0.1262870987280436	1158	ST-RELA	S	RELA-sc1	recurrence
foreman_1158_2_TATACCTGTAACGTTC	1730	4503	0.2282922496113702	1158	ST-RELA	G1	RELA-sc1	recurrence
foreman_1158_2_TATCTTGTCTGAGGTT	3049	8293	0.09345230917641384	1158	ST-RELA	S	RELA-sc1	recurrence
foreman_1158_2_TATTCCAGTCGAGCTC	3352	9360	0.11463675213675213	1158	ST-RELA	S	RELA-sc1	recurrence
foreman_1158_2_TATTGCTTCCCAGGAC	2702	5687	0.1675751714436434	1158	ST-RELA	S	RELA-sc1	recurrence
foreman_1158_2_TATTGGGAGAGTTGTA	2425	5407	0.10689846495283892	1158	ST-RELA	S	RELA-sc1	recurrence
foreman_1158_2_TATTGGGGTGTGTGTT	2565	6121	0.12122202254533573	1158	ST-RELA	S	RELA-sc1	recurrence
foreman_1158_2_TATTTCGGTCTTACAG	2515	6012	0.21573519627411844	1158	ST-RELA	G2M	RELA-sc1	recurrence
foreman_1158_2_TCAAGCAGTCCGAAAG	2370	5460	0.17326007326007326	1158	ST-RELA	G1	RELA-sc1	recurrence
foreman_1158_2_TCAAGCATCTGGGCAC	3628	10696	0.18717277486910994	1158	ST-RELA	S	RELA-sc1	recurrence
foreman_1158_2_TCAATTCCAAGCTGTT	1900	4154	0.14925373134328357	1158	ST-RELA	S	RELA-sc1	recurrence
foreman_1158_2_TCACAAGGTTGTGTAC	4462	14994	0.11592076302274394	1158	ST-RELA	S	RELA-sc1	recurrence
foreman_1158_2_TCACGGGTCTAGTACG	3400	10053	0.07908087138167712	1158	ST-RELA	S	RELA-sc1	recurrence
foreman_1158_2_TCATACTAGGGAGGAC	3068	8574	0.14893865173781198	1158	ST-RELA	G1	RELA-sc1	recurrence
foreman_1158_2_TCATATCGTTTCTATC	2800	6701	0.14788837486942247	1158	ST-RELA	G1	RELA-sc1	recurrence
foreman_1158_2_TCATCCGTCGCTCATC	3809	10347	0.11964820720981927	1158	ST-RELA	S	RELA-sc1	recurrence
foreman_1158_2_TCATGCCAGGAGTATT	3046	8276	0.12179797003383278	1158	ST-RELA	G1	RELA-sc1	recurrence
foreman_1158_2_TCATGTTTCGCGAAGA	3738	11530	0.12133564614050303	1158	ST-RELA	G1	RELA-sc1	recurrence
foreman_1158_2_TCATTGTGTCAGACTT	3316	8853	0.08889641929289506	1158	ST-RELA	G1	RELA-sc1	recurrence
foreman_1158_2_TCCACCATCTCTGCTG	3165	9023	0.08234511803169678	1158	ST-RELA	G1	RELA-sc1	recurrence
foreman_1158_2_TCCATGCCAATAACCC	3509	9345	0.11816333083591994	1158	ST-RELA	S	RELA-sc1	recurrence
foreman_1158_2_TCCATGCCAATCGCGC	2735	6720	0.13779761904761906	1158	ST-RELA	S	RELA-sc1	recurrence
foreman_1158_2_TCCCAGTTCTGTGCTC	2834	7091	0.1116908757580031	1158	ST-RELA	G1	RELA-sc1	recurrence
foreman_1158_2_TCCGAAATCTACGGGC	2898	7668	0.13722932428906862	1158	ST-RELA	G1	RELA-sc1	recurrence
foreman_1158_2_TCCTGCAGTATCGTGT	2929	8219	0.13274120939287018	1158	ST-RELA	G1	RELA-sc1	recurrence
foreman_1158_2_TCCTTCTCAGGTGTTT	2489	6580	0.0740234078127375	1158	ST-RELA	G1	RELA-sc1	recurrence
foreman_1158_2_TCCTTCTGTTTGGAGG	3320	8549	0.11862423958820777	1158	ST-RELA	S	RELA-sc1	recurrence
foreman_1158_2_TCGAACACAGAAGTGC	5934	22386	0.13580522671431763	1158	ST-RELA	S	RELA-sc1	recurrence
foreman_1158_2_TCGAACAGTTTCGTTT	2876	6794	0.12040035325287018	1158	ST-RELA	G1	RELA-sc1	recurrence
foreman_1158_2_TCGCACTGTTAGGACG	3015	7318	0.1273572014211533	1158	ST-RELA	G2M	RELA-sc1	recurrence
foreman_1158_2_TCGCAGGAGGGTGAGG	2671	7751	0.14720681202425492	1158	ST-RELA	G1	RELA-sc1	recurrence
foreman_1158_2_TCGCAGGCACCACTGG	2470	6896	0.09382250580046404	1158	ST-RELA	G1	RELA-sc1	recurrence
foreman_1158_2_TCGCTTGGTGATAGTA	2904	7929	0.12107453651153992	1158	ST-RELA	G1	RELA-sc1	recurrence
foreman_1158_2_TCGGATAAGAGCAAGA	2475	6354	0.1251180358829084	1158	ST-RELA	G1	RELA-sc1	recurrence
foreman_1158_2_TCGGGTGGTCTTGAAC	3162	8203	0.14482506400097525	1158	ST-RELA	G1	RELA-sc1	recurrence
foreman_1158_2_TCGGTCTCAAAGGTTA	2833	7228	0.10666851134477033	1158	ST-RELA	G1	RELA-sc1	recurrence
foreman_1158_2_TCGTCCAAGTGGAATT	3339	9075	0.10181818181818182	1158	ST-RELA	S	RELA-sc1	recurrence
foreman_1158_2_TCGTGGGGTAGAATAC	2250	5203	0.1837754709727028	1158	ST-RELA	S	RELA-sc1	recurrence
foreman_1158_2_TCTACATAGCTGCCTG	2815	7321	0.1314028138232482	1158	ST-RELA	G1	RELA-sc1	recurrence
foreman_1158_2_TCTATACAGGCAGGGA	2646	7141	0.11118890911637026	1158	ST-RELA	G1	RELA-sc1	recurrence
foreman_1158_2_TCTCACGAGGACAGCT	4016	12415	0.1026983487716472	1158	ST-RELA	S	RELA-sc1	recurrence
foreman_1158_2_TCTGTCGCACCAATTG	3196	9892	0.12496208674552624	1158	ST-RELA	G1	RELA-sc1	recurrence
foreman_1158_2_TCTTAGTGTGCAGATG	1579	3374	0.13455838767042086	1158	ST-RELA	S	RELA-sc1	recurrence
foreman_1158_2_TCTTGCGGTTAGGACG	3875	11868	0.1312041796578748	1158	ST-RELA	G1	RELA-sc1	recurrence
foreman_1158_2_TCTTGCGTCCGACGGT	3296	8473	0.1166194523135033	1158	ST-RELA	G1	RELA-sc1	recurrence
foreman_1158_2_TCTTTGACAAGCCTGC	1831	3840	0.18489583333333334	1158	ST-RELA	G1	RELA-sc1	recurrence
foreman_1158_2_TCTTTGAGTTTGATCG	3130	8560	0.13517934338123613	1158	ST-RELA	G1	RELA-sc1	recurrence
foreman_1158_2_TGAATGCTCTTCCTAA	3494	8999	0.13903089575461214	1158	ST-RELA	S	RELA-sc1	recurrence
foreman_1158_2_TGACCCTAGGATGGCT	2982	7302	0.12640372500684743	1158	ST-RELA	S	RELA-sc1	recurrence
foreman_1158_2_TGACGCGAGCACAAAT	2752	6794	0.12599352369738004	1158	ST-RELA	G1	RELA-sc1	recurrence
foreman_1158_2_TGACGCGAGTGCCTCG	4491	13062	0.10626244066758536	1158	ST-RELA	S	RELA-sc1	recurrence
foreman_1158_2_TGAGGGATCGCATTAG	2752	7000	0.12058865552221745	1158	ST-RELA	G2M	RELA-sc1	recurrence
foreman_1158_2_TGATCTTCACTGGATT	3179	8455	0.10586704518571091	1158	ST-RELA	G1	RELA-sc1	recurrence
foreman_1158_2_TGATGCACACTTACAG	3500	9501	0.14798442269234818	1158	ST-RELA	G1	RELA-sc1	recurrence
foreman_1158_2_TGATTTCGTGTCTTCC	3275	8955	0.09212730318257957	1158	ST-RELA	G2M	RELA-sc1	recurrence
foreman_1158_2_TGCACGGAGGCCTGAA	3007	8068	0.13349033217649975	1158	ST-RELA	G1	RELA-sc1	recurrence
foreman_1158_2_TGCAGATCAAAGTATG	2686	6903	0.13906996957844414	1158	ST-RELA	G1	RELA-sc1	recurrence
foreman_1158_2_TGCAGGCCAAGCAATA	3898	10868	0.11566065513433935	1158	ST-RELA	G1	RELA-sc1	recurrence
foreman_1158_2_TGCAGTAAGATCGACG	2138	5027	0.15675353093296202	1158	ST-RELA	G1	RELA-sc1	recurrence
foreman_1158_2_TGCAGTAAGCATTGAA	2826	6913	0.1152900332706495	1158	ST-RELA	S	RELA-sc1	recurrence
foreman_1158_2_TGCAGTAGTCACTCGG	3475	10058	0.13126491646778043	1158	ST-RELA	G1	RELA-sc1	recurrence
foreman_1158_2_TGCAGTAGTGAATTAG	3269	8870	0.13686583990980833	1158	ST-RELA	G1	RELA-sc1	recurrence
foreman_1158_2_TGCATCCAGCAAATGT	3418	9130	0.11292442497261775	1158	ST-RELA	S	RELA-sc1	recurrence
foreman_1158_2_TGCATCCGTCCGCAGT	3632	10142	0.13310984026819167	1158	ST-RELA	S	RELA-sc1	recurrence
foreman_1158_2_TGCATGACAAGAATGT	3166	9910	0.139656912209889	1158	ST-RELA	G1	RELA-sc1	recurrence
foreman_1158_2_TGCATGACACCGCTAG	3482	9672	0.10638957816377172	1158	ST-RELA	S	RELA-sc1	recurrence
foreman_1158_2_TGCCGAGAGCAGTCTT	2713	6851	0.14917530287549263	1158	ST-RELA	G1	RELA-sc1	recurrence
foreman_1158_2_TGCGGCATCGGTCACG	2248	5855	0.10333048676345004	1158	ST-RELA	S	RELA-sc1	recurrence
foreman_1158_2_TGCTGAATCGGTCGAC	1802	4012	0.24376869391824527	1158	ST-RELA	G1	RELA-sc1	recurrence
foreman_1158_2_TGCTTCGCATATGAAG	2302	5380	0.11728624535315985	1158	ST-RELA	G2M	RELA-sc1	recurrence
foreman_1158_2_TGGAACTAGCCGTTAT	4173	13467	0.1485854310536868	1158	ST-RELA	G1	RELA-sc1	recurrence
foreman_1158_2_TGGAACTAGTAGACAT	2204	5584	0.22743553008595987	1158	ST-RELA	S	RELA-sc1	recurrence
foreman_1158_2_TGGAGGAGTCCGGCAT	3744	10010	0.12137862137862138	1158	ST-RELA	G1	RELA-sc1	recurrence
foreman_1158_2_TGGGATTGTAGGCTCC	2515	5725	0.09958071278825996	1158	ST-RELA	S	RELA-sc1	recurrence
foreman_1158_2_TGGGTTACACCAGCCA	4421	12808	0.11696728351682674	1158	ST-RELA	S	RELA-sc1	recurrence
foreman_1158_2_TGGTAGTAGGGCCAAT	3369	8777	0.19804010938924338	1158	ST-RELA	S	RELA-sc1	recurrence
foreman_1158_2_TGGTAGTGTAGACGGT	2554	6551	0.12593497176003662	1158	ST-RELA	G1	RELA-sc1	recurrence
foreman_1158_2_TGTACAGTCGCAGTGC	4056	13204	0.12890033323235384	1158	ST-RELA	S	RELA-sc1	recurrence
foreman_1158_2_TGTAGACTCAAACCCA	2363	6145	0.12632264365944978	1158	ST-RELA	G1	RELA-sc1	recurrence
foreman_1158_2_TGTCAGACACCATTCC	3670	9735	0.12225190055475653	1158	ST-RELA	G1	RELA-sc1	recurrence
foreman_1158_2_TGTCCCAAGGCCTAAG	2608	6684	0.07197366452192129	1158	ST-RELA	S	RELA-sc1	recurrence
foreman_1158_2_TGTGATGGTCAGTCGC	2485	6492	0.18792359827479976	1158	ST-RELA	G1	RELA-sc1	recurrence
foreman_1158_2_TGTGATGGTCCATACA	2636	6878	0.10439081128234952	1158	ST-RELA	G1	RELA-sc1	recurrence
foreman_1158_2_TGTGCGGTCCCGGTAG	2637	7048	0.10940825883354618	1158	ST-RELA	G1	RELA-sc1	recurrence
foreman_1158_2_TGTGGCGTCGGCTGTG	2647	6902	0.12159420289855072	1158	ST-RELA	G1	RELA-sc1	recurrence
foreman_1158_2_TGTTCATAGGCGAAGG	2952	8018	0.14918298615442185	1158	ST-RELA	G1	RELA-sc1	recurrence
foreman_1158_2_TGTTCATGTCGAGCTC	2936	7703	0.14409970141503312	1158	ST-RELA	S	RELA-sc1	recurrence
foreman_1158_2_TGTTCCGGTCACAGAG	3986	12121	0.14644006270109727	1158	ST-RELA	S	RELA-sc1	recurrence
foreman_1158_2_TGTTCTAAGAAACACT	2831	7847	0.1010577290684338	1158	ST-RELA	S	RELA-sc1	recurrence
foreman_1158_2_TGTTCTATCGAAGCAG	2277	5634	0.14146254881079162	1158	ST-RELA	G1	RELA-sc1	recurrence
foreman_1158_2_TGTTGAGTCGAAGTGG	2504	6163	0.13288982638325492	1158	ST-RELA	G1	RELA-sc1	recurrence
foreman_1158_2_TGTTGAGTCGAGCTGC	2586	6292	0.22838525111252383	1158	ST-RELA	G1	RELA-sc1	recurrence
foreman_1158_2_TTACCATAGCATGATA	2224	4793	0.183183809722512	1158	ST-RELA	G1	RELA-sc1	recurrence
foreman_1158_2_TTACCGCGTCCTCCTA	3548	9694	0.19898906540127914	1158	ST-RELA	S	RELA-sc1	recurrence
foreman_1158_2_TTACGTTTCCGCTTAC	2411	6318	0.26242481798037354	1158	ST-RELA	G1	RELA-sc1	recurrence
foreman_1158_2_TTAGGGTGTCCAGGTC	2822	7852	0.12457011845624762	1158	ST-RELA	G1	RELA-sc1	recurrence
foreman_1158_2_TTAGTCTCAGGTATGG	3085	8080	0.12154969674464662	1158	ST-RELA	G1	RELA-sc1	recurrence
foreman_1158_2_TTCAATCAGAGAATCT	3244	9487	0.1678085801623274	1158	ST-RELA	G1	RELA-sc1	recurrence
foreman_1158_2_TTCACCGAGAAGCGGG	4304	14767	0.14078688968646305	1158	ST-RELA	G1	RELA-sc1	recurrence
foreman_1158_2_TTCACGCCACTCCGAG	3114	8084	0.06296387926768926	1158	ST-RELA	G1	RELA-sc1	recurrence
foreman_1158_2_TTCATGTGTGAGTGAC	2840	7555	0.16664460622104565	1158	ST-RELA	G1	RELA-sc1	recurrence
foreman_1158_2_TTCCACGCATTGGGAG	2945	9243	0.12409390890403549	1158	ST-RELA	G1	RELA-sc1	recurrence
foreman_1158_2_TTCCGGTCACAGAGCA	3219	7917	0.14906518443658415	1158	ST-RELA	S	RELA-sc1	recurrence
foreman_1158_2_TTCCTAACATGATCTG	3128	8883	0.16267026905324777	1158	ST-RELA	G1	RELA-sc1	recurrence
foreman_1158_2_TTCGATTAGCGCTTCG	2950	8014	0.1196805191563709	1158	ST-RELA	G1	RELA-sc1	recurrence
foreman_1158_2_TTCGCTGGTTCCCAAA	3351	9340	0.13940042826552462	1158	ST-RELA	G1	RELA-sc1	recurrence
foreman_1158_2_TTCGGTCCATGGCCAC	3019	7580	0.15158311345646439	1158	ST-RELA	G1	RELA-sc1	recurrence
foreman_1158_2_TTCTAGTAGGCCTAAG	3347	9477	0.11037248074285111	1158	ST-RELA	S	RELA-sc1	recurrence
foreman_1158_2_TTCTCTCAGGAGTCTG	3621	9653	0.12070037297969333	1158	ST-RELA	G1	RELA-sc1	recurrence
foreman_1158_2_TTCTCTCAGTAAGAGG	3976	11387	0.11917098445595854	1158	ST-RELA	S	RELA-sc1	recurrence
foreman_1158_2_TTCTTCCTCGAGTCCG	2454	5673	0.19760267935836417	1158	ST-RELA	S	RELA-sc1	recurrence
foreman_1158_2_TTCTTGAGTGAGGCAT	2630	6355	0.11502753737214791	1158	ST-RELA	S	RELA-sc1	recurrence
foreman_1158_2_TTGAACGAGCCTGAAG	5420	19408	0.1563868707167517	1158	ST-RELA	S	RELA-sc1	recurrence
foreman_1158_2_TTGACCCAGAGGTCAC	2253	5639	0.16580954069870543	1158	ST-RELA	S	RELA-sc1	recurrence
foreman_1158_2_TTGACCCAGATACTGA	3364	8958	0.1395400759098013	1158	ST-RELA	G1	RELA-sc1	recurrence
foreman_1158_2_TTGCATTCATGGAATA	2891	8367	0.12836141986375044	1158	ST-RELA	G1	RELA-sc1	recurrence
foreman_1158_2_TTGCGTCGTTCTGAGT	1840	3879	0.15235885537509666	1158	ST-RELA	G1	RELA-sc1	recurrence
foreman_1158_2_TTGGATGCATAATCGC	3704	10415	0.13184175148838104	1158	ST-RELA	G1	RELA-sc1	recurrence
foreman_1158_2_TTGGATGGTTACAGCT	3260	10143	0.14137829044661343	1158	ST-RELA	G1	RELA-sc1	recurrence
foreman_1158_2_TTGGTTTAGAGTTGTA	3220	8296	0.13488428158148505	1158	ST-RELA	S	RELA-sc1	recurrence
foreman_1158_2_TTGTGGATCATGTCAG	2856	8421	0.10973871733966746	1158	ST-RELA	G1	RELA-sc1	recurrence
foreman_1158_2_TTTACCAAGCCATTCA	2514	5870	0.24684838160136285	1158	ST-RELA	G1	RELA-sc1	recurrence
foreman_1158_2_TTTAGTCGTTCTCTCG	2600	6323	0.1339554009172861	1158	ST-RELA	S	RELA-sc1	recurrence
foreman_1158_2_TTTATGCCAGGTAGTG	3218	8911	0.14846818538884524	1158	ST-RELA	G1	RELA-sc1	recurrence
foreman_1158_2_TTTCAGTCATTAAAGG	3243	8695	0.1794134560092007	1158	ST-RELA	G1	RELA-sc1	recurrence
foreman_1158_2_TTTCAGTTCTTCACGC	3060	7853	0.1733095632242455	1158	ST-RELA	G2M	RELA-sc1	recurrence
foreman_1158_2_TTTCCTCTCATTCGTT	3170	7393	0.14339826839826839	1158	ST-RELA	S	RELA-sc1	recurrence
foreman_1158_2_TTTCGATAGATACGAT	2900	7366	0.11079429735234216	1158	ST-RELA	G1	RELA-sc1	recurrence
foreman_1158_2_TTTCGATGTCGAAGCA	2623	6779	0.1200767074789792	1158	ST-RELA	G1	RELA-sc1	recurrence
foreman_1158_2_TTTCGATTCGATGGAG	2873	6681	0.11330639125879359	1158	ST-RELA	G1	RELA-sc1	recurrence
foreman_1158_2_TTTCGATTCTTCCCAG	3902	10884	0.11623633189377928	1158	ST-RELA	G1	RELA-sc1	recurrence
foreman_1158_2_AACCCAATCTTCGTGC	3686	10140	0.1765285996055227	1158	ST-RELA	S	RELA-sc1	recurrence
foreman_1158_2_AAGTTCGTCACAATGC	2715	6717	0.1264145324597975	1158	ST-RELA	G1	RELA-sc1	recurrence
foreman_1158_2_ACACAGTAGTCCCGAC	4157	12239	0.11152871966663944	1158	ST-RELA	S	RELA-sc1	recurrence
foreman_1158_2_ACCAAACAGAGCAACC	3973	12053	0.13606570978179705	1158	ST-RELA	S	RELA-sc1	recurrence
foreman_1158_2_ACTGATGTCTACGGGC	3015	7326	0.07971607971607972	1158	ST-RELA	S	RELA-sc1	recurrence
foreman_1158_2_ACTGTGAAGCGTTAGG	3205	7840	0.12476081132797551	1158	ST-RELA	G1	RELA-sc1	recurrence
foreman_1158_2_ACTGTGAGTGCTAGCC	3069	8062	0.1400396923840238	1158	ST-RELA	G1	RELA-sc1	recurrence
foreman_1158_2_ACTTATCGTCACCGAC	2129	4394	0.16226672735548475	1158	ST-RELA	S	RELA-sc1	recurrence
foreman_1158_2_AGTTCGAAGCGGTAGT	4247	12892	0.18035838957412148	1158	ST-RELA	G1	RELA-sc1	recurrence
foreman_1158_2_ATCACAGCACGACGTC	3327	9071	0.14665343477781453	1158	ST-RELA	S	RELA-sc1	recurrence
foreman_1158_2_ATCGGCGAGCATGAAT	2032	4316	0.17099165894346618	1158	ST-RELA	S	RELA-sc1	recurrence
foreman_1158_2_ATTCCCGAGCCGATTT	4690	15807	0.12551401277914848	1158	ST-RELA	S	RELA-sc1	recurrence
foreman_1158_2_CACTAAGTCCGCGGAT	3000	7390	0.14778725131952902	1158	ST-RELA	G1	RELA-sc1	recurrence
foreman_1158_2_CAGCCAGCAACTCGAT	3501	9439	0.1630469329378112	1158	ST-RELA	S	RELA-sc1	recurrence
foreman_1158_2_CATTGTTAGCCGGAAT	3284	8587	0.13217654594153955	1158	ST-RELA	G1	RELA-sc1	recurrence
foreman_1158_2_CATTTCAAGTAAGCAT	3100	7425	0.13952861952861953	1158	ST-RELA	S	RELA-sc1	recurrence
foreman_1158_2_CCCTTAGGTCATAGTC	3308	8644	0.1092086996760759	1158	ST-RELA	S	RELA-sc1	recurrence
foreman_1158_2_CCGTTCAAGGGTTGCA	3222	8370	0.14241338112305854	1158	ST-RELA	G1	RELA-sc1	recurrence
foreman_1158_2_CGAGGAAAGTAGGATT	3981	11453	0.11630140574521959	1158	ST-RELA	S	RELA-sc1	recurrence
foreman_1158_2_CGCAGGTGTGCGCTCA	3242	9491	0.18377239199157008	1158	ST-RELA	S	RELA-sc1	recurrence
foreman_1158_2_CGGGACTGTGCACGCT	3710	10342	0.11525817056662155	1158	ST-RELA	S	RELA-sc1	recurrence
foreman_1158_2_CGTCCATCAGGAATCG	3117	8037	0.11523145843703335	1158	ST-RELA	S	RELA-sc1	recurrence
foreman_1158_2_CTACGGGCAGAAGCGT	3227	8150	0.09263803680981596	1158	ST-RELA	G1	RELA-sc1	recurrence
foreman_1158_2_CTCCAACTCCAGCAAT	3751	10344	0.1513100647781108	1158	ST-RELA	G1	RELA-sc1	recurrence
foreman_1158_2_CTCCCTCGTGGGACAT	3304	9350	0.08096256684491979	1158	ST-RELA	S	RELA-sc1	recurrence
foreman_1158_2_CTCCGATTCCACGGGT	3530	9770	0.1164790174002047	1158	ST-RELA	G1	RELA-sc1	recurrence
foreman_1158_2_CTCCTTTCACTATGTG	2989	7441	0.07808090310442145	1158	ST-RELA	G1	RELA-sc1	recurrence
foreman_1158_2_CTCTCGATCTTACGTT	2282	5305	0.187181903864279	1158	ST-RELA	S	RELA-sc1	recurrence
foreman_1158_2_CTTCCGAAGGTCATAA	2855	7794	0.10905824993584809	1158	ST-RELA	G1	RELA-sc1	recurrence
foreman_1158_2_GACACGCCAAAGGTTA	3761	10200	0.13284313725490196	1158	ST-RELA	G1	RELA-sc1	recurrence
foreman_1158_2_GACCGTGGTAGCTGAG	2763	6702	0.12430980450679004	1158	ST-RELA	G1	RELA-sc1	recurrence
foreman_1158_2_GAGTTACTCTGTCAGA	1946	4030	0.2411910669975186	1158	ST-RELA	S	RELA-sc1	recurrence
foreman_1158_2_GATTTCTAGAGGTATT	2744	6635	0.13700075357950264	1158	ST-RELA	G1	RELA-sc1	recurrence
foreman_1158_2_GCCAGCACACACCAGC	3355	10153	0.11751379038613081	1158	ST-RELA	G1	RELA-sc1	recurrence
foreman_1158_2_GCTACAAAGCACGTCC	3200	8947	0.16139488096568683	1158	ST-RELA	S	RELA-sc1	recurrence
foreman_1158_2_GCTACAAGTGTCGCTG	3233	9174	0.1263352954000436	1158	ST-RELA	G1	RELA-sc1	recurrence
foreman_1158_2_GCTTTCGAGCAGGTCA	2131	4413	0.1876274643099932	1158	ST-RELA	S	RELA-sc1	recurrence
foreman_1158_2_GGGTATTGTGCATACT	3454	9311	0.15626678122650628	1158	ST-RELA	G1	RELA-sc1	recurrence
foreman_1158_2_GGGTGAAAGATCCGAG	3193	8202	0.08022433552792002	1158	ST-RELA	S	RELA-sc1	recurrence
foreman_1158_2_GGGTTTATCAACTGGT	4456	13612	0.1591359929468812	1158	ST-RELA	G1	RELA-sc1	recurrence
foreman_1158_2_GGTGTCGGTGGAGGTT	2777	6941	0.10603659415069874	1158	ST-RELA	S	RELA-sc1	recurrence
foreman_1158_2_GGTTCTCCAGTCCCGA	2732	7224	0.12321749965388343	1158	ST-RELA	G2M	RELA-sc1	recurrence
foreman_1158_2_GTGCGTGTCAACTTTC	2714	6976	0.17421852595354173	1158	ST-RELA	G1	RELA-sc1	recurrence
foreman_1158_2_GTGTTAGTCCGTGTCT	4028	11853	0.10064962456762001	1158	ST-RELA	S	RELA-sc1	recurrence
foreman_1158_2_GTTACAGCACAAGCTT	3806	9649	0.11424424631971802	1158	ST-RELA	G1	RELA-sc1	recurrence
foreman_1158_2_TAAGTCGTCTTAGTTC	2444	5333	0.16613538346146633	1158	ST-RELA	G1	RELA-sc1	recurrence
foreman_1158_2_TACACCCCATTCTCTA	3851	11283	0.2088282219464634	1158	ST-RELA	S	RELA-sc1	recurrence
foreman_1158_2_TACTGCCAGCAGCGAT	1047	1823	0.15798134942402633	1158	ST-RELA	S	RELA-sc1	recurrence
foreman_1158_2_TATCAGGGTTGGCTAT	3316	9132	0.1288874288217258	1158	ST-RELA	G1	RELA-sc1	recurrence
foreman_1158_2_TCAGTCCCAAGTGGTG	4462	13947	0.1308525130852513	1158	ST-RELA	S	RELA-sc1	recurrence
foreman_1158_2_TCATTGTGTTCCTACC	4163	12295	0.1481089873932493	1158	ST-RELA	S	RELA-sc1	recurrence
foreman_1158_2_TCATTGTTCCGGTAGC	3977	10821	0.11080306810830792	1158	ST-RELA	S	RELA-sc1	recurrence
foreman_1158_2_TCCTTTCCATGGCGCT	3658	9418	0.08898800042476372	1158	ST-RELA	G2M	RELA-sc1	recurrence
foreman_1158_2_TCGCTCAAGCTACTGT	4574	13673	0.12083973374295955	1158	ST-RELA	S	RELA-sc1	recurrence
foreman_1158_2_TGCAGGCAGGCCACCT	3202	8828	0.14827820570910738	1158	ST-RELA	G1	RELA-sc1	recurrence
foreman_1158_2_TGCAGTAAGTTGGGAC	2436	6489	0.10818307905686546	1158	ST-RELA	G1	RELA-sc1	recurrence
foreman_1158_2_TGCGATAGTGAGCCAA	2541	7004	0.11664762992575671	1158	ST-RELA	G1	RELA-sc1	recurrence
foreman_1158_2_TGGATCATCAGTGTGT	3160	8394	0.13431057084971995	1158	ST-RELA	G1	RELA-sc1	recurrence
foreman_1158_2_TGGGATTCAGAGTAAT	3695	10977	0.20872813411078717	1158	ST-RELA	S	RELA-sc1	recurrence
foreman_1158_2_TTACCATGTCCGAAAG	3830	10810	0.18159111933395006	1158	ST-RELA	S	RELA-sc1	recurrence
foreman_1158_2_TTACCGCCAACCTATG	2379	5757	0.2079207920792079	1158	ST-RELA	G2M	RELA-sc1	recurrence
foreman_1158_2_TTCAGGAAGTATTGCC	2217	4849	0.1790059806145597	1158	ST-RELA	G1	RELA-sc1	recurrence
foreman_1158_2_TTCTCTCGTTGGGTTT	2617	6243	0.19439102564102564	1158	ST-RELA	S	RELA-sc1	recurrence
foreman_1158_2_TTGGATGAGGGCAGAG	1852	4188	0.16551229997611655	1158	ST-RELA	S	RELA-sc1	recurrence
foreman_1158_2_TTGGGATAGAGTGTGC	2110	4681	0.1533860286263619	1158	ST-RELA	G1	RELA-sc1	recurrence
foreman_1158_2_TTGTGGATCCTGATAG	2164	4579	0.24808910242411006	1158	ST-RELA	G1	RELA-sc1	recurrence
foreman_1158_2_TTTGGTTTCACCGGTG	3420	8907	0.10531042999887728	1158	ST-RELA	S	RELA-sc1	recurrence
foreman_1158_2_AAGGTAACAGAAGTGC	3761	10153	0.13573680063041765	1158	ST-RELA	S	RELA-sc1	recurrence
foreman_1158_2_AAGGTAACATGATGCT	2802	8321	0.11537074870808797	1158	ST-RELA	G1	RELA-sc1	recurrence
foreman_1158_2_AAGTGAAGTTGAGTCT	3272	7930	0.176796973518285	1158	ST-RELA	G1	RELA-sc1	recurrence
foreman_1158_2_AATGACCGTCGCAACC	2266	5025	0.14985074626865671	1158	ST-RELA	G1	RELA-sc1	recurrence
foreman_1158_2_ACACAGTAGGTCGTGA	3089	8811	0.12951191827468786	1158	ST-RELA	S	RELA-sc1	recurrence
foreman_1158_2_ACACTGATCGCAATTG	2808	7414	0.160372268680874	1158	ST-RELA	G1	RELA-sc1	recurrence
foreman_1158_2_ACGGAAGTCGGCTGAC	3105	8652	0.1553398058252427	1158	ST-RELA	G1	RELA-sc1	recurrence
foreman_1158_2_ACGTACACACATATGC	1754	3866	0.2033109156751164	1158	ST-RELA	G1	RELA-sc1	recurrence
foreman_1158_2_ACTGATGAGCTAAATG	2749	7123	0.15274463007159905	1158	ST-RELA	G1	RELA-sc1	recurrence
foreman_1158_2_AGAACAATCAAGTGTC	2782	7898	0.10800202582932387	1158	ST-RELA	G1	RELA-sc1	recurrence
foreman_1158_2_AGACTCAGTAGGTTTC	2803	7610	0.19132720105124837	1158	ST-RELA	S	RELA-sc1	recurrence
foreman_1158_2_AGCCAGCCATGGACAG	3686	10095	0.1467062902426944	1158	ST-RELA	G1	RELA-sc1	recurrence
foreman_1158_2_AGCCAGCGTACCATAC	2912	7786	0.12047264320575392	1158	ST-RELA	S	RELA-sc1	recurrence
foreman_1158_2_AGCTTCCAGGGAGGCA	2733	7757	0.12324352198014696	1158	ST-RELA	G1	RELA-sc1	recurrence
foreman_1158_2_AGGTAGGCAACTTGGT	3504	10639	0.17511044271078108	1158	ST-RELA	G2M	RELA-sc1	recurrence
foreman_1158_2_ATAGACCAGCCGGATA	1159	2552	0.2797805642633229	1158	ST-RELA	G1	RELA-sc1	recurrence
foreman_1158_2_CAGTTAGGTGTCACAT	2915	7443	0.1085583769985221	1158	ST-RELA	S	RELA-sc1	recurrence
foreman_1158_2_CTGTACCGTGGTTTAC	2754	6754	0.18537163162570328	1158	ST-RELA	G1	RELA-sc1	recurrence
foreman_1158_2_GAGTCATTCGTAGTGT	2597	6517	0.15728095749578028	1158	ST-RELA	G1	RELA-sc1	recurrence
foreman_1158_2_GGTTGTAGTGCATCTA	3286	8972	0.1767721801159162	1158	ST-RELA	G1	RELA-sc1	recurrence
foreman_1158_2_TGAGGGATCGGAATTC	2856	7683	0.11987504880905896	1158	ST-RELA	G1	RELA-sc1	recurrence
foreman_909_ATGGGAGTCCCTCTTT	218	354	0.2514124293785311	909	ST-RELA	G1	RELA-sc1	primary
foreman_909_CACACAAAGGAATCGC	237	422	0.26365795724465557	909	ST-RELA	G1	RELA-sc1	primary
foreman_909_CGTTAGACACGCATCG	321	575	0.2852173913043478	909	ST-RELA	G1	RELA-sc1	primary
foreman_909_GCTGGGTTCCTTGCCA	262	364	0.13736263736263737	909	ST-RELA	G2M	RELA-sc1	primary
foreman_909_GTCGGGTTCCACGAAT	228	302	0.0728476821192053	909	ST-RELA	G2M	RELA-sc1	primary
foreman_909_TCGCGTTTCATCGCTC	234	367	0.26975476839237056	909	ST-RELA	G1	RELA-sc1	primary
foreman_909_GGCTCGAGTCTAAAGA	534	728	0.0673076923076923	909	ST-RELA	G2M	RELA-sc1	primary
foreman_909_AATCGGTGTCTTGCGG	260	475	0.22526315789473683	909	ST-RELA	G1	RELA-sc1	primary
foreman_909_GTGCGGTCAATAACGA	252	352	0.14204545454545456	909	ST-RELA	G1	RELA-sc1	primary
foreman_727_AACTTTCGTTAAGGGC	623	927	0.07766990291262135	727	PFA2	G1	PFB	primary
foreman_727_CACATTTCATCTCCCA	389	508	0.01972386587771203	727	PFA2	G2M	PFB	primary
foreman_727_AGAGTGGTCAATACCG	643	1234	0.22366288492706646	727	PFA2	G1	PFB	primary
foreman_727_AGATTGCGTATAATGG	541	869	0.1565017261219793	727	PFA2	G1	PFB	primary
foreman_727_AGCGGTCAGCGCCTTG	944	1765	0.16666666666666666	727	PFA2	G1	PFB	primary
foreman_727_AGGGATGTCGGCCGAT	516	728	0.1565934065934066	727	PFA2	G2M	PFB	primary
foreman_727_AGTTGGTTCGGAATCT	372	543	0.16758747697974216	727	PFA2	G2M	PFB	primary
foreman_727_CATATGGGTCTGATTG	987	2053	0.2797270955165692	727	PFA2	G1	RELA-sc3	primary
foreman_727_CATCAAGTCAACGGGA	1763	3954	0.08171009359979763	727	PFA2	G1	CEC	primary
foreman_727_CATGACAAGGTCATCT	1026	1791	0.06867671691792294	727	PFA2	G1	PFB	primary
foreman_727_CTAAGACAGAAGGTTT	385	522	0.07471264367816093	727	PFA2	G1	PFB	primary
foreman_727_GAGTCCGGTTGCCTCT	1226	2542	0.14448818897637794	727	PFA2	G1	RELA-sc3	primary
foreman_727_GGAACTTTCTGTTGAG	423	597	0.08877721943048576	727	PFA2	G2M	PFB	primary
foreman_727_TACTCATTCAGTTAGC	760	1229	0.12611879576891782	727	PFA2	S	PFB	primary
foreman_727_TAGTGGTAGAGTAAGG	606	871	0.002296211251435132	727	PFA2	G2M	PFB	primary
foreman_727_TTCTTAGAGGAATGGA	412	579	0.1001727115716753	727	PFA2	G1	PFB	primary
foreman_727_ACGCCGAAGGGTGTTG	601	1019	0.16879293424926398	727	PFA2	G1	PFB	primary
foreman_727_CGGACGTGTTACTGAC	431	543	0.03130755064456722	727	PFA2	S	PFB	primary
foreman_727_CTTTGCGCATCCCACT	609	1016	0.21161417322834647	727	PFA2	S	PFB	primary
foreman_781_CCCATACTCAGCAACT	432	544	0.03125	781	PFA1	G1	PFB	primary
foreman_781_GTATTCTTCCAACCAA	581	797	0.05269761606022585	781	PFA1	G2M	PFB	primary
foreman_781_AAGGAGCGTGCGCTTG	718	1206	0.0472636815920398	781	PFA1	G1	PFB	primary
foreman_781_ACCAGTAGTACTTCTT	708	1175	0.1354344122657581	781	PFA1	G1	PFB	primary
foreman_781_ATTGGTGTCCGTAGTA	819	1505	0.09302325581395349	781	PFA1	G1	PFB	primary
foreman_781_CTCTACGAGTACGACG	513	747	0.07362784471218206	781	PFA1	G2M	PFB	primary
foreman_781_GCATGTATCGTGGACC	645	1157	0.2515125324114088	781	PFA1	G1	PFB	primary
foreman_781_GTCACGGTCGGATGGA	634	993	0.08157099697885196	781	PFA1	G1	PFB	primary
foreman_781_TGGGCGTGTCCAGTTA	443	616	0.04220779220779221	781	PFA1	G2M	PFB	primary
foreman_781_TTCCCAGCACAGGTTT	568	808	0.07301980198019802	781	PFA1	G1	PFB	primary
foreman_781_ATCCACCCATTCGACA	458	709	0.16361071932299012	781	PFA1	S	PFB	primary
foreman_848_GATCGTACAAACTGTC	457	594	0.08754208754208755	848	PFA1	S	PFB	primary
foreman_848_ACCAGTACAGGGAGAG	458	577	0.10745233968804159	848	PFA1	G1	PFB	primary
foreman_848_ACGCCAGTCGCGCCAA	388	505	0.047619047619047616	848	PFA1	G2M	PFB	primary
foreman_848_AGCCTAATCCCAGGTG	398	532	0.09398496240601503	848	PFA1	S	PFB	primary
foreman_848_CCTATTAGTCAACTGT	580	935	0.042826552462526764	848	PFA1	G2M	PFB	primary
foreman_848_CGCGGTACATCCTTGC	464	646	0.029411764705882353	848	PFA1	G2M	PFB	primary
foreman_848_CGTCCATCAGATTGCT	539	768	0.040364583333333336	848	PFA1	G2M	PFB	primary
foreman_848_CTACATTGTTCCGGCA	472	608	0.044407894736842105	848	PFA1	G1	PFB	primary
foreman_848_GGCGACTAGTTTGCGT	444	615	0.05040650406504065	848	PFA1	S	PFB	primary
foreman_848_TACAGTGCATCCCACT	487	692	0.06069364161849711	848	PFA1	S	PFB	primary
foreman_848_TACCTTATCAGGCGAA	581	851	0.19623971797884843	848	PFA1	G1	PFB	primary
foreman_848_TATTACCTCGTACGGC	481	691	0.0361794500723589	848	PFA1	G2M	PFB	primary
foreman_848_TCTATTGCATCGACGC	473	729	0.09602194787379972	848	PFA1	G2M	PFB	primary
foreman_848_TCTGAGACAGGCTCAC	444	670	0.06716417910447761	848	PFA1	G2M	PFB	primary
foreman_848_TGGCTGGCACCAGCAC	453	605	0.06942148760330578	848	PFA1	S	PFB	primary
foreman_871_ACTATCTCAAGCTGTT	210	262	0.019083969465648856	871	PFA1	G2M	PFB	primary
foreman_871_AGTGAGGTCTCGAGTA	228	278	0.02877697841726619	871	PFA1	G2M	PFB	primary
foreman_871_CACCACTTCAAACCGT	274	379	0.07387862796833773	871	PFA1	G1	PFB	primary
foreman_871_CTGAAGTTCAGAAATG	282	343	0.06997084548104957	871	PFA1	S	PFB	primary
foreman_871_GCAGTTAGTCCGCTGA	285	371	0.026954177897574125	871	PFA1	G2M	PFB	primary
foreman_871_TATTACCCATTACGAC	221	260	0.04230769230769231	871	PFA1	G2M	PFB	primary
foreman_871_GATTCAGGTAAGTTCC	391	494	0.060851926977687626	871	PFA1	G1	PFB	primary
foreman_871_TAGAGCTAGGCTCTTA	290	366	0.02459016393442623	871	PFA1	S	PFB	primary
foreman_871_TCACAAGGTCTCCACT	332	428	0.03271028037383177	871	PFA1	G1	PFB	primary
foreman_897_ACACCGGTCGGACAAG	798	1480	0.2445945945945946	897	PFA2	S	PFB	primary
foreman_897_ACGGCCACATTTCAGG	622	991	0.16750756811301715	897	PFA2	S	PFB	primary
foreman_897_AGGTCCGCAGCTATTG	667	985	0.083248730964467	897	PFA2	G1	PFB	primary
foreman_897_CATCGGGCATGTAAGA	495	919	0.2676822633297062	897	PFA2	S	PFB	primary
foreman_897_CTTACCGGTCAGTGGA	700	1224	0.07026143790849673	897	PFA2	G1	PFB	primary
foreman_897_GAAACTCAGGAGCGAG	939	2065	0.12009685230024213	897	PFA2	S	PFB	primary
foreman_897_GCCAAATAGATCACGG	760	1382	0.07091172214182344	897	PFA2	G1	PFB	primary
foreman_897_TCAGATGGTAATCACC	557	838	0.08472553699284009	897	PFA2	S	PFB	primary
foreman_897_ACGATACCAGGCTCAC	965	1800	0.14666666666666667	897	PFA2	G1	PFB	primary
foreman_897_CTACGTCCAATCGGTT	1179	2235	0.20993733213965982	897	PFA2	G2M	PFB	primary
foreman_897_GAATAAGCATTATCTC	995	1686	0.0456973293768546	897	PFA2	G2M	PFB	primary
foreman_911_AGTGGGAAGAAGGGTA	243	308	0.01948051948051948	911	PFA2	G2M	PFB	primary
foreman_911_GCACTCTAGGATATAC	237	319	0.06269592476489028	911	PFA2	G1	PFB	primary
foreman_928_ACTTGTTTCATTCACT	217	280	0.11428571428571428	928	PFA1	S	PFB	primary
foreman_928_AGTGGGAAGAAGGGTA	254	323	0.015479876160990712	928	PFA1	G2M	PFB	primary
foreman_928_TCAGGATAGTGGCACA	202	240	0.0625	928	PFA1	G1	PFB	primary
foreman_928_TCGGGACTCAGCAACT	258	306	0.026143790849673203	928	PFA1	G2M	PFB	primary
foreman_965_ACGGGCTCATGGGACA	411	545	0.007339449541284404	965	PFA2	G2M	PFB	primary
foreman_965_AGCTCTCTCCGGCACA	430	615	0.0975609756097561	965	PFA2	G1	PFB	primary
foreman_965_CGGCTAGCATACGCTA	732	1458	0.19615912208504802	965	PFA2	G1	PFB	primary
foreman_965_AAAGATGTCATTTGGG	479	783	0.2120051085568327	965	PFA2	G1	PFB	primary
foreman_965_AAAGTAGCATTCTCAT	587	1010	0.0900990099009901	965	PFA2	G2M	PFB	primary
foreman_965_ACACTGATCGGTCCGA	852	1669	0.025763930497303775	965	PFA2	G1	PFB	primary
foreman_965_ACGATACCACTTACGA	444	637	0.09733124018838304	965	PFA2	G1	PFB	primary
foreman_965_ACGGCCAAGAGGTTGC	396	559	0.15026833631484796	965	PFA2	G1	PFB	primary
foreman_965_AGCGTCGGTACCGCTG	946	1670	0.04491017964071856	965	PFA2	G1	PFB	primary
foreman_965_ATAGACCCAATACGCT	612	1107	0.09764918625678119	965	PFA2	G1	PFB	primary
foreman_965_CATCAGACAATGACCT	711	1568	0.08359923420548819	965	PFA2	G1	PFB	primary
foreman_965_CCACCTAAGCAAATCA	456	662	0.054380664652567974	965	PFA2	S	PFB	primary
foreman_965_CGGTTAATCCCATTTA	610	1005	0.11243781094527364	965	PFA2	G1	PFB	primary
foreman_965_CTAACTTCACCAGGTC	738	1215	0.0024691358024691358	965	PFA2	G1	PFB	primary
foreman_965_GACAGAGTCCATGAGT	419	545	0.003669724770642202	965	PFA2	G2M	PFB	primary
foreman_965_GCATGATAGCCCGAAA	1009	2063	0.13717886572952012	965	PFA2	G1	PFB	primary
foreman_965_GGCTCGAAGGCAGTCA	694	1213	0.1236603462489695	965	PFA2	G2M	PFB	primary
foreman_965_GTCACAACACATCTTT	745	2055	0.22384428223844283	965	PFA2	G1	PFB	primary
foreman_965_GTTAAGCTCAATACCG	1166	2677	0.14008218154650728	965	PFA2	G1	PFB	primary
foreman_965_TCACAAGCACAGTCGC	446	657	0.03353658536585366	965	PFA2	G2M	PFB	primary
foreman_965_TGACTAGCACTCGACG	691	1063	0.11100658513640639	965	PFA2	G2M	PFB	primary
foreman_965_TTTACTGCATTCACTT	440	686	0.17201166180758018	965	PFA2	G1	PFB	primary
foreman_965_CCGGTAGTCGTTTAGG	695	1511	0.060927152317880796	965	PFA2	S	PFB	primary
foreman_965_CGAACATCATGTTGAC	1085	1945	0.043187660668380465	965	PFA2	G1	PFB	primary
foreman_987_AGAAGCGAGTCGGCAA	540	654	0.0290519877675841	987	PFA2	S	PFB	primary
foreman_987_AGAAGCGGTGGTAATA	660	870	0.009195402298850575	987	PFA2	G1	PFB	primary
foreman_987_AGTGCCGTCGTGCGAC	490	616	0.006493506493506494	987	PFA2	G1	PFB	primary
foreman_987_CCAATTTAGAGGTATT	1267	2448	0.2839052287581699	987	PFA2	G1	PFB	primary
foreman_987_CTCAAGACAGAGAAAG	633	799	0.03128911138923655	987	PFA2	G1	PFB	primary
foreman_987_GAAACCTGTGCTGTCG	585	698	0.008595988538681949	987	PFA2	S	PFB	primary
foreman_987_GCCGTGAGTGTCATTG	487	608	0.006578947368421052	987	PFA2	G1	PFB	primary
foreman_987_GTTGCTCCAATGCTCA	464	572	0.027972027972027972	987	PFA2	S	PFB	primary
foreman_987_TCACATTTCCGGACGT	625	775	0.00903225806451613	987	PFA2	G1	PFB	primary
foreman_987_TCCACGTCATTCTCCG	477	569	0.03163444639718805	987	PFA2	S	PFB	primary
foreman_987_TCTGTCGGTGATATAG	459	593	0.01854974704890388	987	PFA2	G2M	PFB	primary
foreman_987_TTCCTAAAGCGACCCT	815	1327	0.17633760361718162	987	PFA2	S	PFB	primary
foreman_987_TTGGATGGTGAGAGGG	509	643	0.01088646967340591	987	PFA2	G2M	PFB	primary
foreman_987_TTTGGAGCATCCTGTC	430	520	0.007692307692307693	987	PFA2	G2M	PFB	primary
foreman_987_AAAGAACGTGCTTCAA	665	862	0.0069605568445475635	987	PFA2	G1	PFB	primary
foreman_987_AACAAGATCAATCCGA	1255	2218	0.21550946798917944	987	PFA2	G1	PFB	primary
foreman_987_AACACACCAATCCTAG	1033	1607	0.07529558182949596	987	PFA2	G2M	PFB	primary
foreman_987_AGACCATAGGGTACGT	818	1237	0.18593371059013744	987	PFA2	G2M	PFB	primary
foreman_987_GAGGGTAAGCCTCCAG	621	799	0.02002503128911139	987	PFA2	G2M	PFB	primary
foreman_987_GTAACACAGGTTAGTA	472	598	0.01839464882943144	987	PFA2	G1	PFB	primary
foreman_987_GTGTTCCCACGGTAGA	1130	1921	0.13118167621030713	987	PFA2	G2M	PFB	primary
foreman_987_TTGAACGGTACTCCCT	751	1245	0.20080321285140562	987	PFA2	G1	PFB	primary
foreman_987_ATCAGGTCAACCCGCA	613	904	0.07300884955752213	987	PFA2	G1	PFB	primary
foreman_1067_CGAGGAACACCATTCC	3431	11366	0.22089236997271847	1067	PFB	G1	PFB	primary
foreman_1067_CTAGGTATCAAGGCTT	3963	13023	0.27159640635798205	1067	PFB	G2M	PFB	primary
foreman_1067_GATTTCTTCCTCTCGA	896	1499	0.15210140093395597	1067	PFB	S	PFB	primary
foreman_1067_GTTGTCCCACAACGAG	4138	15126	0.245405262461986	1067	PFB	G1	PFB	primary
foreman_1067_TCAAGACAGCCGAACA	4863	19546	0.28713985978199685	1067	PFB	G1	PFB	primary
foreman_1067_TCACACCCAGAGTTGG	2561	6497	0.14375865784208097	1067	PFB	G2M	PFB	primary
foreman_1067_TGAATGCTCATCGTAG	3553	10920	0.16584249084249084	1067	PFB	S	PFB	primary
foreman_1067_TGATCAGTCTTACCAT	2042	5339	0.2225135793219704	1067	PFB	G1	PFB	primary
foreman_1067_TGGTAGTGTCATATGC	3948	13025	0.19011056511056512	1067	PFB	G1	PFB	primary
foreman_1067_ACATCGATCATTGGTG	403	545	0.12477064220183487	1067	PFB	S	PFB	primary
foreman_1067_AAAGTGAAGTGGTGAC	3748	13685	0.2254457760888629	1067	PFB	G1	PFB	primary
foreman_1067_ACACGCGAGCGATGCA	4090	14523	0.19213552785620824	1067	PFB	G1	PFB	primary
foreman_1067_ACTGATGAGGTTCCGC	2432	6730	0.2276374442793462	1067	PFB	G1	PFB	primary
foreman_1067_AGACAAATCTGCATAG	2793	7725	0.21993527508090616	1067	PFB	G1	PFB	primary
foreman_1067_AGAGCCCTCGGACGTC	2706	7385	0.27021535960991466	1067	PFB	S	PFB	primary
foreman_1067_AGTACTGAGATTGACA	4108	15078	0.1993633107839236	1067	PFB	G1	PFB	primary
foreman_1067_AGTGCCGGTCATGCAT	4839	17686	0.1920031670625495	1067	PFB	G1	PFB	primary
foreman_1067_ATCACAGCATACAGGG	4817	18185	0.29503959524857015	1067	PFB	G1	PFB	primary
foreman_1067_ATCACGAGTACGTACT	3558	12816	0.13781801154986734	1067	PFB	S	PFB	primary
foreman_1067_ATCATTCGTTAGTCGT	3638	12245	0.21919150673744386	1067	PFB	G1	PFB	primary
foreman_1067_ATTCCATTCACCATGA	3237	9581	0.2607515657620042	1067	PFB	S	PFB	primary
foreman_1067_CAAGACTGTGGAACAC	4747	19673	0.26813399074874195	1067	PFB	G1	PFB	primary
foreman_1067_CACTGAACATAAGCAA	4440	17718	0.18992773261065943	1067	PFB	S	PFB	primary
foreman_1067_TGAGTCATCTCGTCAC	2488	7263	0.26049841663224566	1067	PFB	G2M	PFB	primary
foreman_1067_CACTGAAGTACCGTCG	4458	15353	0.17568888020324408	1067	PFB	S	PFB	primary
foreman_1067_CCCTAACGTTGCGAAG	4714	22583	0.26479185119574844	1067	PFB	G2M	PFB	primary
foreman_1067_CCCTCAAAGAAGGCTC	4127	13787	0.2555305722782331	1067	PFB	G1	PFB	primary
foreman_1067_CTATCTATCACGGGAA	2704	7272	0.28657865786578657	1067	PFB	G1	PFB	primary
foreman_1067_CTCCATGAGTGTAGTA	3782	13115	0.2574348025011438	1067	PFB	G1	PFB	primary
foreman_1067_CTCCTCCAGGAGGTTC	3241	11005	0.223323032175968	1067	PFB	G1	PFB	primary
foreman_1067_GAATCACGTGTAGGAC	3018	7124	0.1294398427628808	1067	PFB	G2M	PFB	primary
foreman_1067_GACTATGGTTGATCGT	1899	4309	0.20259921095381758	1067	PFB	G2M	PFB	primary
foreman_1067_GTCCTCAGTCGAATTC	3955	13822	0.2785094066570188	1067	PFB	G2M	PFB	primary
foreman_1067_GTCGTTCCATTAGGCT	4187	14028	0.178714000570288	1067	PFB	S	PFB	primary
foreman_1067_TCAGGTAAGCTACTAC	3357	10929	0.25061762283832006	1067	PFB	S	PFB	primary
foreman_1067_TCAGGTATCCTCTTTC	3274	9473	0.16096324461343473	1067	PFB	G2M	PFB	primary
foreman_1067_TGAATGCCATAGAGGC	4026	12340	0.15681983953318746	1067	PFB	S	PFB	primary
foreman_1067_TTCCTTCGTCCTACAA	4350	13892	0.22372588540167002	1067	PFB	G2M	PFB	primary
foreman_1067_TTCGGTCAGATAGCTA	3367	10131	0.2257650542941757	1067	PFB	G2M	PFB	primary
foreman_1067_TTTCCTCAGTGCGACA	3460	9849	0.19646664636003655	1067	PFB	G1	PFB	primary
foreman_1067_GATGACTCATGTGACT	534	695	0.11366906474820145	1067	PFB	G1	PFB	primary
foreman_1101_AAGGCAGTCCACGCAG	1325	2994	0.11155644622578491	1101	PFA2	G1	PFB	primary
foreman_1185_CGTCAAAGTTACCTGA	438	564	0.005319148936170213	1185	ST-YAP	S	PFB	primary
foreman_1185_AATAGAGGTGTCTTGA	990	1973	0.0040547389761784085	1185	ST-YAP	S	PFB	primary
foreman_1185_AGACAGGCATTCAGGT	923	1277	7.830853563038371e-4	1185	ST-YAP	G2M	PFB	primary
foreman_1185_CGGGCATTCGTGTCAA	624	964	0.001037344398340249	1185	ST-YAP	G2M	PFB	primary
foreman_1185_CTTTCAAGTACTAACC	1244	2118	0.025495750708215296	1185	ST-YAP	G1	PFB	primary
foreman_1185_TCCTTTCCATCCAACA	629	1000	0	1185	ST-YAP	G1	PFB	primary
foreman_1185_TGGGTTATCCACGAAT	669	1069	0.1412535079513564	1185	ST-YAP	G2M	PFB	primary
foreman_1386_ACGGAGACAAAGCGGT	4036	10841	0.08320265658149617	1386	ST-RELA	G1	PFB	recurrence
foreman_1386_GCGAGAATCAGCACAT	2205	5932	0.06119352663519892	1386	ST-RELA	G1	PFB	recurrence
foreman_1386_TGGGCGTCAGGCTGAA	827	1403	0.03492516037063435	1386	ST-RELA	S	PFB	recurrence
foreman_1386_TTAGGCAAGACAAGCC	1911	5081	0.05550088565243062	1386	ST-RELA	S	PFB	recurrence
foreman_1386_AGCAGCCCAGCGATCC	3344	10113	0.07753164556962025	1386	ST-RELA	S	PFB	recurrence
foreman_870_GGGAATGTCTTTAGTC	741	1276	0.10031347962382445	870	ST-RELA	G2M	PFB	primary
foreman_870_AGCAGCCTCCTGCTTG	800	1214	0.004118616144975288	870	ST-RELA	G1	PFB	primary
foreman_870_AGCGGTCGTCAAACTC	2839	7110	0.03530239099859353	870	ST-RELA	G1	PFB	primary
foreman_870_AGGTCATCAATGGTCT	2810	8033	0.07033486866674966	870	ST-RELA	S	PFB	primary
foreman_870_ATTACTCTCTGTACGA	615	949	0.018967334035827187	870	ST-RELA	S	PFB	primary
foreman_870_CAACTAGCACGGATAG	1327	2764	0.06982633863965268	870	ST-RELA	G2M	PFB	primary
foreman_870_CACCAGGGTCTGCGGT	2803	6814	0.0771940123275609	870	ST-RELA	G1	PFB	primary
foreman_870_CCCAATCAGTTGCAGG	2762	6275	0.04334661354581673	870	ST-RELA	S	PFB	primary
foreman_870_CCTACCATCTCGGACG	2634	6340	0.05000788767944471	870	ST-RELA	G1	PFB	primary
foreman_870_CGACTTCAGATCCGAG	2801	7768	0.05934603501544799	870	ST-RELA	G1	PFB	primary
foreman_870_CGTTAGATCGGAAACG	696	1127	0.10035523978685613	870	ST-RELA	S	PFB	primary
foreman_870_GACGCGTTCCCTCTTT	2929	7331	0.07365980084572364	870	ST-RELA	S	PFB	primary
foreman_870_GCAGTTACAATGCCAT	1061	1972	0.09482758620689655	870	ST-RELA	G1	PFB	primary
foreman_870_GGACAGATCCAGTAGT	3162	8508	0.055124588622472964	870	ST-RELA	G1	PFB	primary
foreman_870_GGTGCGTAGATCCTGT	2872	8499	0.18427865380089434	870	ST-RELA	G1	PFB	primary
foreman_870_TAAGCGTCAGGATTGG	1985	3896	0.055184804928131416	870	ST-RELA	G1	PFB	primary
foreman_870_TGGTTAGGTTTGACAC	948	1705	0.0686217008797654	870	ST-RELA	G1	PFB	primary
foreman_870_TTGTAGGTCCCACTTG	1775	4017	0.08663181478715459	870	ST-RELA	G1	PFB	primary
foreman_1347_GAGTTTGTCAGTCCGG	489	640	0.003125	1347	PFA1	S	PFB	primary
foreman_1347_AACAGGGCACACCAGC	2023	4853	0.19352844187963728	1347	PFA1	G1	PFB	primary
foreman_1347_GATGTTGGTTTCTATC	1258	2395	0.17286012526096034	1347	PFA1	G1	PFB	primary
foreman_1347_TCCTTTCTCAAAGAAC	818	1151	0.058260869565217394	1347	PFA1	S	PFB	primary
foreman_1347_TGTCCTGTCTACTTCA	1264	2887	0.27156217526844473	1347	PFA1	S	PFB	primary
foreman_1347_TTTATGCTCGATACTG	860	2278	0.23222124670763827	1347	PFA1	G1	PFB	primary
foreman_909_GATTCAGGTAAGTTCC	266	310	0.035483870967741936	909	ST-RELA	G2M	PFB	primary
foreman_1386_TTCTCAAAGCACCGTC	435	925	0.1989189189189189	1386	ST-RELA	S	RELA-sc5	recurrence
foreman_870_AAAGCAAAGCACAGGT	421	1103	0.27651858567543064	870	ST-RELA	G1	RELA-sc5	primary
foreman_870_AACTTTCTCACTCTTA	463	868	0.2626728110599078	870	ST-RELA	G2M	RELA-sc5	primary
foreman_870_AATCCAGTCGTGGACC	291	858	0.29836829836829837	870	ST-RELA	G1	RELA-sc5	primary
foreman_870_ACGGCCATCCTTGGTC	377	869	0.2073732718894009	870	ST-RELA	S	RELA-sc5	primary
foreman_870_ACTGAACAGAGACTAT	616	1211	0.18166804293971925	870	ST-RELA	G1	RELA-sc5	primary
foreman_870_AGTGGGATCATCTGTT	350	797	0.24341279799247176	870	ST-RELA	S	RELA-sc5	primary
foreman_870_AGTGTCATCGACCAGC	395	734	0.27520435967302453	870	ST-RELA	S	RELA-sc5	primary
foreman_870_ATCACGAGTCGCTTCT	541	1147	0.2938099389712293	870	ST-RELA	G1	RELA-sc5	primary
foreman_870_ATGCGATAGAAGGCCT	878	2345	0.22430703624733475	870	ST-RELA	G1	RELA-sc5	primary
foreman_870_ATTACTCAGCCAGGAT	1084	2803	0.23554603854389722	870	ST-RELA	G1	RELA-sc5	primary
foreman_870_ATTGGTGCAAAGCAAT	316	674	0.19881305637982197	870	ST-RELA	G1	RELA-sc5	primary
foreman_870_CAACCAAAGGACGAAA	255	505	0.29306930693069305	870	ST-RELA	S	RELA-sc5	primary
foreman_870_CAAGGCCAGAGTAAGG	500	1151	0.21894005212858383	870	ST-RELA	G1	RELA-sc5	primary
foreman_870_CACACCTTCGTACCGG	629	1676	0.22732696897374702	870	ST-RELA	G2M	RELA-sc5	primary
foreman_870_CATGCCTGTCAGATAA	760	2417	0.26644600744724867	870	ST-RELA	G1	RELA-sc5	primary
foreman_870_CCAATCCGTAATCACC	329	889	0.23059617547806524	870	ST-RELA	G1	RELA-sc5	primary
foreman_870_CCATGTCGTCAACATC	431	771	0.2697795071335927	870	ST-RELA	G1	RELA-sc5	primary
foreman_870_CTAGTGATCCACGACG	514	1080	0.2675925925925926	870	ST-RELA	G1	RELA-sc5	primary
foreman_870_CTGTTTAAGTACGATA	336	773	0.2574385510996119	870	ST-RELA	G1	RELA-sc5	primary
foreman_870_GAACGGAGTCCTCTTG	364	815	0.24539877300613497	870	ST-RELA	G1	RELA-sc5	primary
foreman_870_GAAGCAGCAAGTTAAG	667	1242	0.24879227053140096	870	ST-RELA	G1	RELA-sc5	primary
foreman_870_GACTAACAGTCTCCTC	433	1148	0.21689895470383275	870	ST-RELA	S	RELA-sc5	primary
foreman_870_GACTACATCGTATCAG	571	1349	0.27575982209043737	870	ST-RELA	G2M	RELA-sc5	primary
foreman_870_GAGCAGACAGCGTAAG	502	1233	0.22465531224655313	870	ST-RELA	S	RELA-sc5	primary
foreman_870_GCGCAGTAGGCCATAG	479	1175	0.29106382978723405	870	ST-RELA	G1	RELA-sc5	primary
foreman_870_GCTCCTAAGAATCTCC	462	1240	0.29758064516129035	870	ST-RELA	S	RELA-sc5	primary
foreman_870_GCTCTGTAGAAGGACA	346	800	0.26375	870	ST-RELA	G1	RELA-sc5	primary
foreman_870_GGACAGAAGACATAAC	373	1105	0.2841628959276018	870	ST-RELA	G2M	RELA-sc5	primary
foreman_870_GGACATTAGAAACCGC	496	1506	0.29747675962815406	870	ST-RELA	S	RELA-sc5	primary
foreman_870_GTAACGTTCTCGAGTA	415	951	0.259726603575184	870	ST-RELA	G1	RELA-sc5	primary
foreman_870_GTAACTGCACACTGCG	523	1352	0.2411242603550296	870	ST-RELA	G1	RELA-sc5	primary
foreman_870_GTATCTTTCTGCTGCT	684	1746	0.24627720504009165	870	ST-RELA	G1	RELA-sc5	primary
foreman_870_GTCACAAGTTTGACAC	427	1151	0.24066029539530842	870	ST-RELA	G1	RELA-sc5	primary
foreman_870_GTCATTTAGATCTGAA	800	1633	0.23882424984690753	870	ST-RELA	G1	RELA-sc5	primary
foreman_870_TACGGTATCTGAGTGT	426	1057	0.2667928098391675	870	ST-RELA	G2M	RELA-sc5	primary
foreman_870_TATGCCCGTGAGGGTT	638	1310	0.2931297709923664	870	ST-RELA	G1	RELA-sc5	primary
foreman_870_TCAACGAAGTAGATGT	825	1935	0.19224806201550387	870	ST-RELA	G1	RELA-sc5	primary
foreman_870_TGAGAGGAGGCATTGG	343	690	0.27246376811594203	870	ST-RELA	S	RELA-sc5	primary
foreman_870_TGGCCAGGTTACCGAT	407	1112	0.25989208633093525	870	ST-RELA	G2M	RELA-sc5	primary
foreman_870_TTAGGCACATTGGTAC	290	641	0.23712948517940718	870	ST-RELA	S	RELA-sc5	primary
foreman_870_TTAGTTCTCACAATGC	411	994	0.2605633802816901	870	ST-RELA	G2M	RELA-sc5	primary
foreman_870_TTCTACATCCTCATTA	445	1149	0.26742160278745647	870	ST-RELA	G2M	RELA-sc5	primary
foreman_870_TTGAACGTCTTCATGT	963	2216	0.24954873646209386	870	ST-RELA	G1	RELA-sc5	primary
foreman_870_CCGTACTCAGGAATCG	855	1670	0.19281437125748502	870	ST-RELA	G2M	RELA-sc5	primary
foreman_870_CGTCCATAGCCACCTG	525	998	0.22745490981963928	870	ST-RELA	S	RELA-sc5	primary
foreman_870_AACCGCGGTGTGGCTC	483	966	0.22901554404145077	870	ST-RELA	S	RELA-sc5	primary
foreman_870_GTACTTTAGAGGTACC	466	1060	0.2018867924528302	870	ST-RELA	G2M	RELA-sc5	primary
foreman_1347_AATGGCTGTACGTGAG	7666	37227	0.12394562939880728	1347	PFA1	G1	PFA-sc7	primary
foreman_1347_ACTATGGAGCTACGTT	6188	28076	0.23372275252885027	1347	PFA1	G1	PFA-sc7	primary
foreman_1347_AACCTGAAGTTGCGAG	4868	14605	0.10328059721936854	1347	PFA1	G1	PFA-sc7	primary
foreman_1347_AAGCGTTCAATGACCT	4601	13626	0.12052260716382854	1347	PFA1	G1	PFA-sc7	primary
foreman_1347_AAGGAATAGTATGGAT	3234	7231	0.1021988659936385	1347	PFA1	G1	PFA-sc7	primary
foreman_1347_AAGTACCAGAGTGTTA	3283	8578	0.15901142457449288	1347	PFA1	G1	PFA-sc7	primary
foreman_1347_ACATGCATCTAAGAAG	3880	11185	0.13535985695127403	1347	PFA1	G1	PFA-sc7	primary
foreman_1347_ACCCTCATCACGGGCT	5026	16190	0.10260686928589079	1347	PFA1	G1	PFA-sc7	primary
foreman_1347_ACCGTTCGTAAGGCCA	2714	5404	0.1373311123449935	1347	PFA1	G1	PFA-sc7	primary
foreman_1347_AGCCACGCATGTAACC	4256	11701	0.0944363729595761	1347	PFA1	S	PFA-sc7	primary
foreman_1347_AGCTCAAAGCCATTCA	3443	6543	0.036085626911314984	1347	PFA1	S	PFA-sc7	primary
foreman_1347_AGGAAATGTACACGCC	5881	27263	0.1948204394556326	1347	PFA1	G1	PFA-sc7	primary
foreman_1347_AGGTCATTCTTCTAAC	4672	13913	0.0398936170212766	1347	PFA1	G1	PFA-sc7	primary
foreman_1347_AGTAGTCAGAAGCGCT	4235	14423	0.20822354735820275	1347	PFA1	G1	PFA-sc7	primary
foreman_1347_AGTAGTCAGCGTTGTT	4114	12691	0.1219070133963751	1347	PFA1	G1	PFA-sc7	primary
foreman_1347_AGTGACTGTCACAATC	4066	10978	0.06850687801767331	1347	PFA1	G1	PFA-sc7	primary
foreman_1347_ATACTTCCATTGCTTT	5826	20005	0.05703859228154369	1347	PFA1	G1	PFA-sc7	primary
foreman_1347_ATCTCTAGTTGACTAC	5077	17504	0.12077929497800377	1347	PFA1	G1	PFA-sc7	primary
foreman_1347_ATTTACCGTCCGCAGT	4073	12911	0.10914865597645054	1347	PFA1	G1	PFA-sc7	primary
foreman_1347_CAAGGGATCAAAGCCT	5876	21333	0.09947963058459519	1347	PFA1	G1	PFA-sc7	primary
foreman_1347_CACCGTTCACCGTACG	3606	9479	0.14031015929950416	1347	PFA1	S	PFA-sc7	primary
foreman_1347_CACTTCGGTGAGGCAT	5420	22169	0.17786097704001083	1347	PFA1	G1	PFA-sc7	primary
foreman_1347_CAGGCCAGTAATGATG	3291	7114	0.11034579701996064	1347	PFA1	G1	PFA-sc7	primary
foreman_1347_CATAAGCAGCATCGAG	4852	14373	0.08183146614710181	1347	PFA1	G1	PFA-sc7	primary
foreman_1347_CATCAAGGTCCATCTC	4608	13409	0.10210322195704058	1347	PFA1	G1	PFA-sc7	primary
foreman_1347_CATCAAGTCAACCGAT	5356	18915	0.08190566835871405	1347	PFA1	G1	PFA-sc7	primary
foreman_1347_CATCGCTCAGGGATAC	4475	12805	0.07412325236272749	1347	PFA1	G1	PFA-sc7	primary
foreman_1347_CCGCAAGTCGTCGATA	3976	10403	0.13420496058450299	1347	PFA1	G1	PFA-sc7	primary
foreman_1347_CCGGTAGCAGCTTTGA	4581	15538	0.1542125249404647	1347	PFA1	G1	PFA-sc7	primary
foreman_1347_CCTATCGGTGGTGATG	3982	11569	0.14780879937764715	1347	PFA1	G1	PFA-sc7	primary
foreman_1347_CCTCAACTCGAGAATA	5119	15232	0.06690741956664478	1347	PFA1	G1	PFA-sc7	primary
foreman_1347_CGAAGTTAGGATAATC	4421	12159	0.07426597582037997	1347	PFA1	G1	PFA-sc7	primary
foreman_1347_CGTGAATCATATGAAG	2920	6929	0.2027709626208688	1347	PFA1	G1	PFA-sc7	primary
foreman_1347_CTACCCATCCTGGGAC	5432	21118	0.12129392819929904	1347	PFA1	G1	PFA-sc7	primary
foreman_1347_CTCCCTCGTTAGCTAC	4756	14133	0.122125521828345	1347	PFA1	G1	PFA-sc7	primary
foreman_1347_CTCTCAGAGCGTGCTC	2701	5755	0.09923531456378172	1347	PFA1	G1	PFA-sc7	primary
foreman_1347_CTGTACCGTAACCCTA	3119	8066	0.2351847260104141	1347	PFA1	G1	PFA-sc7	primary
foreman_1347_CTGTAGAGTCATAGTC	3770	10029	0.14490874638476114	1347	PFA1	G1	PFA-sc7	primary
foreman_1347_CTGTATTAGAATCGAT	4038	11158	0.1296827388420864	1347	PFA1	G1	PFA-sc7	primary
foreman_1347_CTGTCGTCACAGCATT	3190	7632	0.1544811320754717	1347	PFA1	G1	PFA-sc7	primary
foreman_1347_GAAACCTCAACGATTC	4233	11558	0.0733754434541836	1347	PFA1	G1	PFA-sc7	primary
foreman_1347_GAAGGGTTCGACTCCT	4790	13513	0.06395736175882745	1347	PFA1	G1	PFA-sc7	primary
foreman_1347_GAATAGACATACTTTC	4640	14282	0.13310460719787146	1347	PFA1	G1	PFA-sc7	primary
foreman_1347_GAGGCAAAGCTAATGA	5696	21413	0.10738474473352329	1347	PFA1	G1	PFA-sc7	primary
foreman_1347_GAGTTGTCACGTAGAG	4061	11754	0.1639441892121831	1347	PFA1	G1	PFA-sc7	primary
foreman_1347_GATGACTAGCCATTTG	4113	11185	0.12493292791987122	1347	PFA1	G1	PFA-sc7	primary
foreman_1347_GATTCGACAACCAATC	5561	20757	0.13754396107337283	1347	PFA1	G1	PFA-sc7	primary
foreman_1347_GCACGGTTCCGGCAAC	4947	16832	0.07147950089126559	1347	PFA1	G1	PFA-sc7	primary
foreman_1347_GCATTAGAGTTTGTCG	3335	8133	0.19033566949465142	1347	PFA1	G1	PFA-sc7	primary
foreman_1347_GCCGATGTCGATCCCT	4796	13640	0.08453079178885631	1347	PFA1	G1	PFA-sc7	primary
foreman_1347_GCTGCAGCAGAACATA	3065	7597	0.1483480321179413	1347	PFA1	G1	PFA-sc7	primary
foreman_1347_GCTTGGGAGATCCCGC	4213	12351	0.12258116751680026	1347	PFA1	G1	PFA-sc7	primary
foreman_1347_GGAGATGCAATCACGT	4932	16991	0.0896462416857967	1347	PFA1	G1	PFA-sc7	primary
foreman_1347_GGCTTTCGTATTCTCT	4061	12138	0.20029661366070692	1347	PFA1	G1	PFA-sc7	primary
foreman_1347_GGGAGTAAGTAGGTTA	4514	14227	0.16315197525657246	1347	PFA1	G1	PFA-sc7	primary
foreman_1347_GGGATCCGTCTGTGCG	4634	17043	0.184661424715409	1347	PFA1	G1	PFA-sc7	primary
foreman_1347_GGGCCATAGAATGTTG	4217	12235	0.14041683694319576	1347	PFA1	G1	PFA-sc7	primary
foreman_1347_GTCCTCACACTGAGTT	4151	11928	0.145384421899891	1347	PFA1	G1	PFA-sc7	primary
foreman_1347_GTCCTCAGTATCAAGA	3673	10354	0.18912392543224185	1347	PFA1	G1	PFA-sc7	primary
foreman_1347_GTTGTAGGTTAGGCCC	5436	19862	0.11042852107356865	1347	PFA1	G1	PFA-sc7	primary
foreman_1347_GTTGTCCTCGTAGGAG	3455	8664	0.16378116343490304	1347	PFA1	G1	PFA-sc7	primary
foreman_1347_GTTTGGATCATACGAC	4284	11923	0.08422112238906132	1347	PFA1	G1	PFA-sc7	primary
foreman_1347_TAATTCCCATTGCCTC	4079	10882	0.11661459290571587	1347	PFA1	G1	PFA-sc7	primary
foreman_1347_TACGGGCCACCATATG	6114	23278	0.05051980410688203	1347	PFA1	G1	PFA-sc7	primary
foreman_1347_TACTTGTCAGACCTGC	4243	11686	0.1066689495762349	1347	PFA1	G1	PFA-sc7	primary
foreman_1347_TAGGTACTCAGCGCGT	4042	10683	0.11260881774782365	1347	PFA1	G1	PFA-sc7	primary
foreman_1347_TCACATTTCATTGAGC	3497	9903	0.20470611997576246	1347	PFA1	G1	PFA-sc7	primary
foreman_1347_TCAGCAACAGTTTCAG	4833	14353	0.05337607135391262	1347	PFA1	G1	PFA-sc7	primary
foreman_1347_TCATTGTGTGGGCTTC	5302	17120	0.12050233644859813	1347	PFA1	G1	PFA-sc7	primary
foreman_1347_TCCACGTGTGTAACGG	4287	10866	0.1471698113207547	1347	PFA1	G1	PFA-sc7	primary
foreman_1347_TGAGGGACAGGCTTGC	4556	15431	0.12094108496986195	1347	PFA1	G1	PFA-sc7	primary
foreman_1347_TGGAGAGTCCATCAGA	4279	10970	0.06974200018233202	1347	PFA1	G1	PFA-sc7	primary
foreman_1347_TGGATCAGTGCCTATA	4429	13792	0.11666183294663574	1347	PFA1	G1	PFA-sc7	primary
foreman_1347_TGTGAGTGTCACTCTC	3445	9202	0.11291023690502065	1347	PFA1	G1	PFA-sc7	primary
foreman_1347_TTACAGGGTGCAATGG	4253	11672	0.1484147386461011	1347	PFA1	G1	PFA-sc7	primary
foreman_1347_TTACGCCAGCTGTTAC	4091	10587	0.11098517049211297	1347	PFA1	G1	PFA-sc7	primary
foreman_1347_TTCAGGAAGATGCGAC	3088	7728	0.1403985507246377	1347	PFA1	G1	PFA-sc7	primary
foreman_1347_TTCTTCCCAAAGCGTG	3875	11384	0.14274420238931834	1347	PFA1	G1	PFA-sc7	primary
foreman_1347_TTGCCTGCACCGAATT	2098	4527	0.17428760768721008	1347	PFA1	G1	PFA-sc7	primary
