Cell	genes per cell	UMIs per cell	percent of UMIs as mitochondria	clusters	cell_type	EPN_type_methylation	EPN_type_transcriptome	cell cycle phase	sample
foreman_1239_AAACCTGTCCAGTAGT	3471	16340	0.0417380660954712	5	Undefined M	PFA1	PFA1	G1	foreman_1239
foreman_1239_AAAGTAGAGGTTCCTA	2325	10636	0.0626175253854833	0	Microglial	PFA1	PFA1	G1	foreman_1239
foreman_1239_AAATGCCCAGCAGTTT	1864	6432	0.033271144278607	0	Microglial	PFA1	PFA1	G1	foreman_1239
foreman_1239_AACGTTGCAAGGTTCT	1189	3413	0.198066217404043	7	Alternative M2	PFA1	PFA1	G1	foreman_1239
foreman_1239_AAGACCTGTCTTTCAT	2479	10773	0.041585445094217	0	Microglial	PFA1	PFA1	G1	foreman_1239
foreman_1239_AATCCAGCAGTATAAG	1653	4714	0.138523546881629	0	Microglial	PFA1	PFA1	G1	foreman_1239
foreman_1239_ACATACGCAAGAGTCG	1018	2967	0.0738119312436805	2	Classical M1	PFA1	PFA1	S	foreman_1239
foreman_1239_ACCAGTAAGGTTACCT	1454	3859	0.0357605597305001	0	Microglial	PFA1	PFA1	G1	foreman_1239
foreman_1239_ACGATGTTCGTCACGG	1409	4296	0.170158286778399	2	Classical M1	PFA1	PFA1	G1	foreman_1239
foreman_1239_ACGGCCACAAGTTAAG	2162	7080	0.0494350282485876	11	Contaminating Tumor cells	PFA1	PFA1	G1	foreman_1239
foreman_1239_ACTGAACGTTGTCTTT	2104	7512	0.0742811501597444	0	Microglial	PFA1	PFA1	G1	foreman_1239
foreman_1239_ACTGATGGTCCGAATT	1235	3802	0.134928984744871	2	Classical M1	PFA1	PFA1	G1	foreman_1239
foreman_1239_ACTGTCCTCCACGTTC	1187	2988	0.0970548862115127	2	Classical M1	PFA1	PFA1	G1	foreman_1239
foreman_1239_AGACGTTGTAAGGGCT	807	2080	0.116346153846154	2	Classical M1	PFA1	PFA1	G1	foreman_1239
foreman_1239_AGAGCTTAGCCATCGC	2253	8806	0.0641607994549171	0	Microglial	PFA1	PFA1	S	foreman_1239
foreman_1239_AGATCTGAGGTGTTAA	2242	7947	0.0958852397130993	7	Alternative M2	PFA1	PFA1	G1	foreman_1239
foreman_1239_AGATCTGTCACAGTAC	1418	4393	0.0842249032551787	2	Classical M1	PFA1	PFA1	G1	foreman_1239
foreman_1239_AGCCTAAAGTAGGTGC	2985	13933	0.029139453096964	0	Microglial	PFA1	PFA1	G1	foreman_1239
foreman_1239_AGCGTCGCAGCTTAAC	2305	8743	0.0482671851767128	0	Microglial	PFA1	PFA1	G1	foreman_1239
foreman_1239_AGGCCACAGATGCCTT	1980	7271	0.0519873469949113	0	Microglial	PFA1	PFA1	G2M	foreman_1239
foreman_1239_AGGCCACAGGGAGTAA	1319	3670	0.0989100817438692	0	Microglial	PFA1	PFA1	S	foreman_1239
foreman_1239_AGGCCACTCGCCATAA	1022	2593	0.065946779791747	2	Classical M1	PFA1	PFA1	G2M	foreman_1239
foreman_1239_AGGGATGTCATTATCC	3522	20414	0.0274321544038405	6	DC	PFA1	PFA1	S	foreman_1239
foreman_1239_AGTAGTCGTCGTCTTC	1529	4168	0.18809980806142	7	Alternative M2	PFA1	PFA1	G1	foreman_1239
foreman_1239_ATAAGAGCACGGTGTC	2955	13265	0.0379947229551451	0	Microglial	PFA1	PFA1	G1	foreman_1239
foreman_1239_ATAAGAGGTACGACCC	2442	7939	0.0280891799974808	0	Microglial	PFA1	PFA1	S	foreman_1239
foreman_1239_ATAAGAGTCATAGCAC	2185	7924	0.107647652700656	0	Microglial	PFA1	PFA1	G1	foreman_1239
foreman_1239_ATGCGATGTCACCTAA	2935	12479	0.0427918903758314	5	Undefined M	PFA1	PFA1	G1	foreman_1239
foreman_1239_ATGGGAGTCGGAAATA	1552	4974	0.0440289505428227	2	Classical M1	PFA1	PFA1	G1	foreman_1239
foreman_1239_ATTACTCGTCTTCTCG	1255	3718	0.0320064550833782	0	Microglial	PFA1	PFA1	G1	foreman_1239
foreman_1239_CAACCTCCATCGATTG	1682	5351	0.104466454868249	0	Microglial	PFA1	PFA1	G1	foreman_1239
foreman_1239_CACAAACTCATCTGTT	3102	12814	0.0502575308256594	0	Microglial	PFA1	PFA1	S	foreman_1239
foreman_1239_CACACTCGTCTAGTGT	2038	7504	0.0614339019189765	0	Microglial	PFA1	PFA1	G1	foreman_1239
foreman_1239_CACCTTGCAATGTAAG	1056	2607	0.0210970464135021	2	Classical M1	PFA1	PFA1	G1	foreman_1239
foreman_1239_CAGAATCTCACCCGAG	749	1640	0.18109756097561	2	Classical M1	PFA1	PFA1	G1	foreman_1239
foreman_1239_CAGAGAGGTAAAGGAG	1850	5858	0.0559918060771594	0	Microglial	PFA1	PFA1	G1	foreman_1239
foreman_1239_CAGCCGAAGGGTTTCT	1279	3381	0.121265897663413	7	Alternative M2	PFA1	PFA1	G1	foreman_1239
foreman_1239_CAGCGACTCCAAATGC	2268	8663	0.0515987533187118	0	Microglial	PFA1	PFA1	G1	foreman_1239
foreman_1239_CAGCGACTCGGCTTGG	1470	3892	0.114594039054471	7	Alternative M2	PFA1	PFA1	G1	foreman_1239
foreman_1239_CATATGGGTACAAGTA	719	1828	0.270240700218818	2	Classical M1	PFA1	PFA1	G1	foreman_1239
foreman_1239_CATATTCCACTTCTGC	798	1908	0.0534591194968553	2	Classical M1	PFA1	PFA1	G1	foreman_1239
foreman_1239_CATCAAGCAACACCTA	1197	3482	0.0769672601952901	2	Classical M1	PFA1	PFA1	G1	foreman_1239
foreman_1239_CATCAGAAGCCAACAG	4372	26854	0.0365681090340359	4	Mitotic	PFA1	PFA1	S	foreman_1239
foreman_1239_CATCAGAGTACAGACG	1678	4605	0.0490770901194354	0	Microglial	PFA1	PFA1	G1	foreman_1239
foreman_1239_CATCGGGCAGCGATCC	2426	11225	0.083652561247216	0	Microglial	PFA1	PFA1	G1	foreman_1239
foreman_1239_CATGCCTGTCGAGATG	2483	10941	0.0623343387258934	0	Microglial	PFA1	PFA1	G1	foreman_1239
foreman_1239_CATGCCTTCTTCATGT	2022	7652	0.0394668060637742	0	Microglial	PFA1	PFA1	G1	foreman_1239
foreman_1239_CCAATCCCAGGGAGAG	2804	13388	0.0436958470271885	0	Microglial	PFA1	PFA1	G1	foreman_1239
foreman_1239_CCCAGTTGTGTTCGAT	2242	8439	0.0520203815617964	0	Microglial	PFA1	PFA1	G1	foreman_1239
foreman_1239_CCGTTCAGTACGCTGC	1672	6289	0.0564477659405311	0	Microglial	PFA1	PFA1	G2M	foreman_1239
foreman_1239_CCTAGCTCATCAGTCA	1516	4738	0.0472773322076826	0	Microglial	PFA1	PFA1	S	foreman_1239
foreman_1239_CCTCTGACACAACGCC	3495	15863	0.0477841517997857	0	Microglial	PFA1	PFA1	G1	foreman_1239
foreman_1239_CGATCGGCAGTGAGTG	2863	11097	0.0510948905109489	0	Microglial	PFA1	PFA1	G1	foreman_1239
foreman_1239_CGATGTACACAACGCC	1799	5667	0.117698958884771	5	Undefined M	PFA1	PFA1	S	foreman_1239
foreman_1239_CGATGTAGTCGTTGTA	879	2050	0.088780487804878	2	Classical M1	PFA1	PFA1	G2M	foreman_1239
foreman_1239_CGCGGTAAGTTGAGTA	1005	2620	0.168320610687023	2	Classical M1	PFA1	PFA1	G1	foreman_1239
foreman_1239_CGCGGTAGTCGTCTTC	592	1259	0.220015885623511	2	Classical M1	PFA1	PFA1	G1	foreman_1239
foreman_1239_CGGCTAGAGAAACCTA	1466	6208	0.00112757731958763	4	Mitotic	PFA1	PFA1	S	foreman_1239
foreman_1239_CGGGTCACATCTATGG	962	2244	0.0962566844919786	2	Classical M1	PFA1	PFA1	G1	foreman_1239
foreman_1239_CGGGTCAGTGCAGGTA	2337	8517	0.041681343195961	0	Microglial	PFA1	PFA1	G1	foreman_1239
foreman_1239_CGTAGGCAGACTACAA	1955	6403	0.0441980321724192	0	Microglial	PFA1	PFA1	G1	foreman_1239
foreman_1239_CGTCAGGAGTGTACGG	833	1930	0.12020725388601	2	Classical M1	PFA1	PFA1	G1	foreman_1239
foreman_1239_CGTCTACGTTGACGTT	3014	13176	0.064207650273224	0	Microglial	PFA1	PFA1	S	foreman_1239
foreman_1239_CGTTCTGCAGGACCCT	1552	4650	0.0408602150537634	0	Microglial	PFA1	PFA1	G1	foreman_1239
foreman_1239_CTAGTGACATGGAATA	1872	5976	0.0411646586345382	0	Microglial	PFA1	PFA1	G1	foreman_1239
foreman_1239_CTCATTACACGTTGGC	2396	11871	0.0470053070507961	0	Microglial	PFA1	PFA1	G1	foreman_1239
foreman_1239_CTCGGGAGTCCCGACA	1789	6109	0.083810770993616	0	Microglial	PFA1	PFA1	G1	foreman_1239
foreman_1239_CTCGTCAGTTCACGGC	2950	13214	0.0601634629937945	0	Microglial	PFA1	PFA1	G1	foreman_1239
foreman_1239_CTGCGGAAGGAACTGC	1954	7209	0.0406436398945762	0	Microglial	PFA1	PFA1	G1	foreman_1239
foreman_1239_CTGTTTATCCCAACGG	1648	5148	0.163752913752914	5	Undefined M	PFA1	PFA1	G1	foreman_1239
foreman_1239_CTTAACTCAAGGACTG	2813	11322	0.0520226108461403	0	Microglial	PFA1	PFA1	G1	foreman_1239
foreman_1239_GAACATCAGTTCGCGC	2594	9335	0.056561328334226	7	Alternative M2	PFA1	PFA1	G1	foreman_1239
foreman_1239_GAACCTAAGCGTCTAT	2508	10524	0.0472253895857089	0	Microglial	PFA1	PFA1	G1	foreman_1239
foreman_1239_GAACGGATCGATCCCT	652	1994	0.222668004012036	2	Classical M1	PFA1	PFA1	G1	foreman_1239
foreman_1239_GAATGAAAGGCCGAAT	1757	5340	0.179775280898876	5	Undefined M	PFA1	PFA1	G1	foreman_1239
foreman_1239_GACAGAGTCGAATGGG	2472	9425	0.0490185676392573	0	Microglial	PFA1	PFA1	G1	foreman_1239
foreman_1239_GACGTGCTCCAAGCCG	2102	7086	0.0770533446232007	0	Microglial	PFA1	PFA1	G1	foreman_1239
foreman_1239_GAGGTGAAGTTCCACA	1599	4377	0.052547406899703	0	Microglial	PFA1	PFA1	G2M	foreman_1239
foreman_1239_GATCAGTGTGCGATAG	2283	9154	0.0909984706139393	0	Microglial	PFA1	PFA1	G1	foreman_1239
foreman_1239_GATCGATAGTGAAGAG	987	2503	0.0515381542149421	2	Classical M1	PFA1	PFA1	G1	foreman_1239
foreman_1239_GATGAAATCAAGATCC	922	2394	0.239766081871345	2	Classical M1	PFA1	PFA1	G1	foreman_1239
foreman_1239_GATGAAATCATTCACT	2602	9214	0.0698936401128717	7	Alternative M2	PFA1	PFA1	G1	foreman_1239
foreman_1239_GCATGCGGTGAACCTT	686	1949	0.240636223704464	2	Classical M1	PFA1	PFA1	G1	foreman_1239
foreman_1239_GCATGTAAGAATGTTG	857	2502	0.141087130295763	2	Classical M1	PFA1	PFA1	G1	foreman_1239
foreman_1239_GCGACCAGTAGTGAAT	2444	9856	0.0532670454545455	0	Microglial	PFA1	PFA1	G1	foreman_1239
foreman_1239_GCGCAACCAGCGATCC	3368	14463	0.05842494641499	0	Microglial	PFA1	PFA1	G1	foreman_1239
foreman_1239_GCGCGATCAAGCGTAG	2436	9280	0.056573275862069	0	Microglial	PFA1	PFA1	G1	foreman_1239
foreman_1239_GCTCTGTAGAGGTAGA	1549	5195	0.0552454282964389	0	Microglial	PFA1	PFA1	G1	foreman_1239
foreman_1239_GCTGCAGGTCTTCGTC	2973	15951	0.0298413892545922	6	DC	PFA1	PFA1	G1	foreman_1239
foreman_1239_GCTGCGAAGGCTAGCA	1223	3411	0.187628261506889	2	Classical M1	PFA1	PFA1	G1	foreman_1239
foreman_1239_GCTGCTTAGGGTGTTG	2765	10453	0.0514684779489142	0	Microglial	PFA1	PFA1	G1	foreman_1239
foreman_1239_GGACAAGAGAAACGAG	3113	12400	0.030241935483871	4	Mitotic	PFA1	PFA1	S	foreman_1239
foreman_1239_GGACAGACACAGGTTT	1522	4617	0.0827377084687026	2	Classical M1	PFA1	PFA1	G1	foreman_1239
foreman_1239_GGACATTCAGCATACT	3539	15891	0.0420993014914102	5	Undefined M	PFA1	PFA1	S	foreman_1239
foreman_1239_GGCTCGACACAACGCC	638	1168	0.1875	2	Classical M1	PFA1	PFA1	G2M	foreman_1239
foreman_1239_GGCTCGAGTTCCGGCA	2053	7733	0.0543126858916333	0	Microglial	PFA1	PFA1	G1	foreman_1239
foreman_1239_GGGAATGAGTAGTGCG	1317	3388	0.121605667060213	2	Classical M1	PFA1	PFA1	G1	foreman_1239
foreman_1239_GGGTTGCTCGTATCAG	2700	11173	0.0477937885975119	0	Microglial	PFA1	PFA1	G1	foreman_1239
foreman_1239_GGTGTTAGTGTGGCTC	2037	8475	0.0748082595870206	0	Microglial	PFA1	PFA1	G1	foreman_1239
foreman_1239_GGTGTTATCGAACTGT	2567	11541	0.0493024867862404	0	Microglial	PFA1	PFA1	G1	foreman_1239
foreman_1239_GTAACGTGTAGCAAAT	1770	6143	0.0317434478267947	0	Microglial	PFA1	PFA1	G1	foreman_1239
foreman_1239_GTACGTACAAGTCTGT	2343	9818	0.0918720717050316	0	Microglial	PFA1	PFA1	S	foreman_1239
foreman_1239_GTACGTACATCGTCGG	1898	6469	0.0414283505951461	0	Microglial	PFA1	PFA1	G1	foreman_1239
foreman_1239_GTACGTATCCACGTTC	2156	8573	0.0765193047941211	0	Microglial	PFA1	PFA1	G1	foreman_1239
foreman_1239_GTCCTCATCTGGCGAC	2354	8584	0.0648881640260951	0	Microglial	PFA1	PFA1	G1	foreman_1239
foreman_1239_GTCTCGTAGTGCTGCC	1278	3248	0.0347906403940887	5	Undefined M	PFA1	PFA1	G1	foreman_1239
foreman_1239_GTCTTCGAGGTAAACT	1872	6502	0.0495232236235005	0	Microglial	PFA1	PFA1	G2M	foreman_1239
foreman_1239_GTGCGGTTCTAACTCT	2255	8540	0.0306791569086651	0	Microglial	PFA1	PFA1	G1	foreman_1239
foreman_1239_GTGTGCGGTCTCAACA	950	2867	0.261946285315661	2	Classical M1	PFA1	PFA1	G1	foreman_1239
foreman_1239_GTGTTAGCATGCCACG	1741	6263	0.0799936132843685	0	Microglial	PFA1	PFA1	G1	foreman_1239
foreman_1239_GTTACAGCAGTTTACG	2690	11389	0.0475897796119062	0	Microglial	PFA1	PFA1	G1	foreman_1239
foreman_1239_GTTCATTTCTGTCTAT	2076	7626	0.0578284815106216	0	Microglial	PFA1	PFA1	G1	foreman_1239
foreman_1239_TAAGTGCCAGGGCATA	1045	2648	0.100075528700906	0	Microglial	PFA1	PFA1	G1	foreman_1239
foreman_1239_TACACGAGTACTTCTT	1375	3491	0.161844743626468	2	Classical M1	PFA1	PFA1	G1	foreman_1239
foreman_1239_TACCTATAGAATGTGT	1609	5315	0.0406396989651929	0	Microglial	PFA1	PFA1	G1	foreman_1239
foreman_1239_TACCTTAAGTTACGGG	1800	5573	0.0401937914947066	0	Microglial	PFA1	PFA1	G1	foreman_1239
foreman_1239_TACGGATAGCTGCCCA	1945	6908	0.0296757382744644	0	Microglial	PFA1	PFA1	G1	foreman_1239
foreman_1239_TACTCGCCAATGTAAG	2261	7594	0.0744008427706084	0	Microglial	PFA1	PFA1	G1	foreman_1239
foreman_1239_TACTCGCCAGGTGCCT	601	2010	0.0880597014925373	2	Classical M1	PFA1	PFA1	G1	foreman_1239
foreman_1239_TACTTGTCAGTAACGG	1838	5482	0.0293688434877782	11	Contaminating Tumor cells	PFA1	PFA1	G1	foreman_1239
foreman_1239_TATCTCATCTGACCTC	1517	4707	0.0579987253027406	0	Microglial	PFA1	PFA1	S	foreman_1239
foreman_1239_TCACGAAGTTCAGGCC	1739	5833	0.0951482941882393	0	Microglial	PFA1	PFA1	G1	foreman_1239
foreman_1239_TCAGATGTCCTATGTT	2074	6491	0.0767216145432137	0	Microglial	PFA1	PFA1	G1	foreman_1239
foreman_1239_TCAGCTCCACCCTATC	1669	5057	0.0174016215147321	0	Microglial	PFA1	PFA1	G1	foreman_1239
foreman_1239_TCAGCTCTCGCTAGCG	2462	8576	0.0694962686567164	0	Microglial	PFA1	PFA1	G1	foreman_1239
foreman_1239_TCAGGATCAGCGTCCA	1618	5231	0.0583062511948002	0	Microglial	PFA1	PFA1	G2M	foreman_1239
foreman_1239_TCGAGGCAGATGTGTA	3703	18197	0.0503379677968896	5	Undefined M	PFA1	PFA1	G1	foreman_1239
foreman_1239_TCGCGTTAGTCGAGTG	904	1988	0.0387323943661972	2	Classical M1	PFA1	PFA1	G1	foreman_1239
foreman_1239_TCGCGTTGTGGCCCTA	1231	3297	0.204124962086746	2	Classical M1	PFA1	PFA1	G1	foreman_1239
foreman_1239_TCTCATATCATTATCC	783	1911	0.139717425431711	2	Classical M1	PFA1	PFA1	G1	foreman_1239
foreman_1239_TCTCATATCCTGCCAT	3237	13365	0.0281331836887392	0	Microglial	PFA1	PFA1	G1	foreman_1239
foreman_1239_TCTTTCCAGGCCCTTG	1126	3651	0.101068200493016	2	Classical M1	PFA1	PFA1	G1	foreman_1239
foreman_1239_TGAAAGAAGACGCAAC	1322	3752	0.0946162046908316	0	Microglial	PFA1	PFA1	G1	foreman_1239
foreman_1239_TGACTAGCAAGCCGCT	826	1814	0.0584343991179713	0	Microglial	PFA1	PFA1	S	foreman_1239
foreman_1239_TGACTTTAGTACCGGA	1634	4468	0.0543867502238138	0	Microglial	PFA1	PFA1	G1	foreman_1239
foreman_1239_TGAGAGGAGATCCCAT	1940	6728	0.0870986920332937	0	Microglial	PFA1	PFA1	G1	foreman_1239
foreman_1239_TGAGAGGGTACCGCTG	3527	15299	0.0518988169161383	4	Mitotic	PFA1	PFA1	S	foreman_1239
foreman_1239_TGAGAGGTCTAACGGT	2305	9286	0.0752746069351712	0	Microglial	PFA1	PFA1	G1	foreman_1239
foreman_1239_TGAGCATCATCCGCGA	2535	9264	0.0548359240069085	0	Microglial	PFA1	PFA1	G1	foreman_1239
foreman_1239_TGCACCTAGCGACGTA	1282	3401	0.0423404880917377	2	Classical M1	PFA1	PFA1	G1	foreman_1239
foreman_1239_TGCCAAAAGAAAGTGG	798	1693	0.0147666863555818	2	Classical M1	PFA1	PFA1	G1	foreman_1239
foreman_1239_TGCCAAATCCGCAGTG	2273	10029	0.0413799980057832	7	Alternative M2	PFA1	PFA1	G1	foreman_1239
foreman_1239_TGCGGGTTCGTAGGTT	1515	4750	0.0551578947368421	0	Microglial	PFA1	PFA1	G1	foreman_1239
foreman_1239_TGGCGCACATGGGAAC	2710	10075	0.0116129032258065	0	Microglial	PFA1	PFA1	G1	foreman_1239
foreman_1239_TGGGAAGCAATTGCTG	2128	8220	0.102311435523114	0	Microglial	PFA1	PFA1	G1	foreman_1239
foreman_1239_TGTCCCAGTACCGTAT	3026	14921	0.040881978419677	0	Microglial	PFA1	PFA1	G1	foreman_1239
foreman_1239_TTAACTCTCCTCAATT	2270	8029	0.0561713787520239	0	Microglial	PFA1	PFA1	G1	foreman_1239
foreman_1239_TTAGGCAAGAGGTTAT	1289	4391	0.144386244591209	0	Microglial	PFA1	PFA1	S	foreman_1239
foreman_1239_TTAGGCAGTGCCTGCA	2253	9735	0.078376990241397	0	Microglial	PFA1	PFA1	G1	foreman_1239
foreman_1239_TTAGTTCAGAGATGAG	1122	3074	0.157774886141835	0	Microglial	PFA1	PFA1	G1	foreman_1239
foreman_1239_TTATGCTCAAGCGATG	3562	16675	0.0543328335832084	5	Undefined M	PFA1	PFA1	S	foreman_1239
foreman_1239_TTATGCTCATTGGGCC	2060	6761	0.0535423753882562	7	Alternative M2	PFA1	PFA1	G1	foreman_1239
foreman_1239_TTCGAAGCACGGTTTA	1495	3712	0.0533405172413793	0	Microglial	PFA1	PFA1	G1	foreman_1239
foreman_1239_TTCTCAACAGGGTTAG	2358	9154	0.0688223727332314	0	Microglial	PFA1	PFA1	G1	foreman_1239
foreman_1239_TTGACTTTCTGTTTGT	2820	10610	0.0304429783223374	0	Microglial	PFA1	PFA1	G1	foreman_1239
foreman_1239_TTGGCAATCTGCCCTA	2799	12721	0.0423708827922333	5	Undefined M	PFA1	PFA1	S	foreman_1239
foreman_1239_TTGTAGGCACCTCGTT	3230	14624	0.0482768052516411	0	Microglial	PFA1	PFA1	G1	foreman_1239
foreman_1239_TTTATGCCATGGAATA	2174	8010	0.0564294631710362	0	Microglial	PFA1	PFA1	G1	foreman_1239
foreman_1239_TTTCCTCAGACACTAA	1448	4186	0.0169612995699952	0	Microglial	PFA1	PFA1	G1	foreman_1239
foreman_1239_TTTCCTCTCCGAGCCA	1658	4739	0.0668917493142013	0	Microglial	PFA1	PFA1	G1	foreman_1239
foreman_723_AAATGCCAGCCTCGTG	866	2711	0.185540390999631	2	Classical M1	PFA1	PFA2	G1	foreman_723
foreman_723_AACTTTCAGTCAAGCG	1928	9264	0.0201856649395509	6	DC	PFA1	PFA2	G1	foreman_723
foreman_723_ACGCCGACATCTATGG	461	914	0.148796498905908	2	Classical M1	PFA1	PFA2	G2M	foreman_723
foreman_723_ACTGAACAGTCTCAAC	1307	3178	0.091567023285085	0	Microglial	PFA1	PFA2	G1	foreman_723
foreman_723_ACTGCTCAGTCATGCT	818	1825	0.0421917808219178	0	Microglial	PFA1	PFA2	S	foreman_723
foreman_723_ACTTGTTAGCCGATTT	2065	7772	0.0306227483273289	6	DC	PFA1	PFA2	G1	foreman_723
foreman_723_AGTAGTCTCGGCATCG	471	914	0.102844638949672	2	Classical M1	PFA1	PFA2	G1	foreman_723
foreman_723_ATTACTCCAATCACAC	808	1748	0.154462242562929	2	Classical M1	PFA1	PFA2	G1	foreman_723
foreman_723_ATTCTACTCGTTTATC	431	884	0.0452488687782805	2	Classical M1	PFA1	PFA2	S	foreman_723
foreman_723_CAGAATCCATCACGAT	581	1121	0.128456735057984	2	Classical M1	PFA1	PFA2	G1	foreman_723
foreman_723_CAGCAGCTCGGATGTT	1461	5005	0.0605394605394605	0	Microglial	PFA1	PFA2	S	foreman_723
foreman_723_CAGCGACCAAGCCGCT	1949	6864	0.0482226107226107	6	DC	PFA1	PFA2	S	foreman_723
foreman_723_CATCAAGTCGAGGTAG	1948	7523	0.00957065000664628	7	Alternative M2	PFA1	PFA2	G1	foreman_723
foreman_723_CATCAGATCAGTCAGT	470	957	0.167189132706374	2	Classical M1	PFA1	PFA2	S	foreman_723
foreman_723_CATGGCGTCTTGTACT	1245	2378	0.0445752733389403	0	Microglial	PFA1	PFA2	G1	foreman_723
foreman_723_CCAATCCTCAAACCGT	962	2421	0.0945890128046262	4	Mitotic	PFA1	PFA2	G2M	foreman_723
foreman_723_CCAGCGACAAGAAGAG	963	2428	0.123558484349259	0	Microglial	PFA1	PFA2	G1	foreman_723
foreman_723_CCGTTCACATTGGGCC	489	950	0.0463157894736842	2	Classical M1	PFA1	PFA2	G1	foreman_723
foreman_723_CCTATTAGTGTTGAGG	929	2096	0.110687022900763	2	Classical M1	PFA1	PFA2	G1	foreman_723
foreman_723_CGAGCCAAGACTACAA	645	1459	0.0328992460589445	0	Microglial	PFA1	PFA2	G2M	foreman_723
foreman_723_CGCGGTACATTAGGCT	954	2584	0.0681114551083591	0	Microglial	PFA1	PFA2	G1	foreman_723
foreman_723_CGGAGTCCAATGGAAT	736	1629	0.0693677102516882	0	Microglial	PFA1	PFA2	S	foreman_723
foreman_723_CGGGTCATCTCATTCA	1374	3844	0.195629552549428	0	Microglial	PFA1	PFA2	G1	foreman_723
foreman_723_CTAATGGTCACTTCAT	419	950	0.155789473684211	2	Classical M1	PFA1	PFA2	G2M	foreman_723
foreman_723_CTACATTGTTGTTTGG	756	1270	0.0881889763779528	2	Classical M1	PFA1	PFA2	G1	foreman_723
foreman_723_CTCACACGTCCGACGT	718	1283	0.0670303975058457	2	Classical M1	PFA1	PFA2	G1	foreman_723
foreman_723_CTCGAGGTCTGAAAGA	710	2043	0.250611845325502	2	Classical M1	PFA1	PFA2	G1	foreman_723
foreman_723_CTGCGGAGTCACTGGC	1069	2277	0.0250329380764163	0	Microglial	PFA1	PFA2	G1	foreman_723
foreman_723_CTGTGCTTCGCGTAGC	1750	5791	0.042997755137282	6	DC	PFA1	PFA2	S	foreman_723
foreman_723_GAACATCGTGACGGTA	776	1931	0.0958052822371828	2	Classical M1	PFA1	PFA2	G1	foreman_723
foreman_723_GAATAAGCAAGGTTTC	847	1998	0.145145145145145	3	Hypoxia	PFA1	PFA2	S	foreman_723
foreman_723_GACAGAGCATAGAAAC	484	1119	0.213583556747096	2	Classical M1	PFA1	PFA2	G2M	foreman_723
foreman_723_GACAGAGGTTGGTAAA	530	1208	0.127483443708609	2	Classical M1	PFA1	PFA2	S	foreman_723
foreman_723_GACTGCGCAATGACCT	629	1187	0.171861836562763	2	Classical M1	PFA1	PFA2	S	foreman_723
foreman_723_GCAAACTGTATAAACG	776	2071	0.079671656204732	0	Microglial	PFA1	PFA2	G1	foreman_723
foreman_723_GCGCAACGTCTCACCT	654	1079	0.0528266913809083	0	Microglial	PFA1	PFA2	G1	foreman_723
foreman_723_GCGCCAAAGGCTAGAC	1107	1954	0.0133060388945752	0	Microglial	PFA1	PFA2	G1	foreman_723
foreman_723_GCTGCGAAGAACAATC	417	834	0.178657074340528	2	Classical M1	PFA1	PFA2	G1	foreman_723
foreman_723_GGAACTTCATTGGCGC	737	1441	0.0756419153365718	2	Classical M1	PFA1	PFA2	G2M	foreman_723
foreman_723_GGCTCGAAGACTTTCG	448	812	0.108374384236453	2	Classical M1	PFA1	PFA2	G2M	foreman_723
foreman_723_GGCTGGTCACACATGT	716	1507	0.11877903118779	2	Classical M1	PFA1	PFA2	G1	foreman_723
foreman_723_GTACGTATCTGCTGTC	482	939	0.187433439829606	2	Classical M1	PFA1	PFA2	G1	foreman_723
foreman_723_GTACTTTGTACCGAGA	502	1491	0.0650570087189806	2	Classical M1	PFA1	PFA2	G1	foreman_723
foreman_723_GTAGTCACAGAGCCAA	1154	3504	0.104737442922374	0	Microglial	PFA1	PFA2	G1	foreman_723
foreman_723_GTATTCTAGCGAGAAA	634	1286	0.0746500777604977	2	Classical M1	PFA1	PFA2	G1	foreman_723
foreman_723_GTGGGTCAGGGCTTCC	969	2917	0.19300651354131	7	Alternative M2	PFA1	PFA2	G1	foreman_723
foreman_723_TGGTTAGCAAGGCTCC	1275	4325	0.156300578034682	0	Microglial	PFA1	PFA2	G1	foreman_723
foreman_723_TTAACTCGTACCAGTT	475	902	0.157427937915743	2	Classical M1	PFA1	PFA2	G1	foreman_723
foreman_723_TTCGAAGGTGTTCGAT	517	1057	0.163670766319773	0	Microglial	PFA1	PFA2	G1	foreman_723
foreman_723_TTGCCGTGTCATGCCG	407	760	0.138157894736842	2	Classical M1	PFA1	PFA2	S	foreman_723
foreman_723_TTGGAACTCTGCTGTC	420	832	0.0949519230769231	2	Classical M1	PFA1	PFA2	S	foreman_723
foreman_727_AACACGTAGTCCTCCT	417	838	0.12291169451074	2	Classical M1	PFA2	PFA2	G1	foreman_727
foreman_727_AACTCAGCACGTTGGC	368	554	0.115523465703971	2	Classical M1	PFA2	PFA2	G1	foreman_727
foreman_727_ACACTGAGTACGAAAT	2129	7592	0.0338514225500527	6	DC	PFA2	PFA2	G1	foreman_727
foreman_727_ACCGTAACACATAACC	643	1601	0.0618363522798251	2	Classical M1	PFA2	PFA2	G1	foreman_727
foreman_727_ACTTACTAGAAGCCCA	357	595	0.147899159663866	2	Classical M1	PFA2	PFA2	G1	foreman_727
foreman_727_AGACGTTCAGTTAACC	1134	2664	0.211711711711712	7	Alternative M2	PFA2	PFA2	G1	foreman_727
foreman_727_AGATTGCGTCCTAGCG	618	1256	0.0342356687898089	2	Classical M1	PFA2	PFA2	G1	foreman_727
foreman_727_AGCATACCATGATCCA	790	1907	0.0781331934976403	0	Microglial	PFA2	PFA2	G1	foreman_727
foreman_727_AGCTTGAAGAAAGTGG	497	1009	0.0832507433102081	2	Classical M1	PFA2	PFA2	G1	foreman_727
foreman_727_AGCTTGAGTACTTCTT	2181	7561	0.0337256976590398	6	DC	PFA2	PFA2	S	foreman_727
foreman_727_AGGGATGAGAATTCCC	1222	3417	0.0667251975417033	0	Microglial	PFA2	PFA2	G1	foreman_727
foreman_727_AGTCTTTAGCGAGAAA	755	1799	0.066147859922179	0	Microglial	PFA2	PFA2	G1	foreman_727
foreman_727_AGTTGGTCAAGTAGTA	605	1245	0.120481927710843	2	Classical M1	PFA2	PFA2	S	foreman_727
foreman_727_ATAACGCCACATTCGA	512	1410	0.204255319148936	2	Classical M1	PFA2	PFA2	G1	foreman_727
foreman_727_ATAACGCGTTTAGCTG	771	1433	0.152128401953943	2	Classical M1	PFA2	PFA2	G1	foreman_727
foreman_727_ATAGACCAGAGGTAGA	2120	7154	0.0849874196253844	5	Undefined M	PFA2	PFA2	G1	foreman_727
foreman_727_ATAGACCCAAAGTCAA	729	1659	0.0735382760699216	0	Microglial	PFA2	PFA2	G1	foreman_727
foreman_727_ATGTGTGGTTCTGGTA	1057	3052	0.0865006553079948	2	Classical M1	PFA2	PFA2	G1	foreman_727
foreman_727_CACCACTTCAGATAAG	445	951	0.0231335436382755	2	Classical M1	PFA2	PFA2	S	foreman_727
foreman_727_CACTCCAGTAAAGGAG	2603	8854	0.0342218206460357	6	DC	PFA2	PFA2	G1	foreman_727
foreman_727_CAGCAGCAGCTAAGAT	2245	8360	0.012200956937799	6	DC	PFA2	PFA2	G1	foreman_727
foreman_727_CATCGAAAGTAGTGCG	1569	3584	0.0446428571428571	0	Microglial	PFA2	PFA2	G1	foreman_727
foreman_727_CATCGAAAGTGCGATG	790	1767	0.0356536502546689	2	Classical M1	PFA2	PFA2	G1	foreman_727
foreman_727_CATCGAATCTGGTTCC	321	533	0.26266416510319	3	Hypoxia	PFA2	PFA2	G1	foreman_727
foreman_727_CATTATCAGTCCCACG	547	1000	0.076	0	Microglial	PFA2	PFA2	G2M	foreman_727
foreman_727_CCACTACCATACAGCT	3109	13320	0.0381381381381381	5	Undefined M	PFA2	PFA2	G1	foreman_727
foreman_727_CCAGCGAGTAATAGCA	427	1016	0.117125984251969	2	Classical M1	PFA2	PFA2	G1	foreman_727
foreman_727_CCATTCGCAACGATCT	487	1144	0.128496503496503	2	Classical M1	PFA2	PFA2	G1	foreman_727
foreman_727_CCGTTCAAGGCAATTA	2415	9623	0.0221344695001559	0	Microglial	PFA2	PFA2	G1	foreman_727
foreman_727_CGATCGGGTTAAGACA	345	783	0.150702426564496	2	Classical M1	PFA2	PFA2	G1	foreman_727
foreman_727_CGATCGGTCATCGATG	328	582	0.0171821305841924	2	Classical M1	PFA2	PFA2	G1	foreman_727
foreman_727_CGCGTTTAGTGGTCCC	348	868	0.125576036866359	2	Classical M1	PFA2	PFA2	G1	foreman_727
foreman_727_CGCGTTTCAGGGAGAG	562	1158	0.109671848013817	2	Classical M1	PFA2	PFA2	G1	foreman_727
foreman_727_CGGCTAGCACAGGTTT	1903	6185	0.0397736459175424	6	DC	PFA2	PFA2	G1	foreman_727
foreman_727_CGTCACTTCTTCCTTC	2064	6049	0.0495949743759299	7	Alternative M2	PFA2	PFA2	G1	foreman_727
foreman_727_CGTCTACTCTGACCTC	1080	2669	0.071187710753091	0	Microglial	PFA2	PFA2	S	foreman_727
foreman_727_CGTGTCTGTTCGCGAC	692	1517	0.044825313117996	2	Classical M1	PFA2	PFA2	G1	foreman_727
foreman_727_CTAATGGCATTCCTCG	624	1365	0.0197802197802198	0	Microglial	PFA2	PFA2	G1	foreman_727
foreman_727_CTAATGGTCCTCTAGC	1028	2042	0.0333006856023506	2	Classical M1	PFA2	PFA2	S	foreman_727
foreman_727_CTACCCACAGCTATTG	1193	2763	0.0962721679334057	0	Microglial	PFA2	PFA2	G1	foreman_727
foreman_727_CTACCCATCTGCAGTA	411	926	0.213822894168467	2	Classical M1	PFA2	PFA2	G1	foreman_727
foreman_727_CTCCTAGCAGCTTAAC	2360	9502	0.0422016417596296	6	DC	PFA2	PFA2	G1	foreman_727
foreman_727_CTCGTCAGTCTGCGGT	974	2043	0.0797846304454234	0	Microglial	PFA2	PFA2	G1	foreman_727
foreman_727_CTGAAACTCGTCTGAA	625	1426	0.0350631136044881	2	Classical M1	PFA2	PFA2	G1	foreman_727
foreman_727_CTGAAGTCATCCAACA	837	1731	0.0294627383015598	0	Microglial	PFA2	PFA2	G1	foreman_727
foreman_727_CTGGTCTTCATGCAAC	278	650	0.195384615384615	2	Classical M1	PFA2	PFA2	G1	foreman_727
foreman_727_GAAGCAGAGAAACCTA	560	1180	0.00593220338983051	2	Classical M1	PFA2	PFA2	G1	foreman_727
foreman_727_GAAGCAGCATCACGAT	2006	6194	0.0644171779141104	5	Undefined M	PFA2	PFA2	G1	foreman_727
foreman_727_GAAGCAGGTCTAGGTT	937	2227	0.0121239335428828	2	Classical M1	PFA2	PFA2	G1	foreman_727
foreman_727_GACGCGTGTTCCAACA	1788	4466	0.0176892073443798	0	Microglial	PFA2	PFA2	G1	foreman_727
foreman_727_GACTAACCATATGGTC	2976	11026	0.057137674587339	5	Undefined M	PFA2	PFA2	G1	foreman_727
foreman_727_GAGCAGAAGTTATCGC	312	649	0.271186440677966	2	Classical M1	PFA2	PFA2	G1	foreman_727
foreman_727_GATCGATGTAAGAGAG	2864	11727	0.0477530485205082	7	Alternative M2	PFA2	PFA2	G1	foreman_727
foreman_727_GCCAAATCAGCAGTTT	1497	4588	0.0211421098517873	0	Microglial	PFA2	PFA2	G1	foreman_727
foreman_727_GCGCCAATCCACGTGG	943	2400	0.115	7	Alternative M2	PFA2	PFA2	G1	foreman_727
foreman_727_GCGCGATAGACACGAC	2560	9409	0.0207248379211393	6	DC	PFA2	PFA2	G1	foreman_727
foreman_727_GCTGCGAGTCCGTTAA	461	1044	0.140804597701149	2	Classical M1	PFA2	PFA2	S	foreman_727
foreman_727_GCTGGGTCAGCGTAAG	317	523	0.108986615678776	2	Classical M1	PFA2	PFA2	G1	foreman_727
foreman_727_GCTTCCACAAGACGTG	447	1111	0.194419441944194	2	Classical M1	PFA2	PFA2	G1	foreman_727
foreman_727_GGAAAGCGTGAGGCTA	351	533	0.0544090056285178	2	Classical M1	PFA2	PFA2	G2M	foreman_727
foreman_727_GGCCGATCACGGCTAC	659	1628	0.168304668304668	2	Classical M1	PFA2	PFA2	G1	foreman_727
foreman_727_GGGACCTAGACACGAC	2082	7583	0.0240010549914282	0	Microglial	PFA2	PFA2	G1	foreman_727
foreman_727_GGTATTGCAAAGCGGT	1002	2453	0.278026905829596	11	Contaminating Tumor cells	PFA2	PFA2	G1	foreman_727
foreman_727_GGTGAAGTCATGCAAC	1460	4097	0.0297778862582377	0	Microglial	PFA2	PFA2	G1	foreman_727
foreman_727_GTAGTCACAACACCCG	454	1086	0.0534069981583794	2	Classical M1	PFA2	PFA2	G1	foreman_727
foreman_727_GTATTCTAGGCCCTTG	803	2025	0.0158024691358025	2	Classical M1	PFA2	PFA2	G1	foreman_727
foreman_727_GTATTCTCAATGGACG	454	1112	0.0530575539568345	2	Classical M1	PFA2	PFA2	S	foreman_727
foreman_727_GTCGGGTTCACTTCAT	2187	8234	0.0324265241680836	6	DC	PFA2	PFA2	G1	foreman_727
foreman_727_GTGCAGCCAGCTCGCA	525	1241	0.072522159548751	2	Classical M1	PFA2	PFA2	G2M	foreman_727
foreman_727_GTGCATAAGCGTTTAC	2942	13203	0.0334772400212073	6	DC	PFA2	PFA2	G1	foreman_727
foreman_727_TAAGTGCTCCACTCCA	2219	7814	0.0230355771691835	0	Microglial	PFA2	PFA2	G1	foreman_727
foreman_727_TACCTTACAGTGGAGT	865	1772	0.0169300225733634	2	Classical M1	PFA2	PFA2	G1	foreman_727
foreman_727_TACTCGCTCCAACCAA	2079	6283	0.0332643641572497	0	Microglial	PFA2	PFA2	G1	foreman_727
foreman_727_TAGGCATGTGCCTGTG	553	2033	0.0905066404328578	2	Classical M1	PFA2	PFA2	S	foreman_727
foreman_727_TAGTGGTCAAGCCATT	535	1060	0.120754716981132	2	Classical M1	PFA2	PFA2	G1	foreman_727
foreman_727_TAGTTGGCATTCCTGC	637	1205	0.0755186721991701	0	Microglial	PFA2	PFA2	G1	foreman_727
foreman_727_TATCTCACAATCGAAA	1199	3196	0.0391113892365457	0	Microglial	PFA2	PFA2	G1	foreman_727
foreman_727_TATGCCCCATCTATGG	477	846	0.0366430260047281	2	Classical M1	PFA2	PFA2	G1	foreman_727
foreman_727_TATTACCTCCGTACAA	345	720	0.0625	2	Classical M1	PFA2	PFA2	G1	foreman_727
foreman_727_TCACAAGAGAATCTCC	376	766	0.161879895561358	2	Classical M1	PFA2	PFA2	G1	foreman_727
foreman_727_TCACAAGAGCGTAATA	413	898	0.05456570155902	2	Classical M1	PFA2	PFA2	G2M	foreman_727
foreman_727_TCAGCTCTCAAGGCTT	3199	13528	0.0516706091070373	5	Undefined M	PFA2	PFA2	G1	foreman_727
foreman_727_TCGTACCAGGCAGTCA	910	2819	0.0205746718694573	2	Classical M1	PFA2	PFA2	G1	foreman_727
foreman_727_TCGTAGATCCTTGCCA	1061	2738	0.172023374726077	6	DC	PFA2	PFA2	G1	foreman_727
foreman_727_TCTCATAAGACCGGAT	745	1237	0.0331447049312854	2	Classical M1	PFA2	PFA2	G1	foreman_727
foreman_727_TGAGCATAGGGTTCCC	593	1214	0.0700164744645799	2	Classical M1	PFA2	PFA2	G1	foreman_727
foreman_727_TGAGGGACACTAAGTC	878	1867	0.271558650241028	4	Mitotic	PFA2	PFA2	S	foreman_727
foreman_727_TGTGGTACACTTACGA	1052	2692	0.0832095096582467	0	Microglial	PFA2	PFA2	G1	foreman_727
foreman_727_TTCGAAGGTTCCCGAG	3274	13689	0.0162904521878881	5	Undefined M	PFA2	PFA2	G1	foreman_727
foreman_727_TTCGGTCTCGCCGTGA	634	1433	0.135380321004885	0	Microglial	PFA2	PFA2	G1	foreman_727
foreman_727_TTCTCAATCTCCCTGA	3748	17410	0.0267087880528432	5	Undefined M	PFA2	PFA2	G1	foreman_727
foreman_727_TTGCCGTCACCCTATC	493	1072	0.0783582089552239	0	Microglial	PFA2	PFA2	G1	foreman_727
foreman_727_TTGGAACTCTAACCGA	599	1231	0.0324939073923639	0	Microglial	PFA2	PFA2	G2M	foreman_727
foreman_727_TTTATGCAGCCAGGAT	680	1537	0.0858815875081327	0	Microglial	PFA2	PFA2	G1	foreman_727
foreman_781_AAAGATGTCTCAAGTG	1411	4054	0.091267883571781	0	Microglial	PFA1	PFA2	G1	foreman_781
foreman_781_AAAGCAACATGGTTGT	765	1729	0.116830537883169	0	Microglial	PFA1	PFA2	G1	foreman_781
foreman_781_AAAGCAAGTATGCTTG	596	1534	0.10625814863103	2	Classical M1	PFA1	PFA2	S	foreman_781
foreman_781_AAATGCCCACCGAATT	1139	3698	0.12493239588967	2	Classical M1	PFA1	PFA2	G1	foreman_781
foreman_781_AACGTTGGTACTTGAC	600	1552	0.152061855670103	0	Microglial	PFA1	PFA2	G1	foreman_781
foreman_781_AACTCTTGTAATAGCA	492	1021	0.245837414299706	2	Classical M1	PFA1	PFA2	G2M	foreman_781
foreman_781_AACTGGTAGTTAGCGG	940	2533	0.178444532175286	0	Microglial	PFA1	PFA2	G1	foreman_781
foreman_781_AACTGGTCATACAGCT	1127	2262	0.0530503978779841	0	Microglial	PFA1	PFA2	G1	foreman_781
foreman_781_AACTGGTGTACCGCTG	407	1004	0.24800796812749	2	Classical M1	PFA1	PFA2	G1	foreman_781
foreman_781_AACTGGTGTCTGCCAG	1641	5346	0.047699214365881	0	Microglial	PFA1	PFA2	G1	foreman_781
foreman_781_AAGGAGCGTGACGCCT	688	1251	0.0943245403677058	3	Hypoxia	PFA1	PFA2	G1	foreman_781
foreman_781_ACACCCTTCAGGCGAA	1577	5432	0.0859720176730486	0	Microglial	PFA1	PFA2	G1	foreman_781
foreman_781_ACACCGGCACATTAGC	638	1443	0.121275121275121	2	Classical M1	PFA1	PFA2	G1	foreman_781
foreman_781_ACACCGGGTCGTGGCT	261	562	0.243772241992883	2	Classical M1	PFA1	PFA2	G1	foreman_781
foreman_781_ACACCGGTCCCAAGTA	1219	3397	0.0974389166911981	0	Microglial	PFA1	PFA2	G1	foreman_781
foreman_781_ACATGGTTCTTAACCT	1376	3282	0.0164533820840951	0	Microglial	PFA1	PFA2	G1	foreman_781
foreman_781_ACCAGTAAGGGCTCTC	1229	3120	0.0375	0	Microglial	PFA1	PFA2	G1	foreman_781
foreman_781_ACCAGTACAAAGGCGT	1473	4237	0.0261977814491385	0	Microglial	PFA1	PFA2	G1	foreman_781
foreman_781_ACCCACTAGCCAACAG	863	2484	0.121980676328502	0	Microglial	PFA1	PFA2	G1	foreman_781
foreman_781_ACCCACTCATGCTGGC	828	1686	0.0658362989323843	2	Classical M1	PFA1	PFA2	G1	foreman_781
foreman_781_ACCGTAAAGTGTTGAA	748	2256	0.048758865248227	0	Microglial	PFA1	PFA2	G1	foreman_781
foreman_781_ACCGTAATCGATAGAA	1676	6197	0.06470873003066	6	DC	PFA1	PFA2	S	foreman_781
foreman_781_ACGAGCCTCACAACGT	726	1984	0.157762096774194	0	Microglial	PFA1	PFA2	G2M	foreman_781
foreman_781_ACGAGCCTCCCGACTT	644	1524	0.115485564304462	2	Classical M1	PFA1	PFA2	G2M	foreman_781
foreman_781_ACGCCGATCATCATTC	759	1922	0.0801248699271592	2	Classical M1	PFA1	PFA2	G1	foreman_781
foreman_781_ACGGAGAAGAGCTGGT	853	2699	0.157836235642831	2	Classical M1	PFA1	PFA2	G1	foreman_781
foreman_781_ACGGCCACATTTGCTT	613	990	0.0545454545454545	2	Classical M1	PFA1	PFA2	G1	foreman_781
foreman_781_ACGGCCATCATCGGAT	2296	7609	0.0207648836903667	0	Microglial	PFA1	PFA2	G1	foreman_781
foreman_781_ACGGCCATCTGCAGTA	2304	9128	0.0422874671340929	6	DC	PFA1	PFA2	G1	foreman_781
foreman_781_ACGTCAAGTTGTCGCG	691	1604	0.140274314214464	2	Classical M1	PFA1	PFA2	G2M	foreman_781
foreman_781_ACTATCTAGCGAGAAA	571	1145	0.211353711790393	2	Classical M1	PFA1	PFA2	S	foreman_781
foreman_781_ACTGAACAGGAATTAC	2179	6911	0.0419620894226595	0	Microglial	PFA1	PFA2	G1	foreman_781
foreman_781_ACTGATGAGATAGTCA	584	1568	0.154974489795918	2	Classical M1	PFA1	PFA2	G1	foreman_781
foreman_781_ACTGTCCTCGTGGTCG	885	3411	0.187628261506889	2	Classical M1	PFA1	PFA2	G1	foreman_781
foreman_781_ACTTACTCATCCGCGA	1375	3244	0.0428483353884094	0	Microglial	PFA1	PFA2	G1	foreman_781
foreman_781_ACTTACTTCGAATGCT	1821	7051	0.106793362643597	0	Microglial	PFA1	PFA2	G1	foreman_781
foreman_781_ACTTTCAAGGCGACAT	607	1863	0.223295759527644	2	Classical M1	PFA1	PFA2	G1	foreman_781
foreman_781_AGAGCTTCAAGTAGTA	1932	6953	0.0414209693657414	6	DC	PFA1	PFA2	G1	foreman_781
foreman_781_AGATCTGCAGACGCTC	526	1232	0.254058441558442	2	Classical M1	PFA1	PFA2	G1	foreman_781
foreman_781_AGATTGCTCTGCTGCT	533	1791	0.115577889447236	0	Microglial	PFA1	PFA2	G1	foreman_781
foreman_781_AGCATACAGACAAAGG	1215	2331	0.024024024024024	0	Microglial	PFA1	PFA2	G1	foreman_781
foreman_781_AGGCCGTTCTAACTTC	1113	2119	0.0504955167531855	2	Classical M1	PFA1	PFA2	G1	foreman_781
foreman_781_AGGGAGTAGAGCTGGT	1589	3636	0.174092409240924	11	Contaminating Tumor cells	PFA1	PFA2	G1	foreman_781
foreman_781_AGGGAGTCAATGAAAC	1939	6556	0.0338621110433191	5	Undefined M	PFA1	PFA2	G1	foreman_781
foreman_781_AGGGATGGTAACGACG	2618	12231	0.0327037854631674	6	DC	PFA1	PFA2	G1	foreman_781
foreman_781_AGGGATGGTTACCGAT	601	1875	0.194666666666667	2	Classical M1	PFA1	PFA2	G1	foreman_781
foreman_781_ATAGACCGTTCATGGT	1027	2910	0.125773195876289	0	Microglial	PFA1	PFA2	G1	foreman_781
foreman_781_ATCCGAACAGGTGCCT	3032	11474	0.0861077218058219	5	Undefined M	PFA1	PFA2	G1	foreman_781
foreman_781_ATCTACTAGATGCGAC	1483	3595	0.0205841446453408	0	Microglial	PFA1	PFA2	G1	foreman_781
foreman_781_ATCTGCCGTTCCCTTG	1572	4481	0.019415309082794	6	DC	PFA1	PFA2	G1	foreman_781
foreman_781_ATGAGGGAGCCCAATT	936	2768	0.110910404624277	2	Classical M1	PFA1	PFA2	G1	foreman_781
foreman_781_ATGGGAGTCACAGGCC	2198	9881	0.0425058192490639	6	DC	PFA1	PFA2	G1	foreman_781
foreman_781_ATTACTCAGCAGGCTA	679	1495	0.103010033444816	7	Alternative M2	PFA1	PFA2	G1	foreman_781
foreman_781_ATTATCCGTCGAGATG	1022	3289	0.173913043478261	2	Classical M1	PFA1	PFA2	G1	foreman_781
foreman_781_ATTGGACAGGGCTTGA	1238	3388	0.10655253837072	0	Microglial	PFA1	PFA2	G1	foreman_781
foreman_781_ATTGGACGTCAAACTC	833	2088	0.115421455938697	2	Classical M1	PFA1	PFA2	G1	foreman_781
foreman_781_ATTGGACGTTAAGACA	1706	5965	0.0551550712489522	0	Microglial	PFA1	PFA2	G1	foreman_781
foreman_781_CAACCTCTCGCATGGC	766	2020	0.11039603960396	2	Classical M1	PFA1	PFA2	G1	foreman_781
foreman_781_CAACTAGGTTGATTGC	3052	15979	0.0311659052506415	6	DC	PFA1	PFA2	G1	foreman_781
foreman_781_CAAGAAAGTATGCTTG	892	2863	0.0911631156129934	0	Microglial	PFA1	PFA2	G1	foreman_781
foreman_781_CAAGAAAGTCCAACTA	527	1259	0.244638602065131	2	Classical M1	PFA1	PFA2	G1	foreman_781
foreman_781_CAAGTTGAGCGTAGTG	990	3281	0.152087778116428	0	Microglial	PFA1	PFA2	G1	foreman_781
foreman_781_CAAGTTGAGTGTCCAT	1614	5145	0.0775510204081633	5	Undefined M	PFA1	PFA2	G1	foreman_781
foreman_781_CAAGTTGTCCTAAGTG	2838	12728	0.0197203016970459	6	DC	PFA1	PFA2	G1	foreman_781
foreman_781_CACAAACAGGTGCACA	1541	4272	0.0161516853932584	0	Microglial	PFA1	PFA2	G1	foreman_781
foreman_781_CACAAACGTGGCTCCA	1569	5743	0.0684311335538917	0	Microglial	PFA1	PFA2	G1	foreman_781
foreman_781_CACAGGCGTAGAAAGG	1449	3585	0.0906555090655509	0	Microglial	PFA1	PFA2	G1	foreman_781
foreman_781_CACCACTGTACCGAGA	840	2399	0.21425593997499	2	Classical M1	PFA1	PFA2	G1	foreman_781
foreman_781_CACCACTGTGGTCTCG	781	1949	0.272960492560287	2	Classical M1	PFA1	PFA2	G1	foreman_781
foreman_781_CAGAATCTCAGGATCT	742	2049	0.135187896534895	0	Microglial	PFA1	PFA2	G1	foreman_781
foreman_781_CAGAGAGAGACCTAGG	965	3201	0.13901905654483	0	Microglial	PFA1	PFA2	S	foreman_781
foreman_781_CAGCGACTCTACCAGA	889	2632	0.110942249240122	2	Classical M1	PFA1	PFA2	G1	foreman_781
foreman_781_CAGGTGCAGGACATTA	707	1760	0.113636363636364	2	Classical M1	PFA1	PFA2	G1	foreman_781
foreman_781_CAGGTGCGTTATCCGA	990	1756	0.0814350797266515	0	Microglial	PFA1	PFA2	G1	foreman_781
foreman_781_CATATGGAGACTAAGT	890	2579	0.106242729740209	0	Microglial	PFA1	PFA2	G1	foreman_781
foreman_781_CATATTCTCGGACAAG	673	1759	0.198408186469585	2	Classical M1	PFA1	PFA2	G1	foreman_781
foreman_781_CATCAAGCAATGACCT	1044	2689	0.092599479360357	0	Microglial	PFA1	PFA2	G1	foreman_781
foreman_781_CATCAAGGTAGGACAC	1071	3142	0.200827498408657	0	Microglial	PFA1	PFA2	G1	foreman_781
foreman_781_CATCCACGTGAAATCA	469	1147	0.0897994768962511	2	Classical M1	PFA1	PFA2	G1	foreman_781
foreman_781_CATCGGGAGCTGTCTA	757	1560	0.0461538461538462	0	Microglial	PFA1	PFA2	G1	foreman_781
foreman_781_CATCGGGTCTAACGGT	693	1957	0.201839550332141	2	Classical M1	PFA1	PFA2	G1	foreman_781
foreman_781_CATGCCTTCGGATGTT	729	1831	0.0316766794101584	2	Classical M1	PFA1	PFA2	G1	foreman_781
foreman_781_CATGGCGCAATAAGCA	978	2171	0.0391524643021649	0	Microglial	PFA1	PFA2	G1	foreman_781
foreman_781_CCACTACGTGCGGTAA	676	2127	0.11236483309826	0	Microglial	PFA1	PFA2	G1	foreman_781
foreman_781_CCCAATCAGAAGAAGC	504	1562	0.268245838668374	2	Classical M1	PFA1	PFA2	G1	foreman_781
foreman_781_CCCAATCTCGGCATCG	1272	2489	0.0160707111289675	0	Microglial	PFA1	PFA2	G1	foreman_781
foreman_781_CCCTCCTCAGTATGCT	1016	2977	0.228417870339268	7	Alternative M2	PFA1	PFA2	G1	foreman_781
foreman_781_CCCTCCTTCAGTTGAC	896	3186	0.102008788449466	0	Microglial	PFA1	PFA2	G1	foreman_781
foreman_781_CCGGTAGCACAGCCCA	836	2411	0.154292824554127	0	Microglial	PFA1	PFA2	G1	foreman_781
foreman_781_CCGTACTAGCCTATGT	978	2064	0.0460271317829457	0	Microglial	PFA1	PFA2	G1	foreman_781
foreman_781_CCGTACTCACCAGGCT	844	2126	0.107243650047037	0	Microglial	PFA1	PFA2	G2M	foreman_781
foreman_781_CCGTACTGTCAATACC	2381	9525	0.031496062992126	6	DC	PFA1	PFA2	G1	foreman_781
foreman_781_CCTAAAGAGTACGCGA	689	1906	0.130115424973767	2	Classical M1	PFA1	PFA2	G1	foreman_781
foreman_781_CCTAAAGCAGAAGCAC	801	2257	0.154630039875942	0	Microglial	PFA1	PFA2	S	foreman_781
foreman_781_CCTTACGGTGCTAGCC	1246	3484	0.0510907003444317	0	Microglial	PFA1	PFA2	G2M	foreman_781
foreman_781_CCTTCCCAGTCCTCCT	2122	8493	0.0522783468738962	6	DC	PFA1	PFA2	G1	foreman_781
foreman_781_CCTTCGACATTAGCCA	1168	3669	0.0983919324066503	7	Alternative M2	PFA1	PFA2	G1	foreman_781
foreman_781_CGAATGTGTTATCACG	397	1131	0.2236958443855	2	Classical M1	PFA1	PFA2	G1	foreman_781
foreman_781_CGACCTTGTATAAACG	613	1453	0.174122505161734	2	Classical M1	PFA1	PFA2	G1	foreman_781
foreman_781_CGACCTTTCCTAGTGA	1014	2775	0.122882882882883	0	Microglial	PFA1	PFA2	S	foreman_781
foreman_781_CGACTTCGTCTGGTCG	434	1135	0.193832599118943	2	Classical M1	PFA1	PFA2	G2M	foreman_781
foreman_781_CGAGAAGTCAGCTGGC	880	2435	0.154414784394251	0	Microglial	PFA1	PFA2	G2M	foreman_781
foreman_781_CGATGGCTCCAAAGTC	2532	15149	0.0225757475740973	6	DC	PFA1	PFA2	G1	foreman_781
foreman_781_CGCTATCTCCGGCACA	1966	6254	0.0446114486728494	5	Undefined M	PFA1	PFA2	G1	foreman_781
foreman_781_CGGACACCAGCGAACA	1038	2022	0.0356083086053412	0	Microglial	PFA1	PFA2	G1	foreman_781
foreman_781_CGTAGCGAGGATGCGT	783	2046	0.156891495601173	2	Classical M1	PFA1	PFA2	G1	foreman_781
foreman_781_CGTAGGCTCTGCCCTA	1272	3131	0.0520600447141488	0	Microglial	PFA1	PFA2	G1	foreman_781
foreman_781_CGTCACTTCTGAGGGA	1444	4909	0.087186799755551	0	Microglial	PFA1	PFA2	G1	foreman_781
foreman_781_CGTCCATCAGCTATTG	572	1796	0.143652561247216	2	Classical M1	PFA1	PFA2	G1	foreman_781
foreman_781_CGTTGGGTCCTTGGTC	841	2171	0.118839244587748	0	Microglial	PFA1	PFA2	G1	foreman_781
foreman_781_CTAACTTTCTGTTTGT	389	894	0.272930648769575	2	Classical M1	PFA1	PFA2	G1	foreman_781
foreman_781_CTACACCAGCGTCAAG	1080	2877	0.170316301703163	5	Undefined M	PFA1	PFA2	G2M	foreman_781
foreman_781_CTACACCTCAAACAAG	247	687	0.158660844250364	2	Classical M1	PFA1	PFA2	G1	foreman_781
foreman_781_CTACATTGTTAGAACA	768	2308	0.0996533795493934	0	Microglial	PFA1	PFA2	G1	foreman_781
foreman_781_CTCAGAAGTACTCGCG	1263	2553	0.0556208382295339	0	Microglial	PFA1	PFA2	G1	foreman_781
foreman_781_CTCATTACAAGCCGCT	516	1470	0.181632653061225	2	Classical M1	PFA1	PFA2	G1	foreman_781
foreman_781_CTCATTAGTCCGAAGA	757	1881	0.200956937799043	2	Classical M1	PFA1	PFA2	G1	foreman_781
foreman_781_CTCGAGGAGCAGCCTC	1011	4013	0.133815100922003	0	Microglial	PFA1	PFA2	G1	foreman_781
foreman_781_CTCGGAGCATTCTCAT	1476	3872	0.115960743801653	5	Undefined M	PFA1	PFA2	G1	foreman_781
foreman_781_CTCGTACAGGGTCTCC	1066	2644	0.108547655068079	2	Classical M1	PFA1	PFA2	G1	foreman_781
foreman_781_CTCTACGGTTTGTTGG	666	2100	0.166190476190476	2	Classical M1	PFA1	PFA2	G1	foreman_781
foreman_781_CTCTGGTGTCTGGTCG	638	1359	0.0515084621044886	2	Classical M1	PFA1	PFA2	G2M	foreman_781
foreman_781_CTGAAGTAGAAACGAG	515	1078	0.202226345083488	2	Classical M1	PFA1	PFA2	G1	foreman_781
foreman_781_CTGAAGTGTAGCGTAG	1112	3723	0.137254901960784	0	Microglial	PFA1	PFA2	G1	foreman_781
foreman_781_CTGATCCCAAATCCGT	614	1036	0.0492277992277992	2	Classical M1	PFA1	PFA2	G1	foreman_781
foreman_781_CTTCTCTAGGCTCTTA	834	2834	0.13408609738885	0	Microglial	PFA1	PFA2	G1	foreman_781
foreman_781_CTTGGCTGTGCTAGCC	708	1780	0.113483146067416	2	Classical M1	PFA1	PFA2	G1	foreman_781
foreman_781_CTTTGCGCACCACGTG	800	2048	0.12890625	0	Microglial	PFA1	PFA2	G1	foreman_781
foreman_781_CTTTGCGGTCTAGTCA	755	2551	0.17953743629949	2	Classical M1	PFA1	PFA2	G1	foreman_781
foreman_781_GAACATCGTAGGCTGA	808	2178	0.155188246097337	0	Microglial	PFA1	PFA2	G1	foreman_781
foreman_781_GACACGCGTAGGACAC	821	2042	0.0577864838393732	0	Microglial	PFA1	PFA2	G1	foreman_781
foreman_781_GACGCGTGTACCGGCT	737	2323	0.250107619457598	2	Classical M1	PFA1	PFA2	G1	foreman_781
foreman_781_GACGGCTAGCTGCCCA	854	2398	0.227689741451209	2	Classical M1	PFA1	PFA2	G1	foreman_781
foreman_781_GACTAACAGGCAATTA	713	2037	0.0957290132547865	2	Classical M1	PFA1	PFA2	G1	foreman_781
foreman_781_GATCAGTAGACTGGGT	1331	3782	0.0904283447911158	7	Alternative M2	PFA1	PFA2	G1	foreman_781
foreman_781_GATCGATCAGGTCGTC	1489	4491	0.0743709641505233	0	Microglial	PFA1	PFA2	G1	foreman_781
foreman_781_GATCTAGCATGTTGAC	1229	3129	0.0610418664109939	0	Microglial	PFA1	PFA2	G1	foreman_781
foreman_781_GATGCTACAGTTCCCT	1143	3412	0.131301289566237	0	Microglial	PFA1	PFA2	G1	foreman_781
foreman_781_GATGCTAGTACTCGCG	830	1675	0.0650746268656716	2	Classical M1	PFA1	PFA2	G2M	foreman_781
foreman_781_GATTCAGCACTTACGA	665	1966	0.248728382502543	0	Microglial	PFA1	PFA2	G1	foreman_781
foreman_781_GATTCAGTCCAAACAC	640	1553	0.175788795878944	2	Classical M1	PFA1	PFA2	G1	foreman_781
foreman_781_GCGCCAAAGAATTCCC	1267	2403	0.0153974198918019	0	Microglial	PFA1	PFA2	S	foreman_781
foreman_781_GCGCCAAAGACCTTTG	1273	3613	0.0952117353999446	0	Microglial	PFA1	PFA2	G1	foreman_781
foreman_781_GCGGGTTAGCTACCGC	581	1585	0.130599369085174	0	Microglial	PFA1	PFA2	G1	foreman_781
foreman_781_GCTGGGTAGGCACATG	1817	5920	0.0525337837837838	0	Microglial	PFA1	PFA2	G1	foreman_781
foreman_781_GCTTGAAGTCCGAAGA	464	972	0.173868312757202	2	Classical M1	PFA1	PFA2	G2M	foreman_781
foreman_781_GGAATAACATAAGACA	1087	3162	0.100569259962049	0	Microglial	PFA1	PFA2	G1	foreman_781
foreman_781_GGCAATTCAGCATGAG	460	838	0.186157517899761	2	Classical M1	PFA1	PFA2	G1	foreman_781
foreman_781_GGCCGATGTACCGTTA	854	2569	0.145971195017517	0	Microglial	PFA1	PFA2	G1	foreman_781
foreman_781_GGCTGGTCAGACGCCT	1139	3226	0.113143211407316	7	Alternative M2	PFA1	PFA2	S	foreman_781
foreman_781_GGCTGGTTCTCCAACC	2045	9528	0.0397774979009236	6	DC	PFA1	PFA2	G1	foreman_781
foreman_781_GGGAGATAGTTAGCGG	537	1262	0.166402535657686	2	Classical M1	PFA1	PFA2	G1	foreman_781
foreman_781_GGGCACTGTCGACTGC	2135	8318	0.0586679490262082	0	Microglial	PFA1	PFA2	G1	foreman_781
foreman_781_GGGTTGCAGTACTTGC	343	539	0.178107606679035	2	Classical M1	PFA1	PFA2	G2M	foreman_781
foreman_781_GGGTTGCTCTCAAACG	2662	12187	0.0133749076885206	6	DC	PFA1	PFA2	G1	foreman_781
foreman_781_GGTGCGTTCCGTTGTC	958	2791	0.101397348620566	0	Microglial	PFA1	PFA2	S	foreman_781
foreman_781_GTAGGCCAGAAACGAG	1256	3640	0.167307692307692	5	Undefined M	PFA1	PFA2	S	foreman_781
foreman_781_GTATCTTCAGTCCTTC	918	2680	0.173507462686567	0	Microglial	PFA1	PFA2	G1	foreman_781
foreman_781_GTCACAATCCTAAGTG	438	677	0.0901033973412112	2	Classical M1	PFA1	PFA2	S	foreman_781
foreman_781_GTCACGGAGTAGGTGC	664	1397	0.15748031496063	0	Microglial	PFA1	PFA2	G1	foreman_781
foreman_781_GTCACGGGTAACGACG	1840	4778	0.023440770196735	0	Microglial	PFA1	PFA2	G2M	foreman_781
foreman_781_GTCATTTAGAGTACAT	2026	6504	0.0327490774907749	0	Microglial	PFA1	PFA2	G1	foreman_781
foreman_781_GTCGGGTGTCCGAGTC	861	1978	0.0717896865520728	2	Classical M1	PFA1	PFA2	G1	foreman_781
foreman_781_GTGCAGCGTATATGAG	1004	3181	0.215026721156869	2	Classical M1	PFA1	PFA2	G1	foreman_781
foreman_781_GTGCATAAGGAGTAGA	1530	6159	0.0920603994154895	0	Microglial	PFA1	PFA2	G1	foreman_781
foreman_781_GTGGGTCTCATTCACT	813	2054	0.0954235637779942	0	Microglial	PFA1	PFA2	G1	foreman_781
foreman_781_GTGTTAGAGTTAGGTA	1012	3008	0.121675531914894	0	Microglial	PFA1	PFA2	G1	foreman_781
foreman_781_GTTCTCGCATAGTAAG	1366	3673	0.0735093928668663	0	Microglial	PFA1	PFA2	G1	foreman_781
foreman_781_TAAACCGAGGACAGCT	830	2362	0.137595258255716	0	Microglial	PFA1	PFA2	G1	foreman_781
foreman_781_TAAGAGATCGCTTGTC	569	850	0.0411764705882353	2	Classical M1	PFA1	PFA2	G1	foreman_781
foreman_781_TAAGCGTAGACCCACC	1771	7562	0.0880719386405713	0	Microglial	PFA1	PFA2	G1	foreman_781
foreman_781_TAAGCGTCACATCCAA	716	2004	0.095309381237525	2	Classical M1	PFA1	PFA2	G1	foreman_781
foreman_781_TAAGCGTCAGGTGCCT	1209	3611	0.0293547493769039	0	Microglial	PFA1	PFA2	G1	foreman_781
foreman_781_TACACGAAGTTTAGGA	546	1477	0.119837508463101	2	Classical M1	PFA1	PFA2	G1	foreman_781
foreman_781_TACCTTACAATAAGCA	1710	6572	0.065581253804017	0	Microglial	PFA1	PFA2	G1	foreman_781
foreman_781_TACGGTAAGGTGCACA	1791	6039	0.027819175360159	0	Microglial	PFA1	PFA2	G1	foreman_781
foreman_781_TACGGTATCTCCTATA	2573	11992	0.0371914609739827	6	DC	PFA1	PFA2	G1	foreman_781
foreman_781_TACTCATGTACTTGAC	657	1157	0.201382886776145	11	Contaminating Tumor cells	PFA1	PFA2	S	foreman_781
foreman_781_TACTCATGTCCAGTGC	1645	4908	0.0403422982885086	0	Microglial	PFA1	PFA2	S	foreman_781
foreman_781_TAGCCGGCACACATGT	897	2396	0.0968280467445743	7	Alternative M2	PFA1	PFA2	G1	foreman_781
foreman_781_TAGGCATTCAAACCAC	1144	3276	0.131257631257631	7	Alternative M2	PFA1	PFA2	G1	foreman_781
foreman_781_TAGTGGTCAAGCCCAC	2595	13637	0.0153992813668695	6	DC	PFA1	PFA2	G1	foreman_781
foreman_781_TATCAGGCACGGTGTC	936	2172	0.0580110497237569	0	Microglial	PFA1	PFA2	G1	foreman_781
foreman_781_TATCTCACAAATCCGT	1954	6813	0.0706003229120798	0	Microglial	PFA1	PFA2	G1	foreman_781
foreman_781_TCCACACAGTGTCTCA	1874	7085	0.0601270289343684	5	Undefined M	PFA1	PFA2	G1	foreman_781
foreman_781_TCCCGATTCTTGTATC	732	2017	0.129400099157164	2	Classical M1	PFA1	PFA2	G1	foreman_781
foreman_781_TCGGTAACAAAGTCAA	1628	4841	0.0632100805618674	0	Microglial	PFA1	PFA2	G1	foreman_781
foreman_781_TCGGTAATCGGCCGAT	1705	5007	0.0709007389654484	0	Microglial	PFA1	PFA2	G1	foreman_781
foreman_781_TCGTAGAGTTGTGGCC	631	1239	0.0605326876513317	2	Classical M1	PFA1	PFA2	G1	foreman_781
foreman_781_TCTCATAGTCCGAATT	1180	3026	0.018836748182419	0	Microglial	PFA1	PFA2	S	foreman_781
foreman_781_TCTGGAAAGTTCGCAT	880	2528	0.0988924050632911	2	Classical M1	PFA1	PFA2	G1	foreman_781
foreman_781_TCTGGAACACACGCTG	953	2842	0.144616467276566	0	Microglial	PFA1	PFA2	G1	foreman_781
foreman_781_TCTTCGGTCACGGTTA	2399	9578	0.0444769262894132	0	Microglial	PFA1	PFA2	G1	foreman_781
foreman_781_TGACGGCTCTGGGCCA	1414	4422	0.0777928539122569	0	Microglial	PFA1	PFA2	G1	foreman_781
foreman_781_TGAGAGGAGTGTTTGC	1331	3803	0.0833552458585327	0	Microglial	PFA1	PFA2	G1	foreman_781
foreman_781_TGCACCTGTGATGCCC	1108	3174	0.127914303717706	0	Microglial	PFA1	PFA2	G1	foreman_781
foreman_781_TGCCCATTCAGCTGGC	538	1460	0.132191780821918	7	Alternative M2	PFA1	PFA2	G1	foreman_781
foreman_781_TGCCCTAAGCGTGAAC	631	1647	0.151183970856102	2	Classical M1	PFA1	PFA2	G1	foreman_781
foreman_781_TGCGCAGAGCTTATCG	1336	2607	0.0590717299578059	7	Alternative M2	PFA1	PFA2	G1	foreman_781
foreman_781_TGCGGGTTCCTATTCA	2405	8884	0.0703511931562359	0	Microglial	PFA1	PFA2	G1	foreman_781
foreman_781_TGCTACCAGTGTGAAT	785	2128	0.138627819548872	2	Classical M1	PFA1	PFA2	G1	foreman_781
foreman_781_TGCTACCGTAGGCATG	750	1426	0.0238429172510519	2	Classical M1	PFA1	PFA2	S	foreman_781
foreman_781_TGCTGCTAGCCGATTT	1381	4671	0.119460500963391	0	Microglial	PFA1	PFA2	G1	foreman_781
foreman_781_TGGCTGGGTCTGGTCG	638	2064	0.124031007751938	2	Classical M1	PFA1	PFA2	G1	foreman_781
foreman_781_TGGGCGTGTCCATCCT	805	2489	0.182402571313781	0	Microglial	PFA1	PFA2	G1	foreman_781
foreman_781_TGGTTAGTCATAAAGG	875	2757	0.104824084149438	2	Classical M1	PFA1	PFA2	G1	foreman_781
foreman_781_TGGTTCCAGCTGAAAT	1588	4891	0.0515232058883664	0	Microglial	PFA1	PFA2	G1	foreman_781
foreman_781_TGGTTCCGTGATGATA	1724	5805	0.020671834625323	5	Undefined M	PFA1	PFA2	S	foreman_781
foreman_781_TGTATTCGTTGTACAC	1084	3178	0.0748898678414097	0	Microglial	PFA1	PFA2	G1	foreman_781
foreman_781_TGTCCCACACGACGAA	1564	4842	0.0179677819083024	6	DC	PFA1	PFA2	S	foreman_781
foreman_781_TGTCCCACAGAGCCAA	894	2106	0.128205128205128	2	Classical M1	PFA1	PFA2	G2M	foreman_781
foreman_781_TGTTCCGCACGGACAA	2410	9550	0.0225130890052356	6	DC	PFA1	PFA2	G1	foreman_781
foreman_781_TTAACTCGTTCCGTCT	634	1608	0.149253731343284	2	Classical M1	PFA1	PFA2	G1	foreman_781
foreman_781_TTAGGCATCACCGGGT	1782	6965	0.0505384063173008	6	DC	PFA1	PFA2	G1	foreman_781
foreman_781_TTCGAAGAGTGAAGAG	488	1172	0.0477815699658703	2	Classical M1	PFA1	PFA2	G1	foreman_781
foreman_781_TTGCCGTAGTTGAGAT	645	2163	0.053166897827092	2	Classical M1	PFA1	PFA2	G1	foreman_781
foreman_781_TTGCCGTAGTTGCAGG	1920	5789	0.0202107445154604	0	Microglial	PFA1	PFA2	S	foreman_781
foreman_781_TTGCGTCTCTCGAGTA	2373	7847	0.0128711609532305	0	Microglial	PFA1	PFA2	G1	foreman_781
foreman_821_AAACCTGAGGAACTGC	641	1866	0.202572347266881	0	Microglial	PFA1	PFA1	S	foreman_821
foreman_821_AAACCTGCATTGAGCT	891	2174	0.15639374425023	7	Alternative M2	PFA1	PFA1	G2M	foreman_821
foreman_821_AAACCTGGTTCCACAA	737	2176	0.270220588235294	2	Classical M1	PFA1	PFA1	G1	foreman_821
foreman_821_AAAGATGAGGATGTAT	1832	5723	0.0597588677267168	4	Mitotic	PFA1	PFA1	G2M	foreman_821
foreman_821_AAAGCAAAGTCAAGCG	793	2166	0.236842105263158	2	Classical M1	PFA1	PFA1	G1	foreman_821
foreman_821_AAAGCAAAGTTATCGC	2216	8697	0.0635851443026331	0	Microglial	PFA1	PFA1	G1	foreman_821
foreman_821_AAAGTAGAGTGACATA	1394	4281	0.13875262789068	0	Microglial	PFA1	PFA1	G1	foreman_821
foreman_821_AAAGTAGTCGGCGCAT	2526	11851	0.041177959665851	6	DC	PFA1	PFA1	G1	foreman_821
foreman_821_AAATGCCCAGCCAGAA	1291	4860	0.147736625514403	0	Microglial	PFA1	PFA1	S	foreman_821
foreman_821_AAATGCCTCTTTAGGG	1493	4395	0.119908987485779	0	Microglial	PFA1	PFA1	G1	foreman_821
foreman_821_AACACGTCAGCCTATA	690	1662	0.23164861612515	3	Hypoxia	PFA1	PFA1	G2M	foreman_821
foreman_821_AACCATGGTCGCGTGT	918	2481	0.151148730350665	2	Classical M1	PFA1	PFA1	G1	foreman_821
foreman_821_AACCGCGTCGAATCCA	609	1401	0.290506780870807	2	Classical M1	PFA1	PFA1	G2M	foreman_821
foreman_821_AACGTTGAGTTGAGTA	805	2183	0.21759047182776	2	Classical M1	PFA1	PFA1	S	foreman_821
foreman_821_AACTCAGAGATCCGAG	2792	11060	0.0198010849909584	5	Undefined M	PFA1	PFA1	S	foreman_821
foreman_821_AACTCCCCAGAGCCAA	949	2764	0.262662807525326	2	Classical M1	PFA1	PFA1	S	foreman_821
foreman_821_AACTCTTGTAGAGCTG	426	946	0.258985200845666	2	Classical M1	PFA1	PFA1	G1	foreman_821
foreman_821_AACTCTTGTGAGCGAT	826	1922	0.0655567117585848	2	Classical M1	PFA1	PFA1	G1	foreman_821
foreman_821_AACTCTTTCTTACCGC	1985	7638	0.072663000785546	7	Alternative M2	PFA1	PFA1	G1	foreman_821
foreman_821_AACTGGTAGATGTGTA	1094	3063	0.189683317009468	2	Classical M1	PFA1	PFA1	S	foreman_821
foreman_821_AACTGGTGTTGTCGCG	1200	3871	0.185740118832343	0	Microglial	PFA1	PFA1	S	foreman_821
foreman_821_AAGCCGCCACGACTCG	1183	3885	0.171685971685972	0	Microglial	PFA1	PFA1	G1	foreman_821
foreman_821_AAGGAGCAGAGCCTAG	648	1623	0.183610597658657	2	Classical M1	PFA1	PFA1	G1	foreman_821
foreman_821_AAGGTTCTCTCTGCTG	2579	10529	0.0774052616582771	0	Microglial	PFA1	PFA1	S	foreman_821
foreman_821_AAGTCTGTCATACGGT	938	2856	0.167717086834734	0	Microglial	PFA1	PFA1	G2M	foreman_821
foreman_821_AAGTCTGTCTGAAAGA	2128	7246	0.088600607231576	0	Microglial	PFA1	PFA1	G1	foreman_821
foreman_821_AATCCAGTCCGCATCT	1078	3350	0.0701492537313433	0	Microglial	PFA1	PFA1	G1	foreman_821
foreman_821_ACACCAAAGCATCATC	1648	4541	0.0684871173750275	0	Microglial	PFA1	PFA1	G1	foreman_821
foreman_821_ACACCAATCTACCTGC	1646	4577	0.107057024251693	4	Mitotic	PFA1	PFA1	S	foreman_821
foreman_821_ACACCCTAGGAGCGAG	1385	3698	0.161168199026501	0	Microglial	PFA1	PFA1	S	foreman_821
foreman_821_ACACCGGCATGCCTTC	1780	5402	0.0777489818585709	0	Microglial	PFA1	PFA1	G1	foreman_821
foreman_821_ACACTGACACAAGTAA	579	1129	0.155890168290523	2	Classical M1	PFA1	PFA1	G1	foreman_821
foreman_821_ACACTGACACATTAGC	2369	9628	0.0475695886996261	7	Alternative M2	PFA1	PFA1	G1	foreman_821
foreman_821_ACAGCTACATTGAGCT	3198	13873	0.0409428386073668	4	Mitotic	PFA1	PFA1	S	foreman_821
foreman_821_ACATACGTCTGTGCAA	802	2120	0.217452830188679	2	Classical M1	PFA1	PFA1	G1	foreman_821
foreman_821_ACATGGTCACAGATTC	2927	11882	0.0518431240531897	5	Undefined M	PFA1	PFA1	G1	foreman_821
foreman_821_ACATGGTGTGGTACAG	2360	8450	0.053491124260355	0	Microglial	PFA1	PFA1	G1	foreman_821
foreman_821_ACCCACTGTACATCCA	2215	8259	0.0783387819348589	0	Microglial	PFA1	PFA1	G1	foreman_821
foreman_821_ACCCACTGTCAGTGGA	2094	6460	0.0925696594427245	0	Microglial	PFA1	PFA1	G1	foreman_821
foreman_821_ACCCACTTCGAACTGT	2562	8741	0.0602905846013042	5	Undefined M	PFA1	PFA1	G1	foreman_821
foreman_821_ACCGTAAGTAGTGAAT	2347	10308	0.0350213426464882	6	DC	PFA1	PFA1	G1	foreman_821
foreman_821_ACCGTAATCACCTCGT	2142	6783	0.0797582190771045	0	Microglial	PFA1	PFA1	G1	foreman_821
foreman_821_ACCTTTACACTGTGTA	755	1597	0.201001878522229	2	Classical M1	PFA1	PFA1	G1	foreman_821
foreman_821_ACCTTTAGTCCGTGAC	2539	13089	0.0304072121628849	6	DC	PFA1	PFA1	G1	foreman_821
foreman_821_ACGATGTGTCGCCATG	1221	3567	0.203252032520325	11	Contaminating Tumor cells	PFA1	PFA1	G1	foreman_821
foreman_821_ACGATGTGTGAGTATA	888	2288	0.152972027972028	2	Classical M1	PFA1	PFA1	G1	foreman_821
foreman_821_ACGCAGCAGGTGACCA	1164	2952	0.000677506775067751	2	Classical M1	PFA1	PFA1	G1	foreman_821
foreman_821_ACGCAGCGTTGTACAC	2011	9879	0.0373519587002733	6	DC	PFA1	PFA1	G1	foreman_821
foreman_821_ACGCCAGCACTCTGTC	984	3395	0.045360824742268	3	Hypoxia	PFA1	PFA1	S	foreman_821
foreman_821_ACGCCAGGTCCGAATT	1214	3427	0.0679894951852933	6	DC	PFA1	PFA1	G1	foreman_821
foreman_821_ACGCCAGTCATATCGG	1044	3159	0.174422285533397	0	Microglial	PFA1	PFA1	G1	foreman_821
foreman_821_ACGGAGAGTTGGTGGA	3214	13177	0.0601047279350383	5	Undefined M	PFA1	PFA1	G1	foreman_821
foreman_821_ACGTCAAGTCACAAGG	1102	3586	0.143335192414947	0	Microglial	PFA1	PFA1	G1	foreman_821
foreman_821_ACGTCAAGTGACGGTA	1187	3448	0.0493039443155452	0	Microglial	PFA1	PFA1	G1	foreman_821
foreman_821_ACTATCTAGATTACCC	861	2255	0.154767184035477	2	Classical M1	PFA1	PFA1	G1	foreman_821
foreman_821_ACTGAACAGCCACTAT	712	1470	0.189115646258503	2	Classical M1	PFA1	PFA1	G1	foreman_821
foreman_821_ACTGAGTAGTACACCT	1231	3581	0.125104719352136	2	Classical M1	PFA1	PFA1	G2M	foreman_821
foreman_821_ACTGATGCAAGTCTAC	1379	3928	0.0842668024439919	0	Microglial	PFA1	PFA1	S	foreman_821
foreman_821_ACTGCTCCAAAGGCGT	608	961	0.0926118626430801	2	Classical M1	PFA1	PFA1	G1	foreman_821
foreman_821_ACTGCTCTCAGCTTAG	1742	6053	0.0796299355691393	0	Microglial	PFA1	PFA1	G1	foreman_821
foreman_821_ACTGCTCTCTCCAACC	1006	2636	0.103945371775417	2	Classical M1	PFA1	PFA1	S	foreman_821
foreman_821_ACTGCTCTCTGTTTGT	1564	5207	0.0964086806222393	0	Microglial	PFA1	PFA1	G1	foreman_821
foreman_821_ACTTACTCACGAGGTA	783	2222	0.199369936993699	2	Classical M1	PFA1	PFA1	G1	foreman_821
foreman_821_ACTTGTTAGCGTTTAC	1156	3799	0.202158462753356	0	Microglial	PFA1	PFA1	G1	foreman_821
foreman_821_ACTTGTTAGGCATTGG	844	2118	0.155807365439093	0	Microglial	PFA1	PFA1	G1	foreman_821
foreman_821_ACTTTCAGTTGTACAC	678	1639	0.245271507016473	2	Classical M1	PFA1	PFA1	G2M	foreman_821
foreman_821_AGAATAGCACATAACC	2054	8686	0.0574487681326272	7	Alternative M2	PFA1	PFA1	G1	foreman_821
foreman_821_AGAGCGACAGTATAAG	2728	9917	0.0991227185640819	11	Contaminating Tumor cells	PFA1	PFA1	G1	foreman_821
foreman_821_AGAGTGGGTCCGCTGA	2500	9885	0.0483560950935761	7	Alternative M2	PFA1	PFA1	G1	foreman_821
foreman_821_AGAGTGGTCGCAAACT	1541	4494	0.0487316421895861	0	Microglial	PFA1	PFA1	G1	foreman_821
foreman_821_AGATTGCAGACCACGA	864	2490	0.288353413654618	2	Classical M1	PFA1	PFA1	S	foreman_821
foreman_821_AGATTGCAGCTGTTCA	2535	11087	0.0579958509966628	0	Microglial	PFA1	PFA1	G1	foreman_821
foreman_821_AGATTGCAGTAGGTGC	2387	8090	0.0839307787391842	5	Undefined M	PFA1	PFA1	S	foreman_821
foreman_821_AGATTGCCACGGTTTA	889	2270	0.0502202643171806	2	Classical M1	PFA1	PFA1	G1	foreman_821
foreman_821_AGCGTATAGGCAATTA	774	2417	0.196938353330575	0	Microglial	PFA1	PFA1	G1	foreman_821
foreman_821_AGCGTATGTCCAAGTT	494	1206	0.225538971807629	2	Classical M1	PFA1	PFA1	G2M	foreman_821
foreman_821_AGCGTATGTGTTTGTG	2020	6811	0.0850095433856996	0	Microglial	PFA1	PFA1	G1	foreman_821
foreman_821_AGCGTCGAGCGATCCC	944	3375	0.183407407407407	2	Classical M1	PFA1	PFA1	G1	foreman_821
foreman_821_AGCGTCGCATCTACGA	2158	8530	0.0341148886283705	6	DC	PFA1	PFA1	G1	foreman_821
foreman_821_AGCTCCTAGGGCATGT	2537	10094	0.0437883891420646	6	DC	PFA1	PFA1	G1	foreman_821
foreman_821_AGCTCCTCAAGGACTG	1277	3387	0.119574844995571	0	Microglial	PFA1	PFA1	G1	foreman_821
foreman_821_AGCTCCTTCGCATGAT	2574	10964	0.0379423568040861	6	DC	PFA1	PFA1	G1	foreman_821
foreman_821_AGGCCACCACCACGTG	1413	3775	0.248741721854305	5	Undefined M	PFA1	PFA1	G1	foreman_821
foreman_821_AGGCCACCATCACGAT	2806	13173	0.0330980034919912	6	DC	PFA1	PFA1	G1	foreman_821
foreman_821_AGGCCGTAGAGGTTAT	801	2342	0.217762596071734	2	Classical M1	PFA1	PFA1	G1	foreman_821
foreman_821_AGGGAGTTCCCTAATT	848	2674	0.178010471204188	2	Classical M1	PFA1	PFA1	S	foreman_821
foreman_821_AGGGATGCAGGATCGA	1588	4829	0.209981362600953	4	Mitotic	PFA1	PFA1	S	foreman_821
foreman_821_AGTAGTCTCTTGAGGT	2041	8938	0.0474379055717163	6	DC	PFA1	PFA1	G1	foreman_821
foreman_821_AGTCTTTCAGCCACCA	2267	9467	0.0653850216541671	0	Microglial	PFA1	PFA1	G1	foreman_821
foreman_821_AGTCTTTCAGCTTAAC	2777	10647	0.0301493378416455	6	DC	PFA1	PFA1	G2M	foreman_821
foreman_821_AGTGAGGAGCTTTGGT	730	2407	0.221852928957208	2	Classical M1	PFA1	PFA1	G1	foreman_821
foreman_821_ATAACGCGTCAACTGT	1679	5653	0.238811250663365	4	Mitotic	PFA1	PFA1	S	foreman_821
foreman_821_ATAACGCGTCTGCGGT	1922	6180	0.151132686084142	0	Microglial	PFA1	PFA1	G1	foreman_821
foreman_821_ATAACGCGTTACGGAG	2722	10465	0.0457716196846632	6	DC	PFA1	PFA1	G1	foreman_821
foreman_821_ATAAGAGCACCCATTC	2241	8563	0.0691346490715871	5	Undefined M	PFA1	PFA1	G1	foreman_821
foreman_821_ATAAGAGTCATCGATG	942	2586	0.246713070378964	2	Classical M1	PFA1	PFA1	G1	foreman_821
foreman_821_ATAAGAGTCTTTCCTC	1002	3522	0.201873935264055	0	Microglial	PFA1	PFA1	G1	foreman_821
foreman_821_ATAGACCAGCCTCGTG	2857	13345	0.0507306107156238	7	Alternative M2	PFA1	PFA1	G1	foreman_821
foreman_821_ATCACGAAGTCTCGGC	2458	7530	0.0933598937583001	4	Mitotic	PFA1	PFA1	S	foreman_821
foreman_821_ATCACGACAAGTTAAG	2677	12399	0.0341963061537221	6	DC	PFA1	PFA1	G1	foreman_821
foreman_821_ATCACGAGTTATTCTC	736	2124	0.284839924670433	2	Classical M1	PFA1	PFA1	G1	foreman_821
foreman_821_ATCATCTAGAATGTTG	816	2046	0.265395894428152	2	Classical M1	PFA1	PFA1	G1	foreman_821
foreman_821_ATCATCTTCAACGAAA	586	1143	0.197725284339458	4	Mitotic	PFA1	PFA1	G2M	foreman_821
foreman_821_ATCATGGTCCTGCAGG	1464	4614	0.100346770697876	0	Microglial	PFA1	PFA1	G1	foreman_821
foreman_821_ATCCACCAGGGATCTG	724	1953	0.134664618535586	0	Microglial	PFA1	PFA1	G1	foreman_821
foreman_821_ATCCACCCAACGATCT	563	1396	0.185530085959885	3	Hypoxia	PFA1	PFA1	S	foreman_821
foreman_821_ATCCACCCACAGGTTT	2812	10893	0.0414945377765537	6	DC	PFA1	PFA1	G1	foreman_821
foreman_821_ATCCACCGTTGGAGGT	1484	3872	0.104597107438017	7	Alternative M2	PFA1	PFA1	G1	foreman_821
foreman_821_ATCCACCTCAACGAAA	858	2165	0.230484988452656	2	Classical M1	PFA1	PFA1	G1	foreman_821
foreman_821_ATGTGTGGTCGAAAGC	2913	11985	0.0721735502711723	0	Microglial	PFA1	PFA1	G1	foreman_821
foreman_821_ATTACTCGTGGTAACG	2366	8891	0.0906534698009223	11	Contaminating Tumor cells	PFA1	PFA1	G1	foreman_821
foreman_821_ATTATCCAGACGACGT	1499	5385	0.184772516248839	4	Mitotic	PFA1	PFA1	S	foreman_821
foreman_821_ATTATCCAGTTATCGC	1917	6978	0.0580395528804815	0	Microglial	PFA1	PFA1	G2M	foreman_821
foreman_821_ATTATCCTCCCATTTA	2334	9970	0.0252758274824473	5	Undefined M	PFA1	PFA1	G1	foreman_821
foreman_821_ATTCTACGTAGCGATG	2354	11988	0.0236903570236904	6	DC	PFA1	PFA1	G1	foreman_821
foreman_821_ATTCTACTCGCACTCT	354	650	0.201538461538462	2	Classical M1	PFA1	PFA1	G1	foreman_821
foreman_821_ATTGGACTCCAGATCA	1880	8604	0.0373082287308229	7	Alternative M2	PFA1	PFA1	G1	foreman_821
foreman_821_ATTGGTGCAAACTGTC	529	1457	0.234728894989705	2	Classical M1	PFA1	PFA1	G1	foreman_821
foreman_821_ATTGGTGCAGTCCTTC	1719	5340	0.149250936329588	0	Microglial	PFA1	PFA1	S	foreman_821
foreman_821_ATTGGTGTCATCGCTC	3574	16397	0.0484844788680856	0	Microglial	PFA1	PFA1	G1	foreman_821
foreman_821_ATTTCTGCAGTATGCT	2107	6790	0.0614138438880707	7	Alternative M2	PFA1	PFA1	G1	foreman_821
foreman_821_CAACCTCAGGGAACGG	1554	4945	0.138119312436805	0	Microglial	PFA1	PFA1	G2M	foreman_821
foreman_821_CAACCTCTCTTCGGTC	948	2969	0.209161333782418	0	Microglial	PFA1	PFA1	G1	foreman_821
foreman_821_CAACTAGCAAGACGTG	1914	7386	0.0801516382344977	0	Microglial	PFA1	PFA1	G1	foreman_821
foreman_821_CAACTAGTCCAATGGT	1709	4682	0.180905595899188	5	Undefined M	PFA1	PFA1	G1	foreman_821
foreman_821_CAAGAAACAAGTTGTC	1084	3729	0.148833467417538	0	Microglial	PFA1	PFA1	S	foreman_821
foreman_821_CAAGAAACAGGTGGAT	3174	15256	0.0354614577871002	6	DC	PFA1	PFA1	S	foreman_821
foreman_821_CAAGATCCATGCCACG	1190	2917	0.205690778196778	5	Undefined M	PFA1	PFA1	G1	foreman_821
foreman_821_CAAGATCGTCAAGCGA	1446	4406	0.0753517930095325	7	Alternative M2	PFA1	PFA1	G1	foreman_821
foreman_821_CAAGGCCAGCCTTGAT	2119	6832	0.0582552693208431	5	Undefined M	PFA1	PFA1	S	foreman_821
foreman_821_CAAGTTGAGATCTGAA	927	2880	0.282986111111111	2	Classical M1	PFA1	PFA1	S	foreman_821
foreman_821_CAAGTTGGTACAGTTC	2804	12698	0.0355961568750984	3	Hypoxia	PFA1	PFA1	G1	foreman_821
foreman_821_CACAAACCAATCTGCA	1212	4001	0.148212946763309	2	Classical M1	PFA1	PFA1	G1	foreman_821
foreman_821_CACAAACCACAACGTT	1233	2970	0.105387205387205	0	Microglial	PFA1	PFA1	G1	foreman_821
foreman_821_CACAAACCACGAAGCA	1342	4538	0.186425738210665	0	Microglial	PFA1	PFA1	G1	foreman_821
foreman_821_CACAAACTCGAATCCA	1355	4130	0.194430992736077	0	Microglial	PFA1	PFA1	G1	foreman_821
foreman_821_CACACAACAGCTCGAC	1564	4638	0.126347563605002	0	Microglial	PFA1	PFA1	G1	foreman_821
foreman_821_CACACAATCCTAAGTG	855	2018	0.189296333002973	7	Alternative M2	PFA1	PFA1	G1	foreman_821
foreman_821_CACACCTGTAAGGATT	2484	9402	0.0480748776855988	5	Undefined M	PFA1	PFA1	G1	foreman_821
foreman_821_CACACCTGTTGATTCG	2077	7221	0.0549785348289711	7	Alternative M2	PFA1	PFA1	S	foreman_821
foreman_821_CACAGGCTCTTCCTTC	1091	3200	0.2303125	5	Undefined M	PFA1	PFA1	G1	foreman_821
foreman_821_CACAGTACAATTCCTT	2771	12943	0.0472842463107471	5	Undefined M	PFA1	PFA1	G1	foreman_821
foreman_821_CACAGTAGTGTGAAAT	1984	6427	0.0796639178465847	0	Microglial	PFA1	PFA1	G1	foreman_821
foreman_821_CACCTTGAGATGTAAC	957	2436	0.183497536945813	2	Classical M1	PFA1	PFA1	S	foreman_821
foreman_821_CACCTTGCAGCCAGAA	811	2119	0.228881547899953	2	Classical M1	PFA1	PFA1	G1	foreman_821
foreman_821_CACCTTGTCACAACGT	1654	6206	0.105543022881083	6	DC	PFA1	PFA1	G1	foreman_821
foreman_821_CACCTTGTCCGCAAGC	2004	6477	0.063455303381195	0	Microglial	PFA1	PFA1	G1	foreman_821
foreman_821_CACTCCAAGTGTACCT	3135	15355	0.0487137740149788	0	Microglial	PFA1	PFA1	G1	foreman_821
foreman_821_CAGAATCAGTGAATTG	1175	3038	0.214614878209348	0	Microglial	PFA1	PFA1	S	foreman_821
foreman_821_CAGAATCCAAAGTCAA	1116	3343	0.194735267723602	0	Microglial	PFA1	PFA1	G1	foreman_821
foreman_821_CAGAATCCAACGCACC	3023	14175	0.029347442680776	6	DC	PFA1	PFA1	G1	foreman_821
foreman_821_CAGAATCCATGTTGAC	701	2442	0.222768222768223	2	Classical M1	PFA1	PFA1	S	foreman_821
foreman_821_CAGAGAGCAGTGACAG	725	1746	0.117411225658648	2	Classical M1	PFA1	PFA1	G1	foreman_821
foreman_821_CAGATCACAAACGCGA	861	2739	0.295363271266886	2	Classical M1	PFA1	PFA1	G1	foreman_821
foreman_821_CAGATCAGTGAGTGAC	2238	8153	0.193180424383662	4	Mitotic	PFA1	PFA1	G2M	foreman_821
foreman_821_CAGCCGAAGGGTTCCC	603	1538	0.156046814044213	2	Classical M1	PFA1	PFA1	G1	foreman_821
foreman_821_CAGCCGACACAAGACG	2757	9339	0.0903737016811222	11	Contaminating Tumor cells	PFA1	PFA1	S	foreman_821
foreman_821_CAGCCGAGTAAGAGAG	3047	14131	0.0639728257023565	5	Undefined M	PFA1	PFA1	G1	foreman_821
foreman_821_CAGCCGAGTGAGGCTA	2638	13612	0.0280634734058184	6	DC	PFA1	PFA1	S	foreman_821
foreman_821_CAGCCGATCACCTTAT	1462	4758	0.219840269020597	0	Microglial	PFA1	PFA1	G1	foreman_821
foreman_821_CAGCGACTCACTATTC	2673	10990	0.0348498635122839	5	Undefined M	PFA1	PFA1	G1	foreman_821
foreman_821_CAGCTGGCAGATGGGT	715	1940	0.232989690721649	2	Classical M1	PFA1	PFA1	G1	foreman_821
foreman_821_CAGTAACAGATAGCAT	1780	5242	0.103967951163678	0	Microglial	PFA1	PFA1	G2M	foreman_821
foreman_821_CAGTAACAGCATGGCA	1095	3070	0.260260586319218	0	Microglial	PFA1	PFA1	G1	foreman_821
foreman_821_CATATGGCAGGGTTAG	2119	7864	0.0845625635808749	0	Microglial	PFA1	PFA1	G1	foreman_821
foreman_821_CATATGGGTATCACCA	1453	4051	0.123179461861269	0	Microglial	PFA1	PFA1	G1	foreman_821
foreman_821_CATATTCGTAGCTCCG	2465	9869	0.0459013071233154	0	Microglial	PFA1	PFA1	G1	foreman_821
foreman_821_CATCAAGAGGCTCAGA	2916	14266	0.0281788868638721	6	DC	PFA1	PFA1	G1	foreman_821
foreman_821_CATCAAGGTGAGGGTT	2328	6455	0.179395817195972	11	Contaminating Tumor cells	PFA1	PFA1	G1	foreman_821
foreman_821_CATCAAGTCGTGACAT	1373	4856	0.149711696869852	0	Microglial	PFA1	PFA1	G1	foreman_821
foreman_821_CATCCACAGCTGTTCA	611	1051	0.0390104662226451	2	Classical M1	PFA1	PFA1	G2M	foreman_821
foreman_821_CATCCACCATCTGGTA	2548	11333	0.0269125562516545	3	Hypoxia	PFA1	PFA1	G1	foreman_821
foreman_821_CATCGAATCACATGCA	1807	5314	0.0891983439969891	0	Microglial	PFA1	PFA1	G1	foreman_821
foreman_821_CATCGAATCACGCGGT	2904	13478	0.0358361774744027	5	Undefined M	PFA1	PFA1	G1	foreman_821
foreman_821_CATCGGGCAACGCACC	2241	9339	0.063390084591498	0	Microglial	PFA1	PFA1	G1	foreman_821
foreman_821_CATCGGGGTCCGACGT	1769	6270	0.0830940988835726	0	Microglial	PFA1	PFA1	G1	foreman_821
foreman_821_CATCGGGGTGGCAAAC	1861	6169	0.0797536067433944	0	Microglial	PFA1	PFA1	G1	foreman_821
foreman_821_CATGACAGTGTCGCTG	2117	8422	0.0622180004749466	0	Microglial	PFA1	PFA1	G1	foreman_821
foreman_821_CATGCCTGTCCGAACC	1865	5365	0.1071761416589	7	Alternative M2	PFA1	PFA1	G1	foreman_821
foreman_821_CATGGCGTCCATTCTA	1663	6379	0.0614516381878037	2	Classical M1	PFA1	PFA1	G1	foreman_821
foreman_821_CATGGCGTCCTTCAAT	2365	8549	0.085974967832495	0	Microglial	PFA1	PFA1	G1	foreman_821
foreman_821_CATGGCGTCTTGCATT	1861	7368	0.0745114006514658	0	Microglial	PFA1	PFA1	G1	foreman_821
foreman_821_CATTATCCATCCCATC	2582	8480	0.0161556603773585	4	Mitotic	PFA1	PFA1	S	foreman_821
foreman_821_CCAATCCCACCTTGTC	3117	15062	0.0337936529013411	6	DC	PFA1	PFA1	G1	foreman_821
foreman_821_CCACCTATCAGCTCTC	2896	10643	0.0473550690594757	0	Microglial	PFA1	PFA1	G1	foreman_821
foreman_821_CCACGGACAAGGACAC	808	1882	0.183315621679065	3	Hypoxia	PFA1	PFA1	G2M	foreman_821
foreman_821_CCACGGAGTGTTCTTT	1274	3650	0.122465753424658	2	Classical M1	PFA1	PFA1	G1	foreman_821
foreman_821_CCACTACAGAGGGATA	1546	5329	0.118221054606868	0	Microglial	PFA1	PFA1	G1	foreman_821
foreman_821_CCACTACGTACGCACC	803	1949	0.275012827090816	2	Classical M1	PFA1	PFA1	G1	foreman_821
foreman_821_CCACTACGTCTGCCAG	2598	11700	0.028974358974359	6	DC	PFA1	PFA1	G1	foreman_821
foreman_821_CCAGCGAGTCCGAACC	1339	3476	0.118239355581128	0	Microglial	PFA1	PFA1	G2M	foreman_821
foreman_821_CCAGCGATCTGCGACG	993	2822	0.193479801559178	2	Classical M1	PFA1	PFA1	G1	foreman_821
foreman_821_CCATGTCCATATGGTC	652	1632	0.229166666666667	2	Classical M1	PFA1	PFA1	G1	foreman_821
foreman_821_CCCAATCGTAGCTAAA	2772	11463	0.0489400680450144	0	Microglial	PFA1	PFA1	G1	foreman_821
foreman_821_CCCAGTTCACCGATAT	1213	4087	0.186444825055053	0	Microglial	PFA1	PFA1	G1	foreman_821
foreman_821_CCCATACAGGGAAACA	1043	3335	0.259370314842579	2	Classical M1	PFA1	PFA1	S	foreman_821
foreman_821_CCCATACCATCCTAGA	4122	19218	0.0445415756062025	5	Undefined M	PFA1	PFA1	G1	foreman_821
foreman_821_CCCATACGTACGACCC	2634	10804	0.049333580155498	0	Microglial	PFA1	PFA1	G1	foreman_821
foreman_821_CCCATACTCAGCTCTC	1650	4955	0.0651866801210898	0	Microglial	PFA1	PFA1	G1	foreman_821
foreman_821_CCCTCCTTCCTAGTGA	953	2868	0.191073919107392	6	DC	PFA1	PFA1	G1	foreman_821
foreman_821_CCGGGATAGTCCAGGA	2380	10133	0.039869732556992	6	DC	PFA1	PFA1	G1	foreman_821
foreman_821_CCGGGATTCACGGTTA	2603	11721	0.0515314392969883	0	Microglial	PFA1	PFA1	G1	foreman_821
foreman_821_CCGGGATTCTTGTCAT	2836	14807	0.0237725400148578	6	DC	PFA1	PFA1	G1	foreman_821
foreman_821_CCGGTAGGTGAGGCTA	2264	7937	0.0558145394985511	0	Microglial	PFA1	PFA1	G1	foreman_821
foreman_821_CCGGTAGGTTTGGCGC	816	2193	0.163246694026448	2	Classical M1	PFA1	PFA1	G1	foreman_821
foreman_821_CCGTACTCAGTTAACC	2431	10398	0.0551067512983266	0	Microglial	PFA1	PFA1	G1	foreman_821
foreman_821_CCGTACTTCAGCTTAG	1125	3910	0.134271099744246	0	Microglial	PFA1	PFA1	G2M	foreman_821
foreman_821_CCGTGGAGTGTTAAGA	2283	11614	0.0271224384363699	6	DC	PFA1	PFA1	G1	foreman_821
foreman_821_CCGTTCAAGGGTCTCC	636	1804	0.222283813747228	2	Classical M1	PFA1	PFA1	G1	foreman_821
foreman_821_CCGTTCAGTGTGGTTT	1930	6364	0.0637963544940289	0	Microglial	PFA1	PFA1	S	foreman_821
foreman_821_CCTAAAGAGCGAAGGG	2691	12048	0.0318725099601594	6	DC	PFA1	PFA1	G1	foreman_821
foreman_821_CCTAAAGGTCTCTCTG	1146	3321	0.156579343571214	2	Classical M1	PFA1	PFA1	G1	foreman_821
foreman_821_CCTACACAGTCCAGGA	1155	3245	0.136517719568567	2	Classical M1	PFA1	PFA1	G1	foreman_821
foreman_821_CCTACCACAGGTGGAT	624	1672	0.0633971291866029	2	Classical M1	PFA1	PFA1	S	foreman_821
foreman_821_CCTACCATCCACGCAG	2291	9221	0.0773235007049127	0	Microglial	PFA1	PFA1	G1	foreman_821
foreman_821_CCTAGCTGTCCATGAT	935	2924	0.256497948016416	7	Alternative M2	PFA1	PFA1	G1	foreman_821
foreman_821_CCTAGCTTCAAGATCC	1644	4604	0.123588184187663	0	Microglial	PFA1	PFA1	G2M	foreman_821
foreman_821_CCTATTACAACACGCC	2757	11335	0.066784296426996	0	Microglial	PFA1	PFA1	G1	foreman_821
foreman_821_CCTATTACAACTTGAC	2201	7219	0.0788197811331209	0	Microglial	PFA1	PFA1	S	foreman_821
foreman_821_CCTATTACACTTGGAT	2188	6503	0.076580039981547	4	Mitotic	PFA1	PFA1	S	foreman_821
foreman_821_CCTATTACAGTAGAGC	2240	9276	0.0443078913324709	5	Undefined M	PFA1	PFA1	S	foreman_821
foreman_821_CCTATTATCTCTAGGA	1038	2704	0.156804733727811	0	Microglial	PFA1	PFA1	G2M	foreman_821
foreman_821_CCTTACGAGACTACAA	2783	11691	0.0452484817380891	0	Microglial	PFA1	PFA1	S	foreman_821
foreman_821_CCTTACGCACCGAAAG	755	2564	0.25780031201248	2	Classical M1	PFA1	PFA1	S	foreman_821
foreman_821_CCTTCCCAGTAGCGGT	814	2611	0.264266564534661	2	Classical M1	PFA1	PFA1	G1	foreman_821
foreman_821_CCTTCCCTCGCCAGCA	1538	4557	0.0831687513715163	0	Microglial	PFA1	PFA1	G1	foreman_821
foreman_821_CCTTCGACAAGTCTGT	736	1983	0.219868885526979	7	Alternative M2	PFA1	PFA1	G1	foreman_821
foreman_821_CCTTTCTAGATCTGCT	1144	3451	0.29064039408867	2	Classical M1	PFA1	PFA1	S	foreman_821
foreman_821_CCTTTCTAGCGTGAGT	740	1888	0.159957627118644	2	Classical M1	PFA1	PFA1	G1	foreman_821
foreman_821_CCTTTCTGTTGATTCG	803	2256	0.191932624113475	2	Classical M1	PFA1	PFA1	G1	foreman_821
foreman_821_CCTTTCTTCATGCTCC	1564	4044	0.105588526211672	3	Hypoxia	PFA1	PFA1	S	foreman_821
foreman_821_CGAACATGTCTTCTCG	2635	11028	0.0303772216177004	6	DC	PFA1	PFA1	G1	foreman_821
foreman_821_CGACCTTCACTACAGT	2502	9662	0.0555785551645622	0	Microglial	PFA1	PFA1	G1	foreman_821
foreman_821_CGAGAAGAGCGTCTAT	340	666	0.193693693693694	2	Classical M1	PFA1	PFA1	G1	foreman_821
foreman_821_CGAGAAGAGTGTTGAA	2716	11629	0.065697824404506	0	Microglial	PFA1	PFA1	G1	foreman_821
foreman_821_CGAGAAGAGTTATCGC	1282	3307	0.0979739945570003	7	Alternative M2	PFA1	PFA1	G1	foreman_821
foreman_821_CGAGCACAGATGGGTC	1022	3576	0.245246085011186	2	Classical M1	PFA1	PFA1	G1	foreman_821
foreman_821_CGAGCCACAGCTTCGG	536	1205	0.218257261410788	2	Classical M1	PFA1	PFA1	G1	foreman_821
foreman_821_CGAGCCATCGGCGCAT	1280	2887	0.218912365777624	7	Alternative M2	PFA1	PFA1	S	foreman_821
foreman_821_CGATGGCTCGTCCAGG	898	2804	0.242867332382311	2	Classical M1	PFA1	PFA1	G1	foreman_821
foreman_821_CGATGTAGTAGCTTGT	514	1337	0.277486910994764	2	Classical M1	PFA1	PFA1	G1	foreman_821
foreman_821_CGATGTATCGGAGGTA	2479	10598	0.069541422909983	0	Microglial	PFA1	PFA1	S	foreman_821
foreman_821_CGCGGTATCAGGCCCA	962	2507	0.192261667331472	2	Classical M1	PFA1	PFA1	G1	foreman_821
foreman_821_CGCGTTTCAGTCGTGC	1978	6967	0.0638725419836371	0	Microglial	PFA1	PFA1	G1	foreman_821
foreman_821_CGCGTTTTCGAGCCCA	2290	8966	0.0401516841400848	6	DC	PFA1	PFA1	G1	foreman_821
foreman_821_CGCTGGAAGCGGCTTC	2430	8517	0.0568275214277328	0	Microglial	PFA1	PFA1	G1	foreman_821
foreman_821_CGCTTCACACAGGTTT	598	1578	0.267427122940431	2	Classical M1	PFA1	PFA1	G1	foreman_821
foreman_821_CGGAGCTTCGCATGAT	2011	8059	0.0326343218761633	3	Hypoxia	PFA1	PFA1	G1	foreman_821
foreman_821_CGGAGTCAGGTGTGGT	1263	3089	0.103917125283263	0	Microglial	PFA1	PFA1	G1	foreman_821
foreman_821_CGGAGTCGTCCTGCTT	1968	7825	0.0265814696485623	6	DC	PFA1	PFA1	G1	foreman_821
foreman_821_CGGCTAGTCTCAAGTG	2770	14065	0.0378954852470672	6	DC	PFA1	PFA1	G1	foreman_821
foreman_821_CGGTTAACACTCAGGC	900	2825	0.23646017699115	2	Classical M1	PFA1	PFA1	G1	foreman_821
foreman_821_CGTAGCGCACTATCTT	1136	3155	0.158795562599049	0	Microglial	PFA1	PFA1	G1	foreman_821
foreman_821_CGTCACTGTAAGGATT	1076	3441	0.262423714036617	2	Classical M1	PFA1	PFA1	G2M	foreman_821
foreman_821_CGTCACTGTGGCCCTA	1739	7608	0.0599369085173502	7	Alternative M2	PFA1	PFA1	G1	foreman_821
foreman_821_CGTCAGGAGTTACCCA	779	2391	0.181514010874111	2	Classical M1	PFA1	PFA1	G1	foreman_821
foreman_821_CGTCAGGTCTGCAGTA	1889	5922	0.0729483282674772	0	Microglial	PFA1	PFA1	S	foreman_821
foreman_821_CGTCCATTCAGGCAAG	929	2461	0.233644859813084	2	Classical M1	PFA1	PFA1	G1	foreman_821
foreman_821_CGTCTACGTCAGAATA	1377	3734	0.136314943760043	0	Microglial	PFA1	PFA1	G1	foreman_821
foreman_821_CGTGAGCCACTGTCGG	2075	6450	0.0475968992248062	0	Microglial	PFA1	PFA1	G1	foreman_821
foreman_821_CGTGTAACACGCTTTC	550	1292	0.18266253869969	2	Classical M1	PFA1	PFA1	S	foreman_821
foreman_821_CGTGTCTTCCTCAACC	977	2300	0.09	0	Microglial	PFA1	PFA1	S	foreman_821
foreman_821_CGTTCTGGTGACCAAG	2381	7571	0.0980055474838198	4	Mitotic	PFA1	PFA1	G2M	foreman_821
foreman_821_CTAACTTAGACCACGA	4665	21788	0.0332751973563429	11	Contaminating Tumor cells	PFA1	PFA1	G1	foreman_821
foreman_821_CTAATGGGTTGCGTTA	652	1409	0.244144783534422	2	Classical M1	PFA1	PFA1	G1	foreman_821
foreman_821_CTACATTAGTGAACAT	1134	3110	0.196784565916399	0	Microglial	PFA1	PFA1	G1	foreman_821
foreman_821_CTACATTCACGAAATA	775	2151	0.255695025569503	2	Classical M1	PFA1	PFA1	G1	foreman_821
foreman_821_CTACATTTCACTTCAT	2576	9924	0.034764207980653	0	Microglial	PFA1	PFA1	G1	foreman_821
foreman_821_CTACATTTCCTCAACC	2691	11857	0.0510247111410981	0	Microglial	PFA1	PFA1	G1	foreman_821
foreman_821_CTACCCAAGACTCGGA	1182	2976	0.175739247311828	0	Microglial	PFA1	PFA1	S	foreman_821
foreman_821_CTACCCACAATAAGCA	585	1598	0.269086357947434	2	Classical M1	PFA1	PFA1	S	foreman_821
foreman_821_CTACCCATCAATAAGG	2359	8013	0.0972170223386996	0	Microglial	PFA1	PFA1	G1	foreman_821
foreman_821_CTACGTCCATGTTCCC	1039	2714	0.186809137803979	0	Microglial	PFA1	PFA1	G1	foreman_821
foreman_821_CTAGAGTAGACAAGCC	892	3060	0.191176470588235	2	Classical M1	PFA1	PFA1	G1	foreman_821
foreman_821_CTAGCCTAGTACATGA	1678	5315	0.0714957666980245	0	Microglial	PFA1	PFA1	G1	foreman_821
foreman_821_CTAGTGAGTGATGCCC	1069	3497	0.247354875607664	2	Classical M1	PFA1	PFA1	G2M	foreman_821
foreman_821_CTCAGAACAATGGATA	1232	3265	0.121286370597243	0	Microglial	PFA1	PFA1	G1	foreman_821
foreman_821_CTCAGAACATTTGCCC	3664	18196	0.03434820839745	4	Mitotic	PFA1	PFA1	S	foreman_821
foreman_821_CTCCTAGAGGGATACC	1819	7143	0.0964580708385832	0	Microglial	PFA1	PFA1	G1	foreman_821
foreman_821_CTCCTAGCATTAGGCT	728	1740	0.071264367816092	2	Classical M1	PFA1	PFA1	G2M	foreman_821
foreman_821_CTCGAAAAGGCAGGTT	1768	6529	0.0603461479552765	0	Microglial	PFA1	PFA1	G1	foreman_821
foreman_821_CTCGAAACAATGGACG	1052	3320	0.237048192771084	2	Classical M1	PFA1	PFA1	G1	foreman_821
foreman_821_CTCGAAATCCACTGGG	1053	2888	0.206717451523546	2	Classical M1	PFA1	PFA1	G1	foreman_821
foreman_821_CTCGAGGGTGTAAGTA	1665	5129	0.103139013452915	0	Microglial	PFA1	PFA1	G1	foreman_821
foreman_821_CTCGGAGAGAGGTTAT	879	2778	0.217062634989201	2	Classical M1	PFA1	PFA1	G1	foreman_821
foreman_821_CTCGGAGAGGAATTAC	2785	10033	0.0668792983155587	0	Microglial	PFA1	PFA1	G1	foreman_821
foreman_821_CTCGGAGGTACTCTCC	2730	10605	0.0811881188118812	4	Mitotic	PFA1	PFA1	S	foreman_821
foreman_821_CTCGGAGTCACCCGAG	2451	8826	0.0365964196691593	6	DC	PFA1	PFA1	G1	foreman_821
foreman_821_CTCGTCAAGTGGGTTG	1216	4341	0.0592029486293481	0	Microglial	PFA1	PFA1	G1	foreman_821
foreman_821_CTCTAATCACAAGCCC	424	792	0.0505050505050505	2	Classical M1	PFA1	PFA1	G1	foreman_821
foreman_821_CTCTAATTCAACACCA	639	1755	0.147578347578348	2	Classical M1	PFA1	PFA1	G2M	foreman_821
foreman_821_CTCTAATTCCGGCACA	2435	9242	0.081475871023588	0	Microglial	PFA1	PFA1	G1	foreman_821
foreman_821_CTCTACGAGTGGGATC	852	2790	0.260573476702509	3	Hypoxia	PFA1	PFA1	G1	foreman_821
foreman_821_CTCTACGGTAGCGTAG	1462	4552	0.142794376098418	0	Microglial	PFA1	PFA1	G1	foreman_821
foreman_821_CTCTACGGTTACGACT	560	1634	0.222766217870257	2	Classical M1	PFA1	PFA1	G1	foreman_821
foreman_821_CTCTGGTAGATACACA	1429	4698	0.165176670923797	0	Microglial	PFA1	PFA1	S	foreman_821
foreman_821_CTCTGGTCAGGGCATA	820	2375	0.186526315789474	0	Microglial	PFA1	PFA1	G1	foreman_821
foreman_821_CTCTGGTGTCTAGTCA	857	2115	0.171158392434988	2	Classical M1	PFA1	PFA1	G2M	foreman_821
foreman_821_CTCTGGTGTGTAACGG	1422	4495	0.136373748609566	0	Microglial	PFA1	PFA1	G1	foreman_821
foreman_821_CTCTGGTGTGTTTGTG	920	2658	0.173814898419865	2	Classical M1	PFA1	PFA1	G1	foreman_821
foreman_821_CTCTGGTTCTGGCGTG	1157	2790	0.126164874551971	0	Microglial	PFA1	PFA1	G1	foreman_821
foreman_821_CTGAAGTCAAGTCTAC	1417	4196	0.100095328884652	0	Microglial	PFA1	PFA1	G1	foreman_821
foreman_821_CTGAAGTCACCGATAT	1040	2951	0.137241613012538	6	DC	PFA1	PFA1	G2M	foreman_821
foreman_821_CTGAAGTTCATGGTCA	2020	6644	0.0791691751956653	0	Microglial	PFA1	PFA1	G1	foreman_821
foreman_821_CTGATAGTCAATCTCT	1407	4356	0.176308539944904	0	Microglial	PFA1	PFA1	G2M	foreman_821
foreman_821_CTGATAGTCCACGACG	938	2452	0.199836867862969	2	Classical M1	PFA1	PFA1	G1	foreman_821
foreman_821_CTGATCCCAGACAAGC	1877	6012	0.0946440452428476	0	Microglial	PFA1	PFA1	G1	foreman_821
foreman_821_CTGATCCTCACATACG	1044	2512	0.243630573248408	2	Classical M1	PFA1	PFA1	G1	foreman_821
foreman_821_CTGCGGACAAGCCGCT	1659	4998	0.0494197679071629	0	Microglial	PFA1	PFA1	G1	foreman_821
foreman_821_CTGCTGTCAATAGCGG	1944	6690	0.0804185351270553	0	Microglial	PFA1	PFA1	G1	foreman_821
foreman_821_CTGCTGTGTGCGAAAC	1540	4212	0.0878442545109212	0	Microglial	PFA1	PFA1	G1	foreman_821
foreman_821_CTGCTGTTCAATACCG	1035	2754	0.236383442265795	2	Classical M1	PFA1	PFA1	S	foreman_821
foreman_821_CTGGTCTCAGGGTTAG	728	2056	0.295719844357977	2	Classical M1	PFA1	PFA1	G2M	foreman_821
foreman_821_CTGGTCTGTTAAGACA	813	2288	0.236451048951049	2	Classical M1	PFA1	PFA1	G2M	foreman_821
foreman_821_CTGTGCTTCACGGTTA	2051	6487	0.0719901341143826	0	Microglial	PFA1	PFA1	G2M	foreman_821
foreman_821_CTGTTTAAGATGGGTC	1603	4772	0.0896898575020956	0	Microglial	PFA1	PFA1	G1	foreman_821
foreman_821_CTGTTTACAATGACCT	1384	4027	0.142786193195928	0	Microglial	PFA1	PFA1	G1	foreman_821
foreman_821_CTTAGGACAACCGCCA	1425	3781	0.213171118751653	4	Mitotic	PFA1	PFA1	G2M	foreman_821
foreman_821_CTTAGGACATTGAGCT	1109	3694	0.247969680563075	4	Mitotic	PFA1	PFA1	G2M	foreman_821
foreman_821_CTTCTCTAGAGGGCTT	1851	6352	0.044080604534005	0	Microglial	PFA1	PFA1	G1	foreman_821
foreman_821_CTTGGCTCAAACGTGG	652	1413	0.259023354564756	2	Classical M1	PFA1	PFA1	G1	foreman_821
foreman_821_CTTGGCTTCCCTCTTT	1258	4176	0.0984195402298851	7	Alternative M2	PFA1	PFA1	G1	foreman_821
foreman_821_GAAACTCGTACGCTGC	2309	9045	0.0516307352128248	0	Microglial	PFA1	PFA1	G1	foreman_821
foreman_821_GAAACTCGTGAGCGAT	1590	4953	0.0987280436099334	0	Microglial	PFA1	PFA1	G1	foreman_821
foreman_821_GAAACTCTCCTAGGGC	684	1992	0.176204819277108	2	Classical M1	PFA1	PFA1	G1	foreman_821
foreman_821_GAACATCCAATCCAAC	2986	15092	0.0626822157434402	5	Undefined M	PFA1	PFA1	G1	foreman_821
foreman_821_GAACATCCAGCCTTTC	1963	8567	0.0531107738998483	7	Alternative M2	PFA1	PFA1	G1	foreman_821
foreman_821_GAACCTACACAAGCCC	1045	2726	0.169479090242113	2	Classical M1	PFA1	PFA1	G2M	foreman_821
foreman_821_GAACGGACACAGGAGT	1172	3351	0.183228886899433	0	Microglial	PFA1	PFA1	G1	foreman_821
foreman_821_GAACGGAGTAGCGCTC	1554	4128	0.130571705426357	7	Alternative M2	PFA1	PFA1	G1	foreman_821
foreman_821_GAACGGAGTCCTCCAT	1610	4922	0.22958147094677	4	Mitotic	PFA1	PFA1	S	foreman_821
foreman_821_GAAGCAGCACGTCTCT	2516	9487	0.0326762938758301	0	Microglial	PFA1	PFA1	G1	foreman_821
foreman_821_GAAGCAGCAGATGGGT	2496	9927	0.0492595950438199	0	Microglial	PFA1	PFA1	G1	foreman_821
foreman_821_GAATAAGGTTCTGTTT	3414	18592	0.034315834767642	6	DC	PFA1	PFA1	G1	foreman_821
foreman_821_GAATGAATCCCTCAGT	1512	4399	0.135939986360536	0	Microglial	PFA1	PFA1	G1	foreman_821
foreman_821_GACACGCAGTTTCCTT	833	2394	0.244360902255639	2	Classical M1	PFA1	PFA1	G1	foreman_821
foreman_821_GACACGCCAGTATAAG	1014	2818	0.182398864442867	7	Alternative M2	PFA1	PFA1	G1	foreman_821
foreman_821_GACCAATAGTACCGGA	667	1648	0.180218446601942	7	Alternative M2	PFA1	PFA1	S	foreman_821
foreman_821_GACCAATGTGGGTATG	723	2181	0.182026593305823	2	Classical M1	PFA1	PFA1	G1	foreman_821
foreman_821_GACCAATTCAGTCAGT	2137	9283	0.0286545297856296	6	DC	PFA1	PFA1	G1	foreman_821
foreman_821_GACCAATTCTTACCGC	2703	12824	0.0349344978165939	6	DC	PFA1	PFA1	G1	foreman_821
foreman_821_GACGCGTTCCGTACAA	839	1903	0.211770888071466	2	Classical M1	PFA1	PFA1	G1	foreman_821
foreman_821_GACGGCTAGTCAATAG	2312	8057	0.0646642670969343	0	Microglial	PFA1	PFA1	G1	foreman_821
foreman_821_GACGGCTTCAGCATGT	2097	7550	0.0784105960264901	0	Microglial	PFA1	PFA1	G1	foreman_821
foreman_821_GACGTGCGTGTTGGGA	2247	7807	0.0559754066863072	0	Microglial	PFA1	PFA1	G1	foreman_821
foreman_821_GACGTTAAGGGAAACA	3400	15208	0.0864018937401368	4	Mitotic	PFA1	PFA1	S	foreman_821
foreman_821_GACGTTAGTAGCGCAA	836	2069	0.0589656839052682	2	Classical M1	PFA1	PFA1	S	foreman_821
foreman_821_GACTAACAGACATAAC	2405	10390	0.0352261790182868	6	DC	PFA1	PFA1	G1	foreman_821
foreman_821_GACTAACAGATGGCGT	1774	5354	0.0750840493089279	0	Microglial	PFA1	PFA1	G1	foreman_821
foreman_821_GACTAACAGCACCGCT	1085	3434	0.183750728013978	2	Classical M1	PFA1	PFA1	G1	foreman_821
foreman_821_GACTAACTCAGTACGT	503	1198	0.287979966611018	2	Classical M1	PFA1	PFA1	G1	foreman_821
foreman_821_GACTGCGAGGGAACGG	1293	4441	0.299482098626435	2	Classical M1	PFA1	PFA1	G1	foreman_821
foreman_821_GACTGCGAGTCCAGGA	1618	4803	0.196127420362274	4	Mitotic	PFA1	PFA1	G2M	foreman_821
foreman_821_GACTGCGTCCGCGCAA	3038	9122	0.112913834685376	11	Contaminating Tumor cells	PFA1	PFA1	G2M	foreman_821
foreman_821_GAGCAGATCGAGAGCA	2148	7795	0.18216805644644	0	Microglial	PFA1	PFA1	G1	foreman_821
foreman_821_GAGCAGATCGGACAAG	2096	7591	0.067975233829535	7	Alternative M2	PFA1	PFA1	G1	foreman_821
foreman_821_GAGGTGAAGCTAGTTC	2254	9029	0.0241444235241998	6	DC	PFA1	PFA1	G1	foreman_821
foreman_821_GAGTCCGGTCTCTTTA	3311	18164	0.0344087205461352	5	Undefined M	PFA1	PFA1	G1	foreman_821
foreman_821_GATCAGTCATCCGGGT	649	1664	0.246394230769231	2	Classical M1	PFA1	PFA1	G1	foreman_821
foreman_821_GATCGATAGTCGATAA	2201	7874	0.0638811277622555	0	Microglial	PFA1	PFA1	G1	foreman_821
foreman_821_GATCGATAGTTGAGAT	2173	6877	0.0631089137705395	0	Microglial	PFA1	PFA1	G2M	foreman_821
foreman_821_GATCGCGCAGGCGATA	2621	12686	0.0241210783540911	6	DC	PFA1	PFA1	G1	foreman_821
foreman_821_GATCGTAAGGACGAAA	1961	8500	0.0358823529411765	6	DC	PFA1	PFA1	G1	foreman_821
foreman_821_GATCGTAGTGCAGTAG	870	2205	0.248526077097506	0	Microglial	PFA1	PFA1	G1	foreman_821
foreman_821_GATCGTAGTTACGTCA	2763	9836	0.0612037413582757	4	Mitotic	PFA1	PFA1	S	foreman_821
foreman_821_GATCTAGGTTGGTAAA	2298	10631	0.0294421973473803	6	DC	PFA1	PFA1	G1	foreman_821
foreman_821_GATGAAAAGAGACGAA	1094	3126	0.107165706973768	4	Mitotic	PFA1	PFA1	G2M	foreman_821
foreman_821_GATGAAACAAACAACA	691	1993	0.282990466633216	2	Classical M1	PFA1	PFA1	G1	foreman_821
foreman_821_GATGAAAGTGCAACGA	2129	7989	0.0757291275503818	0	Microglial	PFA1	PFA1	G1	foreman_821
foreman_821_GATGAAATCAACACTG	2326	7243	0.110037277371255	4	Mitotic	PFA1	PFA1	G2M	foreman_821
foreman_821_GATGAAATCGAGAGCA	2174	8088	0.0521760633036597	7	Alternative M2	PFA1	PFA1	G1	foreman_821
foreman_821_GATGCTAAGTGATCGG	867	2159	0.255210745715609	2	Classical M1	PFA1	PFA1	S	foreman_821
foreman_821_GATGCTAAGTTAAGTG	1520	4285	0.191831971995333	4	Mitotic	PFA1	PFA1	S	foreman_821
foreman_821_GATGCTACACTACAGT	2780	11562	0.0667704549385919	5	Undefined M	PFA1	PFA1	G1	foreman_821
foreman_821_GATGCTACACTCTGTC	1098	2924	0.207250341997264	7	Alternative M2	PFA1	PFA1	G1	foreman_821
foreman_821_GATTCAGTCATCGATG	3539	16232	0.0488541153277477	5	Undefined M	PFA1	PFA1	S	foreman_821
foreman_821_GCAAACTAGAGTGAGA	1002	2244	0.172459893048128	6	DC	PFA1	PFA1	S	foreman_821
foreman_821_GCAAACTGTGCAGGTA	2655	11594	0.0638261169570467	0	Microglial	PFA1	PFA1	G1	foreman_821
foreman_821_GCAATCACACCATGTA	1614	6436	0.0548477315102548	3	Hypoxia	PFA1	PFA1	G1	foreman_821
foreman_821_GCACATAAGGAGCGTT	957	2503	0.212544946064722	0	Microglial	PFA1	PFA1	G1	foreman_821
foreman_821_GCAGCCAAGCCAGAAC	964	3045	0.157635467980296	0	Microglial	PFA1	PFA1	G1	foreman_821
foreman_821_GCAGCCAGTGTAATGA	2903	13615	0.0439955930958502	5	Undefined M	PFA1	PFA1	G1	foreman_821
foreman_821_GCAGTTAAGAGTGAGA	796	1786	0.143337066069429	2	Classical M1	PFA1	PFA1	G1	foreman_821
foreman_821_GCATACATCTCTAAGG	1060	3226	0.289832610043397	2	Classical M1	PFA1	PFA1	G1	foreman_821
foreman_821_GCATGATAGAAGGACA	3356	14662	0.0521074887464193	0	Microglial	PFA1	PFA1	G1	foreman_821
foreman_821_GCATGCGGTCCGAGTC	1421	4097	0.0898218208445204	0	Microglial	PFA1	PFA1	G1	foreman_821
foreman_821_GCATGTAAGTCGCCGT	1644	5145	0.106511175898931	0	Microglial	PFA1	PFA1	G1	foreman_821
foreman_821_GCATGTATCCATTCTA	2049	7047	0.0668369518944232	0	Microglial	PFA1	PFA1	G1	foreman_821
foreman_821_GCCTCTAAGACTGGGT	1512	4193	0.131409492010494	0	Microglial	PFA1	PFA1	G2M	foreman_821
foreman_821_GCGACCAAGCTTATCG	1554	5074	0.133425305478912	6	DC	PFA1	PFA1	G1	foreman_821
foreman_821_GCGACCAGTTACGCGC	1530	5263	0.140224206726202	0	Microglial	PFA1	PFA1	G1	foreman_821
foreman_821_GCGAGAACAATGGAAT	1346	3912	0.173312883435583	0	Microglial	PFA1	PFA1	S	foreman_821
foreman_821_GCGAGAAGTATAGGTA	2729	12089	0.0480602200347423	7	Alternative M2	PFA1	PFA1	G1	foreman_821
foreman_821_GCGAGAAGTCATGCAT	1469	4278	0.072463768115942	0	Microglial	PFA1	PFA1	G1	foreman_821
foreman_821_GCGCAACGTCATGCAT	897	1902	0.198738170347003	2	Classical M1	PFA1	PFA1	G1	foreman_821
foreman_821_GCGCAACGTCCTAGCG	654	1742	0.262916188289323	2	Classical M1	PFA1	PFA1	G1	foreman_821
foreman_821_GCGCAACTCCCTTGTG	1689	5612	0.0844618674269423	0	Microglial	PFA1	PFA1	G1	foreman_821
foreman_821_GCGCAGTGTCTAGTGT	827	1831	0.0546149645002731	2	Classical M1	PFA1	PFA1	G1	foreman_821
foreman_821_GCGCCAACACCATCCT	823	2213	0.130591956619973	0	Microglial	PFA1	PFA1	G1	foreman_821
foreman_821_GCGCCAAGTCCAGTAT	3582	18631	0.0444420589340347	0	Microglial	PFA1	PFA1	G1	foreman_821
foreman_821_GCGCGATAGACCTAGG	577	1537	0.207547169811321	2	Classical M1	PFA1	PFA1	G2M	foreman_821
foreman_821_GCGCGATGTATCGCAT	2531	11185	0.0397854269110416	6	DC	PFA1	PFA1	G1	foreman_821
foreman_821_GCGCGATTCAGTACGT	1410	3724	0.107142857142857	6	DC	PFA1	PFA1	G1	foreman_821
foreman_821_GCGGGTTAGTATCTCG	878	2817	0.239261625843095	2	Classical M1	PFA1	PFA1	G1	foreman_821
foreman_821_GCGGGTTGTCGTTGTA	1351	4674	0.119169875909285	2	Classical M1	PFA1	PFA1	S	foreman_821
foreman_821_GCTCCTAAGTTAGGTA	2376	8786	0.0612337810152515	0	Microglial	PFA1	PFA1	G1	foreman_821
foreman_821_GCTCCTAGTCGAAAGC	722	1772	0.290067720090293	2	Classical M1	PFA1	PFA1	S	foreman_821
foreman_821_GCTCTGTTCGTACCGG	1322	3740	0.070855614973262	0	Microglial	PFA1	PFA1	G1	foreman_821
foreman_821_GCTGCAGCACAGGCCT	1692	4988	0.0896150761828388	0	Microglial	PFA1	PFA1	G1	foreman_821
foreman_821_GCTGCAGGTCTAAACC	2376	10120	0.0510869565217391	7	Alternative M2	PFA1	PFA1	G1	foreman_821
foreman_821_GCTGCAGTCTGATTCT	2634	10999	0.0663696699699973	5	Undefined M	PFA1	PFA1	G1	foreman_821
foreman_821_GCTGCAGTCTGCTGCT	823	2208	0.156702898550725	0	Microglial	PFA1	PFA1	S	foreman_821
foreman_821_GCTGCGAGTCATATGC	1958	7027	0.0815426213177743	0	Microglial	PFA1	PFA1	G1	foreman_821
foreman_821_GCTGCGAGTGATGTGG	3447	18670	0.0401713979646492	4	Mitotic	PFA1	PFA1	S	foreman_821
foreman_821_GCTGCTTTCTTACCGC	2755	12259	0.0424178154825027	5	Undefined M	PFA1	PFA1	G1	foreman_821
foreman_821_GCTGGGTCAGCCTTGG	763	2066	0.240077444336883	2	Classical M1	PFA1	PFA1	G1	foreman_821
foreman_821_GCTTCCATCCTGCAGG	1261	3346	0.158099222952779	0	Microglial	PFA1	PFA1	G1	foreman_821
foreman_821_GCTTGAACATGTAGTC	813	2340	0.171794871794872	2	Classical M1	PFA1	PFA1	G1	foreman_821
foreman_821_GGAAAGCGTAGCCTCG	555	1657	0.232347616173808	2	Classical M1	PFA1	PFA1	G1	foreman_821
foreman_821_GGAAAGCTCCTGCAGG	1500	4515	0.0799557032115172	0	Microglial	PFA1	PFA1	G1	foreman_821
foreman_821_GGAACTTAGACGCACA	681	1931	0.16882444329363	2	Classical M1	PFA1	PFA1	G1	foreman_821
foreman_821_GGAACTTTCGAGGTAG	934	2649	0.196300490751227	0	Microglial	PFA1	PFA1	G1	foreman_821
foreman_821_GGAATAAAGAAGGTGA	1200	3361	0.0752752157096102	6	DC	PFA1	PFA1	G1	foreman_821
foreman_821_GGAATAACATTTCACT	1061	3074	0.144437215354587	0	Microglial	PFA1	PFA1	G1	foreman_821
foreman_821_GGACAAGAGAATAGGG	2361	8854	0.0528574655522928	0	Microglial	PFA1	PFA1	G1	foreman_821
foreman_821_GGACAAGAGGCTAGGT	1021	2549	0.0772852098862299	3	Hypoxia	PFA1	PFA1	G1	foreman_821
foreman_821_GGACAAGAGTAGGCCA	2056	6990	0.0699570815450644	0	Microglial	PFA1	PFA1	G1	foreman_821
foreman_821_GGACAGACATAGACTC	1159	3511	0.21646254628311	2	Classical M1	PFA1	PFA1	G1	foreman_821
foreman_821_GGACATTGTATTCGTG	999	2085	0.034052757793765	3	Hypoxia	PFA1	PFA1	G1	foreman_821
foreman_821_GGACGTCAGATGTGTA	769	2043	0.216837983357807	2	Classical M1	PFA1	PFA1	S	foreman_821
foreman_821_GGAGCAATCTATCCCG	2873	13121	0.0497675482051673	0	Microglial	PFA1	PFA1	G1	foreman_821
foreman_821_GGATGTTGTCTAGCGC	1708	5881	0.076517599047781	0	Microglial	PFA1	PFA1	G1	foreman_821
foreman_821_GGATGTTTCAGCTCTC	2185	6387	0.0688899326757476	0	Microglial	PFA1	PFA1	S	foreman_821
foreman_821_GGATTACCAATAAGCA	875	2654	0.227204220045215	2	Classical M1	PFA1	PFA1	G1	foreman_821
foreman_821_GGATTACTCATCTGTT	2455	8676	0.102466574458276	5	Undefined M	PFA1	PFA1	G1	foreman_821
foreman_821_GGCCGATAGGATGCGT	986	2799	0.15827081100393	0	Microglial	PFA1	PFA1	G1	foreman_821
foreman_821_GGCCGATTCCGAATGT	1568	4717	0.0733517065931736	0	Microglial	PFA1	PFA1	G1	foreman_821
foreman_821_GGCCGATTCGGAAACG	923	2618	0.158899923605806	2	Classical M1	PFA1	PFA1	G1	foreman_821
foreman_821_GGCGACTTCGGAGGTA	955	3015	0.222553897180763	0	Microglial	PFA1	PFA1	G1	foreman_821
foreman_821_GGCGTGTCATGGAATA	2374	9704	0.0415292662819456	0	Microglial	PFA1	PFA1	S	foreman_821
foreman_821_GGCTCGAGTTCGTGAT	2844	12834	0.0443353592021194	5	Undefined M	PFA1	PFA1	G1	foreman_821
foreman_821_GGCTGGTAGGACGAAA	1221	3363	0.149568837347606	0	Microglial	PFA1	PFA1	G1	foreman_821
foreman_821_GGCTGGTGTCGCGTGT	2610	9857	0.0358121132190322	0	Microglial	PFA1	PFA1	G1	foreman_821
foreman_821_GGCTGGTGTTCTGAAC	2225	11012	0.033418089357065	6	DC	PFA1	PFA1	G1	foreman_821
foreman_821_GGCTGGTTCGCAAACT	812	2562	0.298204527712724	2	Classical M1	PFA1	PFA1	G1	foreman_821
foreman_821_GGCTGGTTCTTCATGT	2313	8035	0.0731798382078407	0	Microglial	PFA1	PFA1	S	foreman_821
foreman_821_GGGAGATGTCTTGCGG	466	1047	0.192932187201528	2	Classical M1	PFA1	PFA1	S	foreman_821
foreman_821_GGGATGAAGAAGGTTT	2097	7364	0.05893536121673	0	Microglial	PFA1	PFA1	G1	foreman_821
foreman_821_GGGCACTAGGACAGAA	1000	1885	0.0875331564986737	8	Neutrophil	PFA1	PFA1	G1	foreman_821
foreman_821_GGGCACTCAGTATGCT	1404	4063	0.156288456805316	0	Microglial	PFA1	PFA1	G1	foreman_821
foreman_821_GGGTCTGCAAGCTGAG	725	1700	0.261764705882353	4	Mitotic	PFA1	PFA1	S	foreman_821
foreman_821_GGGTTGCCACGAAAGC	1398	3658	0.136960087479497	0	Microglial	PFA1	PFA1	S	foreman_821
foreman_821_GGTGAAGGTCTCTTAT	2097	6623	0.10327646081836	0	Microglial	PFA1	PFA1	G1	foreman_821
foreman_821_GGTGTTAAGGGTATCG	1423	4327	0.198983129188814	5	Undefined M	PFA1	PFA1	G1	foreman_821
foreman_821_GGTGTTATCCGCATCT	1220	3343	0.102901585402333	0	Microglial	PFA1	PFA1	G1	foreman_821
foreman_821_GTAACTGAGATATGCA	2126	7322	0.0774378585086042	0	Microglial	PFA1	PFA1	G1	foreman_821
foreman_821_GTAACTGCAATGAATG	1590	4676	0.142643284858854	0	Microglial	PFA1	PFA1	G1	foreman_821
foreman_821_GTAACTGGTGCAGACA	2458	9525	0.0483989501312336	0	Microglial	PFA1	PFA1	G1	foreman_821
foreman_821_GTACGTAAGCACGCCT	1394	4160	0.143990384615385	0	Microglial	PFA1	PFA1	S	foreman_821
foreman_821_GTACGTACAACTTGAC	2293	10668	0.0284026996625422	6	DC	PFA1	PFA1	G1	foreman_821
foreman_821_GTACTCCTCTTACCTA	2561	12253	0.0519872684240594	7	Alternative M2	PFA1	PFA1	G1	foreman_821
foreman_821_GTAGTCACAGCCTATA	2324	9805	0.0452830188679245	7	Alternative M2	PFA1	PFA1	G1	foreman_821
foreman_821_GTAGTCAGTAAATACG	1768	5902	0.0882751609623856	0	Microglial	PFA1	PFA1	G2M	foreman_821
foreman_821_GTAGTCATCGGCTACG	359	882	0.268707482993197	2	Classical M1	PFA1	PFA1	S	foreman_821
foreman_821_GTAGTCATCTCGATGA	855	2612	0.256508422664625	0	Microglial	PFA1	PFA1	S	foreman_821
foreman_821_GTATCTTCACCAGCAC	926	3045	0.194088669950739	0	Microglial	PFA1	PFA1	G2M	foreman_821
foreman_821_GTATTCTAGCTCAACT	839	2172	0.164825046040516	2	Classical M1	PFA1	PFA1	G1	foreman_821
foreman_821_GTATTCTCAATGACCT	975	2780	0.207194244604317	0	Microglial	PFA1	PFA1	G1	foreman_821
foreman_821_GTATTCTCACGAGGTA	1948	7690	0.0668400520156047	6	DC	PFA1	PFA1	G1	foreman_821
foreman_821_GTATTCTCATCGACGC	778	2302	0.248045178105995	2	Classical M1	PFA1	PFA1	G2M	foreman_821
foreman_821_GTATTCTTCTCACATT	978	2718	0.160779985283297	2	Classical M1	PFA1	PFA1	G1	foreman_821
foreman_821_GTCAAGTAGGAATGGA	1489	4430	0.0932279909706546	0	Microglial	PFA1	PFA1	G1	foreman_821
foreman_821_GTCAAGTGTTGATTGC	750	1688	0.21978672985782	2	Classical M1	PFA1	PFA1	S	foreman_821
foreman_821_GTCAAGTTCTCGCATC	1108	4018	0.276007964161274	2	Classical M1	PFA1	PFA1	G1	foreman_821
foreman_821_GTCACAAAGTTTGCGT	1934	6818	0.110736286300968	0	Microglial	PFA1	PFA1	S	foreman_821
foreman_821_GTCACAATCTGGTTCC	937	2850	0.14	6	DC	PFA1	PFA1	G1	foreman_821
foreman_821_GTCATTTCAGGTCGTC	1795	5015	0.0889332003988036	0	Microglial	PFA1	PFA1	G1	foreman_821
foreman_821_GTCCTCACAAGCCGTC	2747	12167	0.0504643708391551	0	Microglial	PFA1	PFA1	G1	foreman_821
foreman_821_GTCCTCACACAGGCCT	2627	10604	0.0458317615993965	6	DC	PFA1	PFA1	G1	foreman_821
foreman_821_GTCGGGTCAAGAGGCT	1770	5180	0.0909266409266409	0	Microglial	PFA1	PFA1	S	foreman_821
foreman_821_GTCGGGTGTCGCGAAA	1623	5537	0.0494852808379989	0	Microglial	PFA1	PFA1	S	foreman_821
foreman_821_GTCGGGTTCGCCTGTT	857	3482	0.159678345778288	0	Microglial	PFA1	PFA1	G1	foreman_821
foreman_821_GTCGTAACACATTAGC	2791	11858	0.0309495699106089	5	Undefined M	PFA1	PFA1	G1	foreman_821
foreman_821_GTCTCGTAGTACGCGA	1519	4906	0.0444353852425601	0	Microglial	PFA1	PFA1	G1	foreman_821
foreman_821_GTCTTCGAGACTCGGA	693	1603	0.222083593262633	7	Alternative M2	PFA1	PFA1	S	foreman_821
foreman_821_GTCTTCGCACGACGAA	591	1786	0.261478163493841	2	Classical M1	PFA1	PFA1	S	foreman_821
foreman_821_GTCTTCGCAGATCCAT	1031	2738	0.0540540540540541	2	Classical M1	PFA1	PFA1	G1	foreman_821
foreman_821_GTCTTCGCATTAACCG	752	1884	0.176751592356688	2	Classical M1	PFA1	PFA1	S	foreman_821
foreman_821_GTGCAGCAGACAGGCT	2815	12636	0.0252453308008864	7	Alternative M2	PFA1	PFA1	S	foreman_821
foreman_821_GTGCAGCAGTGGGATC	1699	5586	0.154672395273899	0	Microglial	PFA1	PFA1	G1	foreman_821
foreman_821_GTGCATACAGCATGAG	926	2697	0.254356692621431	2	Classical M1	PFA1	PFA1	G1	foreman_821
foreman_821_GTGCATATCTTCGAGA	738	1928	0.239107883817427	3	Hypoxia	PFA1	PFA1	G2M	foreman_821
foreman_821_GTGCGGTTCATTTGGG	1061	3426	0.222416812609457	7	Alternative M2	PFA1	PFA1	G1	foreman_821
foreman_821_GTGCTTCTCAAACCGT	2188	7402	0.0545798432855985	0	Microglial	PFA1	PFA1	G1	foreman_821
foreman_821_GTGCTTCTCCTAAGTG	2014	9324	0.0334620334620335	6	DC	PFA1	PFA1	G1	foreman_821
foreman_821_GTGCTTCTCGTCGTTC	2299	9873	0.0330193456902664	6	DC	PFA1	PFA1	G1	foreman_821
foreman_821_GTGGGTCTCAGTCAGT	1557	5148	0.227078477078477	4	Mitotic	PFA1	PFA1	S	foreman_821
foreman_821_GTGTGCGGTCGTCTTC	691	1535	0.175895765472313	6	DC	PFA1	PFA1	G1	foreman_821
foreman_821_GTGTGCGGTGGCTCCA	1246	4721	0.140859987290828	0	Microglial	PFA1	PFA1	G1	foreman_821
foreman_821_GTGTTAGCAAGAGTCG	646	1425	0.270175438596491	4	Mitotic	PFA1	PFA1	G2M	foreman_821
foreman_821_GTGTTAGCACGAAATA	910	2670	0.252808988764045	2	Classical M1	PFA1	PFA1	S	foreman_821
foreman_821_GTTAAGCTCGCGGATC	670	1812	0.283664459161148	2	Classical M1	PFA1	PFA1	G1	foreman_821
foreman_821_GTTACAGTCAATACCG	1181	3446	0.131456761462565	0	Microglial	PFA1	PFA1	G1	foreman_821
foreman_821_GTTCATTGTGCACCAC	2010	6549	0.0696289509848832	0	Microglial	PFA1	PFA1	G2M	foreman_821
foreman_821_GTTCGGGAGTCAAGCG	1737	6094	0.052182474565146	0	Microglial	PFA1	PFA1	G1	foreman_821
foreman_821_GTTCTCGCACATAACC	1721	4759	0.146879596553898	5	Undefined M	PFA1	PFA1	G1	foreman_821
foreman_821_GTTCTCGCAGCGAACA	1732	5923	0.180820530136755	0	Microglial	PFA1	PFA1	G1	foreman_821
foreman_821_GTTTCTAAGAAAGTGG	1568	6072	0.144762845849802	7	Alternative M2	PFA1	PFA1	G1	foreman_821
foreman_821_GTTTCTAGTCGCCATG	2562	11151	0.0547036140256479	0	Microglial	PFA1	PFA1	G1	foreman_821
foreman_821_TAAACCGCATCAGTAC	887	2897	0.219537452537107	2	Classical M1	PFA1	PFA1	G1	foreman_821
foreman_821_TAAGCGTAGTACGTTC	2910	12175	0.0798357289527721	0	Microglial	PFA1	PFA1	S	foreman_821
foreman_821_TAAGCGTTCAGCTCGG	927	2050	0.149756097560976	2	Classical M1	PFA1	PFA1	G1	foreman_821
foreman_821_TACACGAAGGCGACAT	2472	10943	0.0253129854701636	6	DC	PFA1	PFA1	G2M	foreman_821
foreman_821_TACCTTAAGTGTCCCG	2641	10298	0.0692367449990289	4	Mitotic	PFA1	PFA1	G1	foreman_821
foreman_821_TACCTTAGTAGCGCTC	1108	3550	0.0853521126760563	2	Classical M1	PFA1	PFA1	G1	foreman_821
foreman_821_TACCTTAGTCGGGTCT	2561	12778	0.0335733291594929	6	DC	PFA1	PFA1	G1	foreman_821
foreman_821_TACCTTAGTGGTCTCG	2914	11691	0.0641519117269695	5	Undefined M	PFA1	PFA1	G2M	foreman_821
foreman_821_TACGGATGTTTGTGTG	1984	7088	0.0727990970654628	2	Classical M1	PFA1	PFA1	G1	foreman_821
foreman_821_TACTCATCAATGTTGC	2552	11861	0.0520192226625074	0	Microglial	PFA1	PFA1	G1	foreman_821
foreman_821_TACTCATCAGCTCCGA	758	2461	0.229175132060138	2	Classical M1	PFA1	PFA1	G1	foreman_821
foreman_821_TACTCATGTTCCACTC	1589	4872	0.100369458128079	5	Undefined M	PFA1	PFA1	G1	foreman_821
foreman_821_TACTCGCAGCTAACAA	1264	3382	0.115907746895328	0	Microglial	PFA1	PFA1	G1	foreman_821
foreman_821_TACTCGCGTTAAGATG	695	1961	0.277409484956655	2	Classical M1	PFA1	PFA1	G1	foreman_821
foreman_821_TACTTGTAGGAGTCTG	2430	9591	0.082473151913252	0	Microglial	PFA1	PFA1	G1	foreman_821
foreman_821_TACTTGTCAAGCGATG	1032	3046	0.180892974392646	0	Microglial	PFA1	PFA1	G1	foreman_821
foreman_821_TACTTGTGTAGCTGCC	2353	9016	0.0466947648624667	0	Microglial	PFA1	PFA1	G2M	foreman_821
foreman_821_TACTTGTTCGCCATAA	2926	15007	0.0325847937629106	6	DC	PFA1	PFA1	G1	foreman_821
foreman_821_TACTTGTTCTTGTTTG	2525	12193	0.0220618387599442	6	DC	PFA1	PFA1	G1	foreman_821
foreman_821_TAGACCAAGCGGCTTC	593	1609	0.178993163455562	2	Classical M1	PFA1	PFA1	G1	foreman_821
foreman_821_TAGGCATCATCCTAGA	637	1437	0.228253305497564	2	Classical M1	PFA1	PFA1	G1	foreman_821
foreman_821_TAGTTGGCACGGACAA	1365	4813	0.152088094743403	0	Microglial	PFA1	PFA1	G1	foreman_821
foreman_821_TAGTTGGCAGACGCCT	1566	4793	0.0634258293344461	0	Microglial	PFA1	PFA1	G1	foreman_821
foreman_821_TATGCCCCAACTTGAC	1522	4257	0.080338266384778	0	Microglial	PFA1	PFA1	G1	foreman_821
foreman_821_TATTACCAGTAGCCGA	1423	4040	0.107178217821782	0	Microglial	PFA1	PFA1	G1	foreman_821
foreman_821_TATTACCGTGTTTGGT	953	3183	0.121269242852655	6	DC	PFA1	PFA1	S	foreman_821
foreman_821_TCAATCTCACGTGAGA	1837	5136	0.0617211838006231	0	Microglial	PFA1	PFA1	S	foreman_821
foreman_821_TCACGAATCGGTTAAC	2653	10027	0.0929490375984841	5	Undefined M	PFA1	PFA1	S	foreman_821
foreman_821_TCAGCAAGTACCAGTT	2862	17085	0.0282118817676324	6	DC	PFA1	PFA1	G1	foreman_821
foreman_821_TCAGCAAGTTAGGGTG	2121	8163	0.057699375229695	11	Contaminating Tumor cells	PFA1	PFA1	G1	foreman_821
foreman_821_TCAGCTCCATCTCCCA	2550	8986	0.0606498998442021	5	Undefined M	PFA1	PFA1	G2M	foreman_821
foreman_821_TCAGGTACACAACGCC	2071	7884	0.0405885337392187	6	DC	PFA1	PFA1	G1	foreman_821
foreman_821_TCAGGTAGTGGTGTAG	1507	5014	0.0540486637415237	0	Microglial	PFA1	PFA1	S	foreman_821
foreman_821_TCATTTGCAAGTAATG	686	1847	0.236058473199783	2	Classical M1	PFA1	PFA1	G1	foreman_821
foreman_821_TCCACACTCTTCTGGC	1037	2818	0.12597586941093	0	Microglial	PFA1	PFA1	G1	foreman_821
foreman_821_TCCCGATGTTTGACAC	3549	14528	0.0391657488986784	4	Mitotic	PFA1	PFA1	G2M	foreman_821
foreman_821_TCGGGACTCCAAGTAC	2302	7701	0.0462277626282301	0	Microglial	PFA1	PFA1	G1	foreman_821
foreman_821_TCGGGACTCCATTCTA	1085	3175	0.139527559055118	0	Microglial	PFA1	PFA1	G1	foreman_821
foreman_821_TCGGGACTCTCAACTT	705	2347	0.23988069876438	2	Classical M1	PFA1	PFA1	G1	foreman_821
foreman_821_TCGGTAACAAATTGCC	661	1544	0.294041450777202	2	Classical M1	PFA1	PFA1	G1	foreman_821
foreman_821_TCGGTAACACATCTTT	711	1844	0.236984815618221	2	Classical M1	PFA1	PFA1	G1	foreman_821
foreman_821_TCGTAGAAGTACGCGA	1193	3998	0.190095047523762	0	Microglial	PFA1	PFA1	G1	foreman_821
foreman_821_TCGTAGACAAGCCGTC	1307	3157	0.126385809312639	0	Microglial	PFA1	PFA1	G1	foreman_821
foreman_821_TCGTAGACATGCAACT	813	2492	0.20545746388443	2	Classical M1	PFA1	PFA1	G1	foreman_821
foreman_821_TCGTAGAGTGCAGACA	2228	10736	0.0277570789865872	6	DC	PFA1	PFA1	G1	foreman_821
foreman_821_TCTATTGCAATACGCT	873	2266	0.25639894086496	2	Classical M1	PFA1	PFA1	G1	foreman_821
foreman_821_TCTATTGGTTTGTGTG	1666	5372	0.192665673864482	5	Undefined M	PFA1	PFA1	S	foreman_821
foreman_821_TCTATTGTCGAGGTAG	916	3031	0.223688551633124	0	Microglial	PFA1	PFA1	G1	foreman_821
foreman_821_TCTCTAAGTCTTCGTC	2743	10887	0.0507026729126481	5	Undefined M	PFA1	PFA1	G1	foreman_821
foreman_821_TCTCTAATCCTTGGTC	1019	3380	0.170118343195266	0	Microglial	PFA1	PFA1	G1	foreman_821
foreman_821_TCTGAGAGTTCGTTGA	742	2133	0.176746366619784	2	Classical M1	PFA1	PFA1	G1	foreman_821
foreman_821_TCTGGAAGTTGGTTTG	991	3496	0.263157894736842	4	Mitotic	PFA1	PFA1	G2M	foreman_821
foreman_821_TCTTCGGCAATCGGTT	1421	4667	0.251767730876366	7	Alternative M2	PFA1	PFA1	G1	foreman_821
foreman_821_TGAAAGAAGGGATGGG	1933	6273	0.0430416068866571	0	Microglial	PFA1	PFA1	G1	foreman_821
foreman_821_TGACTAGTCCCTAACC	2398	9862	0.030622591766376	6	DC	PFA1	PFA1	G1	foreman_821
foreman_821_TGACTTTAGTAGTGCG	1213	4223	0.171678901255032	0	Microglial	PFA1	PFA1	G1	foreman_821
foreman_821_TGAGCATAGATTACCC	991	3342	0.119090365050868	2	Classical M1	PFA1	PFA1	G1	foreman_821
foreman_821_TGAGCATGTTACGTCA	599	1807	0.175428887659103	0	Microglial	PFA1	PFA1	G1	foreman_821
foreman_821_TGAGCCGAGTGTGAAT	1091	2705	0.18003696857671	0	Microglial	PFA1	PFA1	G1	foreman_821
foreman_821_TGATTTCTCCCTAACC	3378	14946	0.0396092600026763	5	Undefined M	PFA1	PFA1	G1	foreman_821
foreman_821_TGCACCTTCATGTGGT	1923	6475	0.101467181467181	0	Microglial	PFA1	PFA1	G1	foreman_821
foreman_821_TGCCAAAGTATTCGTG	844	2400	0.18875	2	Classical M1	PFA1	PFA1	G1	foreman_821
foreman_821_TGCCAAATCTGCCAGG	1235	4283	0.163670324538875	0	Microglial	PFA1	PFA1	G1	foreman_821
foreman_821_TGCCCTACACCAGATT	953	2335	0.164882226980728	2	Classical M1	PFA1	PFA1	G1	foreman_821
foreman_821_TGCCCTAGTACAAGTA	542	1033	0.113262342691191	2	Classical M1	PFA1	PFA1	G1	foreman_821
foreman_821_TGCCCTATCGTTTGCC	986	2161	0.173530772790375	4	Mitotic	PFA1	PFA1	G2M	foreman_821
foreman_821_TGCGTGGCAAGCCGTC	1058	3469	0.262611703660997	2	Classical M1	PFA1	PFA1	G1	foreman_821
foreman_821_TGCTACCGTCGCATAT	1212	3377	0.208469055374593	7	Alternative M2	PFA1	PFA1	G1	foreman_821
foreman_821_TGCTACCTCACGCGGT	1428	5035	0.19364448857994	4	Mitotic	PFA1	PFA1	G2M	foreman_821
foreman_821_TGGACGCTCGACCAGC	776	1903	0.140830267997898	2	Classical M1	PFA1	PFA1	G1	foreman_821
foreman_821_TGGCCAGCAGAGTGTG	1072	2608	0.0824386503067485	7	Alternative M2	PFA1	PFA1	S	foreman_821
foreman_821_TGGCGCATCGTAGGAG	783	2092	0.265296367112811	2	Classical M1	PFA1	PFA1	G1	foreman_821
foreman_821_TGGCTGGAGCAGCGTA	2303	9197	0.0427313254322062	5	Undefined M	PFA1	PFA1	G2M	foreman_821
foreman_821_TGGCTGGAGCTAAGAT	1320	5033	0.265845420226505	4	Mitotic	PFA1	PFA1	S	foreman_821
foreman_821_TGGGCGTAGCCCAATT	690	1761	0.211811470755253	2	Classical M1	PFA1	PFA1	G1	foreman_821
foreman_821_TGGGCGTAGGGAGTAA	2674	11778	0.0499235863474274	5	Undefined M	PFA1	PFA1	S	foreman_821
foreman_821_TGGTTAGAGCGAGAAA	1082	4143	0.130823075066377	0	Microglial	PFA1	PFA1	G1	foreman_821
foreman_821_TGGTTAGGTGCAACGA	2532	10791	0.0359558891668983	6	DC	PFA1	PFA1	G1	foreman_821
foreman_821_TGTATTCTCATCATTC	1112	4094	0.212506106497313	2	Classical M1	PFA1	PFA1	G1	foreman_821
foreman_821_TGTCCCATCCTGCCAT	2732	11331	0.0600123554849528	0	Microglial	PFA1	PFA1	G1	foreman_821
foreman_821_TGTCCCATCTCCAACC	736	1845	0.0644986449864499	2	Classical M1	PFA1	PFA1	G1	foreman_821
foreman_821_TGTGGTAGTGACGGTA	2091	7000	0.0514285714285714	0	Microglial	PFA1	PFA1	G1	foreman_821
foreman_821_TGTGTTTGTTACCGAT	1859	6770	0.20384047267356	4	Mitotic	PFA1	PFA1	G2M	foreman_821
foreman_821_TGTGTTTTCACCGGGT	2885	13769	0.0338441426392621	6	DC	PFA1	PFA1	G1	foreman_821
foreman_821_TGTGTTTTCCGTAGGC	838	2392	0.267558528428094	2	Classical M1	PFA1	PFA1	G2M	foreman_821
foreman_821_TGTTCCGAGGCTAGAC	2435	9356	0.043180846515605	7	Alternative M2	PFA1	PFA1	G1	foreman_821
foreman_821_TGTTCCGGTCTAGTCA	725	1642	0.225334957369062	2	Classical M1	PFA1	PFA1	G1	foreman_821
foreman_821_TTAACTCAGTGCGATG	1603	5798	0.0488099344601587	6	DC	PFA1	PFA1	G1	foreman_821
foreman_821_TTAACTCCAGGAATGC	1810	5007	0.00499300978629918	6	DC	PFA1	PFA1	G1	foreman_821
foreman_821_TTAGTTCAGTACTTGC	977	3024	0.264880952380952	2	Classical M1	PFA1	PFA1	G1	foreman_821
foreman_821_TTAGTTCCAAAGAATC	2104	6848	0.0620619158878505	0	Microglial	PFA1	PFA1	G1	foreman_821
foreman_821_TTATGCTCAAGCGAGT	1213	3490	0.118051575931232	0	Microglial	PFA1	PFA1	G1	foreman_821
foreman_821_TTATGCTCATGTCTCC	1838	6361	0.0941675837132526	0	Microglial	PFA1	PFA1	G1	foreman_821
foreman_821_TTCCCAGCAAGGTGTG	1773	5793	0.0609356119454514	0	Microglial	PFA1	PFA1	G1	foreman_821
foreman_821_TTCGAAGCACTGTCGG	1757	6135	0.113121434392828	0	Microglial	PFA1	PFA1	G1	foreman_821
foreman_821_TTCGAAGGTAAGCACG	958	2518	0.19340746624305	2	Classical M1	PFA1	PFA1	G1	foreman_821
foreman_821_TTCGAAGTCCTAGAAC	791	1890	0.250793650793651	2	Classical M1	PFA1	PFA1	G1	foreman_821
foreman_821_TTCTCAAAGGAGTACC	1603	5177	0.0967741935483871	0	Microglial	PFA1	PFA1	G1	foreman_821
foreman_821_TTCTCAAGTGTGCGTC	2471	11185	0.0289673670093876	6	DC	PFA1	PFA1	G1	foreman_821
foreman_821_TTCTCAATCCCACTTG	1134	2912	0.163461538461538	2	Classical M1	PFA1	PFA1	G1	foreman_821
foreman_821_TTCTCAATCGACAGCC	1028	3061	0.190460633779811	2	Classical M1	PFA1	PFA1	G2M	foreman_821
foreman_821_TTCTCAATCGTGACAT	3289	15047	0.0487804878048781	0	Microglial	PFA1	PFA1	S	foreman_821
foreman_821_TTCTCCTCAGGAATGC	629	1474	0.173677069199457	2	Classical M1	PFA1	PFA1	S	foreman_821
foreman_821_TTGAACGCATTAGGCT	2579	10757	0.0483406154132193	6	DC	PFA1	PFA1	G1	foreman_821
foreman_821_TTGAACGTCAGCCTAA	1496	4658	0.135465865178188	0	Microglial	PFA1	PFA1	G1	foreman_821
foreman_821_TTGACTTAGCCAACAG	1787	5461	0.117560886284563	5	Undefined M	PFA1	PFA1	G1	foreman_821
foreman_821_TTGGCAACAACACCTA	1101	3138	0.119821542383684	2	Classical M1	PFA1	PFA1	G1	foreman_821
foreman_821_TTGGCAACACTACAGT	2393	9572	0.0482657751776013	0	Microglial	PFA1	PFA1	G1	foreman_821
foreman_821_TTGGCAATCATAAAGG	876	2436	0.239326765188834	2	Classical M1	PFA1	PFA1	G1	foreman_821
foreman_821_TTTACTGCAGCCTTGG	1269	3172	0.136191677175284	7	Alternative M2	PFA1	PFA1	G1	foreman_821
foreman_821_TTTACTGCAGCGTCCA	786	2436	0.239326765188834	2	Classical M1	PFA1	PFA1	G1	foreman_821
foreman_821_TTTATGCCAACTGCTA	1416	3521	0.189150809429139	4	Mitotic	PFA1	PFA1	G2M	foreman_821
foreman_821_TTTCCTCGTACATGTC	1124	2876	0.168984700973574	7	Alternative M2	PFA1	PFA1	G1	foreman_821
foreman_821_TTTGGTTGTTGGTTTG	824	2282	0.184925503943909	2	Classical M1	PFA1	PFA1	S	foreman_821
foreman_821_TTTGTCACATGCAACT	1732	4941	0.143493219995952	7	Alternative M2	PFA1	PFA1	G1	foreman_821
foreman_821_TTTGTCAGTCGGATCC	2794	12119	0.0353989603102566	6	DC	PFA1	PFA1	G1	foreman_821
foreman_839_ACGATACAGTAGGCCA	719	1887	0.285638579756227	2	Classical M1	PFA1	PFA1	G2M	foreman_839
foreman_839_ACGATGTCACCGCTAG	380	715	0.0391608391608392	2	Classical M1	PFA1	PFA1	G1	foreman_839
foreman_839_CGTCTACTCCTAGAAC	2024	7327	0.119830762931623	0	Microglial	PFA1	PFA1	G1	foreman_839
foreman_848_AAATGCCCATTTGCCC	594	1010	0.0346534653465347	11	Contaminating Tumor cells	PFA1	PFA1	G2M	foreman_848
foreman_848_AACACGTCAGATCCAT	561	961	0.077003121748179	2	Classical M1	PFA1	PFA1	S	foreman_848
foreman_848_AACCATGAGACACGAC	1549	4556	0.0546532045654083	0	Microglial	PFA1	PFA1	S	foreman_848
foreman_848_AACGTTGCATCTCGCT	808	1762	0.0692395005675369	0	Microglial	PFA1	PFA1	G1	foreman_848
foreman_848_AACTCCCAGTGGAGTC	511	1200	0.108333333333333	2	Classical M1	PFA1	PFA1	G1	foreman_848
foreman_848_AACTCCCTCCACTCCA	716	1516	0.0303430079155673	2	Classical M1	PFA1	PFA1	S	foreman_848
foreman_848_AACTCCCTCTTGAGAC	943	1860	0.0833333333333333	0	Microglial	PFA1	PFA1	S	foreman_848
foreman_848_AAGGTTCGTGTGCCTG	2082	7084	0.0321852060982496	0	Microglial	PFA1	PFA1	G1	foreman_848
foreman_848_ACACCGGTCCTTGGTC	665	1290	0.0302325581395349	0	Microglial	PFA1	PFA1	G1	foreman_848
foreman_848_ACCCACTGTCTTCAAG	1289	3333	0.0978097809780978	2	Classical M1	PFA1	PFA1	G1	foreman_848
foreman_848_ACGCAGCAGAGACTTA	735	1465	0.0457337883959044	2	Classical M1	PFA1	PFA1	G1	foreman_848
foreman_848_ACGCAGCGTGACTCAT	531	1535	0.274267100977199	3	Hypoxia	PFA1	PFA1	G1	foreman_848
foreman_848_ACGCCGAGTACCGCTG	473	906	0.2560706401766	2	Classical M1	PFA1	PFA1	G1	foreman_848
foreman_848_ACGCCGATCACCTTAT	481	820	0.05	2	Classical M1	PFA1	PFA1	S	foreman_848
foreman_848_ACGGGTCTCTACCAGA	2202	6907	0.166497755899812	4	Mitotic	PFA1	PFA1	G2M	foreman_848
foreman_848_ACTATCTTCTAAGCCA	371	922	0.149674620390456	2	Classical M1	PFA1	PFA1	G1	foreman_848
foreman_848_ACTGAGTGTGAGTATA	450	783	0.0766283524904215	2	Classical M1	PFA1	PFA1	S	foreman_848
foreman_848_ACTTGTTAGTCCTCCT	643	1274	0.0345368916797488	2	Classical M1	PFA1	PFA1	G1	foreman_848
foreman_848_ACTTTCAGTACACCGC	1775	6019	0.032231267652434	0	Microglial	PFA1	PFA1	G1	foreman_848
foreman_848_AGATCTGCACAGTCGC	774	1829	0.0579551667577911	0	Microglial	PFA1	PFA1	G1	foreman_848
foreman_848_AGCAGCCCACCTCGTT	381	561	0.0303030303030303	2	Classical M1	PFA1	PFA1	G1	foreman_848
foreman_848_AGCTTGACAGACAAGC	589	1132	0.0786219081272085	2	Classical M1	PFA1	PFA1	G1	foreman_848
foreman_848_AGTCTTTAGGGCTTGA	718	1485	0.0774410774410774	2	Classical M1	PFA1	PFA1	S	foreman_848
foreman_848_AGTGAGGCAATCTACG	742	1421	0.143560872624912	2	Classical M1	PFA1	PFA1	G2M	foreman_848
foreman_848_AGTGGGAGTGTTGGGA	2002	6617	0.0335499471059392	0	Microglial	PFA1	PFA1	S	foreman_848
foreman_848_AGTGTCAAGGCGACAT	874	1590	0.154088050314465	11	Contaminating Tumor cells	PFA1	PFA1	S	foreman_848
foreman_848_ATAACGCGTTGAACTC	525	993	0.113796576032226	2	Classical M1	PFA1	PFA1	S	foreman_848
foreman_848_ATCACGAGTAATCACC	413	770	0.0363636363636364	2	Classical M1	PFA1	PFA1	G1	foreman_848
foreman_848_ATCACGAGTTCATGGT	596	1306	0.0421133231240429	2	Classical M1	PFA1	PFA1	G1	foreman_848
foreman_848_ATCATCTAGAGATGAG	1630	4689	0.0772019620388142	0	Microglial	PFA1	PFA1	G1	foreman_848
foreman_848_ATCATCTCATGTTGAC	1299	3246	0.055452865064695	0	Microglial	PFA1	PFA1	S	foreman_848
foreman_848_ATCATGGAGCTGCCCA	2168	8264	0.0497337850919652	0	Microglial	PFA1	PFA1	G1	foreman_848
foreman_848_ATCCACCGTTACGGAG	457	744	0.0672043010752688	2	Classical M1	PFA1	PFA1	G1	foreman_848
foreman_848_ATCTGCCTCTGCTGCT	743	1651	0.0745003028467595	2	Classical M1	PFA1	PFA1	G1	foreman_848
foreman_848_ATGTGTGCATTGTGCA	653	1250	0.048	2	Classical M1	PFA1	PFA1	G1	foreman_848
foreman_848_ATTCTACGTCTAGCGC	518	935	0.0213903743315508	2	Classical M1	PFA1	PFA1	G1	foreman_848
foreman_848_ATTGGACTCTAAGCCA	512	1001	0.051948051948052	2	Classical M1	PFA1	PFA1	G1	foreman_848
foreman_848_CAACCAAGTTAAAGTG	645	1182	0.0346869712351946	2	Classical M1	PFA1	PFA1	G1	foreman_848
foreman_848_CACACCTCAAACAACA	1285	4023	0.0899826000497141	0	Microglial	PFA1	PFA1	G1	foreman_848
foreman_848_CACACTCCATTCTTAC	1185	3082	0.118754055807917	0	Microglial	PFA1	PFA1	G1	foreman_848
foreman_848_CACCACTAGTGGCACA	707	1526	0.0766710353866317	2	Classical M1	PFA1	PFA1	G1	foreman_848
foreman_848_CACCAGGCATTACGAC	445	779	0.0885750962772786	2	Classical M1	PFA1	PFA1	S	foreman_848
foreman_848_CAGCATATCAACCAAC	1191	3253	0.0919151552413157	0	Microglial	PFA1	PFA1	G1	foreman_848
foreman_848_CAGCTAAAGCGAGAAA	520	879	0.111490329920364	2	Classical M1	PFA1	PFA1	S	foreman_848
foreman_848_CAGTAACGTACAGCAG	818	1709	0.0860152135751902	2	Classical M1	PFA1	PFA1	G1	foreman_848
foreman_848_CATATGGCATCACCCT	589	1126	0.0950266429840142	2	Classical M1	PFA1	PFA1	G1	foreman_848
foreman_848_CATATGGTCTCAACTT	2156	7311	0.0604568458487211	0	Microglial	PFA1	PFA1	G1	foreman_848
foreman_848_CATCAAGCAGCCTATA	787	2613	0.189054726368159	3	Hypoxia	PFA1	PFA1	G1	foreman_848
foreman_848_CCAATCCTCTCTTGAT	1651	5465	0.0697163769441903	6	DC	PFA1	PFA1	G1	foreman_848
foreman_848_CCACTACGTTCCACTC	574	1050	0.0342857142857143	2	Classical M1	PFA1	PFA1	G1	foreman_848
foreman_848_CCAGCGAAGGCTAGAC	1140	2614	0.115149196633512	0	Microglial	PFA1	PFA1	G1	foreman_848
foreman_848_CCATGTCAGCTCCTTC	307	578	0.0311418685121107	2	Classical M1	PFA1	PFA1	G1	foreman_848
foreman_848_CCCTCCTTCCGAAGAG	519	991	0.15438950554995	2	Classical M1	PFA1	PFA1	G1	foreman_848
foreman_848_CCTAGCTTCGATCCCT	425	867	0.0207612456747405	2	Classical M1	PFA1	PFA1	G1	foreman_848
foreman_848_CCTAGCTTCTAACTTC	2415	9453	0.0544800592404528	0	Microglial	PFA1	PFA1	G1	foreman_848
foreman_848_CCTCTGAAGAGGTTAT	470	667	0.0329835082458771	0	Microglial	PFA1	PFA1	S	foreman_848
foreman_848_CGAATGTCATTAGGCT	482	898	0.0456570155902004	2	Classical M1	PFA1	PFA1	G1	foreman_848
foreman_848_CGCTGGATCTTCCTTC	856	2020	0.0425742574257426	0	Microglial	PFA1	PFA1	G1	foreman_848
foreman_848_CGCTTCACACCTCGGA	465	769	0.0286085825747724	2	Classical M1	PFA1	PFA1	S	foreman_848
foreman_848_CGTAGGCTCTCCTATA	437	746	0.0898123324396783	2	Classical M1	PFA1	PFA1	G1	foreman_848
foreman_848_CGTGAGCTCTGGGCCA	392	769	0.224967490247074	2	Classical M1	PFA1	PFA1	S	foreman_848
foreman_848_CGTTCTGCAGCTTAAC	814	1767	0.0243350311262026	0	Microglial	PFA1	PFA1	G1	foreman_848
foreman_848_CTAACTTTCGACAGCC	1013	2321	0.109004739336493	2	Classical M1	PFA1	PFA1	G2M	foreman_848
foreman_848_CTAAGACAGAGCAATT	508	896	0.0323660714285714	2	Classical M1	PFA1	PFA1	G1	foreman_848
foreman_848_CTAGAGTCACCAGATT	1560	4497	0.0920613742494997	0	Microglial	PFA1	PFA1	G1	foreman_848
foreman_848_CTAGTGAGTACCCAAT	651	1494	0.126506024096386	2	Classical M1	PFA1	PFA1	G1	foreman_848
foreman_848_CTCTACGTCGTTGACA	489	867	0.0484429065743945	0	Microglial	PFA1	PFA1	G1	foreman_848
foreman_848_CTGATCCAGACGCACA	571	1095	0.0493150684931507	2	Classical M1	PFA1	PFA1	G1	foreman_848
foreman_848_CTGCGGAAGCGGATCA	2239	7065	0.0407643312101911	0	Microglial	PFA1	PFA1	G1	foreman_848
foreman_848_CTTACCGCATCATCCC	1660	4700	0.0659574468085106	0	Microglial	PFA1	PFA1	G1	foreman_848
foreman_848_CTTACCGTCCGCTGTT	1204	3108	0.0826898326898327	0	Microglial	PFA1	PFA1	G1	foreman_848
foreman_848_CTTGGCTCAGAAGCAC	3446	16094	0.0656766496831117	5	Undefined M	PFA1	PFA1	G1	foreman_848
foreman_848_GAACCTATCAAACAAG	429	773	0.0620957309184994	2	Classical M1	PFA1	PFA1	G2M	foreman_848
foreman_848_GACCAATAGAACAATC	572	1006	0.0328031809145129	2	Classical M1	PFA1	PFA1	S	foreman_848
foreman_848_GACCAATTCACTTATC	1546	3993	0.0508389681943401	0	Microglial	PFA1	PFA1	G1	foreman_848
foreman_848_GACTACAGTTTAAGCC	469	810	0.0518518518518519	2	Classical M1	PFA1	PFA1	S	foreman_848
foreman_848_GACTGCGGTCCTCCAT	1789	6260	0.0372204472843451	0	Microglial	PFA1	PFA1	S	foreman_848
foreman_848_GATCAGTCAACTGCGC	2287	7635	0.0508185985592665	0	Microglial	PFA1	PFA1	G1	foreman_848
foreman_848_GATCGTATCTTCGAGA	448	756	0.0145502645502645	2	Classical M1	PFA1	PFA1	S	foreman_848
foreman_848_GCACATACAATCTACG	417	913	0.177437020810515	2	Classical M1	PFA1	PFA1	S	foreman_848
foreman_848_GCATGTAGTCACCCAG	1970	8293	0.0584830580007235	7	Alternative M2	PFA1	PFA1	G1	foreman_848
foreman_848_GCGAGAATCTGCTGCT	488	891	0.112233445566779	2	Classical M1	PFA1	PFA1	S	foreman_848
foreman_848_GCGCAGTCAAGCGTAG	485	839	0.0798569725864124	2	Classical M1	PFA1	PFA1	S	foreman_848
foreman_848_GCGCCAATCTCGTTTA	385	794	0.21536523929471	2	Classical M1	PFA1	PFA1	G2M	foreman_848
foreman_848_GCTGCAGTCAACCAAC	608	1102	0.12431941923775	0	Microglial	PFA1	PFA1	G1	foreman_848
foreman_848_GCTGGGTCACAACTGT	439	793	0.051702395964691	2	Classical M1	PFA1	PFA1	S	foreman_848
foreman_848_GCTTCCATCTCGAGTA	436	860	0.0918604651162791	2	Classical M1	PFA1	PFA1	S	foreman_848
foreman_848_GGAGCAAAGAGATGAG	1572	4111	0.070299197275602	0	Microglial	PFA1	PFA1	G1	foreman_848
foreman_848_GGGCACTGTAGCACGA	1930	5656	0.0523338048090523	0	Microglial	PFA1	PFA1	G1	foreman_848
foreman_848_GTACGTAAGCAGCCTC	1362	4735	0.0517423442449842	0	Microglial	PFA1	PFA1	G1	foreman_848
foreman_848_GTACTCCGTGTGCCTG	650	1302	0.098310291858679	2	Classical M1	PFA1	PFA1	G1	foreman_848
foreman_848_GTAGGCCAGAGCCCAA	466	1105	0.0968325791855204	2	Classical M1	PFA1	PFA1	G1	foreman_848
foreman_848_GTCACAAGTAGTAGTA	1782	4779	0.0529399455953128	0	Microglial	PFA1	PFA1	G1	foreman_848
foreman_848_GTCATTTTCTAACTCT	444	799	0.0926157697121402	2	Classical M1	PFA1	PFA1	G1	foreman_848
foreman_848_GTCTCGTAGTGTGGCA	2113	7380	0.0529810298102981	0	Microglial	PFA1	PFA1	G1	foreman_848
foreman_848_GTGCATACAGATCTGT	750	1326	0.0505279034690799	0	Microglial	PFA1	PFA1	S	foreman_848
foreman_848_GTGTGCGTCGCGGATC	2394	9130	0.0585980284775465	0	Microglial	PFA1	PFA1	S	foreman_848
foreman_848_GTTCATTAGTGTACTC	709	1470	0.0673469387755102	2	Classical M1	PFA1	PFA1	G1	foreman_848
foreman_848_TAAGTGCTCTGATACG	686	1414	0.0954738330975955	0	Microglial	PFA1	PFA1	G2M	foreman_848
foreman_848_TACACGACACAAGTAA	460	898	0.044543429844098	1	Lymphocytes	PFA1	PFA1	G2M	foreman_848
foreman_848_TACTCATGTCCAGTGC	1102	2321	0.0896165445928479	0	Microglial	PFA1	PFA1	G1	foreman_848
foreman_848_TACTTGTAGGACATTA	1646	5102	0.0439043512348099	0	Microglial	PFA1	PFA1	G1	foreman_848
foreman_848_TACTTGTGTACCAGTT	1721	4918	0.0534770231801545	0	Microglial	PFA1	PFA1	G1	foreman_848
foreman_848_TAGTTGGAGAAGGTGA	624	1299	0.170130869899923	2	Classical M1	PFA1	PFA1	G1	foreman_848
foreman_848_TATCTCAAGCTGCGAA	2172	7497	0.0574896625316793	0	Microglial	PFA1	PFA1	G1	foreman_848
foreman_848_TCAGCAATCAGTCAGT	1006	2136	0.0697565543071161	0	Microglial	PFA1	PFA1	S	foreman_848
foreman_848_TCAGCTCCAGTCCTTC	944	1921	0.0484122852680895	0	Microglial	PFA1	PFA1	G1	foreman_848
foreman_848_TCATTACCAAAGAATC	742	1481	0.074949358541526	0	Microglial	PFA1	PFA1	S	foreman_848
foreman_848_TCCCGATTCTATCCCG	445	827	0.0326481257557437	2	Classical M1	PFA1	PFA1	S	foreman_848
foreman_848_TCCCGATTCTTAACCT	432	846	0.0319148936170213	2	Classical M1	PFA1	PFA1	G1	foreman_848
foreman_848_TCTGAGAAGGACAGAA	2312	9122	0.063472922604692	0	Microglial	PFA1	PFA1	G1	foreman_848
foreman_848_TCTGGAAAGAGACTAT	1986	5866	0.0562563927719059	0	Microglial	PFA1	PFA1	G1	foreman_848
foreman_848_TCTGGAATCCTTAATC	615	1358	0.177466863033873	11	Contaminating Tumor cells	PFA1	PFA1	G1	foreman_848
foreman_848_TCTTCGGTCCATGAGT	757	1657	0.100784550392275	2	Classical M1	PFA1	PFA1	S	foreman_848
foreman_848_TGACTTTTCGGAGGTA	2025	7167	0.0636249476768522	0	Microglial	PFA1	PFA1	G1	foreman_848
foreman_848_TGCACCTTCGAATCCA	931	2039	0.0755272192251104	4	Mitotic	PFA1	PFA1	S	foreman_848
foreman_848_TGCCAAACAAAGAATC	1661	4685	0.0486659551760939	0	Microglial	PFA1	PFA1	S	foreman_848
foreman_848_TGCGCAGTCAACGCTA	420	765	0.0379084967320261	2	Classical M1	PFA1	PFA1	S	foreman_848
foreman_848_TGCGTGGTCCGTCAAA	646	1381	0.170890658942795	2	Classical M1	PFA1	PFA1	G1	foreman_848
foreman_848_TGGCGCATCGCAAGCC	482	782	0.0754475703324808	2	Classical M1	PFA1	PFA1	G1	foreman_848
foreman_848_TGGGCGTAGATGGGTC	1801	5429	0.04936452385338	0	Microglial	PFA1	PFA1	G1	foreman_848
foreman_848_TGTCCCAAGTGCAAGC	1700	4946	0.0505458956732713	0	Microglial	PFA1	PFA1	S	foreman_848
foreman_848_TGTGGTACATCCCATC	490	911	0.111964873765093	2	Classical M1	PFA1	PFA1	G1	foreman_848
foreman_848_TTAGGACCAGACACTT	1625	5429	0.0753361576717628	0	Microglial	PFA1	PFA1	S	foreman_848
foreman_848_TTAGGCACATTCACTT	732	2033	0.139203148057059	0	Microglial	PFA1	PFA1	G1	foreman_848
foreman_848_TTAGTTCGTTAGAACA	836	1800	0.0861111111111111	0	Microglial	PFA1	PFA1	G1	foreman_848
foreman_848_TTCTACATCATCGCTC	490	866	0.0635103926096998	2	Classical M1	PFA1	PFA1	S	foreman_848
foreman_848_TTCTTAGTCGATAGAA	2498	11098	0.0362227428365471	0	Microglial	PFA1	PFA1	G1	foreman_848
foreman_848_TTCTTAGTCTCGCTTG	757	1623	0.044362292051756	2	Classical M1	PFA1	PFA1	G1	foreman_848
foreman_848_TTGACTTCAGTTCATG	2688	9224	0.0418473547267997	0	Microglial	PFA1	PFA1	G1	foreman_848
foreman_848_TTGACTTGTATATCCG	2609	9920	0.0389112903225806	0	Microglial	PFA1	PFA1	G1	foreman_848
foreman_848_TTTATGCTCCACGAAT	746	1382	0.0875542691751085	0	Microglial	PFA1	PFA1	G1	foreman_848
foreman_848_TTTGCGCCATTATCTC	529	1049	0.117254528122021	2	Classical M1	PFA1	PFA1	G1	foreman_848
foreman_859_AACTCAGAGCTATGCT	728	1897	0.0653663679493938	2	Classical M1	PFA1	PFA1	G1	foreman_859
foreman_859_AACTTTCTCCATGAGT	1187	2323	0.0443392165303487	0	Microglial	PFA1	PFA1	S	foreman_859
foreman_859_ACCAGTAGTAATTGGA	357	670	0.152238805970149	2	Classical M1	PFA1	PFA1	G1	foreman_859
foreman_859_AGAGCGACACATAACC	488	844	0.0687203791469194	2	Classical M1	PFA1	PFA1	G1	foreman_859
foreman_859_AGCGTCGAGGGCATGT	1789	6204	0.0154738878143133	6	DC	PFA1	PFA1	G1	foreman_859
foreman_859_AGGGAGTCACACAGAG	311	559	0.0429338103756708	2	Classical M1	PFA1	PFA1	G1	foreman_859
foreman_859_ATCACGAGTTTAGGAA	1699	4557	0.108185209567698	2	Classical M1	PFA1	PFA1	G1	foreman_859
foreman_859_ATCGAGTTCATTATCC	261	462	0.038961038961039	2	Classical M1	PFA1	PFA1	G1	foreman_859
foreman_859_CACACTCAGATGCCTT	340	564	0.0141843971631206	2	Classical M1	PFA1	PFA1	G1	foreman_859
foreman_859_CAGGTGCCACTTACGA	2129	5282	0.179288148428626	5	Undefined M	PFA1	PFA1	G1	foreman_859
foreman_859_CAGTAACGTGGACGAT	715	1337	0.0927449513836948	2	Classical M1	PFA1	PFA1	S	foreman_859
foreman_859_CTACCCATCAACACCA	470	899	0.292547274749722	2	Classical M1	PFA1	PFA1	S	foreman_859
foreman_859_CTACCCATCACTATTC	340	585	0.0307692307692308	2	Classical M1	PFA1	PFA1	G1	foreman_859
foreman_859_CTCTGGTAGCACCGTC	302	587	0.221465076660988	2	Classical M1	PFA1	PFA1	G2M	foreman_859
foreman_859_GATCGTATCTTCGAGA	453	774	0.0155038759689922	2	Classical M1	PFA1	PFA1	G1	foreman_859
foreman_859_GCACTCTAGGCCCTTG	428	737	0.039348710990502	2	Classical M1	PFA1	PFA1	S	foreman_859
foreman_859_GTAGGCCCATGGTTGT	390	553	0.121157323688969	2	Classical M1	PFA1	PFA1	G1	foreman_859
foreman_859_GTGCAGCTCTTGTCAT	407	684	0.0950292397660819	2	Classical M1	PFA1	PFA1	G1	foreman_859
foreman_859_GTGCTTCTCTAACCGA	1177	2289	0.105723023154216	2	Classical M1	PFA1	PFA1	G1	foreman_859
foreman_859_TCAACGAGTCGCGGTT	1349	3042	0.0604865220249836	0	Microglial	PFA1	PFA1	G1	foreman_859
foreman_859_TCACGAAAGCGAGAAA	1953	6318	0.0409939854384299	0	Microglial	PFA1	PFA1	G1	foreman_859
foreman_859_TCCCGATAGAGGTACC	251	423	0.0378250591016548	2	Classical M1	PFA1	PFA1	G1	foreman_859
foreman_859_TCTGGAAGTCTGCAAT	410	700	0.0342857142857143	2	Classical M1	PFA1	PFA1	S	foreman_859
foreman_859_TGACTTTGTGCTGTAT	1340	3872	0.0232438016528926	0	Microglial	PFA1	PFA1	G1	foreman_859
foreman_859_TGAGGGAAGATATGGT	296	527	0.047438330170778	2	Classical M1	PFA1	PFA1	G1	foreman_859
foreman_859_TGCGCAGAGCAGACTG	1673	4442	0.0486267447095903	0	Microglial	PFA1	PFA1	S	foreman_859
foreman_859_TGCGCAGTCAACGCTA	391	673	0.0416047548291233	2	Classical M1	PFA1	PFA1	S	foreman_859
foreman_859_TTGGCAAGTTCCCGAG	283	436	0.112385321100917	2	Classical M1	PFA1	PFA1	G1	foreman_859
foreman_871_AAACCTGTCCAGTAGT	251	352	0.03125	2	Classical M1	PFA1	PFA1	S	foreman_871
foreman_871_AAGACCTTCGGAATCT	287	435	0.0436781609195402	2	Classical M1	PFA1	PFA1	S	foreman_871
foreman_871_ACTGTCCCAGGACGTA	366	579	0.0276338514680484	2	Classical M1	PFA1	PFA1	G1	foreman_871
foreman_871_AGCCTAAAGTAGGTGC	211	331	0.0332326283987915	2	Classical M1	PFA1	PFA1	G1	foreman_871
foreman_871_AGGGAGTCACACAGAG	577	1313	0.0434120335110434	2	Classical M1	PFA1	PFA1	G2M	foreman_871
foreman_871_ATCGAGTTCATTATCC	442	1019	0.0451422963689892	2	Classical M1	PFA1	PFA1	G2M	foreman_871
foreman_871_CACACTCAGATGCCTT	622	1264	0.0284810126582278	2	Classical M1	PFA1	PFA1	G1	foreman_871
foreman_871_CATCAGAAGCCAACAG	391	666	0.0465465465465465	2	Classical M1	PFA1	PFA1	S	foreman_871
foreman_871_CCATGTCTCGGTGTCG	273	465	0.0559139784946237	2	Classical M1	PFA1	PFA1	G2M	foreman_871
foreman_871_CCTAAAGGTTACGTCA	272	457	0.0700218818380744	2	Classical M1	PFA1	PFA1	G1	foreman_871
foreman_871_CCTCTGACACAACGCC	226	313	0.0479233226837061	2	Classical M1	PFA1	PFA1	G1	foreman_871
foreman_871_GATCGTATCTTCGAGA	833	1774	0.0197294250281849	0	Microglial	PFA1	PFA1	G1	foreman_871
foreman_871_GCACTCTAGGCCCTTG	802	1713	0.0367775831873905	0	Microglial	PFA1	PFA1	G1	foreman_871
foreman_871_GGACATTCAGCATACT	253	353	0.0339943342776204	2	Classical M1	PFA1	PFA1	G1	foreman_871
foreman_871_GTCGTAATCAAGGTAA	244	376	0.050531914893617	2	Classical M1	PFA1	PFA1	G1	foreman_871
foreman_871_TACTCATCAATCGAAA	333	583	0.039451114922813	2	Classical M1	PFA1	PFA1	G1	foreman_871
foreman_871_TCAACGACAATAACGA	306	491	0.0814663951120163	2	Classical M1	PFA1	PFA1	G1	foreman_871
foreman_871_TCACGAAAGCGAGAAA	237	330	0.0303030303030303	2	Classical M1	PFA1	PFA1	G1	foreman_871
foreman_871_TCGAGGCAGATGTGTA	290	403	0.0496277915632754	2	Classical M1	PFA1	PFA1	G1	foreman_871
foreman_871_TCTCATATCCTGCCAT	217	304	0.0361842105263158	2	Classical M1	PFA1	PFA1	S	foreman_871
foreman_871_TCTGGAAGTCTGCAAT	685	1604	0.0374064837905237	2	Classical M1	PFA1	PFA1	G1	foreman_871
foreman_871_TGAGCCGGTGCCTGCA	379	560	0.0446428571428571	4	Mitotic	PFA1	PFA1	G2M	foreman_871
foreman_871_TGAGGGAAGATATGGT	461	1023	0.0283479960899316	2	Classical M1	PFA1	PFA1	S	foreman_871
foreman_871_TGCGCAGTCAACGCTA	701	1485	0.032996632996633	2	Classical M1	PFA1	PFA1	G1	foreman_871
foreman_871_TGTCCCAGTACCGTAT	227	338	0.0562130177514793	2	Classical M1	PFA1	PFA1	G1	foreman_871
foreman_871_TTGTAGGCACCTCGTT	214	320	0.03125	2	Classical M1	PFA1	PFA1	G1	foreman_871
foreman_897_AACTGGTGTCGAACAG	505	1094	0.116087751371115	2	Classical M1	PFA2	PFA2	S	foreman_897
foreman_897_ACATGGTTCCGCAGTG	713	1619	0.207535515750463	2	Classical M1	PFA2	PFA2	G1	foreman_897
foreman_897_ACGATGTCACCGCTAG	538	1162	0.0301204819277108	2	Classical M1	PFA2	PFA2	G1	foreman_897
foreman_897_AGATCTGAGGGTTTCT	802	2059	0.0490529383195726	2	Classical M1	PFA2	PFA2	G1	foreman_897
foreman_897_AGCGTCGAGGGATACC	2111	6823	0.0385460940935073	0	Microglial	PFA2	PFA2	G1	foreman_897
foreman_897_AGGGAGTGTTAAGGGC	632	1227	0.198859005704971	6	DC	PFA2	PFA2	G1	foreman_897
foreman_897_AGTAGTCGTAGCACGA	307	504	0.238095238095238	2	Classical M1	PFA2	PFA2	G1	foreman_897
foreman_897_CAGCAGCCAAGTAGTA	678	1746	0.15807560137457	2	Classical M1	PFA2	PFA2	G1	foreman_897
foreman_897_CAGCATATCTCACATT	3287	12500	0.04096	0	Microglial	PFA2	PFA2	S	foreman_897
foreman_897_CATCGAACATCACGTA	532	1433	0.219818562456385	2	Classical M1	PFA2	PFA2	G1	foreman_897
foreman_897_CCTACCACAGGGTACA	520	1308	0.239296636085627	6	DC	PFA2	PFA2	S	foreman_897
foreman_897_CGGTTAAAGGCTATCT	702	1429	0.252624212736179	2	Classical M1	PFA2	PFA2	G1	foreman_897
foreman_897_CTCAGAACAGTATAAG	1755	4519	0.0367337906616508	0	Microglial	PFA2	PFA2	G1	foreman_897
foreman_897_CTGGTCTTCGAATCCA	1664	4968	0.0440821256038647	0	Microglial	PFA2	PFA2	S	foreman_897
foreman_897_GTATCTTAGTCATCCA	2746	9679	0.0277921272858766	0	Microglial	PFA2	PFA2	G1	foreman_897
foreman_897_GTCACGGAGATATGCA	1499	5294	0.0923687193048734	0	Microglial	PFA2	PFA2	G1	foreman_897
foreman_897_GTCACGGGTCCAGTAT	2655	8840	0.040158371040724	0	Microglial	PFA2	PFA2	G1	foreman_897
foreman_897_GTCACGGGTTAGGGTG	2233	7762	0.0426436485441896	6	DC	PFA2	PFA2	S	foreman_897
foreman_897_TAAGAGAGTCATGCAT	2588	7521	0.0402871958516155	0	Microglial	PFA2	PFA2	G1	foreman_897
foreman_897_TACCTTAAGACACGAC	3391	13167	0.0299992405255563	0	Microglial	PFA2	PFA2	G1	foreman_897
foreman_897_TACTCATAGATGCGAC	2093	7255	0.0494831150930393	0	Microglial	PFA2	PFA2	G1	foreman_897
foreman_897_TACTTACCAGCTGCAC	706	1533	0.170906718851924	2	Classical M1	PFA2	PFA2	G1	foreman_897
foreman_911_ACGATGTCACCGCTAG	424	822	0.0401459854014599	2	Classical M1	PFA2	PFA2	G1	foreman_911
foreman_911_CAAGTTGAGCTCCTCT	480	1066	0.226078799249531	2	Classical M1	PFA2	PFA2	G1	foreman_911
foreman_911_CATCAGATCTAGCACA	717	1953	0.0809011776753712	2	Classical M1	PFA2	PFA2	S	foreman_911
foreman_911_CCTTCGAGTACCGCTG	952	2053	0.0423770092547491	0	Microglial	PFA2	PFA2	G1	foreman_911
foreman_911_CTCTACGAGTTGCAGG	1548	3901	0.0599846193283773	0	Microglial	PFA2	PFA2	G1	foreman_911
foreman_911_GCTTGAAGTAAGGATT	467	1562	0.088348271446863	2	Classical M1	PFA2	PFA2	G1	foreman_911
foreman_911_GGACGTCTCAGAGACG	970	2183	0.0998625744388456	0	Microglial	PFA2	PFA2	S	foreman_911
foreman_911_GGCCGATGTGCCTGCA	514	1043	0.282837967401726	2	Classical M1	PFA2	PFA2	G1	foreman_911
foreman_911_GTAACTGTCGTTACGA	506	1070	0.292523364485981	2	Classical M1	PFA2	PFA2	G1	foreman_911
foreman_911_GTGTTAGCATGATCCA	406	846	0.171394799054374	2	Classical M1	PFA2	PFA2	G1	foreman_911
foreman_911_TACACGACACCACCAG	603	1190	0.167226890756303	2	Classical M1	PFA2	PFA2	G2M	foreman_911
foreman_911_TAGAGCTCAATGCCAT	2106	7125	0.0647017543859649	6	DC	PFA2	PFA2	G1	foreman_911
foreman_911_TGACGGCGTCTAGTGT	233	327	0.103975535168196	2	Classical M1	PFA2	PFA2	G1	foreman_911
foreman_928_AAACCTGCAGGGAGAG	380	812	0.172413793103448	2	Classical M1	PFA1	PFA1	G1	foreman_928
foreman_928_AAATGCCCACCAGATT	835	2716	0.290500736377025	2	Classical M1	PFA1	PFA1	G1	foreman_928
foreman_928_ACCCACTAGACCTAGG	482	1145	0.25764192139738	2	Classical M1	PFA1	PFA1	S	foreman_928
foreman_928_ACGAGGACACTCTGTC	287	507	0.100591715976331	2	Classical M1	PFA1	PFA1	G1	foreman_928
foreman_928_ACGAGGACAGCGTCCA	330	550	0.174545454545455	2	Classical M1	PFA1	PFA1	S	foreman_928
foreman_928_ACGATGTCACCGCTAG	3012	13587	0.0301023036726282	7	Alternative M2	PFA1	PFA1	G1	foreman_928
foreman_928_ACGCAGCGTCATGCCG	440	829	0.243667068757539	2	Classical M1	PFA1	PFA1	S	foreman_928
foreman_928_ACGGGCTCACATGTGT	222	363	0.0413223140495868	2	Classical M1	PFA1	PFA1	G2M	foreman_928
foreman_928_ATCTACTCACTTAAGC	396	1134	0.285714285714286	3	Hypoxia	PFA1	PFA1	G1	foreman_928
foreman_928_CACAAACAGTAACCCT	561	1112	0.072841726618705	2	Classical M1	PFA1	PFA1	G2M	foreman_928
foreman_928_CACACAAAGTCAATAG	542	992	0.131048387096774	2	Classical M1	PFA1	PFA1	S	foreman_928
foreman_928_CACATTTCATTCACTT	1748	3925	0.0127388535031847	6	DC	PFA1	PFA1	S	foreman_928
foreman_928_CACATTTGTTCGTGAT	250	417	0.211031175059952	2	Classical M1	PFA1	PFA1	G1	foreman_928
foreman_928_CACCTTGCACTCAGGC	479	930	0.0806451612903226	2	Classical M1	PFA1	PFA1	G1	foreman_928
foreman_928_CAGCTAAGTCTTTCAT	1670	4076	0.0436702649656526	0	Microglial	PFA1	PFA1	G1	foreman_928
foreman_928_CATATTCTCCAACCAA	516	803	0.0186799501867995	2	Classical M1	PFA1	PFA1	G1	foreman_928
foreman_928_CATTATCCATTGGTAC	212	307	0.136807817589577	2	Classical M1	PFA1	PFA1	G1	foreman_928
foreman_928_CCTACCATCCGCGCAA	450	981	0.195718654434251	2	Classical M1	PFA1	PFA1	S	foreman_928
foreman_928_CGCCAAGAGACATAAC	584	1142	0.164623467600701	2	Classical M1	PFA1	PFA1	S	foreman_928
foreman_928_CGGCTAGTCACTTACT	526	714	0.0140056022408964	2	Classical M1	PFA1	PFA1	G1	foreman_928
foreman_928_CGGTTAAAGAAACGAG	630	1427	0.237561317449194	2	Classical M1	PFA1	PFA1	G1	foreman_928
foreman_928_CGTAGCGTCCCAGGTG	318	536	0.180970149253731	2	Classical M1	PFA1	PFA1	S	foreman_928
foreman_928_CGTCAGGGTCTCGTTC	253	448	0.252232142857143	2	Classical M1	PFA1	PFA1	G1	foreman_928
foreman_928_CTAGCCTCACATCCGG	454	828	0.101449275362319	2	Classical M1	PFA1	PFA1	G1	foreman_928
foreman_928_CTCATTATCACGCGGT	471	966	0.0921325051759834	2	Classical M1	PFA1	PFA1	G1	foreman_928
foreman_928_CTGATAGCACTTACGA	616	1696	0.0672169811320755	2	Classical M1	PFA1	PFA1	G1	foreman_928
foreman_928_CTGCTGTAGCGTCTAT	712	1501	0.143237841439041	0	Microglial	PFA1	PFA1	G1	foreman_928
foreman_928_CTTAGGATCTGTACGA	244	444	0.0878378378378378	2	Classical M1	PFA1	PFA1	G1	foreman_928
foreman_928_GAAGCAGCAGCTGGCT	464	842	0.144893111638955	2	Classical M1	PFA1	PFA1	G1	foreman_928
foreman_928_GACGTTATCGGTGTCG	364	612	0.233660130718954	2	Classical M1	PFA1	PFA1	G1	foreman_928
foreman_928_GCACTCTTCAGTTAGC	306	566	0.206713780918728	2	Classical M1	PFA1	PFA1	S	foreman_928
foreman_928_GGCTCGAGTCCGTGAC	932	1674	0.0507765830346475	6	DC	PFA1	PFA1	S	foreman_928
foreman_928_GTACGTATCGCACTCT	1122	2320	0.0129310344827586	0	Microglial	PFA1	PFA1	G1	foreman_928
foreman_928_GTCACAACAAGTACCT	1878	5039	0.0523913474895813	0	Microglial	PFA1	PFA1	G1	foreman_928
foreman_928_GTGCTTCCACCGGAAA	428	786	0.10941475826972	2	Classical M1	PFA1	PFA1	G1	foreman_928
foreman_928_TCAGGTAAGACACTAA	417	794	0.114609571788413	0	Microglial	PFA1	PFA1	G1	foreman_928
foreman_928_TGTTCCGTCGTTTAGG	504	1258	0.186804451510334	2	Classical M1	PFA1	PFA1	G1	foreman_928
foreman_928_TTCGAAGAGTACGCGA	498	1047	0.190066857688634	2	Classical M1	PFA1	PFA1	G2M	foreman_928
foreman_928_TTGAACGTCAGTTCGA	467	909	0.245324532453245	2	Classical M1	PFA1	PFA1	G1	foreman_928
foreman_928_TTGACTTCAGATGGGT	539	1073	0.179869524697111	2	Classical M1	PFA1	PFA1	G1	foreman_928
foreman_930_ACGATGTCACCGCTAG	408	775	0.0361290322580645	2	Classical M1	PFA2	PFA2	G1	foreman_930
foreman_930_ACTGATGCAGATAATG	2383	6378	0.0268109125117592	0	Microglial	PFA2	PFA2	S	foreman_930
foreman_930_ATAAGAGAGGTGTGGT	373	677	0.252584933530281	2	Classical M1	PFA2	PFA2	S	foreman_930
foreman_930_ATCTACTAGTCGTACT	618	1286	0.237947122861586	2	Classical M1	PFA2	PFA2	G1	foreman_930
foreman_930_CACAGTATCGTCCGTT	1576	4980	0.0483935742971888	0	Microglial	PFA2	PFA2	S	foreman_930
foreman_930_CCTCAGTCAATCCGAT	447	845	0.218934911242604	2	Classical M1	PFA2	PFA2	G1	foreman_930
foreman_930_CTCTAATAGCCAACAG	806	1878	0.166666666666667	2	Classical M1	PFA2	PFA2	G1	foreman_930
foreman_930_GCGACCAAGCTGAACG	925	2106	0.165242165242165	2	Classical M1	PFA2	PFA2	G1	foreman_930
foreman_930_GGGTCTGCATCACAAC	521	1043	0.247363374880153	2	Classical M1	PFA2	PFA2	S	foreman_930
foreman_930_GGGTCTGGTGACGCCT	588	1232	0.128246753246753	2	Classical M1	PFA2	PFA2	S	foreman_930
foreman_930_GTACTTTGTCGATTGT	371	895	0.160893854748603	2	Classical M1	PFA2	PFA2	S	foreman_930
foreman_930_TATGCCCGTATCGCAT	1080	2588	0.132921174652241	6	DC	PFA2	PFA2	G1	foreman_930
foreman_930_TCAACGATCTTGACGA	1925	5487	0.0308000728995808	0	Microglial	PFA2	PFA2	G1	foreman_930
foreman_965_AAACCTGCATAACCTG	1284	3420	0.0508771929824561	2	Classical M1	PFA2	PFA2	S	foreman_965
foreman_965_AAACGGGAGAAGGACA	1396	4146	0.0458273034249879	2	Classical M1	PFA2	PFA2	G1	foreman_965
foreman_965_AAACGGGCAAGACGTG	1426	4498	0.0377945753668297	0	Microglial	PFA2	PFA2	G1	foreman_965
foreman_965_AAACGGGTCACATGCA	974	2003	0.0743884173739391	2	Classical M1	PFA2	PFA2	G2M	foreman_965
foreman_965_AAAGATGGTTGGGACA	674	1491	0.144869215291751	2	Classical M1	PFA2	PFA2	G1	foreman_965
foreman_965_AAAGTAGCAACGATGG	1149	3002	0.0376415722851432	2	Classical M1	PFA2	PFA2	G1	foreman_965
foreman_965_AAAGTAGTCTAACGGT	1810	5637	0.0228845130388505	0	Microglial	PFA2	PFA2	G1	foreman_965
foreman_965_AAATGCCCATCCGCGA	1029	2343	0.0964575330772514	2	Classical M1	PFA2	PFA2	G1	foreman_965
foreman_965_AACTGGTTCCCACTTG	2050	6646	0.0335540174541077	6	DC	PFA2	PFA2	G1	foreman_965
foreman_965_AACTGGTTCTCGTATT	1590	4324	0.0619796484736355	0	Microglial	PFA2	PFA2	G1	foreman_965
foreman_965_AACTTTCAGGTGACCA	2333	8641	0.022219650503414	0	Microglial	PFA2	PFA2	G1	foreman_965
foreman_965_AAGACCTGTCGCTTCT	1054	4123	0.0511763279165656	2	Classical M1	PFA2	PFA2	G1	foreman_965
foreman_965_AAGACCTTCATCTGTT	2280	8549	0.032986314188794	0	Microglial	PFA2	PFA2	G1	foreman_965
foreman_965_AAGGAGCAGTAGCCGA	1690	5367	0.0381963853176821	0	Microglial	PFA2	PFA2	G1	foreman_965
foreman_965_AAGGAGCTCACTATTC	2312	8087	0.0259676023247187	0	Microglial	PFA2	PFA2	G1	foreman_965
foreman_965_AAGGCAGTCTGCCCTA	1660	5446	0.032133676092545	0	Microglial	PFA2	PFA2	G1	foreman_965
foreman_965_AAGGCAGTCTGTGCAA	1360	3601	0.0608164398778117	0	Microglial	PFA2	PFA2	G1	foreman_965
foreman_965_AATCCAGTCATCGGAT	1851	7102	0.0253449732469727	0	Microglial	PFA2	PFA2	G1	foreman_965
foreman_965_ACACCAAAGAGCCTAG	1123	2786	0.0448671931083991	2	Classical M1	PFA2	PFA2	G1	foreman_965
foreman_965_ACACCAAGTTAGGGTG	414	767	0.104302477183833	2	Classical M1	PFA2	PFA2	G1	foreman_965
foreman_965_ACACCAATCCGCTGTT	1683	5158	0.0314075222954634	0	Microglial	PFA2	PFA2	S	foreman_965
foreman_965_ACACCGGGTGAAATCA	1832	6086	0.0310548800525797	0	Microglial	PFA2	PFA2	G1	foreman_965
foreman_965_ACATCAGCAGATGGCA	1332	4280	0.0418224299065421	2	Classical M1	PFA2	PFA2	G1	foreman_965
foreman_965_ACATGGTCAAGCCGCT	936	2361	0.0609911054637865	2	Classical M1	PFA2	PFA2	G1	foreman_965
foreman_965_ACCCACTCAACGATGG	1447	4324	0.0397779833487512	0	Microglial	PFA2	PFA2	G1	foreman_965
foreman_965_ACGCAGCTCTGATACG	431	917	0.207197382769902	2	Classical M1	PFA2	PFA2	G1	foreman_965
foreman_965_ACGCCGAAGTTAACGA	573	1083	0.156048014773777	2	Classical M1	PFA2	PFA2	G2M	foreman_965
foreman_965_ACGGAGAAGTATCTCG	2356	8349	0.0100610851598994	0	Microglial	PFA2	PFA2	G1	foreman_965
foreman_965_ACGGAGACACTCTGTC	1464	3743	0.0550360673256746	0	Microglial	PFA2	PFA2	S	foreman_965
foreman_965_ACGGAGATCCAAACAC	1645	4815	0.0348909657320872	0	Microglial	PFA2	PFA2	G1	foreman_965
foreman_965_ACGGAGATCCACGTTC	339	692	0.169075144508671	2	Classical M1	PFA2	PFA2	G1	foreman_965
foreman_965_ACGGAGATCTGAAAGA	650	1392	0.130747126436782	2	Classical M1	PFA2	PFA2	G2M	foreman_965
foreman_965_ACGGCCAAGGACATTA	631	1797	0.0389538119087368	2	Classical M1	PFA2	PFA2	S	foreman_965
foreman_965_ACGGGCTGTAAGGGAA	1518	3792	0.0411392405063291	0	Microglial	PFA2	PFA2	S	foreman_965
foreman_965_ACGGGTCTCCAGTATG	1610	4559	0.0329019521824962	0	Microglial	PFA2	PFA2	S	foreman_965
foreman_965_ACGTCAAGTCCAGTAT	568	1114	0.0691202872531418	2	Classical M1	PFA2	PFA2	G1	foreman_965
foreman_965_ACTATCTAGGTAAACT	1731	5571	0.0400287201579609	0	Microglial	PFA2	PFA2	G1	foreman_965
foreman_965_ACTGAGTGTGCACCAC	1748	6318	0.0305476416587528	0	Microglial	PFA2	PFA2	G1	foreman_965
foreman_965_ACTGTCCCACAGCCCA	1517	4080	0.0522058823529412	0	Microglial	PFA2	PFA2	G1	foreman_965
foreman_965_ACTGTCCGTGACAAAT	891	1997	0.109163745618428	0	Microglial	PFA2	PFA2	G1	foreman_965
foreman_965_ACTTTCAAGGGTGTTG	1975	7153	0.0327135467635957	0	Microglial	PFA2	PFA2	G1	foreman_965
foreman_965_ACTTTCACAGTCACTA	767	2555	0.0857142857142857	2	Classical M1	PFA2	PFA2	G1	foreman_965
foreman_965_AGAATAGGTAAGGGAA	565	972	0.146090534979424	2	Classical M1	PFA2	PFA2	G1	foreman_965
foreman_965_AGAGCTTTCCGTCATC	865	1988	0.0784708249496982	0	Microglial	PFA2	PFA2	S	foreman_965
foreman_965_AGATCTGCAAAGAATC	1064	2595	0.05626204238921	2	Classical M1	PFA2	PFA2	G1	foreman_965
foreman_965_AGATTGCAGGAATGGA	1849	6546	0.0317751298502903	0	Microglial	PFA2	PFA2	G1	foreman_965
foreman_965_AGATTGCTCGGTCCGA	662	1358	0.12739322533137	2	Classical M1	PFA2	PFA2	G1	foreman_965
foreman_965_AGCAGCCAGAAGCCCA	1871	6283	0.0399490689161229	0	Microglial	PFA2	PFA2	G1	foreman_965
foreman_965_AGCGTATGTTATCCGA	2212	7235	0.045611610228058	0	Microglial	PFA2	PFA2	G1	foreman_965
foreman_965_AGCGTCGTCATGTCCC	1303	3517	0.0292863235712255	0	Microglial	PFA2	PFA2	G1	foreman_965
foreman_965_AGCTCCTTCAGGATCT	602	1248	0.0833333333333333	2	Classical M1	PFA2	PFA2	G1	foreman_965
foreman_965_AGCTCTCCAATCACAC	1876	5855	0.0362083689154569	0	Microglial	PFA2	PFA2	S	foreman_965
foreman_965_AGCTCTCCAGATGGGT	1511	4406	0.0290512936904222	2	Classical M1	PFA2	PFA2	G1	foreman_965
foreman_965_AGCTCTCGTAAGCACG	286	571	0.220665499124343	2	Classical M1	PFA2	PFA2	G1	foreman_965
foreman_965_AGCTTGAGTAATAGCA	1817	5573	0.0572402655661224	0	Microglial	PFA2	PFA2	G1	foreman_965
foreman_965_AGGCCGTCATCACGTA	2271	8549	0.0342730143876477	0	Microglial	PFA2	PFA2	G1	foreman_965
foreman_965_AGGGATGAGACCTAGG	1549	5207	0.0240061455732668	0	Microglial	PFA2	PFA2	G1	foreman_965
foreman_965_AGGGATGTCTAAGCCA	1499	5092	0.0333857030636292	0	Microglial	PFA2	PFA2	G1	foreman_965
foreman_965_AGGGTGAGTACGCACC	2330	7022	0.0457134719453147	7	Alternative M2	PFA2	PFA2	G1	foreman_965
foreman_965_AGGGTGAGTCGAGTTT	1857	6970	0.036154949784792	0	Microglial	PFA2	PFA2	S	foreman_965
foreman_965_AGGGTGATCCTCCTAG	1721	5553	0.031334413830362	0	Microglial	PFA2	PFA2	G1	foreman_965
foreman_965_AGGTCCGCAATGGAGC	874	1592	0.0596733668341709	6	DC	PFA2	PFA2	G1	foreman_965
foreman_965_AGGTCCGTCGTATCAG	605	1168	0.122431506849315	2	Classical M1	PFA2	PFA2	G1	foreman_965
foreman_965_AGGTCCGTCGTTGACA	1609	5593	0.040228857500447	0	Microglial	PFA2	PFA2	G1	foreman_965
foreman_965_AGTAGTCAGTTCGCGC	617	1215	0.131687242798354	2	Classical M1	PFA2	PFA2	G1	foreman_965
foreman_965_AGTGAGGTCCTTTCTC	2073	6965	0.015218951902369	0	Microglial	PFA2	PFA2	G1	foreman_965
foreman_965_AGTGGGAGTCAACTGT	1898	6321	0.0406581237146021	6	DC	PFA2	PFA2	G2M	foreman_965
foreman_965_AGTGTCACACACCGAC	666	1488	0.184139784946237	2	Classical M1	PFA2	PFA2	G1	foreman_965
foreman_965_ATAACGCGTAACGTTC	1275	3229	0.0953855682873955	0	Microglial	PFA2	PFA2	G1	foreman_965
foreman_965_ATAACGCTCTGCCCTA	1954	6662	0.0309216451516061	0	Microglial	PFA2	PFA2	G1	foreman_965
foreman_965_ATAGACCTCGTTTGCC	990	2340	0.11965811965812	0	Microglial	PFA2	PFA2	S	foreman_965
foreman_965_ATCACGATCGCGATCG	1782	5725	0.0255021834061135	0	Microglial	PFA2	PFA2	S	foreman_965
foreman_965_ATCGAGTGTAGCCTCG	1101	2521	0.0452201507338358	0	Microglial	PFA2	PFA2	G1	foreman_965
foreman_965_ATCTACTAGCCCGAAA	960	2189	0.128369118318867	0	Microglial	PFA2	PFA2	G1	foreman_965
foreman_965_ATCTACTAGCTAGTCT	1135	2735	0.0486288848263254	2	Classical M1	PFA2	PFA2	G1	foreman_965
foreman_965_ATCTGCCCATTTCACT	693	1594	0.114805520702635	2	Classical M1	PFA2	PFA2	G1	foreman_965
foreman_965_ATGCGATTCATGGTCA	2027	6305	0.0388580491673275	0	Microglial	PFA2	PFA2	G1	foreman_965
foreman_965_ATGCGATTCTGCGTAA	600	1196	0.168060200668896	2	Classical M1	PFA2	PFA2	G1	foreman_965
foreman_965_ATGGGAGAGCTCAACT	1350	4097	0.0322186966072736	2	Classical M1	PFA2	PFA2	G1	foreman_965
foreman_965_ATGGGAGCAGATCTGT	1782	5470	0.053382084095064	0	Microglial	PFA2	PFA2	G1	foreman_965
foreman_965_ATGTGTGCAGTTAACC	1240	3209	0.0339669679027734	0	Microglial	PFA2	PFA2	G1	foreman_965
foreman_965_ATTACTCCAAGCTGTT	502	926	0.103671706263499	11	Contaminating Tumor cells	PFA2	PFA2	S	foreman_965
foreman_965_ATTACTCTCAACGGGA	388	1072	0.0242537313432836	2	Classical M1	PFA2	PFA2	S	foreman_965
foreman_965_ATTATCCAGTTGCAGG	901	1992	0.0813253012048193	0	Microglial	PFA2	PFA2	G1	foreman_965
foreman_965_ATTATCCCAGGCAGTA	2180	7026	0.0243381725021349	0	Microglial	PFA2	PFA2	G1	foreman_965
foreman_965_ATTGGACTCACGACTA	947	2400	0.0420833333333333	2	Classical M1	PFA2	PFA2	G1	foreman_965
foreman_965_ATTGGTGGTTAGGGTG	2011	6764	0.0313424009461857	0	Microglial	PFA2	PFA2	G1	foreman_965
foreman_965_CAACCAAGTAAGTTCC	1485	4718	0.0262823230182281	0	Microglial	PFA2	PFA2	G1	foreman_965
foreman_965_CAAGTTGAGCTCAACT	698	1512	0.0952380952380952	2	Classical M1	PFA2	PFA2	G1	foreman_965
foreman_965_CAAGTTGCATTTCACT	1806	4899	0.0242906715656256	0	Microglial	PFA2	PFA2	G1	foreman_965
foreman_965_CAAGTTGGTGACGGTA	474	765	0.0915032679738562	2	Classical M1	PFA2	PFA2	G2M	foreman_965
foreman_965_CAAGTTGGTGTGAATA	1759	6185	0.0417138237671787	0	Microglial	PFA2	PFA2	G1	foreman_965
foreman_965_CAAGTTGTCTGGCGAC	1939	6164	0.026930564568462	0	Microglial	PFA2	PFA2	S	foreman_965
foreman_965_CACAAACTCGAATCCA	1218	3086	0.0379131561892417	0	Microglial	PFA2	PFA2	S	foreman_965
foreman_965_CACACCTTCCATGAAC	524	1046	0.140535372848948	2	Classical M1	PFA2	PFA2	G1	foreman_965
foreman_965_CACAGTATCGGGAGTA	522	845	0.0946745562130177	2	Classical M1	PFA2	PFA2	G1	foreman_965
foreman_965_CACATAGCACAACGTT	1103	2535	0.0990138067061144	0	Microglial	PFA2	PFA2	G1	foreman_965
foreman_965_CACATAGGTAAGTTCC	877	2158	0.0746061167747915	0	Microglial	PFA2	PFA2	S	foreman_965
foreman_965_CACATTTAGACGCAAC	1042	2393	0.0622649394066026	6	DC	PFA2	PFA2	G1	foreman_965
foreman_965_CACCAGGAGGGTTCCC	822	1884	0.131104033970276	0	Microglial	PFA2	PFA2	G1	foreman_965
foreman_965_CACCAGGGTAAGTAGT	714	1368	0.0416666666666667	2	Classical M1	PFA2	PFA2	G1	foreman_965
foreman_965_CACCAGGTCCGAATGT	861	2131	0.0483341154387611	2	Classical M1	PFA2	PFA2	S	foreman_965
foreman_965_CACCTTGTCCCTAATT	1536	4578	0.0482743556138052	0	Microglial	PFA2	PFA2	G1	foreman_965
foreman_965_CAGCATAAGGTCATCT	1257	3445	0.032510885341074	2	Classical M1	PFA2	PFA2	G1	foreman_965
foreman_965_CAGCCGACATGCAACT	1308	4170	0.0426858513189448	2	Classical M1	PFA2	PFA2	G1	foreman_965
foreman_965_CAGCGACAGGCAGGTT	1139	2417	0.0645428216797683	2	Classical M1	PFA2	PFA2	S	foreman_965
foreman_965_CAGCGACTCACAGGCC	1608	6206	0.0198195294875927	2	Classical M1	PFA2	PFA2	G1	foreman_965
foreman_965_CAGCTGGGTATATGAG	1868	6607	0.0273951869229605	0	Microglial	PFA2	PFA2	G1	foreman_965
foreman_965_CATATGGCAAACAACA	1305	3496	0.0471967963386728	0	Microglial	PFA2	PFA2	G1	foreman_965
foreman_965_CATATGGGTAGGACAC	2196	7333	0.0340924587481249	0	Microglial	PFA2	PFA2	G1	foreman_965
foreman_965_CATATTCCAGCATGAG	1459	3870	0.055297157622739	0	Microglial	PFA2	PFA2	G1	foreman_965
foreman_965_CATCAGAAGAGACGAA	1817	7031	0.0317166832598492	6	DC	PFA2	PFA2	G1	foreman_965
foreman_965_CATCCACCAACTGCTA	779	1716	0.124708624708625	2	Classical M1	PFA2	PFA2	G1	foreman_965
foreman_965_CATCCACTCACATGCA	441	929	0.158234660925727	2	Classical M1	PFA2	PFA2	G1	foreman_965
foreman_965_CATCGAATCCTAGGGC	1873	6194	0.0456893768162738	0	Microglial	PFA2	PFA2	G1	foreman_965
foreman_965_CATGACAGTTCATGGT	1454	4147	0.0585965758379551	0	Microglial	PFA2	PFA2	S	foreman_965
foreman_965_CATGCCTCATGCAACT	1281	3885	0.042985842985843	0	Microglial	PFA2	PFA2	G1	foreman_965
foreman_965_CATGGCGGTTTGCATG	1262	4132	0.0544530493707648	0	Microglial	PFA2	PFA2	G1	foreman_965
foreman_965_CATTATCAGGTGTTAA	1715	4725	0.0448677248677249	0	Microglial	PFA2	PFA2	G1	foreman_965
foreman_965_CATTATCTCTGGGCCA	717	1658	0.0928829915560917	2	Classical M1	PFA2	PFA2	G1	foreman_965
foreman_965_CCACCTACAATTGCTG	1625	4599	0.0439225918677973	0	Microglial	PFA2	PFA2	G1	foreman_965
foreman_965_CCACCTACACATTTCT	1201	3273	0.0226092270088604	2	Classical M1	PFA2	PFA2	G1	foreman_965
foreman_965_CCAGCGAGTTACCGAT	1577	5053	0.0207797348110034	0	Microglial	PFA2	PFA2	S	foreman_965
foreman_965_CCAGCGAGTTGTCTTT	643	1386	0.181818181818182	2	Classical M1	PFA2	PFA2	G1	foreman_965
foreman_965_CCATGTCAGCAGGCTA	730	1927	0.0316554229372081	2	Classical M1	PFA2	PFA2	S	foreman_965
foreman_965_CCATGTCGTTGGTAAA	1895	6215	0.0279967819790829	0	Microglial	PFA2	PFA2	G1	foreman_965
foreman_965_CCGGTAGAGTGCGATG	894	1695	0.109734513274336	2	Classical M1	PFA2	PFA2	G1	foreman_965
foreman_965_CCGTGGAGTGGACGAT	2047	6954	0.0394017831463906	6	DC	PFA2	PFA2	G1	foreman_965
foreman_965_CCGTGGATCCATGCTC	1604	4611	0.0598568640208198	0	Microglial	PFA2	PFA2	G1	foreman_965
foreman_965_CCGTGGATCGTCTGCT	1672	6067	0.0306576561727378	0	Microglial	PFA2	PFA2	G1	foreman_965
foreman_965_CCGTTCACAGGTTTCA	792	1667	0.0911817636472705	2	Classical M1	PFA2	PFA2	G1	foreman_965
foreman_965_CCGTTCATCACGATGT	858	1915	0.112793733681462	2	Classical M1	PFA2	PFA2	G1	foreman_965
foreman_965_CCTACACCAACGATCT	1829	6348	0.0540327662255829	0	Microglial	PFA2	PFA2	G1	foreman_965
foreman_965_CCTATTATCCTTCAAT	612	1414	0.11032531824611	2	Classical M1	PFA2	PFA2	G1	foreman_965
foreman_965_CCTCTGAAGGCTCTTA	1437	4423	0.07890572009948	0	Microglial	PFA2	PFA2	G1	foreman_965
foreman_965_CCTTACGAGGGAACGG	1799	6241	0.0265983015542381	0	Microglial	PFA2	PFA2	G1	foreman_965
foreman_965_CCTTACGCAGGATCGA	2602	10972	0.0341779074006562	0	Microglial	PFA2	PFA2	G1	foreman_965
foreman_965_CGAACATTCCGCGGTA	1151	2955	0.0426395939086294	0	Microglial	PFA2	PFA2	G1	foreman_965
foreman_965_CGAACATTCTGTCTCG	1208	3156	0.0164765525982256	2	Classical M1	PFA2	PFA2	S	foreman_965
foreman_965_CGACCTTAGTATCGAA	1703	5113	0.045178955603364	0	Microglial	PFA2	PFA2	G1	foreman_965
foreman_965_CGACCTTTCCTTGACC	922	2098	0.0910390848427073	0	Microglial	PFA2	PFA2	G1	foreman_965
foreman_965_CGATCGGGTTACCGAT	1745	4752	0.0393518518518519	0	Microglial	PFA2	PFA2	S	foreman_965
foreman_965_CGATCGGTCCTAGAAC	1523	5553	0.0363767332973168	0	Microglial	PFA2	PFA2	G1	foreman_965
foreman_965_CGATGGCAGAGGTACC	1708	4750	0.0496842105263158	0	Microglial	PFA2	PFA2	G1	foreman_965
foreman_965_CGCCAAGTCTGTCAAG	2329	8113	0.0334031800813509	0	Microglial	PFA2	PFA2	G1	foreman_965
foreman_965_CGCGGTAGTTCACGGC	1071	2583	0.0580720092915215	0	Microglial	PFA2	PFA2	G1	foreman_965
foreman_965_CGCTTCAGTCGCGAAA	1460	3765	0.0401062416998672	0	Microglial	PFA2	PFA2	S	foreman_965
foreman_965_CGGACACAGATATACG	1180	3485	0.036154949784792	0	Microglial	PFA2	PFA2	G1	foreman_965
foreman_965_CGGACACGTACCCAAT	2138	7650	0.0410457516339869	6	DC	PFA2	PFA2	G1	foreman_965
foreman_965_CGGACGTGTAAACCTC	598	1430	0.0825174825174825	2	Classical M1	PFA2	PFA2	S	foreman_965
foreman_965_CGGACTGCAGCTTCGG	1878	6335	0.030939226519337	0	Microglial	PFA2	PFA2	G1	foreman_965
foreman_965_CGGACTGTCACCCTCA	2384	9165	0.037315875613748	0	Microglial	PFA2	PFA2	G1	foreman_965
foreman_965_CGGAGTCAGACTTGAA	2211	7410	0.0414304993252362	0	Microglial	PFA2	PFA2	G1	foreman_965
foreman_965_CGGGTCAAGGCAGTCA	680	1436	0.0668523676880223	2	Classical M1	PFA2	PFA2	S	foreman_965
foreman_965_CGGTTAAGTCGGATCC	770	1441	0.0936849410131853	2	Classical M1	PFA2	PFA2	G1	foreman_965
foreman_965_CGGTTAAGTTCGGCAC	1818	6930	0.0268398268398268	0	Microglial	PFA2	PFA2	G1	foreman_965
foreman_965_CGTAGCGCATTATCTC	827	2331	0.192621192621193	2	Classical M1	PFA2	PFA2	G1	foreman_965
foreman_965_CGTAGGCCAATGGTCT	1041	2737	0.1362805991962	2	Classical M1	PFA2	PFA2	G2M	foreman_965
foreman_965_CGTAGGCTCTGAGGGA	1852	6227	0.060703388469568	0	Microglial	PFA2	PFA2	G1	foreman_965
foreman_965_CGTCACTTCTATCCTA	2345	9715	0.0282038085434894	0	Microglial	PFA2	PFA2	S	foreman_965
foreman_965_CGTCAGGGTTGGTGGA	1389	4869	0.0353255288560279	2	Classical M1	PFA2	PFA2	G1	foreman_965
foreman_965_CGTCCATCAGGGTACA	1361	3914	0.0419008686765457	0	Microglial	PFA2	PFA2	G1	foreman_965
foreman_965_CGTCTACCACGGCGTT	2063	6768	0.024822695035461	7	Alternative M2	PFA2	PFA2	S	foreman_965
foreman_965_CGTGTCTGTATAATGG	1377	4184	0.0434990439770555	2	Classical M1	PFA2	PFA2	G1	foreman_965
foreman_965_CGTGTCTTCCGCATCT	1582	5173	0.0382756620916296	0	Microglial	PFA2	PFA2	S	foreman_965
foreman_965_CGTTAGATCAGCCTAA	487	999	0.157157157157157	2	Classical M1	PFA2	PFA2	G1	foreman_965
foreman_965_CGTTCTGAGTTTGCGT	1504	4034	0.0585027268220129	0	Microglial	PFA2	PFA2	G1	foreman_965
foreman_965_CTAACTTAGAATGTGT	788	1630	0.112883435582822	2	Classical M1	PFA2	PFA2	G2M	foreman_965
foreman_965_CTAACTTAGGAATCGC	1422	3575	0.0576223776223776	0	Microglial	PFA2	PFA2	G1	foreman_965
foreman_965_CTAACTTAGTGAAGAG	1493	4786	0.0334308399498537	0	Microglial	PFA2	PFA2	G1	foreman_965
foreman_965_CTAAGACCATCCGGGT	1129	3093	0.0339476236663434	2	Classical M1	PFA2	PFA2	G1	foreman_965
foreman_965_CTAAGACCATGCATGT	955	2481	0.137444578798871	2	Classical M1	PFA2	PFA2	G1	foreman_965
foreman_965_CTAAGACTCCTCAATT	950	2197	0.080564406008193	2	Classical M1	PFA2	PFA2	G1	foreman_965
foreman_965_CTAATGGCACATCTTT	1569	4730	0.0591966173361522	0	Microglial	PFA2	PFA2	G1	foreman_965
foreman_965_CTAATGGGTAGAAGGA	1593	5019	0.0266985455269974	0	Microglial	PFA2	PFA2	G1	foreman_965
foreman_965_CTAATGGTCGGATGGA	878	1793	0.079196876742889	2	Classical M1	PFA2	PFA2	G1	foreman_965
foreman_965_CTACATTAGGGTATCG	635	1283	0.120031176929072	2	Classical M1	PFA2	PFA2	G1	foreman_965
foreman_965_CTACATTGTACCAGTT	1994	5671	0.0430259213542585	0	Microglial	PFA2	PFA2	S	foreman_965
foreman_965_CTACCCAGTGGTCTCG	2144	8385	0.00799045915324985	0	Microglial	PFA2	PFA2	G1	foreman_965
foreman_965_CTACGTCGTACGCACC	740	1630	0.092638036809816	0	Microglial	PFA2	PFA2	G1	foreman_965
foreman_965_CTAGAGTCAATCTGCA	1623	4913	0.0197435375534297	0	Microglial	PFA2	PFA2	G1	foreman_965
foreman_965_CTAGCCTAGGTGCAAC	499	1073	0.160298229263747	2	Classical M1	PFA2	PFA2	G1	foreman_965
foreman_965_CTAGCCTCAGCCACCA	865	2162	0.100832562442183	0	Microglial	PFA2	PFA2	G1	foreman_965
foreman_965_CTAGTGACACAACTGT	1765	5302	0.043002640513014	0	Microglial	PFA2	PFA2	G1	foreman_965
foreman_965_CTAGTGACACTGTTAG	2003	6295	0.0295472597299444	0	Microglial	PFA2	PFA2	G1	foreman_965
foreman_965_CTAGTGAGTCGCGAAA	561	1129	0.054030115146147	2	Classical M1	PFA2	PFA2	S	foreman_965
foreman_965_CTCACACAGATTACCC	2648	10305	0.0219311014070839	0	Microglial	PFA2	PFA2	G1	foreman_965
foreman_965_CTCACACTCTGCCAGG	513	985	0.0385786802030457	2	Classical M1	PFA2	PFA2	G1	foreman_965
foreman_965_CTCAGAACAGACGCAA	851	1835	0.0735694822888283	2	Classical M1	PFA2	PFA2	G2M	foreman_965
foreman_965_CTCAGAAGTCGTGGCT	660	1545	0.128802588996764	0	Microglial	PFA2	PFA2	G1	foreman_965
foreman_965_CTCATTACATAGAAAC	472	981	0.0489296636085627	2	Classical M1	PFA2	PFA2	G1	foreman_965
foreman_965_CTCCTAGTCAGTGCAT	1700	4515	0.0252491694352159	0	Microglial	PFA2	PFA2	G1	foreman_965
foreman_965_CTCCTAGTCTACTCAT	1523	4681	0.0371715445417646	0	Microglial	PFA2	PFA2	G1	foreman_965
foreman_965_CTCGAAAGTCCGTGAC	731	1727	0.0248986682107701	2	Classical M1	PFA2	PFA2	G1	foreman_965
foreman_965_CTCGGAGCAAGAAAGG	1397	3373	0.0210495108212274	0	Microglial	PFA2	PFA2	G1	foreman_965
foreman_965_CTCGGAGCACACCGCA	1565	4157	0.0445032475342795	0	Microglial	PFA2	PFA2	G1	foreman_965
foreman_965_CTCGTACCACATAACC	524	1039	0.0789220404234841	2	Classical M1	PFA2	PFA2	G1	foreman_965
foreman_965_CTCGTCAAGCCCTAAT	2018	7037	0.0368054568708256	0	Microglial	PFA2	PFA2	G1	foreman_965
foreman_965_CTCTAATAGTGGCACA	2146	7478	0.0328964963894089	0	Microglial	PFA2	PFA2	G1	foreman_965
foreman_965_CTGAAACGTAGCGCAA	1202	3383	0.0934082175583801	2	Classical M1	PFA2	PFA2	G1	foreman_965
foreman_965_CTGATCCGTAATCACC	2075	7907	0.0201087643859871	0	Microglial	PFA2	PFA2	G1	foreman_965
foreman_965_CTGCGGACAGCTCGAC	464	966	0.194616977225673	2	Classical M1	PFA2	PFA2	G2M	foreman_965
foreman_965_CTGCGGATCTCGAGTA	1605	3911	0.0255689082076195	0	Microglial	PFA2	PFA2	G1	foreman_965
foreman_965_CTGCTGTAGGTCATCT	2080	7070	0.0558698727015559	0	Microglial	PFA2	PFA2	G1	foreman_965
foreman_965_CTGCTGTAGTGTGAAT	1817	5243	0.0236505817280183	0	Microglial	PFA2	PFA2	G1	foreman_965
foreman_965_CTGGTCTCAGATTGCT	1821	5930	0.0246205733558179	0	Microglial	PFA2	PFA2	G1	foreman_965
foreman_965_CTGTGCTCAACACGCC	1765	5752	0.0549374130737135	0	Microglial	PFA2	PFA2	G1	foreman_965
foreman_965_CTGTGCTGTTGATTCG	1218	3447	0.0632434000580215	0	Microglial	PFA2	PFA2	G1	foreman_965
foreman_965_CTTAACTAGAGTAAGG	991	2098	0.0676835081029552	0	Microglial	PFA2	PFA2	G1	foreman_965
foreman_965_CTTAACTCACTGTCGG	1083	2951	0.0586241951880718	2	Classical M1	PFA2	PFA2	G1	foreman_965
foreman_965_CTTCTCTTCTCCCTGA	1207	3022	0.0512905360688286	0	Microglial	PFA2	PFA2	G1	foreman_965
foreman_965_CTTTGCGGTCGTGGCT	1546	4805	0.0345473465140479	0	Microglial	PFA2	PFA2	G2M	foreman_965
foreman_965_CTTTGCGTCAAACCGT	741	1337	0.0732984293193717	2	Classical M1	PFA2	PFA2	G1	foreman_965
foreman_965_GAACCTAGTCGCATAT	1133	3014	0.0517584605175846	2	Classical M1	PFA2	PFA2	G1	foreman_965
foreman_965_GAACCTAGTTGTCTTT	1034	2028	0.0428994082840237	2	Classical M1	PFA2	PFA2	G1	foreman_965
foreman_965_GAACGGATCCTGCAGG	777	1645	0.088145896656535	2	Classical M1	PFA2	PFA2	S	foreman_965
foreman_965_GACAGAGGTTAGGGTG	402	778	0.24293059125964	2	Classical M1	PFA2	PFA2	G1	foreman_965
foreman_965_GACCAATCAAGCGAGT	1165	2721	0.0536567438441749	0	Microglial	PFA2	PFA2	G1	foreman_965
foreman_965_GACGGCTAGGTGTGGT	1180	3143	0.0404072542157175	2	Classical M1	PFA2	PFA2	S	foreman_965
foreman_965_GACGGCTAGTACGACG	1594	5637	0.05747738158595	0	Microglial	PFA2	PFA2	G1	foreman_965
foreman_965_GACGTTACACTTCTGC	2213	7318	0.0263733260453676	0	Microglial	PFA2	PFA2	G1	foreman_965
foreman_965_GACTAACGTGCTGTAT	1272	3335	0.04047976011994	0	Microglial	PFA2	PFA2	G1	foreman_965
foreman_965_GACTGCGAGTAGCGGT	852	1702	0.09048178613396	0	Microglial	PFA2	PFA2	G1	foreman_965
foreman_965_GACTGCGGTGTGAATA	2453	9050	0.0226519337016575	0	Microglial	PFA2	PFA2	G1	foreman_965
foreman_965_GAGGTGACAAGCCGCT	987	2435	0.0628336755646817	2	Classical M1	PFA2	PFA2	G1	foreman_965
foreman_965_GAGTCCGCATGCAACT	784	1866	0.204180064308682	2	Classical M1	PFA2	PFA2	G1	foreman_965
foreman_965_GAGTCCGCATTGTGCA	1501	4520	0.0575221238938053	0	Microglial	PFA2	PFA2	G1	foreman_965
foreman_965_GATCAGTCACCGAAAG	2563	9231	0.0252410356407756	0	Microglial	PFA2	PFA2	G1	foreman_965
foreman_965_GATCGCGAGTTAGCGG	1739	5014	0.0279218189070602	0	Microglial	PFA2	PFA2	G1	foreman_965
foreman_965_GATCGCGCAACGATGG	652	1475	0.141694915254237	2	Classical M1	PFA2	PFA2	G1	foreman_965
foreman_965_GATCGCGCACGGATAG	1380	3318	0.0482218203737191	0	Microglial	PFA2	PFA2	G1	foreman_965
foreman_965_GATCGTACATGCATGT	1638	5325	0.0208450704225352	2	Classical M1	PFA2	PFA2	G1	foreman_965
foreman_965_GATCGTAGTAGCGCTC	1402	4845	0.0109391124871001	2	Classical M1	PFA2	PFA2	G1	foreman_965
foreman_965_GATGAGGAGACTACAA	845	2152	0.107342007434944	2	Classical M1	PFA2	PFA2	G1	foreman_965
foreman_965_GATTCAGAGATAGGAG	1915	5730	0.056195462478185	0	Microglial	PFA2	PFA2	G1	foreman_965
foreman_965_GATTCAGTCTTGTCAT	761	1531	0.103853690398432	2	Classical M1	PFA2	PFA2	G1	foreman_965
foreman_965_GCAAACTAGCAACGGT	1724	5629	0.0254041570438799	0	Microglial	PFA2	PFA2	G1	foreman_965
foreman_965_GCAAACTTCAGTTTGG	845	1546	0.0685640362225097	0	Microglial	PFA2	PFA2	G2M	foreman_965
foreman_965_GCAATCAAGGTAGCCA	1506	5012	0.0355147645650439	0	Microglial	PFA2	PFA2	G1	foreman_965
foreman_965_GCAATCACACATCCAA	677	1630	0.114723926380368	2	Classical M1	PFA2	PFA2	G2M	foreman_965
foreman_965_GCACATATCACTCTTA	2158	7665	0.0369210697977821	0	Microglial	PFA2	PFA2	G1	foreman_965
foreman_965_GCAGCCATCAGGTAAA	2534	10431	0.0351835873837599	6	DC	PFA2	PFA2	G1	foreman_965
foreman_965_GCAGCCATCGGATGTT	1879	6511	0.0428505605897712	0	Microglial	PFA2	PFA2	G2M	foreman_965
foreman_965_GCAGTTAGTTGTGGCC	1584	4359	0.0433585684790089	0	Microglial	PFA2	PFA2	G1	foreman_965
foreman_965_GCATGATCACATTCGA	1541	4367	0.0228990153423403	0	Microglial	PFA2	PFA2	G1	foreman_965
foreman_965_GCATGATCACTTAAGC	1276	3221	0.0791679602607886	0	Microglial	PFA2	PFA2	G1	foreman_965
foreman_965_GCATGATCATCGACGC	1381	3899	0.0595024365221852	0	Microglial	PFA2	PFA2	G1	foreman_965
foreman_965_GCCAAATCAAGCTGTT	2080	6444	0.0380198634388579	0	Microglial	PFA2	PFA2	S	foreman_965
foreman_965_GCGAGAAAGAGAGCTC	1753	5495	0.0231119199272066	0	Microglial	PFA2	PFA2	G1	foreman_965
foreman_965_GCGCAACTCGCACTCT	1666	5588	0.0341803865425913	0	Microglial	PFA2	PFA2	G1	foreman_965
foreman_965_GCGCCAAAGAGACGAA	1283	4096	0.03125	2	Classical M1	PFA2	PFA2	G1	foreman_965
foreman_965_GCGCCAAAGTCCAGGA	797	1830	0.0786885245901639	0	Microglial	PFA2	PFA2	G1	foreman_965
foreman_965_GCGCCAAGTGCATCTA	2121	6969	0.0299899555172909	0	Microglial	PFA2	PFA2	G1	foreman_965
foreman_965_GCTCCTATCAGTGTTG	1618	5716	0.0500349895031491	0	Microglial	PFA2	PFA2	G1	foreman_965
foreman_965_GCTCTGTTCCTCGCAT	1657	5284	0.0440953822861469	0	Microglial	PFA2	PFA2	S	foreman_965
foreman_965_GCTGCGATCAGATAAG	1123	2912	0.0594093406593407	0	Microglial	PFA2	PFA2	G1	foreman_965
foreman_965_GCTGGGTAGAGTACAT	939	2201	0.0899591094956838	0	Microglial	PFA2	PFA2	G1	foreman_965
foreman_965_GCTGGGTCATATACCG	2459	9013	0.0262953511594364	0	Microglial	PFA2	PFA2	G1	foreman_965
foreman_965_GGAACTTTCGTACGGC	1510	4959	0.0639241782617463	2	Classical M1	PFA2	PFA2	G1	foreman_965
foreman_965_GGAATAAAGAATGTTG	692	1461	0.203969883641342	2	Classical M1	PFA2	PFA2	G1	foreman_965
foreman_965_GGAATAAGTTATCACG	1348	3510	0.0723646723646724	0	Microglial	PFA2	PFA2	G1	foreman_965
foreman_965_GGACAGATCTCTAAGG	752	2527	0.0174119509299565	2	Classical M1	PFA2	PFA2	G1	foreman_965
foreman_965_GGACGTCAGGAATTAC	593	1378	0.17343976777939	0	Microglial	PFA2	PFA2	G1	foreman_965
foreman_965_GGACGTCCAGTCAGAG	2343	8676	0.0462194559704933	0	Microglial	PFA2	PFA2	G1	foreman_965
foreman_965_GGACGTCCAGTCAGCC	2188	8296	0.039778206364513	0	Microglial	PFA2	PFA2	G1	foreman_965
foreman_965_GGATTACAGAAGGTGA	728	1461	0.0205338809034908	2	Classical M1	PFA2	PFA2	G1	foreman_965
foreman_965_GGCGACTCATAGTAAG	2208	7548	0.03232644409115	0	Microglial	PFA2	PFA2	S	foreman_965
foreman_965_GGCGTGTAGATCCCGC	1123	3851	0.0498571799532589	2	Classical M1	PFA2	PFA2	G1	foreman_965
foreman_965_GGCTGGTGTATGAAAC	1484	4427	0.0347865371583465	0	Microglial	PFA2	PFA2	G1	foreman_965
foreman_965_GGCTGGTTCTTTAGTC	720	1313	0.0502665651180503	2	Classical M1	PFA2	PFA2	S	foreman_965
foreman_965_GGGACCTTCAGCGACC	1874	6455	0.0491092176607281	0	Microglial	PFA2	PFA2	G1	foreman_965
foreman_965_GGGTCTGTCCGTAGTA	1662	5272	0.0259863429438543	0	Microglial	PFA2	PFA2	G1	foreman_965
foreman_965_GGGTTGCCAATCCGAT	1454	4574	0.040008745080892	0	Microglial	PFA2	PFA2	G1	foreman_965
foreman_965_GGTATTGCAAGTCATC	1404	3766	0.0576208178438662	0	Microglial	PFA2	PFA2	G1	foreman_965
foreman_965_GGTATTGTCTATCGCC	2272	8374	0.0388106042512539	0	Microglial	PFA2	PFA2	G1	foreman_965
foreman_965_GTAACGTGTCGCTTCT	1492	4214	0.0503084954912197	0	Microglial	PFA2	PFA2	G1	foreman_965
foreman_965_GTAACTGCAAACGCGA	1809	6142	0.0330511234125692	0	Microglial	PFA2	PFA2	G1	foreman_965
foreman_965_GTAACTGCAAGACACG	1436	4643	0.0400603058367435	2	Classical M1	PFA2	PFA2	G1	foreman_965
foreman_965_GTAACTGGTGTTTGGT	1279	3613	0.0321062828674232	0	Microglial	PFA2	PFA2	G1	foreman_965
foreman_965_GTACTCCCAAGCCCAC	1479	4678	0.036554082941428	0	Microglial	PFA2	PFA2	G1	foreman_965
foreman_965_GTACTCCGTCTCGTTC	1903	6395	0.0311180609851446	0	Microglial	PFA2	PFA2	G2M	foreman_965
foreman_965_GTAGTCACACCAGCAC	635	1416	0.188559322033898	2	Classical M1	PFA2	PFA2	G1	foreman_965
foreman_965_GTAGTCACATGTAGTC	2040	6796	0.0306062389640965	0	Microglial	PFA2	PFA2	G1	foreman_965
foreman_965_GTATCTTCAAACCCAT	1027	2479	0.111335215812828	0	Microglial	PFA2	PFA2	G1	foreman_965
foreman_965_GTATCTTGTTCCCGAG	1648	5125	0.0429268292682927	6	DC	PFA2	PFA2	G1	foreman_965
foreman_965_GTATTCTCAAAGGAAG	1842	5681	0.045766590389016	0	Microglial	PFA2	PFA2	G1	foreman_965
foreman_965_GTCAAGTGTGACGGTA	1255	3835	0.0542372881355932	2	Classical M1	PFA2	PFA2	G1	foreman_965
foreman_965_GTCACGGGTAGCTTGT	1269	3569	0.0224152423648081	2	Classical M1	PFA2	PFA2	G1	foreman_965
foreman_965_GTCATTTTCATCGATG	1630	5890	0.0490662139219015	0	Microglial	PFA2	PFA2	G2M	foreman_965
foreman_965_GTCCTCAGTGCCTTGG	858	2088	0.0852490421455939	2	Classical M1	PFA2	PFA2	G1	foreman_965
foreman_965_GTCCTCATCACCGTAA	716	1499	0.0680453635757171	2	Classical M1	PFA2	PFA2	G1	foreman_965
foreman_965_GTCTCGTCACCGGAAA	1418	4606	0.0208423795049935	0	Microglial	PFA2	PFA2	G1	foreman_965
foreman_965_GTCTCGTCAGCTGTAT	1712	5011	0.0381161444821393	0	Microglial	PFA2	PFA2	G1	foreman_965
foreman_965_GTGAAGGCATGGTAGG	515	1517	0.041529334212261	2	Classical M1	PFA2	PFA2	S	foreman_965
foreman_965_GTGCATAAGATCCTGT	1388	4414	0.045536927956502	2	Classical M1	PFA2	PFA2	G1	foreman_965
foreman_965_GTGCATAAGTAGGTGC	2743	7358	0.0724381625441696	11	Contaminating Tumor cells	PFA2	PFA2	G1	foreman_965
foreman_965_GTGGGTCTCGCTTGTC	1761	5431	0.0241207880684957	0	Microglial	PFA2	PFA2	G1	foreman_965
foreman_965_GTTAAGCAGCGTCAAG	1842	6023	0.0152747800099618	0	Microglial	PFA2	PFA2	G1	foreman_965
foreman_965_GTTACAGAGGCATTGG	2282	8840	0.00950226244343891	0	Microglial	PFA2	PFA2	G1	foreman_965
foreman_965_GTTACAGGTCCATGAT	3060	12929	0.0509706860546059	5	Undefined M	PFA2	PFA2	S	foreman_965
foreman_965_GTTCATTAGACGCACA	1442	4662	0.0321750321750322	2	Classical M1	PFA2	PFA2	G1	foreman_965
foreman_965_GTTCGGGAGCACAGGT	1046	3199	0.0465770553297906	2	Classical M1	PFA2	PFA2	G1	foreman_965
foreman_965_GTTCTCGAGGCTAGGT	836	2194	0.194621695533273	2	Classical M1	PFA2	PFA2	G1	foreman_965
foreman_965_TAAGAGATCTCGCATC	1386	4222	0.0457129322595926	0	Microglial	PFA2	PFA2	S	foreman_965
foreman_965_TAAGCGTGTGTGCCTG	579	1301	0.132974634896234	2	Classical M1	PFA2	PFA2	G1	foreman_965
foreman_965_TACACGAAGTAACCCT	1298	3371	0.0513200830614061	0	Microglial	PFA2	PFA2	G1	foreman_965
foreman_965_TACACGAGTGACGCCT	1886	6356	0.0302076777847703	0	Microglial	PFA2	PFA2	G1	foreman_965
foreman_965_TACAGTGTCTGGTTCC	1651	5750	0.0213913043478261	0	Microglial	PFA2	PFA2	G1	foreman_965
foreman_965_TACCTATAGAAAGTGG	1607	4692	0.0332480818414322	0	Microglial	PFA2	PFA2	G1	foreman_965
foreman_965_TACGGATTCCACGACG	569	1234	0.180713128038898	2	Classical M1	PFA2	PFA2	G1	foreman_965
foreman_965_TACGGATTCCTTAATC	1900	6560	0.0265243902439024	0	Microglial	PFA2	PFA2	G1	foreman_965
foreman_965_TACGGTAAGATATGGT	1169	3226	0.060136391816491	0	Microglial	PFA2	PFA2	S	foreman_965
foreman_965_TACGGTACAGATGGCA	653	1344	0.142113095238095	2	Classical M1	PFA2	PFA2	G1	foreman_965
foreman_965_TACGGTATCTGGGCCA	1963	6069	0.0336134453781513	0	Microglial	PFA2	PFA2	G1	foreman_965
foreman_965_TACTCATAGATATGGT	1725	5241	0.0314825414997138	0	Microglial	PFA2	PFA2	S	foreman_965
foreman_965_TACTCATAGGATGTAT	2060	7045	0.0370475514549326	0	Microglial	PFA2	PFA2	G1	foreman_965
foreman_965_TACTTGTCAGACGCAA	611	1438	0.117524339360223	2	Classical M1	PFA2	PFA2	G1	foreman_965
foreman_965_TAGACCAAGAATCTCC	1298	4116	0.021865889212828	2	Classical M1	PFA2	PFA2	G1	foreman_965
foreman_965_TAGAGCTCACAGGCCT	1639	5253	0.0519703026841805	0	Microglial	PFA2	PFA2	G1	foreman_965
foreman_965_TAGGCATCACACCGAC	692	1356	0.115781710914454	2	Classical M1	PFA2	PFA2	G1	foreman_965
foreman_965_TAGTGGTTCATTGCGA	1093	3038	0.0473996050032916	0	Microglial	PFA2	PFA2	G1	foreman_965
foreman_965_TATCTCAGTTAAGTAG	1183	3357	0.0339588918677391	0	Microglial	PFA2	PFA2	G1	foreman_965
foreman_965_TATCTCATCTTCAACT	1141	2324	0.126936316695353	11	Contaminating Tumor cells	PFA2	PFA2	G1	foreman_965
foreman_965_TATGCCCAGGCAGTCA	710	1531	0.141084258654474	2	Classical M1	PFA2	PFA2	G2M	foreman_965
foreman_965_TATTACCCAGATCGGA	551	1079	0.128822984244671	2	Classical M1	PFA2	PFA2	G1	foreman_965
foreman_965_TCAACGAGTTGCCTCT	1543	4508	0.0479148181011535	0	Microglial	PFA2	PFA2	G1	foreman_965
foreman_965_TCAGATGCAATCAGAA	971	2166	0.101108033240997	0	Microglial	PFA2	PFA2	G1	foreman_965
foreman_965_TCAGCTCTCTATCCTA	1898	5848	0.0318057455540356	0	Microglial	PFA2	PFA2	G1	foreman_965
foreman_965_TCAGGATAGTGCTGCC	632	1141	0.10692375109553	2	Classical M1	PFA2	PFA2	G1	foreman_965
foreman_965_TCAGGTACACGGTGTC	639	1349	0.146775389177168	2	Classical M1	PFA2	PFA2	G1	foreman_965
foreman_965_TCCACACCACGGTAAG	674	1566	0.178799489144317	2	Classical M1	PFA2	PFA2	G2M	foreman_965
foreman_965_TCGCGAGTCCTTTCGG	480	1001	0.258741258741259	2	Classical M1	PFA2	PFA2	G1	foreman_965
foreman_965_TCGGGACAGACTGGGT	1675	5624	0.097972972972973	0	Microglial	PFA2	PFA2	G1	foreman_965
foreman_965_TCGGGACTCACTTACT	729	1377	0.148148148148148	2	Classical M1	PFA2	PFA2	G1	foreman_965
foreman_965_TCGGTAAAGCGTTGCC	986	2785	0.0560143626570916	2	Classical M1	PFA2	PFA2	S	foreman_965
foreman_965_TCGGTAACACACTGCG	1808	6420	0.0484423676012461	0	Microglial	PFA2	PFA2	G1	foreman_965
foreman_965_TCTCATAAGCGTCTAT	1039	3618	0.0641238253178552	2	Classical M1	PFA2	PFA2	G1	foreman_965
foreman_965_TCTCATATCAGCTTAG	1950	6211	0.0478183867332153	0	Microglial	PFA2	PFA2	G1	foreman_965
foreman_965_TCTCATATCCGGGTGT	867	1830	0.107650273224044	2	Classical M1	PFA2	PFA2	S	foreman_965
foreman_965_TCTCTAAAGAATTGTG	2005	6826	0.0448285965426311	0	Microglial	PFA2	PFA2	G1	foreman_965
foreman_965_TCTCTAATCTAACGGT	1050	2661	0.0984592258549418	0	Microglial	PFA2	PFA2	G1	foreman_965
foreman_965_TCTGAGAAGCTATGCT	1248	3129	0.0658357302652605	0	Microglial	PFA2	PFA2	G1	foreman_965
foreman_965_TCTTCGGCAAGCGAGT	1388	4012	0.0403788634097707	2	Classical M1	PFA2	PFA2	G1	foreman_965
foreman_965_TGACAACAGAAGGGTA	1376	3662	0.0431458219552157	0	Microglial	PFA2	PFA2	G1	foreman_965
foreman_965_TGACAACCACGAGGTA	482	927	0.11866235167206	2	Classical M1	PFA2	PFA2	G1	foreman_965
foreman_965_TGACGGCAGTGGGATC	1378	3767	0.0514998672683833	0	Microglial	PFA2	PFA2	G1	foreman_965
foreman_965_TGACTAGTCGGTCCGA	1993	7174	0.0289935879565096	0	Microglial	PFA2	PFA2	G1	foreman_965
foreman_965_TGACTTTCAAAGTCAA	1211	3108	0.0489060489060489	0	Microglial	PFA2	PFA2	G2M	foreman_965
foreman_965_TGACTTTTCTGGCGTG	1469	4619	0.0420004329941546	0	Microglial	PFA2	PFA2	G1	foreman_965
foreman_965_TGAGGGAGTTCGGCAC	1316	3367	0.0614790614790615	0	Microglial	PFA2	PFA2	G1	foreman_965
foreman_965_TGCCCATCATCCCACT	1851	5985	0.0339181286549708	0	Microglial	PFA2	PFA2	G1	foreman_965
foreman_965_TGCCCATGTCAACATC	1275	3786	0.0211304807184363	2	Classical M1	PFA2	PFA2	S	foreman_965
foreman_965_TGCCCTACACGGTTTA	524	1187	0.160067396798652	2	Classical M1	PFA2	PFA2	S	foreman_965
foreman_965_TGCCCTAGTCACCTAA	1413	4512	0.0429964539007092	2	Classical M1	PFA2	PFA2	G1	foreman_965
foreman_965_TGCGCAGAGACTTTCG	2176	8913	0.0474587680915517	0	Microglial	PFA2	PFA2	G1	foreman_965
foreman_965_TGCGCAGCAAGCCTAT	474	931	0.100966702470462	2	Classical M1	PFA2	PFA2	S	foreman_965
foreman_965_TGCGGGTAGGTGCAAC	993	2307	0.0888599913307326	2	Classical M1	PFA2	PFA2	G1	foreman_965
foreman_965_TGCGTGGTCATCGATG	1502	4260	0.0960093896713615	0	Microglial	PFA2	PFA2	G1	foreman_965
foreman_965_TGCTGCTTCAGGCGAA	984	2314	0.0311149524632671	2	Classical M1	PFA2	PFA2	S	foreman_965
foreman_965_TGGGAAGGTCGAGTTT	997	2315	0.0613390928725702	2	Classical M1	PFA2	PFA2	G1	foreman_965
foreman_965_TGGGCGTAGCCTCGTG	607	1238	0.125201938610662	0	Microglial	PFA2	PFA2	S	foreman_965
foreman_965_TGGGCGTAGTAGCGGT	1241	3461	0.0485408841375325	0	Microglial	PFA2	PFA2	S	foreman_965
foreman_965_TGGTTCCTCGGTTCGG	2052	8379	0.030671917889963	0	Microglial	PFA2	PFA2	G1	foreman_965
foreman_965_TGTATTCCACCACGTG	1088	2519	0.0603414053195713	2	Classical M1	PFA2	PFA2	G1	foreman_965
foreman_965_TGTATTCCAGGTCGTC	818	2061	0.0897622513343037	2	Classical M1	PFA2	PFA2	G1	foreman_965
foreman_965_TGTGGTACATAGTAAG	810	1606	0.0965130759651308	2	Classical M1	PFA2	PFA2	G1	foreman_965
foreman_965_TGTGTTTCAGCAGTTT	2048	5947	0.0336304018833025	0	Microglial	PFA2	PFA2	G1	foreman_965
foreman_965_TGTGTTTCAGGCTCAC	1859	6165	0.0408759124087591	0	Microglial	PFA2	PFA2	G1	foreman_965
foreman_965_TGTTCCGAGTGTTAGA	1066	2442	0.0733005733005733	2	Classical M1	PFA2	PFA2	G1	foreman_965
foreman_965_TGTTCCGGTGTGCCTG	383	630	0.152380952380952	2	Classical M1	PFA2	PFA2	S	foreman_965
foreman_965_TTAACTCCAGTAGAGC	1265	3861	0.0310800310800311	2	Classical M1	PFA2	PFA2	G1	foreman_965
foreman_965_TTAGGACCACCTCGGA	1398	3791	0.044051701398048	0	Microglial	PFA2	PFA2	S	foreman_965
foreman_965_TTAGGACGTCACTGGC	1624	4692	0.0711849957374254	0	Microglial	PFA2	PFA2	G1	foreman_965
foreman_965_TTAGGACTCAGAGACG	1514	5069	0.059775103570724	0	Microglial	PFA2	PFA2	G1	foreman_965
foreman_965_TTCCCAGAGACAGGCT	738	1429	0.123862841147656	2	Classical M1	PFA2	PFA2	S	foreman_965
foreman_965_TTCCCAGCACGCGAAA	1984	6671	0.0173886973467246	0	Microglial	PFA2	PFA2	G1	foreman_965
foreman_965_TTCCCAGTCAGGTTCA	936	2531	0.143026471750296	2	Classical M1	PFA2	PFA2	G2M	foreman_965
foreman_965_TTCTCAACAAGCGATG	1685	4486	0.0425769059295586	0	Microglial	PFA2	PFA2	G1	foreman_965
foreman_965_TTCTTAGAGTAGCCGA	1403	3913	0.0380782008688985	2	Classical M1	PFA2	PFA2	G1	foreman_965
foreman_965_TTCTTAGGTGTAAGTA	1280	3458	0.0743204164256796	0	Microglial	PFA2	PFA2	G1	foreman_965
foreman_965_TTGAACGCATACTACG	902	2111	0.114637612505921	0	Microglial	PFA2	PFA2	G1	foreman_965
foreman_965_TTGAACGTCACAATGC	1416	3533	0.0464194735352392	0	Microglial	PFA2	PFA2	G1	foreman_965
foreman_965_TTGACTTAGCGATCCC	1112	2799	0.0521614862450875	2	Classical M1	PFA2	PFA2	G1	foreman_965
foreman_965_TTGACTTCAATCAGAA	1397	4940	0.0327935222672065	0	Microglial	PFA2	PFA2	G1	foreman_965
foreman_965_TTGCCGTGTTACGGAG	1597	5197	0.0696555705214547	0	Microglial	PFA2	PFA2	S	foreman_965
foreman_965_TTGGAACCATTACCTT	1680	4706	0.0231619209519762	0	Microglial	PFA2	PFA2	S	foreman_965
foreman_965_TTGGCAAGTCTAGGTT	1898	6555	0.0434782608695652	0	Microglial	PFA2	PFA2	G1	foreman_965
foreman_965_TTGGCAATCTGATTCT	2014	7356	0.0250135943447526	0	Microglial	PFA2	PFA2	G1	foreman_965
foreman_965_TTTACTGAGTGAACGC	707	1268	0.102523659305994	2	Classical M1	PFA2	PFA2	G1	foreman_965
foreman_965_TTTACTGAGTTGTAGA	1344	3197	0.064435408195183	0	Microglial	PFA2	PFA2	G1	foreman_965
foreman_965_TTTGCGCCAGTGGGAT	880	1694	0.0838252656434475	0	Microglial	PFA2	PFA2	G1	foreman_965
foreman_965_TTTGGTTCACACCGCA	405	881	0.146424517593644	2	Classical M1	PFA2	PFA2	G1	foreman_965
foreman_965_TTTGGTTCATCTCGCT	885	2030	0.194581280788177	0	Microglial	PFA2	PFA2	S	foreman_965
foreman_965_TTTGTCAGTCGAATCT	1724	4595	0.0328618063112078	0	Microglial	PFA2	PFA2	S	foreman_965
foreman_987_AATGACCAGCCACAAG	2634	9428	0.0814594823928723	6	DC	PFA2	PFA2	S	foreman_987
foreman_987_AGACTCAGTGCAGGAT	981	2151	0.205485820548582	2	Classical M1	PFA2	PFA2	G1	foreman_987
foreman_987_AGTCATGGTACCGCGT	1924	3904	0.0550717213114754	0	Microglial	PFA2	PFA2	G2M	foreman_987
foreman_987_ATTCTACGTGTCCCTT	515	790	0.0987341772151899	2	Classical M1	PFA2	PFA2	S	foreman_987
foreman_987_CCTGTTGGTGTTCGTA	1744	4162	0.256126862085536	6	DC	PFA2	PFA2	G1	foreman_987
foreman_987_CTCATGCGTTTCGTTT	837	1215	0.0576131687242798	0	Microglial	PFA2	PFA2	G2M	foreman_987
foreman_987_CTGGTCTGTTGGGTTT	1288	2275	0.0892307692307692	2	Classical M1	PFA2	PFA2	G1	foreman_987
foreman_987_GAAGAATTCCAAGAGG	971	1763	0.124787294384572	2	Classical M1	PFA2	PFA2	S	foreman_987
foreman_987_GGTCACGAGTTCCAGT	2316	6347	0.0726327398771073	0	Microglial	PFA2	PFA2	G1	foreman_987
foreman_987_GGTTAACCACACCTAA	2858	11407	0.107565529937758	6	DC	PFA2	PFA2	S	foreman_987
foreman_987_GTACAACTCGGAGTGA	1289	2393	0.113664855829503	0	Microglial	PFA2	PFA2	G1	foreman_987
foreman_987_GTCATCCCAACAGCTT	395	623	0.0882825040128411	2	Classical M1	PFA2	PFA2	G1	foreman_987
foreman_987_GTTGTCCTCGGTCAGC	2614	8795	0.0928936895963616	0	Microglial	PFA2	PFA2	G1	foreman_987
foreman_987_TAGGTTGAGTGGTCAG	1636	2744	0.0521137026239067	0	Microglial	PFA2	PFA2	G1	foreman_987
foreman_987_TCACATTAGCCTTGAT	2482	8121	0.0488856052210319	0	Microglial	PFA2	PFA2	G2M	foreman_987
foreman_987_TGAGGTTAGTCTAACC	2615	7339	0.15656083935141	6	DC	PFA2	PFA2	G1	foreman_987
foreman_987_TGTTACTAGTCTGTAC	2583	8983	0.0872759657130135	0	Microglial	PFA2	PFA2	G1	foreman_987
foreman_1010_AACCTGATCTGCGATA	3343	14037	0.126166559806226	6	DC	PFA1	PFA1	G1	foreman_1010
foreman_1010_CAACGATCAGAGTCAG	4582	21310	0.0570624120131394	5	Undefined M	PFA1	PFA1	G1	foreman_1010
foreman_1010_CATTGAGGTAACGTTC	387	631	0.101426307448494	2	Classical M1	PFA1	PFA1	G1	foreman_1010
foreman_1010_CCTCAACGTGGCCTCA	421	647	0.112828438948995	7	Alternative M2	PFA1	PFA1	G1	foreman_1010
foreman_1010_CGCCATTGTATCGTAC	1326	3880	0.000515463917525773	0	Microglial	PFA1	PFA1	G1	foreman_1010
foreman_1010_CTGTACCCATCTTAGG	392	616	0.0665584415584416	2	Classical M1	PFA1	PFA1	G1	foreman_1010
foreman_1010_CTTGAGAGTAGCCCTG	649	2173	0.244362632305568	2	Classical M1	PFA1	PFA1	G1	foreman_1010
foreman_1010_GATCATGTCGTAGGAG	4270	14689	0.116890189938049	5	Undefined M	PFA1	PFA1	G1	foreman_1010
foreman_1010_GTCATCCCAACAGCTT	553	1001	0.0789210789210789	2	Classical M1	PFA1	PFA1	G1	foreman_1010
foreman_1010_TATCAGGTCATTCACT	1644	3089	0.129168015539009	3	Hypoxia	PFA1	PFA1	G2M	foreman_1010
foreman_1010_TATGTTCCATTACTCT	3619	18061	0.230607386080505	5	Undefined M	PFA1	PFA1	G1	foreman_1010
foreman_1010_TTACTGTGTCTAACTG	356	550	0.0854545454545454	2	Classical M1	PFA1	PFA1	G1	foreman_1010
foreman_1010_TTCCTTCGTCACTCTC	4152	18550	0.0286253369272237	6	DC	PFA1	PFA1	G1	foreman_1010
foreman_1048_AACGTCAGTCTGTAAC	3450	14944	0.112821199143469	7	Alternative M2	PFA1	PFA1	S	foreman_1048
foreman_1048_AATCGTGGTCCAATCA	2776	10201	0.0685226938535438	0	Microglial	PFA1	PFA1	G1	foreman_1048
foreman_1048_ACAAGCTAGTACTGGG	4291	19162	0.152332741884981	0	Microglial	PFA1	PFA1	G1	foreman_1048
foreman_1048_ACACAGTAGAAGTCAT	546	799	0.00500625782227785	2	Classical M1	PFA1	PFA1	G2M	foreman_1048
foreman_1048_ACACTGAGTGGTTTGT	3553	16389	0.135578741839038	5	Undefined M	PFA1	PFA1	G1	foreman_1048
foreman_1048_ACGCACGAGAGAGCAA	4403	23203	0.155669525492393	0	Microglial	PFA1	PFA1	G1	foreman_1048
foreman_1048_AGACACTCACTCCGGA	4057	17120	0.0952686915887851	7	Alternative M2	PFA1	PFA1	G1	foreman_1048
foreman_1048_ATGAGGGCAGCCTATA	2031	6386	0.262292514876292	0	Microglial	PFA1	PFA1	G2M	foreman_1048
foreman_1048_ATGATCGAGGAAGTGA	815	1495	0.00735785953177258	2	Classical M1	PFA1	PFA1	G1	foreman_1048
foreman_1048_ATTCCTAAGTTCGGTT	392	627	0.164274322169059	2	Classical M1	PFA1	PFA1	G1	foreman_1048
foreman_1048_CACCAAACACGACAAG	4685	23265	0.12207178164625	4	Mitotic	PFA1	PFA1	G2M	foreman_1048
foreman_1048_CACTGTCAGCCTATTG	1849	5815	0.196388650042992	7	Alternative M2	PFA1	PFA1	G1	foreman_1048
foreman_1048_CCGTAGGCACGGTGAA	2771	8586	0.14279058933147	7	Alternative M2	PFA1	PFA1	S	foreman_1048
foreman_1048_CCTACGTGTGCGTGCT	3546	12485	0.0850620744893873	4	Mitotic	PFA1	PFA1	S	foreman_1048
foreman_1048_CGAAGTTGTATCGAAA	3372	14280	0.0490896358543417	5	Undefined M	PFA1	PFA1	G1	foreman_1048
foreman_1048_CGAGTGCCAACCGTAT	3888	16166	0.0944575034022022	7	Alternative M2	PFA1	PFA1	G1	foreman_1048
foreman_1048_CGTAGTACACCTGCGA	653	1675	0.275223880597015	2	Classical M1	PFA1	PFA1	G1	foreman_1048
foreman_1048_CTCTCAGTCACCCTCA	3335	14553	0.0689892118463547	6	DC	PFA1	PFA1	G1	foreman_1048
foreman_1048_GAACGTTGTAATTGGA	1727	5627	0.267815887684379	7	Alternative M2	PFA1	PFA1	S	foreman_1048
foreman_1048_GACCCTTCAATCGCGC	534	939	0.115015974440895	2	Classical M1	PFA1	PFA1	G1	foreman_1048
foreman_1048_GCCGATGGTCACCCTT	5642	31159	0.156391411791136	4	Mitotic	PFA1	PFA1	S	foreman_1048
foreman_1048_GGGACAATCTATCCAT	3375	15415	0.111579630230295	6	DC	PFA1	PFA1	G1	foreman_1048
foreman_1048_GTCTAGAGTGAGCCAA	4382	19368	0.104192482445271	5	Undefined M	PFA1	PFA1	G1	foreman_1048
foreman_1048_GTGCAGCAGAAACTAC	1818	5963	0.169042428307899	7	Alternative M2	PFA1	PFA1	G1	foreman_1048
foreman_1048_TAACCAGTCAGCTAGT	4258	19487	0.122953764047827	0	Microglial	PFA1	PFA1	G1	foreman_1048
foreman_1048_TAACGACCAGTGAGCA	3870	15432	0.122019180922758	5	Undefined M	PFA1	PFA1	G2M	foreman_1048
foreman_1048_TAGATCGGTCACTCAA	3193	12992	0.16571736453202	0	Microglial	PFA1	PFA1	G1	foreman_1048
foreman_1048_TAGTGCAAGATCCCGC	3465	12866	0.0645111145655215	4	Mitotic	PFA1	PFA1	S	foreman_1048
foreman_1048_TATACCTGTGTTGATC	1675	5536	0.253251445086705	7	Alternative M2	PFA1	PFA1	G1	foreman_1048
foreman_1048_TCAGCCTCATAGCTGT	551	1064	0.134398496240602	7	Alternative M2	PFA1	PFA1	G1	foreman_1048
foreman_1048_TCCCAGTTCGGCTGTG	1986	6657	0.288718642030945	0	Microglial	PFA1	PFA1	G1	foreman_1048
foreman_1048_TCGCACTGTGCAACGA	989	1576	0.00190355329949239	7	Alternative M2	PFA1	PFA1	G2M	foreman_1048
foreman_1048_TCTATACAGACCATTC	4985	25453	0.0780654539739913	5	Undefined M	PFA1	PFA1	G1	foreman_1048
foreman_1048_TGCGGGTAGTTGGCGA	4856	23480	0.143100511073254	5	Undefined M	PFA1	PFA1	G1	foreman_1048
foreman_1048_TGGGAAGAGAAGATCT	3219	11151	0.232624876692673	5	Undefined M	PFA1	PFA1	G1	foreman_1048
foreman_1048_TTCATGTTCGCAGATT	2928	9733	0.188739340388369	7	Alternative M2	PFA1	PFA1	G1	foreman_1048
foreman_1048_TTCTCTCTCAGTCAGT	2872	9344	0.238120719178082	7	Alternative M2	PFA1	PFA1	G1	foreman_1048
foreman_1048_TTCTTCCTCTTAGCTT	3688	12065	0.192623290509739	4	Mitotic	PFA1	PFA1	S	foreman_1048
foreman_1048_TTGGGTAGTCGCATCG	3355	13649	0.120228588174958	0	Microglial	PFA1	PFA1	S	foreman_1048
foreman_1048_TTTACGTTCTCATTTG	976	2499	0.284513805522209	2	Classical M1	PFA1	PFA1	S	foreman_1048
foreman_1048_TTTATGCCAAAGGTTA	2719	9464	0.0470202874049028	5	Undefined M	PFA1	PFA1	G1	foreman_1048
foreman_1067_AAACCCACAACTGCTA	3335	12303	0.0893278062261237	3	Hypoxia	PFB	PFA2	G1	foreman_1067
foreman_1067_AAACGAAAGTACTCGT	2381	6905	0.127733526430123	0	Microglial	PFB	PFA2	G1	foreman_1067
foreman_1067_AAACGCTGTTCCTAAG	1928	5881	0.163237544635266	6	DC	PFB	PFA2	G1	foreman_1067
foreman_1067_AAAGAACAGGTGATCG	1903	6144	0.110514322916667	0	Microglial	PFB	PFA2	G1	foreman_1067
foreman_1067_AAAGAACGTATCCTTT	1797	4956	0.147094430992736	7	Alternative M2	PFB	PFA2	G1	foreman_1067
foreman_1067_AAAGTGACAGACCCGT	1677	5260	0.142965779467681	6	DC	PFB	PFA2	G1	foreman_1067
foreman_1067_AAATGGAGTACAGCGA	1207	2521	0.155890519635065	0	Microglial	PFB	PFA2	G1	foreman_1067
foreman_1067_AACAAAGAGAATCCCT	1666	5025	0.104477611940299	0	Microglial	PFB	PFA2	G2M	foreman_1067
foreman_1067_AACAAAGCATAGGAGC	1977	6074	0.175172867961804	0	Microglial	PFB	PFA2	S	foreman_1067
foreman_1067_AACCAACAGTAAACAC	1741	3899	0.0515516799179277	0	Microglial	PFB	PFA2	G1	foreman_1067
foreman_1067_AACCAACCATCGGATT	3713	14885	0.0972119583473295	0	Microglial	PFB	PFA2	G1	foreman_1067
foreman_1067_AACCACACACTGTTCC	2244	6481	0.0814689091189631	0	Microglial	PFB	PFA2	S	foreman_1067
foreman_1067_AACCATGGTCTCTCAC	1574	5040	0.0948412698412698	2	Classical M1	PFB	PFA2	G1	foreman_1067
foreman_1067_AACCCAACACTTTAGG	2112	6242	0.148990708106376	0	Microglial	PFB	PFA2	G1	foreman_1067
foreman_1067_AACCTGAAGTTTCGAC	2214	6398	0.0872147546108159	0	Microglial	PFB	PFA2	S	foreman_1067
foreman_1067_AACCTGACACTTGTCC	2326	7165	0.0900209351011863	7	Alternative M2	PFB	PFA2	S	foreman_1067
foreman_1067_AACCTGAGTAGCTAAA	2182	5789	0.162722404560373	7	Alternative M2	PFB	PFA2	G1	foreman_1067
foreman_1067_AACGAAAAGCATTTGC	3005	9859	0.089157115326098	12	TRegs	PFB	PFA2	G1	foreman_1067
foreman_1067_AACGAAAAGTCTGTAC	1637	3806	0.0832895428271151	0	Microglial	PFB	PFA2	S	foreman_1067
foreman_1067_AACGAAACACGACGAA	1397	3167	0.131354594253237	2	Classical M1	PFB	PFA2	G1	foreman_1067
foreman_1067_AACGAAATCCACTGAA	3009	11475	0.230326797385621	3	Hypoxia	PFB	PFA2	G1	foreman_1067
foreman_1067_AACGGGAGTGCATGTT	1751	5641	0.113809608225492	2	Classical M1	PFB	PFA2	G1	foreman_1067
foreman_1067_AAGACTCCAACCTAAC	1927	5471	0.0838969109851947	0	Microglial	PFB	PFA2	G1	foreman_1067
foreman_1067_AAGACTCGTGATTCAC	1796	5484	0.131655725747629	0	Microglial	PFB	PFA2	G1	foreman_1067
foreman_1067_AAGATAGGTGTGGTCC	1747	4205	0.117479191438763	0	Microglial	PFB	PFA2	G1	foreman_1067
foreman_1067_AAGCATCAGGATGAGA	791	2188	0.13254113345521	2	Classical M1	PFB	PFA2	G1	foreman_1067
foreman_1067_AAGCCATTCAAGGTGG	2100	6600	0.106666666666667	6	DC	PFB	PFA2	G1	foreman_1067
foreman_1067_AAGCGTTCAACGGTAG	1714	4762	0.125787484250315	2	Classical M1	PFB	PFA2	G1	foreman_1067
foreman_1067_AAGGAATAGAGATTCA	1233	2748	0.177947598253275	0	Microglial	PFB	PFA2	G1	foreman_1067
foreman_1067_AAGGAATAGCATAGGC	1234	2755	0.140834845735027	7	Alternative M2	PFB	PFA2	G1	foreman_1067
foreman_1067_AAGGAATCAGTCCGTG	1635	5237	0.142257017376361	6	DC	PFB	PFA2	G1	foreman_1067
foreman_1067_AAGGAATGTTCAGCGC	1656	5129	0.10196919477481	0	Microglial	PFB	PFA2	S	foreman_1067
foreman_1067_AAGGAATTCCCTGTTG	1946	5973	0.129080863887494	0	Microglial	PFB	PFA2	G1	foreman_1067
foreman_1067_AAGGTAAAGATGGGCT	2083	7006	0.119040822152441	6	DC	PFB	PFA2	S	foreman_1067
foreman_1067_AAGGTAACAGCGTTGC	1818	4774	0.0930037704231253	6	DC	PFB	PFA2	G1	foreman_1067
foreman_1067_AAGTACCAGGTCGAGT	1492	3729	0.104317511397157	0	Microglial	PFB	PFA2	S	foreman_1067
foreman_1067_AAGTACCCACTTTAGG	2187	6266	0.131822534312161	0	Microglial	PFB	PFA2	S	foreman_1067
foreman_1067_AAGTACCGTATTTCTC	1716	5225	0.145071770334928	7	Alternative M2	PFB	PFA2	G1	foreman_1067
foreman_1067_AAGTACCGTCGTTGCG	2133	6295	0.107704527402701	6	DC	PFB	PFA2	G1	foreman_1067
foreman_1067_AAGTTCGTCTGCGGAC	2562	7579	0.102388177859876	5	Undefined M	PFB	PFA2	G1	foreman_1067
foreman_1067_AATCACGAGACTTAAG	1871	5032	0.0886327503974563	0	Microglial	PFB	PFA2	G1	foreman_1067
foreman_1067_AATCGACGTATCCTCC	838	2403	0.191843528922181	2	Classical M1	PFB	PFA2	S	foreman_1067
foreman_1067_AATCGTGAGGCGAAGG	2009	5920	0.0809121621621622	0	Microglial	PFB	PFA2	G1	foreman_1067
foreman_1067_AATCGTGAGTCGCTAT	2010	5222	0.114324013787821	0	Microglial	PFB	PFA2	G2M	foreman_1067
foreman_1067_AATGACCGTCAACCAT	1695	4821	0.128811449906658	0	Microglial	PFB	PFA2	G1	foreman_1067
foreman_1067_AATGCCACACCAGTAT	2485	8746	0.279099016693346	5	Undefined M	PFB	PFA2	G1	foreman_1067
foreman_1067_AATGCCACACGCCACA	1300	2911	0.172105805565098	0	Microglial	PFB	PFA2	G1	foreman_1067
foreman_1067_AATGCCAGTTCAAGTC	1899	5382	0.102935711631364	6	DC	PFB	PFA2	S	foreman_1067
foreman_1067_AATTCCTCATAATGCC	1838	4616	0.0920710571923744	6	DC	PFB	PFA2	S	foreman_1067
foreman_1067_AATTCCTGTAGTCTGT	2680	9108	0.16501976284585	0	Microglial	PFB	PFA2	G1	foreman_1067
foreman_1067_AATTTCCGTGTATACC	2620	8457	0.139647629182925	7	Alternative M2	PFB	PFA2	S	foreman_1067
foreman_1067_AATTTCCTCTGCGGGT	908	2115	0.203782505910165	0	Microglial	PFB	PFA2	G1	foreman_1067
foreman_1067_ACAAAGAAGGCCTGCT	2286	6597	0.129604365620737	5	Undefined M	PFB	PFA2	G1	foreman_1067
foreman_1067_ACAAAGAAGGCGCTCT	1749	5981	0.110851028256144	7	Alternative M2	PFB	PFA2	S	foreman_1067
foreman_1067_ACAAAGAAGTACTGGG	3009	10437	0.10568170930344	0	Microglial	PFB	PFA2	G1	foreman_1067
foreman_1067_ACAACCAAGCTCGGCT	2511	8835	0.248217317487267	4	Mitotic	PFB	PFA2	G1	foreman_1067
foreman_1067_ACAACCAAGGAGATAG	2028	6076	0.133805134957209	5	Undefined M	PFB	PFA2	S	foreman_1067
foreman_1067_ACAACCACAAAGACTA	2045	6920	0.0826589595375723	2	Classical M1	PFB	PFA2	G1	foreman_1067
foreman_1067_ACAACCACAGGTTCCG	2630	8384	0.110567748091603	6	DC	PFB	PFA2	G1	foreman_1067
foreman_1067_ACAACCAGTACGAGCA	1938	4938	0.124139327663021	0	Microglial	PFB	PFA2	G1	foreman_1067
foreman_1067_ACAACCAGTCTACGTA	2945	10348	0.0922883649014302	6	DC	PFB	PFA2	S	foreman_1067
foreman_1067_ACACAGTCAAGATGTA	2087	6708	0.0979427549194991	0	Microglial	PFB	PFA2	G1	foreman_1067
foreman_1067_ACACAGTCATCCGCGA	2169	6374	0.136335111390022	6	DC	PFB	PFA2	S	foreman_1067
foreman_1067_ACACAGTGTTCACGAT	1916	5143	0.111413571845227	0	Microglial	PFB	PFA2	G1	foreman_1067
foreman_1067_ACACAGTTCGCCAATA	2245	6686	0.0777744540831588	0	Microglial	PFB	PFA2	G1	foreman_1067
foreman_1067_ACACCAATCTATCACT	2603	8585	0.0992428654630169	0	Microglial	PFB	PFA2	G1	foreman_1067
foreman_1067_ACACGCGAGTGACCTT	1100	2725	0.274862385321101	3	Hypoxia	PFB	PFA2	G2M	foreman_1067
foreman_1067_ACAGAAACATCATCTT	2098	6105	0.078951678951679	0	Microglial	PFB	PFA2	G1	foreman_1067
foreman_1067_ACAGAAATCGCAGTCG	2672	8567	0.126065133652387	0	Microglial	PFB	PFA2	G1	foreman_1067
foreman_1067_ACAGAAATCGTGCACG	2205	7598	0.0987101868912872	0	Microglial	PFB	PFA2	G1	foreman_1067
foreman_1067_ACAGCCGTCCTAGCCT	1976	5407	0.127982245237655	6	DC	PFB	PFA2	G1	foreman_1067
foreman_1067_ACAGCCGTCTGACGCG	1868	5183	0.0993633031063091	7	Alternative M2	PFB	PFA2	G2M	foreman_1067
foreman_1067_ACATCCCAGGTAAAGG	1257	2533	0.0793525463876826	0	Microglial	PFB	PFA2	S	foreman_1067
foreman_1067_ACATCCCCAACCGTAT	3047	8795	0.0822057987492894	7	Alternative M2	PFB	PFA2	G1	foreman_1067
foreman_1067_ACATCGAAGAGATTCA	3045	11621	0.122020480165218	5	Undefined M	PFB	PFA2	G1	foreman_1067
foreman_1067_ACATGCAGTAACATCC	2780	8393	0.118074585964494	4	Mitotic	PFB	PFA2	S	foreman_1067
foreman_1067_ACATTTCGTAATGCTC	2368	7497	0.123249299719888	3	Hypoxia	PFB	PFA2	G1	foreman_1067
foreman_1067_ACATTTCTCCAAGGGA	1750	5001	0.0925814837032593	0	Microglial	PFB	PFA2	G1	foreman_1067
foreman_1067_ACCAAACTCTCCGAAA	2508	7050	0.110496453900709	0	Microglial	PFB	PFA2	G2M	foreman_1067
foreman_1067_ACCAACACAGAAACCG	3101	10569	0.0961301920711515	5	Undefined M	PFB	PFA2	S	foreman_1067
foreman_1067_ACCATTTTCTCTTAAC	2051	5286	0.0944003026863413	0	Microglial	PFB	PFA2	G1	foreman_1067
foreman_1067_ACCCAAAAGGATACGC	3810	16532	0.187575610936366	5	Undefined M	PFB	PFA2	G1	foreman_1067
foreman_1067_ACCCAAAAGGGCAGGA	2392	8613	0.169511203993963	0	Microglial	PFB	PFA2	S	foreman_1067
foreman_1067_ACCCAAAGTACCGTGC	1896	6160	0.119155844155844	6	DC	PFB	PFA2	G1	foreman_1067
foreman_1067_ACCCTCAGTTGCCGAC	1060	2181	0.0678587803759743	2	Classical M1	PFB	PFA2	G1	foreman_1067
foreman_1067_ACCCTCATCATAGACC	1720	4412	0.0691296464188577	6	DC	PFB	PFA2	G1	foreman_1067
foreman_1067_ACCTGAACAGATCACT	2087	5464	0.111822840409956	6	DC	PFB	PFA2	G1	foreman_1067
foreman_1067_ACGATGTCAGATCATC	1573	4221	0.21558872305141	6	DC	PFB	PFA2	G1	foreman_1067
foreman_1067_ACGATGTCAGCTTCCT	1033	2655	0.256873822975518	5	Undefined M	PFB	PFA2	G1	foreman_1067
foreman_1067_ACGATGTTCACCGGGT	1381	3698	0.228772309356409	0	Microglial	PFB	PFA2	G1	foreman_1067
foreman_1067_ACGCACGGTAGGCAGT	2802	9497	0.109508265768137	7	Alternative M2	PFB	PFA2	G1	foreman_1067
foreman_1067_ACGGAAGGTCCTCCAT	1395	3748	0.140074706510139	0	Microglial	PFB	PFA2	S	foreman_1067
foreman_1067_ACGGTTACACTAGAGG	2205	6225	0.10281124497992	0	Microglial	PFB	PFA2	S	foreman_1067
foreman_1067_ACGGTTATCAATCCGA	2023	6298	0.0912988250238171	0	Microglial	PFB	PFA2	G1	foreman_1067
foreman_1067_ACGTAACCAGCTGTGC	1578	3985	0.0865746549560853	0	Microglial	PFB	PFA2	G1	foreman_1067
foreman_1067_ACGTAGTAGCTGGCCT	2021	5940	0.0887205387205387	6	DC	PFB	PFA2	S	foreman_1067
foreman_1067_ACGTCCTGTCAATCTG	1698	4681	0.0604571672719504	0	Microglial	PFB	PFA2	G1	foreman_1067
foreman_1067_ACGTCCTTCACTCACC	1488	3677	0.0949143323361436	2	Classical M1	PFB	PFA2	S	foreman_1067
foreman_1067_ACGTCCTTCCTAGCCT	2123	5661	0.0748984278396043	0	Microglial	PFB	PFA2	S	foreman_1067
foreman_1067_ACGTTCCGTCATTCCC	3035	10264	0.101519875292284	5	Undefined M	PFB	PFA2	G1	foreman_1067
foreman_1067_ACGTTCCTCCACGGGT	2537	9018	0.124196052339765	5	Undefined M	PFB	PFA2	G1	foreman_1067
foreman_1067_ACTACGAAGTAAAGCT	1986	6272	0.104432397959184	5	Undefined M	PFB	PFA2	G1	foreman_1067
foreman_1067_ACTATCTAGCTGCCAC	2537	7644	0.117739403453689	0	Microglial	PFB	PFA2	S	foreman_1067
foreman_1067_ACTATCTCAGTGCCTG	2782	9779	0.202576950608447	11	Contaminating Tumor cells	PFB	PFA2	G1	foreman_1067
foreman_1067_ACTATTCAGCAAGCCA	2198	6466	0.11073306526446	6	DC	PFB	PFA2	S	foreman_1067
foreman_1067_ACTATTCTCGGTTCAA	1133	3206	0.297255146600125	0	Microglial	PFB	PFA2	G2M	foreman_1067
foreman_1067_ACTATTCTCTGGCCAG	486	1004	0.268924302788845	2	Classical M1	PFB	PFA2	S	foreman_1067
foreman_1067_ACTCCCACACCGTGCA	2347	6998	0.0945984567019148	0	Microglial	PFB	PFA2	G1	foreman_1067
foreman_1067_ACTCCCAGTATGATCC	1109	3029	0.119511389897656	6	DC	PFB	PFA2	G1	foreman_1067
foreman_1067_ACTGATGGTTAAAGTG	3002	9688	0.130264244426094	0	Microglial	PFB	PFA2	S	foreman_1067
foreman_1067_ACTGTCCAGACGAGCT	3191	11093	0.0923104660596773	0	Microglial	PFB	PFA2	G1	foreman_1067
foreman_1067_ACTGTCCAGTTCGGTT	2112	6065	0.0824402308326463	0	Microglial	PFB	PFA2	G1	foreman_1067
foreman_1067_ACTGTCCTCATACGAC	1917	5825	0.123090128755365	0	Microglial	PFB	PFA2	S	foreman_1067
foreman_1067_ACTTAGGTCTATTCGT	2363	7851	0.134123041650745	5	Undefined M	PFB	PFA2	G1	foreman_1067
foreman_1067_AGAACCTAGATTCGAA	1841	4529	0.127180393022742	7	Alternative M2	PFB	PFA2	S	foreman_1067
foreman_1067_AGAACCTAGGCGTCCT	2068	5397	0.189735037984065	0	Microglial	PFB	PFA2	G1	foreman_1067
foreman_1067_AGAAGTATCATCCTAT	1392	3566	0.0961862030286035	2	Classical M1	PFB	PFA2	G1	foreman_1067
foreman_1067_AGACAAAGTTTATGCG	1848	4931	0.121070776718718	5	Undefined M	PFB	PFA2	S	foreman_1067
foreman_1067_AGACAAATCTCTCAAT	1114	2529	0.0474495848161329	2	Classical M1	PFB	PFA2	G1	foreman_1067
foreman_1067_AGACACTCACCTGATA	2175	5959	0.0887732841080718	0	Microglial	PFB	PFA2	S	foreman_1067
foreman_1067_AGACACTGTTCTTGTT	2018	6186	0.118978338182994	0	Microglial	PFB	PFA2	G1	foreman_1067
foreman_1067_AGACAGGAGCACCGTC	1920	5256	0.088089802130898	0	Microglial	PFB	PFA2	G1	foreman_1067
foreman_1067_AGACAGGGTACGATCT	2214	7193	0.0639510635339914	0	Microglial	PFB	PFA2	G1	foreman_1067
foreman_1067_AGACAGGTCCATTTGT	2566	7122	0.0956192080876158	0	Microglial	PFB	PFA2	G1	foreman_1067
foreman_1067_AGACAGGTCGACGAGA	1381	3337	0.128258915193287	2	Classical M1	PFB	PFA2	G1	foreman_1067
foreman_1067_AGACAGGTCTCTTAAC	2128	6420	0.120093457943925	0	Microglial	PFB	PFA2	S	foreman_1067
foreman_1067_AGACCATAGAGGCGTT	2143	6537	0.203151292641885	7	Alternative M2	PFB	PFA2	G1	foreman_1067
foreman_1067_AGACCATCAATTGGTC	2195	6628	0.0789076644538322	0	Microglial	PFB	PFA2	G1	foreman_1067
foreman_1067_AGACCCGGTATACCTG	2905	9537	0.139876271364161	0	Microglial	PFB	PFA2	G1	foreman_1067
foreman_1067_AGACTCAGTTTGTGGT	1678	4969	0.127792312336486	6	DC	PFB	PFA2	G1	foreman_1067
foreman_1067_AGAGAATTCATGTCAG	1937	5630	0.0845470692717584	6	DC	PFB	PFA2	S	foreman_1067
foreman_1067_AGAGAGCAGCCTATCA	2187	6420	0.149065420560748	5	Undefined M	PFB	PFA2	S	foreman_1067
foreman_1067_AGAGCAGTCCACAGCG	2662	9106	0.0914781462771799	6	DC	PFB	PFA2	G1	foreman_1067
foreman_1067_AGATCCAAGGATCACG	2438	7490	0.0228304405874499	4	Mitotic	PFB	PFA2	G2M	foreman_1067
foreman_1067_AGATCCACAGTTGTTG	1529	3854	0.106901920083031	0	Microglial	PFB	PFA2	S	foreman_1067
foreman_1067_AGATCGTCAGTCGCAC	1035	2658	0.0707298720842739	6	DC	PFB	PFA2	S	foreman_1067
foreman_1067_AGATCGTCATACCATG	1581	3988	0.0947843530591775	2	Classical M1	PFB	PFA2	G1	foreman_1067
foreman_1067_AGATCGTTCAACCCGG	1806	4931	0.193875481646725	7	Alternative M2	PFB	PFA2	S	foreman_1067
foreman_1067_AGATGAACAGGTCCCA	1711	4929	0.104483668086833	0	Microglial	PFB	PFA2	G1	foreman_1067
foreman_1067_AGATGAAGTGTGAGCA	2031	6890	0.172278664731495	6	DC	PFB	PFA2	G1	foreman_1067
foreman_1067_AGATGAATCACCTCTG	1835	5745	0.109660574412533	5	Undefined M	PFB	PFA2	S	foreman_1067
foreman_1067_AGATGCTCACAGCGCT	1887	6117	0.107405590975969	0	Microglial	PFB	PFA2	G1	foreman_1067
foreman_1067_AGATGCTGTTCTATCT	1818	4780	0.0742677824267782	0	Microglial	PFB	PFA2	G1	foreman_1067
foreman_1067_AGCATCAGTCCTACGG	2237	7359	0.0915885310504145	0	Microglial	PFB	PFA2	G1	foreman_1067
foreman_1067_AGCATCAGTGAGATTA	1954	5388	0.107089829250186	5	Undefined M	PFB	PFA2	G1	foreman_1067
foreman_1067_AGCATCATCCTTCTAA	1518	3438	0.0910413030831879	0	Microglial	PFB	PFA2	G1	foreman_1067
foreman_1067_AGCCAATCAAACCATC	2566	8716	0.0959155575952272	0	Microglial	PFB	PFA2	G1	foreman_1067
foreman_1067_AGCCAGCAGGACTATA	4270	19308	0.101460534493474	0	Microglial	PFB	PFA2	G1	foreman_1067
foreman_1067_AGCCAGCGTGAGACCA	1031	2441	0.115526423596887	2	Classical M1	PFB	PFA2	S	foreman_1067
foreman_1067_AGCGATTTCGGACAAG	1396	3762	0.10207336523126	2	Classical M1	PFB	PFA2	G1	foreman_1067
foreman_1067_AGCGCCATCGCTCCTA	3013	9656	0.0923777961888981	5	Undefined M	PFB	PFA2	G1	foreman_1067
foreman_1067_AGCGCTGAGGGCCAAT	2456	7435	0.118359112306658	0	Microglial	PFB	PFA2	G1	foreman_1067
foreman_1067_AGCGCTGCAGCAGAAC	1826	5274	0.115851346226773	6	DC	PFB	PFA2	G1	foreman_1067
foreman_1067_AGCGTATTCTACCCAC	1533	4147	0.165179647938269	6	DC	PFB	PFA2	G1	foreman_1067
foreman_1067_AGCTCAAAGAGCCGAT	2030	6264	0.140485312899106	0	Microglial	PFB	PFA2	G1	foreman_1067
foreman_1067_AGCTCAACAACTGCCG	2378	6913	0.0888181686677275	7	Alternative M2	PFB	PFA2	G1	foreman_1067
foreman_1067_AGCTCAAGTAACATGA	2041	6659	0.072833758822646	0	Microglial	PFB	PFA2	S	foreman_1067
foreman_1067_AGCTTCCGTTCAGGTT	1030	2033	0.0782095425479587	0	Microglial	PFB	PFA2	S	foreman_1067
foreman_1067_AGGAAATAGTTCACTG	1626	4536	0.0963403880070547	0	Microglial	PFB	PFA2	G1	foreman_1067
foreman_1067_AGGAATACAGCGTTTA	1841	5498	0.101491451436886	2	Classical M1	PFB	PFA2	G1	foreman_1067
foreman_1067_AGGAATAGTATGTCAC	1074	2158	0.244670991658943	6	DC	PFB	PFA2	G2M	foreman_1067
foreman_1067_AGGACGAGTCGGATTT	3684	13095	0.109125620465827	4	Mitotic	PFB	PFA2	S	foreman_1067
foreman_1067_AGGACTTAGGTGATAT	2330	7415	0.122724207687121	0	Microglial	PFB	PFA2	G1	foreman_1067
foreman_1067_AGGACTTGTATAGGAT	1465	3548	0.109921082299887	2	Classical M1	PFB	PFA2	G1	foreman_1067
foreman_1067_AGGAGGTCAGGCCTGT	1868	6052	0.0998017184401851	6	DC	PFB	PFA2	S	foreman_1067
foreman_1067_AGGATAACATAACGGG	1430	3816	0.172955974842767	0	Microglial	PFB	PFA2	G1	foreman_1067
foreman_1067_AGGATCTGTTAAGTCC	2342	6509	0.0846520202796128	5	Undefined M	PFB	PFA2	S	foreman_1067
foreman_1067_AGGATCTTCACGAACT	2365	7243	0.114869529200607	5	Undefined M	PFB	PFA2	G1	foreman_1067
foreman_1067_AGGATCTTCGATCCAA	1791	5171	0.11719203248888	0	Microglial	PFB	PFA2	G1	foreman_1067
foreman_1067_AGGCATTAGACTGGGT	1502	3627	0.256961676316515	2	Classical M1	PFB	PFA2	G1	foreman_1067
foreman_1067_AGGCCACCAAATCGGG	1682	4820	0.132157676348548	2	Classical M1	PFB	PFA2	G1	foreman_1067
foreman_1067_AGGCCACGTTGGGTAG	2105	5849	0.134381945631732	5	Undefined M	PFB	PFA2	S	foreman_1067
foreman_1067_AGGGCCTGTCCCTCAT	1105	2761	0.194856935892792	2	Classical M1	PFB	PFA2	G1	foreman_1067
foreman_1067_AGGGCTCCATTGAGCT	2131	6324	0.132669196710942	5	Undefined M	PFB	PFA2	G1	foreman_1067
foreman_1067_AGGGTTTAGATGCAGC	1865	5404	0.185048112509252	5	Undefined M	PFB	PFA2	G1	foreman_1067
foreman_1067_AGGGTTTAGCTATCTG	770	1776	0.185810810810811	2	Classical M1	PFB	PFA2	G1	foreman_1067
foreman_1067_AGGGTTTTCTCTCTAA	1760	5071	0.102149477420627	7	Alternative M2	PFB	PFA2	S	foreman_1067
foreman_1067_AGGTCATGTGCTTATG	2160	6417	0.103163472027427	2	Classical M1	PFB	PFA2	G1	foreman_1067
foreman_1067_AGGTCATTCTAGATCG	2081	6668	0.165716856628674	5	Undefined M	PFB	PFA2	G1	foreman_1067
foreman_1067_AGGTGTTAGCACTAGG	2016	6124	0.110548661005879	5	Undefined M	PFB	PFA2	G1	foreman_1067
foreman_1067_AGGTGTTAGCCGGATA	2563	8291	0.108068990471596	4	Mitotic	PFB	PFA2	G2M	foreman_1067
foreman_1067_AGGTTACCAGCTGCCA	1771	5590	0.0856887298747764	2	Classical M1	PFB	PFA2	G1	foreman_1067
foreman_1067_AGGTTACTCAACGAGG	2755	10441	0.15218848769275	5	Undefined M	PFB	PFA2	G1	foreman_1067
foreman_1067_AGGTTACTCATCGACA	2245	6124	0.119529719137818	0	Microglial	PFB	PFA2	G1	foreman_1067
foreman_1067_AGGTTGTCACTAGTAC	1132	2344	0.229948805460751	2	Classical M1	PFB	PFA2	G1	foreman_1067
foreman_1067_AGTAACCGTTCGGTCG	2126	7134	0.101766190075694	5	Undefined M	PFB	PFA2	G1	foreman_1067
foreman_1067_AGTACCAAGAGCCGTA	1003	2622	0.249046529366896	3	Hypoxia	PFB	PFA2	G1	foreman_1067
foreman_1067_AGTACCACATGATCTG	1753	4975	0.108341708542714	0	Microglial	PFB	PFA2	G1	foreman_1067
foreman_1067_AGTACTGAGCAGATAT	618	1118	0.016994633273703	2	Classical M1	PFB	PFA2	G1	foreman_1067
foreman_1067_AGTAGCTAGTCATCCA	2225	6727	0.113572171844805	5	Undefined M	PFB	PFA2	G1	foreman_1067
foreman_1067_AGTAGCTGTGTGTGTT	1978	5863	0.220535561998977	4	Mitotic	PFB	PFA2	G1	foreman_1067
foreman_1067_AGTCAACAGATGATTG	1640	4718	0.0890207715133531	2	Classical M1	PFB	PFA2	G1	foreman_1067
foreman_1067_AGTCACACATTCCTCG	2161	6078	0.0950970714050675	0	Microglial	PFB	PFA2	G1	foreman_1067
foreman_1067_AGTCATGTCGCCATAA	1494	3464	0.113452655889145	2	Classical M1	PFB	PFA2	S	foreman_1067
foreman_1067_AGTCTCCGTTCGAAGG	893	2061	0.249878699660359	2	Classical M1	PFB	PFA2	G1	foreman_1067
foreman_1067_AGTGACTAGAAACTAC	663	2337	0.147625160462131	2	Classical M1	PFB	PFA2	G1	foreman_1067
foreman_1067_AGTGCCGGTCACGACC	2025	6433	0.0856521063267527	7	Alternative M2	PFB	PFA2	G1	foreman_1067
foreman_1067_AGTGCCGTCACTGTCC	2096	6799	0.123694660979556	0	Microglial	PFB	PFA2	G1	foreman_1067
foreman_1067_AGTGTTGTCCCTCTCC	1914	5011	0.155258431450808	0	Microglial	PFB	PFA2	S	foreman_1067
foreman_1067_AGTTAGCCACGGGCTT	2065	6227	0.107435362132648	5	Undefined M	PFB	PFA2	S	foreman_1067
foreman_1067_AGTTCCCCAGCTCATA	2481	9090	0.16017601760176	0	Microglial	PFB	PFA2	G1	foreman_1067
foreman_1067_AGTTCCCGTACTGACT	886	2290	0.277292576419214	6	DC	PFB	PFA2	S	foreman_1067
foreman_1067_AGTTCGAGTTCTTGCC	1892	5111	0.112111132850714	0	Microglial	PFB	PFA2	G1	foreman_1067
foreman_1067_AGTTCGATCACTGGTA	808	1995	0.271177944862155	3	Hypoxia	PFB	PFA2	G1	foreman_1067
foreman_1067_ATACCGAGTAGGAAAG	1123	2519	0.0639142516871774	2	Classical M1	PFB	PFA2	G1	foreman_1067
foreman_1067_ATACTTCCAGGAATAT	1611	4141	0.098526925863318	2	Classical M1	PFB	PFA2	S	foreman_1067
foreman_1067_ATAGGCTTCCATCTAT	2125	5758	0.0774574505036471	7	Alternative M2	PFB	PFA2	S	foreman_1067
foreman_1067_ATATCCTAGGCTAACG	1148	2778	0.237221022318215	2	Classical M1	PFB	PFA2	G1	foreman_1067
foreman_1067_ATATCCTAGGTTTACC	1780	4297	0.103095182685595	0	Microglial	PFB	PFA2	G1	foreman_1067
foreman_1067_ATCACAGCACCTCTAC	3632	14041	0.108325617833488	0	Microglial	PFB	PFA2	G1	foreman_1067
foreman_1067_ATCACAGCAGCGGATA	679	2013	0.168902136115251	2	Classical M1	PFB	PFA2	G1	foreman_1067
foreman_1067_ATCACGAGTAATCAAG	1518	4030	0.0890818858560794	0	Microglial	PFB	PFA2	G1	foreman_1067
foreman_1067_ATCACTTTCTAAGCGT	1981	6269	0.0933163183920881	6	DC	PFB	PFA2	G1	foreman_1067
foreman_1067_ATCAGGTCAACTGTGT	2092	6449	0.0964490618700574	3	Hypoxia	PFB	PFA2	G1	foreman_1067
foreman_1067_ATCATTCAGAAGCCTG	1818	5524	0.0925054308472122	0	Microglial	PFB	PFA2	G1	foreman_1067
foreman_1067_ATCATTCAGGCAGGTT	2015	5427	0.107241569928137	0	Microglial	PFB	PFA2	G1	foreman_1067
foreman_1067_ATCATTCCAGGGTCTC	3525	13741	0.101448220653519	6	DC	PFB	PFA2	G1	foreman_1067
foreman_1067_ATCCACCCAACTCCAA	1440	4100	0.258536585365854	2	Classical M1	PFB	PFA2	G2M	foreman_1067
foreman_1067_ATCCCTGAGTCTAGAA	1472	3578	0.166014533258804	0	Microglial	PFB	PFA2	G2M	foreman_1067
foreman_1067_ATCCCTGCAGTCTCTC	2293	6134	0.0945549396804695	0	Microglial	PFB	PFA2	G1	foreman_1067
foreman_1067_ATCGATGAGCCTCAGC	1835	4957	0.114383699818439	0	Microglial	PFB	PFA2	G1	foreman_1067
foreman_1067_ATCGCCTGTAAGCTCT	1981	5481	0.0831964969896004	6	DC	PFB	PFA2	G1	foreman_1067
foreman_1067_ATCGCCTTCGCCGATG	1987	6134	0.1084121291164	0	Microglial	PFB	PFA2	G1	foreman_1067
foreman_1067_ATCGGATTCTGGACTA	1563	3669	0.167620605069501	0	Microglial	PFB	PFA2	S	foreman_1067
foreman_1067_ATCGGCGAGTAAACTG	2627	8700	0.116206896551724	5	Undefined M	PFB	PFA2	G1	foreman_1067
foreman_1067_ATCGGCGTCTACCAGA	1516	3769	0.111966038737066	0	Microglial	PFB	PFA2	G1	foreman_1067
foreman_1067_ATCGTCCCACCCTGAG	2568	7316	0.115500273373428	0	Microglial	PFB	PFA2	G1	foreman_1067
foreman_1067_ATCGTGATCTTCGTAT	1824	5608	0.101283880171184	7	Alternative M2	PFB	PFA2	G1	foreman_1067
foreman_1067_ATCTCTAGTAACAAGT	1406	4054	0.185989146521954	6	DC	PFB	PFA2	G1	foreman_1067
foreman_1067_ATCTTCAGTCGCTCGA	2343	6703	0.109503207519021	7	Alternative M2	PFB	PFA2	G1	foreman_1067
foreman_1067_ATCTTCATCCAAGCAT	1969	5619	0.121551877558284	0	Microglial	PFB	PFA2	G2M	foreman_1067
foreman_1067_ATCTTCATCCTACTGC	3940	13523	0.132219182134142	4	Mitotic	PFB	PFA2	S	foreman_1067
foreman_1067_ATGAAAGCAATAGAGT	1748	4753	0.069219440353461	2	Classical M1	PFB	PFA2	G1	foreman_1067
foreman_1067_ATGAAAGGTACTCAAC	1758	4922	0.130434782608696	7	Alternative M2	PFB	PFA2	G1	foreman_1067
foreman_1067_ATGAAAGGTTTGGGAG	2004	6350	0.12251968503937	4	Mitotic	PFB	PFA2	S	foreman_1067
foreman_1067_ATGACCAGTCCCGGTA	2215	6439	0.105917067867681	3	Hypoxia	PFB	PFA2	G1	foreman_1067
foreman_1067_ATGAGTCAGTTGCATC	1838	4843	0.110675201321495	0	Microglial	PFB	PFA2	S	foreman_1067
foreman_1067_ATGAGTCCAAGCGCTC	1613	4262	0.141482871891131	2	Classical M1	PFB	PFA2	G2M	foreman_1067
foreman_1067_ATGAGTCCACCTGATA	1793	5003	0.130121926843894	6	DC	PFB	PFA2	G1	foreman_1067
foreman_1067_ATGAGTCCAGTCTACA	2177	6522	0.138914443422263	0	Microglial	PFB	PFA2	G1	foreman_1067
foreman_1067_ATGAGTCGTCCAGCCA	2294	6475	0.127413127413127	3	Hypoxia	PFB	PFA2	S	foreman_1067
foreman_1067_ATGAGTCGTGCCGTTG	3525	12372	0.154542515357258	4	Mitotic	PFB	PFA2	S	foreman_1067
foreman_1067_ATGAGTCTCGCTACGG	3119	12146	0.194220319446731	4	Mitotic	PFB	PFA2	G1	foreman_1067
foreman_1067_ATGCATGCACGTCGGT	3249	12279	0.121263946575454	0	Microglial	PFB	PFA2	G1	foreman_1067
foreman_1067_ATGCATGGTACGCTTA	2046	6494	0.213427779488759	0	Microglial	PFB	PFA2	G1	foreman_1067
foreman_1067_ATGCCTCAGTCCCGGT	1369	3443	0.264013941330235	3	Hypoxia	PFB	PFA2	G1	foreman_1067
foreman_1067_ATGGATCTCGTGGGTC	1629	5969	0.294689227676328	6	DC	PFB	PFA2	G1	foreman_1067
foreman_1067_ATGGGAGCAAGAGATT	1892	5432	0.136413843888071	4	Mitotic	PFB	PFA2	G1	foreman_1067
foreman_1067_ATGGGTTGTCGTACAT	2241	6762	0.0934634723454599	0	Microglial	PFB	PFA2	G1	foreman_1067
foreman_1067_ATGGTTGCAATTCGTG	1918	4847	0.0703527955436352	0	Microglial	PFB	PFA2	S	foreman_1067
foreman_1067_ATGGTTGCACTCCTTG	3921	15232	0.142528886554622	0	Microglial	PFB	PFA2	G1	foreman_1067
foreman_1067_ATGGTTGCATCTCCCA	1235	2554	0.140955364134691	2	Classical M1	PFB	PFA2	G1	foreman_1067
foreman_1067_ATGTCTTAGGCTCAAG	1673	4737	0.129617901625501	7	Alternative M2	PFB	PFA2	S	foreman_1067
foreman_1067_ATTACCTGTCCCACGA	1729	4654	0.0947571981091534	0	Microglial	PFB	PFA2	G1	foreman_1067
foreman_1067_ATTACCTTCAACGTGT	2036	5105	0.057590597453477	0	Microglial	PFB	PFA2	G1	foreman_1067
foreman_1067_ATTACCTTCGTCTACC	2309	6220	0.0845659163987138	0	Microglial	PFB	PFA2	G1	foreman_1067
foreman_1067_ATTACTCGTGCCTAAT	2139	5304	0.119532428355958	0	Microglial	PFB	PFA2	G1	foreman_1067
foreman_1067_ATTACTCTCATCAGTG	2634	7756	0.11835997937081	5	Undefined M	PFB	PFA2	G1	foreman_1067
foreman_1067_ATTATCCTCAACTTTC	2274	6204	0.0947775628626693	0	Microglial	PFB	PFA2	G2M	foreman_1067
foreman_1067_ATTCACTGTCAAGGCA	1672	4441	0.116415221796893	7	Alternative M2	PFB	PFA2	G1	foreman_1067
foreman_1067_ATTCCATCAGTGACCC	2978	9391	0.0842295815142157	0	Microglial	PFB	PFA2	G1	foreman_1067
foreman_1067_ATTCCATGTCTTACTT	2574	8003	0.116456328876671	7	Alternative M2	PFB	PFA2	G1	foreman_1067
foreman_1067_ATTCCATTCTCAGTCC	1370	2763	0.121968874411871	7	Alternative M2	PFB	PFA2	G1	foreman_1067
foreman_1067_ATTCCCGCATTCGATG	1952	5390	0.109461966604824	0	Microglial	PFB	PFA2	G2M	foreman_1067
foreman_1067_ATTCCCGGTATCAGCT	1147	2883	0.173083593479015	2	Classical M1	PFB	PFA2	G1	foreman_1067
foreman_1067_ATTCCTATCCCTCATG	2021	4931	0.102007706347597	0	Microglial	PFB	PFA2	G1	foreman_1067
foreman_1067_ATTCGTTCAAGGATGC	1860	4691	0.105094862502665	0	Microglial	PFB	PFA2	G1	foreman_1067
foreman_1067_ATTCTTGAGGTTCACT	1544	4195	0.130393325387366	6	DC	PFB	PFA2	G1	foreman_1067
foreman_1067_ATTCTTGCAGTCAACT	824	1165	0.103862660944206	2	Classical M1	PFB	PFA2	S	foreman_1067
foreman_1067_ATTGGGTCACGTTGGC	1972	5361	0.0848722253310949	0	Microglial	PFB	PFA2	G1	foreman_1067
foreman_1067_ATTGTTCCACATATGC	1632	4437	0.0838404327248141	0	Microglial	PFB	PFA2	G1	foreman_1067
foreman_1067_ATTTCACGTATGTCCA	1827	5055	0.0937685459940653	6	DC	PFB	PFA2	S	foreman_1067
foreman_1067_CAACAACGTCACAATC	2032	6130	0.12137030995106	6	DC	PFB	PFA2	G1	foreman_1067
foreman_1067_CAACAACGTCGTTATG	1801	5042	0.149147163823879	0	Microglial	PFB	PFA2	G1	foreman_1067
foreman_1067_CAACAACTCAATGTCG	2083	6110	0.127986906710311	0	Microglial	PFB	PFA2	G2M	foreman_1067
foreman_1067_CAACAGTCAAATGCGG	1703	4986	0.144003208985158	7	Alternative M2	PFB	PFA2	G1	foreman_1067
foreman_1067_CAACCAACACTTCCTG	2288	8263	0.283795231756021	4	Mitotic	PFB	PFA2	G1	foreman_1067
foreman_1067_CAACCAACAGGCATGA	1135	2693	0.216858522094319	4	Mitotic	PFB	PFA2	G2M	foreman_1067
foreman_1067_CAACCAACATAGATCC	2987	9881	0.106365752454205	4	Mitotic	PFB	PFA2	S	foreman_1067
foreman_1067_CAACCTCAGCGTGAAC	2747	9444	0.0940279542566709	0	Microglial	PFB	PFA2	S	foreman_1067
foreman_1067_CAACCTCTCTTGAGCA	1648	4078	0.161108386463953	3	Hypoxia	PFB	PFA2	G1	foreman_1067
foreman_1067_CAACGATGTTCTTCAT	2362	7291	0.177479083801948	6	DC	PFB	PFA2	G2M	foreman_1067
foreman_1067_CAACGGCCAAATGGAT	2030	5994	0.103436770103437	0	Microglial	PFB	PFA2	G1	foreman_1067
foreman_1067_CAACGGCCACTAACGT	697	1393	0.205312275664034	2	Classical M1	PFB	PFA2	G1	foreman_1067
foreman_1067_CAAGACTGTTGATCGT	2195	7100	0.123802816901408	0	Microglial	PFB	PFA2	G1	foreman_1067
foreman_1067_CAAGAGGTCCCTCTCC	2045	5975	0.145774058577406	0	Microglial	PFB	PFA2	G1	foreman_1067
foreman_1067_CAAGGGATCGCCGAAC	1851	5802	0.0960013788348845	3	Hypoxia	PFB	PFA2	G1	foreman_1067
foreman_1067_CAATACGCACCCAATA	1102	2528	0.0490506329113924	2	Classical M1	PFB	PFA2	G1	foreman_1067
foreman_1067_CAATCGATCGCTGTTC	1577	4289	0.117743063651201	6	DC	PFB	PFA2	G1	foreman_1067
foreman_1067_CAATGACAGCGTTGTT	1593	5276	0.243176648976497	7	Alternative M2	PFB	PFA2	G1	foreman_1067
foreman_1067_CAATTTCAGTGGATTA	2199	7037	0.0932215432712804	0	Microglial	PFB	PFA2	G1	foreman_1067
foreman_1067_CAATTTCGTTGCAACT	2381	7981	0.0963538403708808	6	DC	PFB	PFA2	S	foreman_1067
foreman_1067_CACAACAGTGGGTCAA	1857	6324	0.0820683111954459	0	Microglial	PFB	PFA2	G1	foreman_1067
foreman_1067_CACACAAGTAGACACG	2435	8011	0.0966171514168019	6	DC	PFB	PFA2	S	foreman_1067
foreman_1067_CACAGATTCGTAGCTA	2487	7994	0.112334250688016	0	Microglial	PFB	PFA2	G2M	foreman_1067
foreman_1067_CACATGAGTCGATGCC	708	1590	0.284905660377358	2	Classical M1	PFB	PFA2	G2M	foreman_1067
foreman_1067_CACATGAGTGCTTCAA	926	1976	0.253542510121458	2	Classical M1	PFB	PFA2	S	foreman_1067
foreman_1067_CACATGAGTTGCATAC	3010	10514	0.0997717329275252	3	Hypoxia	PFB	PFA2	G1	foreman_1067
foreman_1067_CACCAAATCTCGTCGT	1901	6644	0.103853100541842	6	DC	PFB	PFA2	G1	foreman_1067
foreman_1067_CACGAATCATCACAGT	1181	2562	0.255269320843091	7	Alternative M2	PFB	PFA2	G1	foreman_1067
foreman_1067_CACGAATGTGACACGA	2305	7407	0.11624139327663	6	DC	PFB	PFA2	G1	foreman_1067
foreman_1067_CACGGGTAGCTGAAGC	1648	4095	0.118437118437118	2	Classical M1	PFB	PFA2	G1	foreman_1067
foreman_1067_CACGGGTAGGTCACAG	3059	11700	0.172820512820513	0	Microglial	PFB	PFA2	G1	foreman_1067
foreman_1067_CACGGGTTCACTGTCC	2339	6827	0.106488940969679	6	DC	PFB	PFA2	G1	foreman_1067
foreman_1067_CACGGGTTCTCGACGG	1631	3871	0.078791010074916	0	Microglial	PFB	PFA2	G1	foreman_1067
foreman_1067_CACTAAGAGTATGAAC	2361	8225	0.094468085106383	5	Undefined M	PFB	PFA2	G1	foreman_1067
foreman_1067_CACTAAGCATTACTCT	1852	4818	0.121834786218348	0	Microglial	PFB	PFA2	S	foreman_1067
foreman_1067_CACTAAGTCTATACGG	2260	7901	0.299962030122769	5	Undefined M	PFB	PFA2	G1	foreman_1067
foreman_1067_CACTGTCAGGCTTAGG	1550	3193	0.1415596617601	0	Microglial	PFB	PFA2	S	foreman_1067
foreman_1067_CACTTCGAGAATAGTC	2132	5678	0.109193377949982	0	Microglial	PFB	PFA2	S	foreman_1067
foreman_1067_CAGAGCCGTGGCAACA	2040	6758	0.0807931340633323	6	DC	PFB	PFA2	G1	foreman_1067
foreman_1067_CAGAGCCGTGGCTACC	1447	3427	0.221476510067114	6	DC	PFB	PFA2	G1	foreman_1067
foreman_1067_CAGATTGAGCGTTACT	1044	2090	0.0488038277511962	2	Classical M1	PFB	PFA2	G1	foreman_1067
foreman_1067_CAGCAATTCAAGTGTC	1870	5611	0.137586882908572	6	DC	PFB	PFA2	G1	foreman_1067
foreman_1067_CAGCACGAGACCGCCT	3916	16386	0.0923959477602832	7	Alternative M2	PFB	PFA2	G1	foreman_1067
foreman_1067_CAGCACGCAGGCTATT	2200	6249	0.118899023843815	0	Microglial	PFB	PFA2	G1	foreman_1067
foreman_1067_CAGCAGCCATCCGCGA	2829	9678	0.105290349245712	7	Alternative M2	PFB	PFA2	G2M	foreman_1067
foreman_1067_CAGCGTGTCCTATTGT	2575	8227	0.104533851950893	5	Undefined M	PFB	PFA2	G1	foreman_1067
foreman_1067_CAGGTATCACTTACAG	2287	7325	0.0992491467576792	6	DC	PFB	PFA2	G2M	foreman_1067
foreman_1067_CAGGTATTCGACCAAT	2280	7983	0.113491168733559	5	Undefined M	PFB	PFA2	G1	foreman_1067
foreman_1067_CAGTTAGAGTAACCGG	1419	3696	0.0949675324675325	2	Classical M1	PFB	PFA2	S	foreman_1067
foreman_1067_CAGTTCCTCAGGAAAT	1945	6327	0.110162794373321	0	Microglial	PFB	PFA2	G1	foreman_1067
foreman_1067_CATAAGCGTCCGGTGT	604	1793	0.189068600111545	2	Classical M1	PFB	PFA2	G1	foreman_1067
foreman_1067_CATAAGCTCCCAGCGA	2182	6484	0.0991671807526218	6	DC	PFB	PFA2	G1	foreman_1067
foreman_1067_CATACAGCACTTGAGT	1808	5099	0.0904098842910375	2	Classical M1	PFB	PFA2	G1	foreman_1067
foreman_1067_CATACCCGTCGAGTGA	1985	6028	0.111811546118115	2	Classical M1	PFB	PFA2	G1	foreman_1067
foreman_1067_CATACTTCACGTTGGC	2135	5879	0.0918523558428304	6	DC	PFB	PFA2	G1	foreman_1067
foreman_1067_CATAGACAGGGCCAAT	2062	5555	0.114671467146715	0	Microglial	PFB	PFA2	G1	foreman_1067
foreman_1067_CATCCCAGTGTCCTAA	1615	4212	0.206552706552707	7	Alternative M2	PFB	PFA2	G1	foreman_1067
foreman_1067_CATCCGTAGGTTGGAC	1712	4883	0.150727012082736	6	DC	PFB	PFA2	S	foreman_1067
foreman_1067_CATCCGTTCTTGTGCC	1849	5614	0.131635197719986	6	DC	PFB	PFA2	G1	foreman_1067
foreman_1067_CATCGGGGTAGTTCCA	2107	6134	0.12324747310075	0	Microglial	PFB	PFA2	G1	foreman_1067
foreman_1067_CATCGTCGTTCTCTAT	1326	3179	0.094998427178358	5	Undefined M	PFB	PFA2	G1	foreman_1067
foreman_1067_CATCGTCTCGGTAGGA	3173	10932	0.113794365166484	0	Microglial	PFB	PFA2	G1	foreman_1067
foreman_1067_CATGCAAAGCATTGAA	1617	4919	0.12258589144135	2	Classical M1	PFB	PFA2	G1	foreman_1067
foreman_1067_CATGCGGCACACGGAA	2339	7483	0.100360817853802	0	Microglial	PFB	PFA2	G1	foreman_1067
foreman_1067_CATGGATGTCGCCTAG	3618	12372	0.104429356611704	4	Mitotic	PFB	PFA2	S	foreman_1067
foreman_1067_CATGGTACACTCTCGT	1871	5627	0.0980984538830638	5	Undefined M	PFB	PFA2	G1	foreman_1067
foreman_1067_CATTCATTCTCTCGAC	3912	15141	0.125354996367479	0	Microglial	PFB	PFA2	G1	foreman_1067
foreman_1067_CATTCCGGTTATAGCC	3212	11269	0.0800425947289023	0	Microglial	PFB	PFA2	G1	foreman_1067
foreman_1067_CATTCCGTCGATTGAC	1872	5107	0.096729978460936	6	DC	PFB	PFA2	G1	foreman_1067
foreman_1067_CATTCTATCCATACTT	2095	6154	0.0682482937926552	6	DC	PFB	PFA2	S	foreman_1067
foreman_1067_CATTGAGAGGATGGCT	1827	5559	0.0667386220543263	0	Microglial	PFB	PFA2	G1	foreman_1067
foreman_1067_CCAAGCGAGGTCCTGC	1269	4075	0.103803680981595	2	Classical M1	PFB	PFA2	G1	foreman_1067
foreman_1067_CCAAGCGCAAGAAATC	1853	6251	0.0969444888817789	0	Microglial	PFB	PFA2	S	foreman_1067
foreman_1067_CCAAGCGGTATCATGC	2001	6571	0.126616953279562	6	DC	PFB	PFA2	G1	foreman_1067
foreman_1067_CCAATGAAGATTAGAC	2385	7092	0.106034968979131	0	Microglial	PFB	PFA2	G1	foreman_1067
foreman_1067_CCACACTAGTGTGTTC	1902	5335	0.0852858481724461	0	Microglial	PFB	PFA2	G1	foreman_1067
foreman_1067_CCACACTGTAGACAGC	1998	5553	0.0862596794525482	0	Microglial	PFB	PFA2	G1	foreman_1067
foreman_1067_CCACACTTCGAGTCTA	2440	7327	0.148901323870616	4	Mitotic	PFB	PFA2	S	foreman_1067
foreman_1067_CCACGAGAGCTGCGAA	2504	8805	0.127881885292447	0	Microglial	PFB	PFA2	S	foreman_1067
foreman_1067_CCATAAGGTATTCTCT	2621	7924	0.0776123170116103	0	Microglial	PFB	PFA2	G1	foreman_1067
foreman_1067_CCATCACCATTGAAGA	1652	4790	0.264091858037578	7	Alternative M2	PFB	PFA2	G1	foreman_1067
foreman_1067_CCCAACTAGGGAACAA	2117	5914	0.117517754480893	0	Microglial	PFB	PFA2	G1	foreman_1067
foreman_1067_CCCATTGCACTAGAGG	3165	11998	0.111685280880147	0	Microglial	PFB	PFA2	G1	foreman_1067
foreman_1067_CCCATTGCACTTCATT	3859	17029	0.113982030653591	5	Undefined M	PFB	PFA2	G2M	foreman_1067
foreman_1067_CCCATTGCATACTGAC	1378	3549	0.108481262327416	2	Classical M1	PFB	PFA2	G1	foreman_1067
foreman_1067_CCCGAAGTCCAAGCCG	991	1939	0.075296544610624	2	Classical M1	PFB	PFA2	G1	foreman_1067
foreman_1067_CCCGGAAGTTGGTGTT	1901	5555	0.0975697569756976	7	Alternative M2	PFB	PFA2	G1	foreman_1067
foreman_1067_CCCTAACTCTTAGCTT	1801	5001	0.105978804239152	2	Classical M1	PFB	PFA2	G1	foreman_1067
foreman_1067_CCCTCAAAGACTACGG	1918	5027	0.128307141436244	0	Microglial	PFB	PFA2	S	foreman_1067
foreman_1067_CCCTCAAGTAGACGTG	670	1090	0.0963302752293578	2	Classical M1	PFB	PFA2	G1	foreman_1067
foreman_1067_CCCTCAAGTAGCGATG	1561	3335	0.0812593703148426	0	Microglial	PFB	PFA2	G1	foreman_1067
foreman_1067_CCCTTAGCAAGTGACG	1380	3374	0.178126852400711	2	Classical M1	PFB	PFA2	G1	foreman_1067
foreman_1067_CCCTTAGTCATGCCCT	2460	6138	0.0982404692082111	0	Microglial	PFB	PFA2	G1	foreman_1067
foreman_1067_CCCTTAGTCGACATTG	529	914	0.143326039387309	2	Classical M1	PFB	PFA2	G1	foreman_1067
foreman_1067_CCGATCTCAATCAGCT	1834	4753	0.0763728171681044	0	Microglial	PFB	PFA2	G1	foreman_1067
foreman_1067_CCGATGGGTGTCGATT	846	1833	0.280414620840153	3	Hypoxia	PFB	PFA2	G1	foreman_1067
foreman_1067_CCGATGGTCATAGGCT	1537	3831	0.13886713651788	0	Microglial	PFB	PFA2	S	foreman_1067
foreman_1067_CCGCAAGAGTGTTGTC	1789	4625	0.0914594594594595	0	Microglial	PFB	PFA2	G1	foreman_1067
foreman_1067_CCGCAAGCATGTACGT	2507	7371	0.0895400895400895	0	Microglial	PFB	PFA2	S	foreman_1067
foreman_1067_CCGGACAGTGTAGGAC	1654	4127	0.18003392294645	0	Microglial	PFB	PFA2	G1	foreman_1067
foreman_1067_CCGGGTACACCCTGAG	1862	5469	0.117206070579631	0	Microglial	PFB	PFA2	G1	foreman_1067
foreman_1067_CCGGGTACAGGTGAGT	2275	7523	0.154725508440782	0	Microglial	PFB	PFA2	G1	foreman_1067
foreman_1067_CCGTAGGGTTCACCGG	2133	5553	0.103187466234468	0	Microglial	PFB	PFA2	G1	foreman_1067
foreman_1067_CCGTGAGTCCAACACA	1697	4951	0.0983639668753787	2	Classical M1	PFB	PFA2	S	foreman_1067
foreman_1067_CCGTTCAAGCCTCTGG	2385	6454	0.122404710257205	0	Microglial	PFB	PFA2	G1	foreman_1067
foreman_1067_CCTAACCAGAACAGGA	1983	4853	0.123428806923552	0	Microglial	PFB	PFA2	G1	foreman_1067
foreman_1067_CCTAACCGTCACTTAG	2656	8595	0.157417102966841	0	Microglial	PFB	PFA2	G1	foreman_1067
foreman_1067_CCTAACCTCCTTGGAA	2208	6020	0.104318936877076	0	Microglial	PFB	PFA2	S	foreman_1067
foreman_1067_CCTACGTCACTGCATA	2127	6645	0.19097065462754	0	Microglial	PFB	PFA2	G1	foreman_1067
foreman_1067_CCTACGTCATACTTTC	2552	8693	0.0920280685609111	7	Alternative M2	PFB	PFA2	S	foreman_1067
foreman_1067_CCTCACATCATCGCCT	2534	8305	0.0897049969897652	7	Alternative M2	PFB	PFA2	G1	foreman_1067
foreman_1067_CCTCACATCCTCTAGC	2274	6979	0.145149734919043	0	Microglial	PFB	PFA2	G1	foreman_1067
foreman_1067_CCTCAGTCAGCGCGTT	1666	3915	0.10779054916986	0	Microglial	PFB	PFA2	S	foreman_1067
foreman_1067_CCTCATGCAGCAATTC	1180	2482	0.22522159548751	3	Hypoxia	PFB	PFA2	G1	foreman_1067
foreman_1067_CCTCATGGTGTCTTGA	1687	4841	0.104317289816154	0	Microglial	PFB	PFA2	G1	foreman_1067
foreman_1067_CCTCCTCGTATCACGT	1936	6001	0.167305449091818	5	Undefined M	PFB	PFA2	S	foreman_1067
foreman_1067_CCTCCTCTCAGAATAG	1768	4883	0.106901494982593	0	Microglial	PFB	PFA2	G1	foreman_1067
foreman_1067_CCTCCTCTCGTAACCA	2671	6623	0.091046353616186	7	Alternative M2	PFB	PFA2	G1	foreman_1067
foreman_1067_CCTCTAGGTGATCGTT	1755	5224	0.0957120980091884	0	Microglial	PFB	PFA2	G1	foreman_1067
foreman_1067_CCTCTAGGTGTCCATA	1454	3874	0.15720185854414	7	Alternative M2	PFB	PFA2	G1	foreman_1067
foreman_1067_CCTCTCCAGTACGTCT	2327	6032	0.104774535809019	0	Microglial	PFB	PFA2	G1	foreman_1067
foreman_1067_CCTGCATCAATGGCAG	2463	6538	0.0792291220556745	0	Microglial	PFB	PFA2	G1	foreman_1067
foreman_1067_CCTGCATGTGTCCTAA	3042	11196	0.134065737763487	5	Undefined M	PFB	PFA2	G1	foreman_1067
foreman_1067_CCTGTTGCAAGTGACG	1202	2942	0.257647858599592	0	Microglial	PFB	PFA2	S	foreman_1067
foreman_1067_CCTTCAGTCACCTACC	2237	6051	0.0804825648653115	6	DC	PFB	PFA2	G1	foreman_1067
foreman_1067_CCTTGTGCAAAGACTA	2971	8422	0.104132035146046	0	Microglial	PFB	PFA2	G1	foreman_1067
foreman_1067_CCTTGTGCAGGTTCGC	1613	4185	0.109916367980884	6	DC	PFB	PFA2	G1	foreman_1067
foreman_1067_CCTTTGGCACGACCTG	1950	5598	0.113433369060379	0	Microglial	PFB	PFA2	S	foreman_1067
foreman_1067_CCTTTGGTCCACATAG	2205	6201	0.148685695855507	7	Alternative M2	PFB	PFA2	G1	foreman_1067
foreman_1067_CGAAGGAAGCATATGA	1677	4421	0.0968106763175752	6	DC	PFB	PFA2	S	foreman_1067
foreman_1067_CGAAGGACAATCGCGC	2998	11615	0.0955660783469651	6	DC	PFB	PFA2	G1	foreman_1067
foreman_1067_CGAAGTTAGAATCCCT	1878	5855	0.097865072587532	7	Alternative M2	PFB	PFA2	S	foreman_1067
foreman_1067_CGAAGTTTCGTAGGAG	1784	4963	0.125931896030627	2	Classical M1	PFB	PFA2	G1	foreman_1067
foreman_1067_CGAGGAAAGTATAGAC	1896	5035	0.0836146971201589	7	Alternative M2	PFB	PFA2	S	foreman_1067
foreman_1067_CGAGGAACACACACGC	2516	7566	0.098731165741475	0	Microglial	PFB	PFA2	G1	foreman_1067
foreman_1067_CGAGGCTCAAGAGATT	2211	7570	0.0889035667107001	7	Alternative M2	PFB	PFA2	G2M	foreman_1067
foreman_1067_CGAGGCTGTGCGGATA	2077	6272	0.114955357142857	0	Microglial	PFB	PFA2	G1	foreman_1067
foreman_1067_CGAGGCTGTGGCTACC	3194	13668	0.161179397131987	0	Microglial	PFB	PFA2	G1	foreman_1067
foreman_1067_CGAGGCTGTTACCTGA	1625	3771	0.13153009811721	0	Microglial	PFB	PFA2	S	foreman_1067
foreman_1067_CGAGGCTTCAAAGGTA	1781	4877	0.152347754767275	0	Microglial	PFB	PFA2	G1	foreman_1067
foreman_1067_CGAGTTAAGTAGTCAA	1840	5930	0.142664418212479	6	DC	PFB	PFA2	G1	foreman_1067
foreman_1067_CGAGTTAGTTAGAGTA	1677	4599	0.0939334637964775	0	Microglial	PFB	PFA2	G2M	foreman_1067
foreman_1067_CGATCGGGTATCGTTG	1295	3163	0.125829908314891	2	Classical M1	PFB	PFA2	G1	foreman_1067
foreman_1067_CGATCGGTCACCATGA	1701	4571	0.141325749288996	0	Microglial	PFB	PFA2	G1	foreman_1067
foreman_1067_CGATCGGTCCGTCACT	642	1225	0.271836734693878	2	Classical M1	PFB	PFA2	G1	foreman_1067
foreman_1067_CGATGCGTCATTGCTT	1936	6115	0.0816026165167621	0	Microglial	PFB	PFA2	G1	foreman_1067
foreman_1067_CGATGGCCATTGGCAT	2424	7360	0.127853260869565	0	Microglial	PFB	PFA2	G1	foreman_1067
foreman_1067_CGCATGGAGAGAGGGC	3731	14463	0.103436354836479	0	Microglial	PFB	PFA2	G1	foreman_1067
foreman_1067_CGCATGGCAGAGGCAT	2719	8969	0.142379306500167	5	Undefined M	PFB	PFA2	G1	foreman_1067
foreman_1067_CGCCATTTCATCGCCT	1690	4705	0.117109458023379	7	Alternative M2	PFB	PFA2	S	foreman_1067
foreman_1067_CGCGTGATCCTAAGTG	1517	3685	0.0792401628222524	0	Microglial	PFB	PFA2	G1	foreman_1067
foreman_1067_CGCGTGATCGCTTACC	1395	3592	0.160913140311804	7	Alternative M2	PFB	PFA2	G1	foreman_1067
foreman_1067_CGGAACCGTGGTTTGT	2966	10149	0.131638585082274	5	Undefined M	PFB	PFA2	G1	foreman_1067
foreman_1067_CGGAACCTCAGCTCTC	1720	4153	0.147122562003371	0	Microglial	PFB	PFA2	G1	foreman_1067
foreman_1067_CGGAACCTCTACACTT	2283	7861	0.131408217783997	6	DC	PFB	PFA2	S	foreman_1067
foreman_1067_CGGAATTCAAAGGATT	1830	4877	0.112159114209555	0	Microglial	PFB	PFA2	G1	foreman_1067
foreman_1067_CGGAATTTCCAATGCA	1973	5398	0.075583549462764	0	Microglial	PFB	PFA2	G1	foreman_1067
foreman_1067_CGGAGAATCCTTGAAG	1216	3099	0.24459503065505	2	Classical M1	PFB	PFA2	G1	foreman_1067
foreman_1067_CGGCAGTAGGTAAGTT	2030	6520	0.105521472392638	0	Microglial	PFB	PFA2	G1	foreman_1067
foreman_1067_CGGCAGTTCGCGTGAC	1628	4321	0.108771117796806	2	Classical M1	PFB	PFA2	S	foreman_1067
foreman_1067_CGGGACTCACAGCCTG	1014	1999	0.252126063031516	3	Hypoxia	PFB	PFA2	G1	foreman_1067
foreman_1067_CGGGACTGTAGCTGTT	1858	5548	0.117159336697909	4	Mitotic	PFB	PFA2	G1	foreman_1067
foreman_1067_CGGGACTGTCTTGGTA	1815	4460	0.0975336322869955	0	Microglial	PFB	PFA2	G1	foreman_1067
foreman_1067_CGGGCATAGAATTTGG	1513	4200	0.141666666666667	6	DC	PFB	PFA2	S	foreman_1067
foreman_1067_CGGGTCACATAGATCC	2082	8081	0.0992451429278555	6	DC	PFB	PFA2	G1	foreman_1067
foreman_1067_CGGGTCATCCGGCTTT	1765	4200	0.131666666666667	0	Microglial	PFB	PFA2	G1	foreman_1067
foreman_1067_CGGGTGTTCCGAGCTG	2159	6895	0.078027556200145	7	Alternative M2	PFB	PFA2	S	foreman_1067
foreman_1067_CGGTCAGTCGAGCACC	1505	4597	0.120730911463998	2	Classical M1	PFB	PFA2	S	foreman_1067
foreman_1067_CGTAAGTTCGACCCAG	1831	5568	0.104525862068966	0	Microglial	PFB	PFA2	G1	foreman_1067
foreman_1067_CGTAATGGTAAGTTAG	1390	3054	0.10445317616241	0	Microglial	PFB	PFA2	G2M	foreman_1067
foreman_1067_CGTAATGGTACAGCGA	1811	5128	0.12890015600624	2	Classical M1	PFB	PFA2	S	foreman_1067
foreman_1067_CGTAATGGTGCTGTCG	3977	16027	0.118487552255569	0	Microglial	PFB	PFA2	S	foreman_1067
foreman_1067_CGTAGTAAGACTCTAC	1725	4567	0.128749726297351	2	Classical M1	PFB	PFA2	S	foreman_1067
foreman_1067_CGTAGTAGTTCTATCT	1704	4120	0.12378640776699	0	Microglial	PFB	PFA2	G1	foreman_1067
foreman_1067_CGTCAAAAGCTTTGTG	1790	4887	0.132596685082873	0	Microglial	PFB	PFA2	G1	foreman_1067
foreman_1067_CGTCCATCACTCTGCT	1266	2883	0.139438085327784	2	Classical M1	PFB	PFA2	S	foreman_1067
foreman_1067_CGTCCATTCTCTTGCG	1747	5707	0.0844576835465218	0	Microglial	PFB	PFA2	G2M	foreman_1067
foreman_1067_CGTGAATAGTCTTGGT	2042	5635	0.114108251996451	0	Microglial	PFB	PFA2	G1	foreman_1067
foreman_1067_CGTGTCTCATTGAGCT	1595	4252	0.113358419567262	0	Microglial	PFB	PFA2	G1	foreman_1067
foreman_1067_CGTTAGACAAATGGAT	3551	13935	0.158665231431647	5	Undefined M	PFB	PFA2	S	foreman_1067
foreman_1067_CGTTCTGTCTCCGTGT	2139	6408	0.131710362047441	5	Undefined M	PFB	PFA2	G1	foreman_1067
foreman_1067_CGTTGGGAGCCTATCA	2836	8771	0.107855432675864	0	Microglial	PFB	PFA2	G1	foreman_1067
foreman_1067_CGTTGGGTCTGCTTAT	1721	5196	0.0742879137798306	7	Alternative M2	PFB	PFA2	G1	foreman_1067
foreman_1067_CTAAGTGGTCAGGAGT	1761	4890	0.126175869120654	6	DC	PFB	PFA2	G1	foreman_1067
foreman_1067_CTACAGACACCAGCGT	2392	7555	0.115552614162806	0	Microglial	PFB	PFA2	G1	foreman_1067
foreman_1067_CTACCTGAGTGTTGAA	2896	10386	0.109859426150587	0	Microglial	PFB	PFA2	G1	foreman_1067
foreman_1067_CTACGGGTCGCCATAA	2660	7279	0.0337958510784448	0	Microglial	PFB	PFA2	G1	foreman_1067
foreman_1067_CTACTATGTCAGTCTA	2070	6457	0.0873470652005575	7	Alternative M2	PFB	PFA2	G1	foreman_1067
foreman_1067_CTATAGGGTAGTTAGA	1516	4137	0.124486342760454	2	Classical M1	PFB	PFA2	S	foreman_1067
foreman_1067_CTATCCGAGCACTCAT	2617	8233	0.09218996720515	7	Alternative M2	PFB	PFA2	G1	foreman_1067
foreman_1067_CTATCCGGTCTTACTT	3851	14720	0.101426630434783	0	Microglial	PFB	PFA2	G1	foreman_1067
foreman_1067_CTATCTAAGTCATGAA	1591	3575	0.129230769230769	0	Microglial	PFB	PFA2	G2M	foreman_1067
foreman_1067_CTATCTAGTCCGTTTC	2163	5401	0.0714682466209961	0	Microglial	PFB	PFA2	G1	foreman_1067
foreman_1067_CTATCTATCACTCCGT	1347	2877	0.167188043100452	2	Classical M1	PFB	PFA2	G1	foreman_1067
foreman_1067_CTCAACCTCTCATGCC	2143	5880	0.0950680272108844	6	DC	PFB	PFA2	G1	foreman_1067
foreman_1067_CTCAATTCAGTTGAAA	1517	3171	0.128350678019552	0	Microglial	PFB	PFA2	G2M	foreman_1067
foreman_1067_CTCACTGAGGGCAGGA	1808	5572	0.0859655419956927	0	Microglial	PFB	PFA2	G2M	foreman_1067
foreman_1067_CTCACTGCATGTTCAG	1863	4979	0.117292629041976	2	Classical M1	PFB	PFA2	G1	foreman_1067
foreman_1067_CTCAGGGTCATTCCTA	1909	5068	0.0834648776637727	0	Microglial	PFB	PFA2	G1	foreman_1067
foreman_1067_CTCAGGGTCGACCTAA	1499	4393	0.212383337127248	2	Classical M1	PFB	PFA2	S	foreman_1067
foreman_1067_CTCAGTCAGCACGTCC	2338	6379	0.0849662956576266	0	Microglial	PFB	PFA2	G1	foreman_1067
foreman_1067_CTCATCGAGCTCGAAG	1657	4588	0.142981691368788	0	Microglial	PFB	PFA2	G1	foreman_1067
foreman_1067_CTCATGCTCACAAGAA	1839	4692	0.0797101449275362	0	Microglial	PFB	PFA2	G1	foreman_1067
foreman_1067_CTCATGCTCTACACAG	1728	4198	0.0943306336350643	0	Microglial	PFB	PFA2	G1	foreman_1067
foreman_1067_CTCCAACCATTACGGT	1935	5064	0.111176935229068	0	Microglial	PFB	PFA2	G1	foreman_1067
foreman_1067_CTCCAACGTTGAGAGC	2682	8670	0.10161476355248	0	Microglial	PFB	PFA2	G1	foreman_1067
foreman_1067_CTCCACACAAGATGTA	2066	6617	0.0708780414084933	0	Microglial	PFB	PFA2	G1	foreman_1067
foreman_1067_CTCCACACATAGAATG	2253	6772	0.0797401063201418	6	DC	PFB	PFA2	G1	foreman_1067
foreman_1067_CTCCATGAGGATTACA	2082	5352	0.0999626307922272	0	Microglial	PFB	PFA2	G1	foreman_1067
foreman_1067_CTCCCAAGTCTGCATA	2224	7591	0.105387959425636	6	DC	PFB	PFA2	G1	foreman_1067
foreman_1067_CTCCCAAGTGCACAAG	1704	3800	0.124736842105263	2	Classical M1	PFB	PFA2	G2M	foreman_1067
foreman_1067_CTCCCAATCGCTCATC	2485	8074	0.075798860540005	0	Microglial	PFB	PFA2	G1	foreman_1067
foreman_1067_CTCCCTCAGTAGCTCT	2597	8360	0.108492822966507	0	Microglial	PFB	PFA2	S	foreman_1067
foreman_1067_CTCCCTCGTCAAGCGA	2310	6856	0.0854725787631272	7	Alternative M2	PFB	PFA2	G1	foreman_1067
foreman_1067_CTCCGATAGCTTCATG	2746	7142	0.0817698123774853	0	Microglial	PFB	PFA2	G1	foreman_1067
foreman_1067_CTCCTCCAGTTACGTC	1945	4942	0.0910562525293404	0	Microglial	PFB	PFA2	G1	foreman_1067
foreman_1067_CTCCTCCGTAGGGAGG	1208	3379	0.0997336490085824	2	Classical M1	PFB	PFA2	G1	foreman_1067
foreman_1067_CTCCTTTTCTGCTTTA	1946	4989	0.129484866706755	0	Microglial	PFB	PFA2	G2M	foreman_1067
foreman_1067_CTCTCGAAGGGACTGT	2934	10119	0.138847712224528	0	Microglial	PFB	PFA2	G1	foreman_1067
foreman_1067_CTCTCGACACGCTATA	2417	6955	0.0875629043853343	0	Microglial	PFB	PFA2	G1	foreman_1067
foreman_1067_CTCTCGACAGTAGATA	862	1926	0.241952232606438	3	Hypoxia	PFB	PFA2	G1	foreman_1067
foreman_1067_CTCTCGAGTCCAAAGG	1502	4259	0.0953275416764499	2	Classical M1	PFB	PFA2	G1	foreman_1067
foreman_1067_CTGAATGAGGCTCTAT	1868	5405	0.208880666049954	2	Classical M1	PFB	PFA2	G1	foreman_1067
foreman_1067_CTGCAGGGTTCCGCGA	1713	4726	0.0698264917477782	0	Microglial	PFB	PFA2	G1	foreman_1067
foreman_1067_CTGCAGGTCCTAAGTG	2055	6473	0.0960914568206396	0	Microglial	PFB	PFA2	G1	foreman_1067
foreman_1067_CTGCATCGTCTGTCAA	1886	4812	0.113258520365752	0	Microglial	PFB	PFA2	G1	foreman_1067
foreman_1067_CTGCCATAGCGTGCTC	2296	6722	0.107854805117525	0	Microglial	PFB	PFA2	G1	foreman_1067
foreman_1067_CTGCGAGAGTGATGGC	1297	2994	0.123914495657983	0	Microglial	PFB	PFA2	G1	foreman_1067
foreman_1067_CTGCTCAAGCGTCTGC	2082	5397	0.102834908282379	0	Microglial	PFB	PFA2	G1	foreman_1067
foreman_1067_CTGCTCAGTCTTGAGT	988	2219	0.253267237494367	2	Classical M1	PFB	PFA2	G1	foreman_1067
foreman_1067_CTGCTCATCCGACATA	1140	2530	0.211462450592885	2	Classical M1	PFB	PFA2	S	foreman_1067
foreman_1067_CTGCTCATCGAGAGCA	2456	7249	0.101669195751138	0	Microglial	PFB	PFA2	G1	foreman_1067
foreman_1067_CTGCTCATCGGAGATG	1477	5258	0.291365538227463	7	Alternative M2	PFB	PFA2	S	foreman_1067
foreman_1067_CTGGACGAGACTCATC	2189	6931	0.134035492713894	6	DC	PFB	PFA2	S	foreman_1067
foreman_1067_CTGGACGAGCTGTTCA	2326	8079	0.14432479267236	7	Alternative M2	PFB	PFA2	G1	foreman_1067
foreman_1067_CTGGCAGGTCTAACGT	612	1131	0.294429708222812	2	Classical M1	PFB	PFA2	G1	foreman_1067
foreman_1067_CTGGCAGGTTCGAAGG	1715	4393	0.267243341679945	6	DC	PFB	PFA2	S	foreman_1067
foreman_1067_CTGGCAGTCAAGCGTT	1795	5078	0.131547853485624	0	Microglial	PFB	PFA2	G1	foreman_1067
foreman_1067_CTGGTCTGTCGCTCGA	2089	6794	0.096408595819841	0	Microglial	PFB	PFA2	S	foreman_1067
foreman_1067_CTGTACCCACCGCTGA	2518	7321	0.113645676820107	0	Microglial	PFB	PFA2	G1	foreman_1067
foreman_1067_CTGTACCGTAGAATGT	2743	9949	0.219016986631822	0	Microglial	PFB	PFA2	G1	foreman_1067
foreman_1067_CTGTAGATCAACCTCC	1809	4698	0.0955725840783312	0	Microglial	PFB	PFA2	G1	foreman_1067
foreman_1067_CTGTCGTCACTGCGAC	1693	4657	0.175434829289242	4	Mitotic	PFB	PFA2	G1	foreman_1067
foreman_1067_CTGTGAAAGGTTGGAC	1627	3900	0.126153846153846	2	Classical M1	PFB	PFA2	G1	foreman_1067
foreman_1067_CTGTGAACAGGCGTTC	2004	6461	0.0749110044884693	5	Undefined M	PFB	PFA2	G1	foreman_1067
foreman_1067_CTGTGAAGTAGGTTTC	1547	4322	0.126330402591393	2	Classical M1	PFB	PFA2	G1	foreman_1067
foreman_1067_CTGTGGGCAAGTGGTG	1881	5925	0.0881012658227848	0	Microglial	PFB	PFA2	S	foreman_1067
foreman_1067_CTGTGGGTCCGTGGTG	1666	4053	0.10140636565507	2	Classical M1	PFB	PFA2	G1	foreman_1067
foreman_1067_CTTACCGCACTGTGAT	1926	5726	0.117534055186867	6	DC	PFB	PFA2	G1	foreman_1067
foreman_1067_CTTAGGAGTTGTTGTG	2991	11788	0.102477095351205	6	DC	PFB	PFA2	G1	foreman_1067
foreman_1067_CTTCCTTTCCGCGATG	1491	4340	0.0919354838709677	2	Classical M1	PFB	PFA2	G2M	foreman_1067
foreman_1067_CTTCTAATCGGCTCTT	2302	6976	0.0960435779816514	5	Undefined M	PFB	PFA2	G1	foreman_1067
foreman_1067_CTTGATTTCGACTCCT	1455	3794	0.0983131259884027	2	Classical M1	PFB	PFA2	S	foreman_1067
foreman_1067_CTTGATTTCGAGGCAA	1611	4378	0.174052078574692	2	Classical M1	PFB	PFA2	G1	foreman_1067
foreman_1067_CTTTCGGGTTCGGGTC	1335	3359	0.0836558499553439	2	Classical M1	PFB	PFA2	S	foreman_1067
foreman_1067_GAAATGAGTCGGCCTA	2216	7454	0.0999463375368929	6	DC	PFB	PFA2	G1	foreman_1067
foreman_1067_GAACTGTGTAGATTGA	1597	3891	0.152402981238756	0	Microglial	PFB	PFA2	G1	foreman_1067
foreman_1067_GAAGCCCTCTCGGCTT	2083	5531	0.147170493581631	6	DC	PFB	PFA2	G1	foreman_1067
foreman_1067_GAAGCGAGTTTAGAGA	1759	4938	0.118469015795869	6	DC	PFB	PFA2	G1	foreman_1067
foreman_1067_GAAGCGATCCATTTCA	1821	5692	0.172171468728039	5	Undefined M	PFB	PFA2	G1	foreman_1067
foreman_1067_GAAGGACTCCTGGCTT	2370	7251	0.0875741277065232	0	Microglial	PFB	PFA2	G1	foreman_1067
foreman_1067_GAAGGACTCTGTCTCG	1847	4862	0.120320855614973	5	Undefined M	PFB	PFA2	G1	foreman_1067
foreman_1067_GAAGGGTTCGTAGCCG	2333	7506	0.128963495869971	0	Microglial	PFB	PFA2	G1	foreman_1067
foreman_1067_GAAGGGTTCTGTTGGA	1232	2700	0.0951851851851852	0	Microglial	PFB	PFA2	G1	foreman_1067
foreman_1067_GAAGTAAGTCCTTGTC	2049	5500	0.146909090909091	6	DC	PFB	PFA2	G2M	foreman_1067
foreman_1067_GAATAGACAGTGTATC	1793	6218	0.277581215825024	4	Mitotic	PFB	PFA2	G1	foreman_1067
foreman_1067_GAATCACGTCACAATC	2394	8141	0.107112148384719	6	DC	PFB	PFA2	S	foreman_1067
foreman_1067_GAATCGTAGATGAAGG	1297	2658	0.156132430398796	2	Classical M1	PFB	PFA2	G2M	foreman_1067
foreman_1067_GACAGCCTCAGAGTGG	1903	5771	0.244325073644082	5	Undefined M	PFB	PFA2	S	foreman_1067
foreman_1067_GACATCAAGACTGAGC	2034	6643	0.0993527020924281	6	DC	PFB	PFA2	S	foreman_1067
foreman_1067_GACATCACAATACGAA	2439	9254	0.0758590879619624	6	DC	PFB	PFA2	G1	foreman_1067
foreman_1067_GACATCAGTGTTAACC	1332	3119	0.203590894517474	0	Microglial	PFB	PFA2	G1	foreman_1067
foreman_1067_GACCAATTCTTGGTGA	2349	6139	0.139110604332953	5	Undefined M	PFB	PFA2	G2M	foreman_1067
foreman_1067_GACCCAGGTTCAACGT	1917	4868	0.139276910435497	5	Undefined M	PFB	PFA2	G1	foreman_1067
foreman_1067_GACCCTTCAAGGCAAC	1934	5799	0.103121227797896	6	DC	PFB	PFA2	S	foreman_1067
foreman_1067_GACGCTGTCTGATGGT	1841	5186	0.167566525260316	0	Microglial	PFB	PFA2	G1	foreman_1067
foreman_1067_GACGTTACAAAGGCAC	1958	5207	0.186479738813136	0	Microglial	PFB	PFA2	G1	foreman_1067
foreman_1067_GACGTTAGTCGTTGGC	2911	10190	0.104514229636899	0	Microglial	PFB	PFA2	G1	foreman_1067
foreman_1067_GACTATGCAGCTGTGC	1797	5162	0.0554048818287485	0	Microglial	PFB	PFA2	G1	foreman_1067
foreman_1067_GACTATGTCGAGAGCA	1887	6472	0.273485784919654	6	DC	PFB	PFA2	G1	foreman_1067
foreman_1067_GACTCAAAGGTGCGAT	1355	3392	0.13060141509434	6	DC	PFB	PFA2	S	foreman_1067
foreman_1067_GACTCAATCCCAGGAC	1931	5462	0.107103625045771	0	Microglial	PFB	PFA2	S	foreman_1067
foreman_1067_GAGAAATAGACGGTCA	1801	4430	0.0900677200902935	0	Microglial	PFB	PFA2	G1	foreman_1067
foreman_1067_GAGACCCGTCCCTCAT	1628	3794	0.0906694781233527	0	Microglial	PFB	PFA2	S	foreman_1067
foreman_1067_GAGACCCTCTACGGGC	2115	7305	0.103490759753593	2	Classical M1	PFB	PFA2	S	foreman_1067
foreman_1067_GAGACTTAGTGGCAGT	919	1872	0.0705128205128205	2	Classical M1	PFB	PFA2	G1	foreman_1067
foreman_1067_GAGATGGAGTTCTCTT	3010	11024	0.0987844702467344	5	Undefined M	PFB	PFA2	S	foreman_1067
foreman_1067_GAGGCCTCACCTCTGT	759	1804	0.28159645232816	7	Alternative M2	PFB	PFA2	G2M	foreman_1067
foreman_1067_GAGGCCTCAGCTACAT	2657	8292	0.0870718765074771	7	Alternative M2	PFB	PFA2	S	foreman_1067
foreman_1067_GAGGCCTTCCGATGCG	1963	5522	0.118254255704455	0	Microglial	PFB	PFA2	G1	foreman_1067
foreman_1067_GAGTGAGAGGGCAGGA	1890	5356	0.142270351008215	0	Microglial	PFB	PFA2	G1	foreman_1067
foreman_1067_GAGTGTTAGTCAGAGC	1553	3765	0.200796812749004	3	Hypoxia	PFB	PFA2	G2M	foreman_1067
foreman_1067_GAGTGTTGTTTACTTC	1257	2986	0.236771600803751	0	Microglial	PFB	PFA2	G2M	foreman_1067
foreman_1067_GAGTTACGTGCGGATA	1554	4617	0.154212692224388	2	Classical M1	PFB	PFA2	G1	foreman_1067
foreman_1067_GAGTTACGTGTTCATG	1781	5220	0.144252873563218	0	Microglial	PFB	PFA2	G1	foreman_1067
foreman_1067_GAGTTGTCAGGTTTAC	2189	7617	0.211369305500853	5	Undefined M	PFB	PFA2	G1	foreman_1067
foreman_1067_GAGTTTGAGCTGAAGC	1628	4242	0.13955681282414	0	Microglial	PFB	PFA2	G1	foreman_1067
foreman_1067_GAGTTTGCACGTAGTT	1999	6349	0.134194361316743	6	DC	PFB	PFA2	G1	foreman_1067
foreman_1067_GATAGAACATCTAACG	1805	4949	0.12527783390584	0	Microglial	PFB	PFA2	G1	foreman_1067
foreman_1067_GATAGCTCAAACCGGA	1971	5001	0.0849830033993201	0	Microglial	PFB	PFA2	G1	foreman_1067
foreman_1067_GATAGCTGTCTACTGA	1357	3375	0.112	0	Microglial	PFB	PFA2	S	foreman_1067
foreman_1067_GATCACATCTGATGGT	1618	4584	0.12260034904014	6	DC	PFB	PFA2	G1	foreman_1067
foreman_1067_GATCAGTTCTCTGGTC	1719	4475	0.108379888268156	0	Microglial	PFB	PFA2	G1	foreman_1067
foreman_1067_GATCATGAGGGTTTCT	712	1488	0.0833333333333333	0	Microglial	PFB	PFA2	S	foreman_1067
foreman_1067_GATCATGGTAACATCC	1638	4461	0.254427258462228	0	Microglial	PFB	PFA2	G1	foreman_1067
foreman_1067_GATCATGTCCACACCT	1478	3961	0.085331986872002	7	Alternative M2	PFB	PFA2	G1	foreman_1067
foreman_1067_GATCGTAAGCGCTGCT	667	1493	0.244474212993972	2	Classical M1	PFB	PFA2	G2M	foreman_1067
foreman_1067_GATGACTAGCGACTGA	1583	4070	0.0982800982800983	0	Microglial	PFB	PFA2	G1	foreman_1067
foreman_1067_GATGAGGGTGAACGGT	1640	4938	0.104900769542325	0	Microglial	PFB	PFA2	S	foreman_1067
foreman_1067_GATGAGGGTTAGGGTG	2312	8149	0.217572708307768	5	Undefined M	PFB	PFA2	G1	foreman_1067
foreman_1067_GATGATCGTACAAGTA	1108	2796	0.0951359084406295	2	Classical M1	PFB	PFA2	G1	foreman_1067
foreman_1067_GATGCTAGTGGCTACC	1759	4779	0.155681104833647	7	Alternative M2	PFB	PFA2	G1	foreman_1067
foreman_1067_GATGCTATCAGGAAAT	1861	5482	0.107077708865378	0	Microglial	PFB	PFA2	G1	foreman_1067
foreman_1067_GATGTTGCATTCCTCG	1642	5081	0.127140326707341	2	Classical M1	PFB	PFA2	G1	foreman_1067
foreman_1067_GATGTTGGTCGTGGTC	1817	4114	0.08458920758386	0	Microglial	PFB	PFA2	G1	foreman_1067
foreman_1067_GATTCGATCCTCTCGA	2454	7330	0.100682128240109	0	Microglial	PFB	PFA2	G1	foreman_1067
foreman_1067_GATTCTTAGCGCCTCA	1710	4703	0.106102487773761	0	Microglial	PFB	PFA2	G1	foreman_1067
foreman_1067_GATTGGTTCGAGAAAT	1683	4477	0.12486039758767	6	DC	PFB	PFA2	S	foreman_1067
foreman_1067_GCAACCGCAAAGGTTA	1219	2539	0.275699094131548	3	Hypoxia	PFB	PFA2	S	foreman_1067
foreman_1067_GCACATAGTAGTTCCA	3047	11021	0.111968060974503	6	DC	PFB	PFA2	G1	foreman_1067
foreman_1067_GCACGTGAGACATACA	1972	5610	0.133689839572193	0	Microglial	PFB	PFA2	G1	foreman_1067
foreman_1067_GCACGTGAGTGGTTAA	3384	11337	0.132310134956338	4	Mitotic	PFB	PFA2	S	foreman_1067
foreman_1067_GCAGCTGAGATCCAAA	1897	5491	0.102349298852668	2	Classical M1	PFB	PFA2	G1	foreman_1067
foreman_1067_GCAGGCTAGATAGGGA	1842	5846	0.0880944235374615	0	Microglial	PFB	PFA2	G1	foreman_1067
foreman_1067_GCATCGGAGATAGCTA	1673	4611	0.160052049446975	0	Microglial	PFB	PFA2	G1	foreman_1067
foreman_1067_GCATCTCTCATACAGC	2170	8015	0.215221459762944	6	DC	PFB	PFA2	G1	foreman_1067
foreman_1067_GCATCTCTCCCGAGGT	3205	10914	0.11095840205241	0	Microglial	PFB	PFA2	G1	foreman_1067
foreman_1067_GCATCTCTCTCTGCTG	1887	5154	0.136204889406286	0	Microglial	PFB	PFA2	G1	foreman_1067
foreman_1067_GCATTAGTCGCCGAAC	2450	7451	0.093544490672393	0	Microglial	PFB	PFA2	G1	foreman_1067
foreman_1067_GCCAGCAGTTCTAACG	1653	4504	0.135435168738899	0	Microglial	PFB	PFA2	G1	foreman_1067
foreman_1067_GCCAGGTGTGAGAGGG	1475	4732	0.27345731191885	4	Mitotic	PFB	PFA2	G1	foreman_1067
foreman_1067_GCCAGTGAGGCGCTCT	2715	8751	0.120443377899669	5	Undefined M	PFB	PFA2	G1	foreman_1067
foreman_1067_GCCAGTGTCCGTGCGA	1816	4648	0.157917383820998	0	Microglial	PFB	PFA2	G1	foreman_1067
foreman_1067_GCCATGGCACAGAAGC	2904	9354	0.105516356638871	0	Microglial	PFB	PFA2	G1	foreman_1067
foreman_1067_GCCATTCTCGCCACTT	530	1256	0.269904458598726	2	Classical M1	PFB	PFA2	G1	foreman_1067
foreman_1067_GCCCAGAAGGGTATAT	1983	6035	0.131234465617233	0	Microglial	PFB	PFA2	G1	foreman_1067
foreman_1067_GCCCAGATCTGTCAGA	1458	4416	0.107789855072464	2	Classical M1	PFB	PFA2	G1	foreman_1067
foreman_1067_GCCCGAACAAGAATGT	1789	6069	0.208271543911682	3	Hypoxia	PFB	PFA2	G1	foreman_1067
foreman_1067_GCCCGAAGTACGAGTG	1664	4763	0.092378752886836	0	Microglial	PFB	PFA2	G1	foreman_1067
foreman_1067_GCCCGAAGTTCGTACA	1663	4456	0.109739676840215	6	DC	PFB	PFA2	S	foreman_1067
foreman_1067_GCCCGAATCGGATAAA	1819	4619	0.143754059320199	0	Microglial	PFB	PFA2	G1	foreman_1067
foreman_1067_GCCGATGGTATCCCTC	1808	4518	0.0858787073926516	0	Microglial	PFB	PFA2	G1	foreman_1067
foreman_1067_GCCGATGGTCAAATCC	1798	5061	0.0993874728314562	0	Microglial	PFB	PFA2	G1	foreman_1067
foreman_1067_GCCGATGTCCGATCGG	3426	14002	0.107341808313098	6	DC	PFB	PFA2	G1	foreman_1067
foreman_1067_GCCGTGAAGCCAAGCA	765	1274	0.0863422291993721	2	Classical M1	PFB	PFA2	G2M	foreman_1067
foreman_1067_GCCTGTTGTGACCTGC	1816	4990	0.145090180360721	0	Microglial	PFB	PFA2	G1	foreman_1067
foreman_1067_GCGAGAAGTGGGCTCT	2024	6137	0.135082287762751	6	DC	PFB	PFA2	S	foreman_1067
foreman_1067_GCGATCGCAACTCGTA	1874	5818	0.088518391199725	0	Microglial	PFB	PFA2	G1	foreman_1067
foreman_1067_GCGGAAACATCCGGCA	1812	5023	0.174198686044197	6	DC	PFB	PFA2	S	foreman_1067
foreman_1067_GCGGATCAGATGAAGG	1521	4702	0.100595491280306	6	DC	PFB	PFA2	S	foreman_1067
foreman_1067_GCGGATCCACCCTATC	1909	5855	0.222203245089667	3	Hypoxia	PFB	PFA2	S	foreman_1067
foreman_1067_GCGGATCTCGACCATA	2030	5063	0.098953189808414	0	Microglial	PFB	PFA2	G1	foreman_1067
foreman_1067_GCGTGCACATCATGAC	2627	8255	0.0920654149000606	5	Undefined M	PFB	PFA2	G1	foreman_1067
foreman_1067_GCGTGCATCTCTAGGA	1798	5357	0.122269927198059	5	Undefined M	PFB	PFA2	G1	foreman_1067
foreman_1067_GCGTGCATCTTTCCAA	2170	6835	0.0912948061448427	6	DC	PFB	PFA2	G1	foreman_1067
foreman_1067_GCGTTTCCATCATTGG	1218	3297	0.104337276311799	0	Microglial	PFB	PFA2	S	foreman_1067
foreman_1067_GCTACAATCGGAAACG	1973	5824	0.191620879120879	2	Classical M1	PFB	PFA2	G1	foreman_1067
foreman_1067_GCTCAAAAGCCTGAGA	1949	5500	0.0943636363636364	6	DC	PFB	PFA2	G1	foreman_1067
foreman_1067_GCTCAAAAGGGAGGAC	2171	6085	0.141824157764996	5	Undefined M	PFB	PFA2	G1	foreman_1067
foreman_1067_GCTCAAAGTCTTGAAC	1677	4187	0.0331979937903033	0	Microglial	PFB	PFA2	S	foreman_1067
foreman_1067_GCTGAATAGAGAGTTT	1965	5477	0.119225853569472	0	Microglial	PFB	PFA2	G1	foreman_1067
foreman_1067_GCTGAATTCTACGGTA	1875	5307	0.172790653853401	7	Alternative M2	PFB	PFA2	G1	foreman_1067
foreman_1067_GCTGCAGAGCGCTTCG	1559	2867	0.0523194977328218	7	Alternative M2	PFB	PFA2	G1	foreman_1067
foreman_1067_GCTGCAGAGTGATTCC	968	2818	0.123846699787083	2	Classical M1	PFB	PFA2	S	foreman_1067
foreman_1067_GCTGCAGTCCTTACCG	2736	9126	0.120644312952005	7	Alternative M2	PFB	PFA2	G1	foreman_1067
foreman_1067_GCTTGGGCATGCACTA	1467	3219	0.194780987884436	0	Microglial	PFB	PFA2	G1	foreman_1067
foreman_1067_GCTTTCGAGAACTTCC	1827	4425	0.104180790960452	0	Microglial	PFB	PFA2	G1	foreman_1067
foreman_1067_GCTTTCGAGTGATTCC	2261	6774	0.12356067316209	5	Undefined M	PFB	PFA2	S	foreman_1067
foreman_1067_GCTTTCGGTTCACCGG	1632	3978	0.112116641528406	6	DC	PFB	PFA2	G1	foreman_1067
foreman_1067_GGAAGTGTCAGACCTA	2489	7931	0.136931030134914	0	Microglial	PFB	PFA2	G1	foreman_1067
foreman_1067_GGAGAACTCAATGTCG	1302	3297	0.119199272065514	2	Classical M1	PFB	PFA2	S	foreman_1067
foreman_1067_GGAGATGCAAAGGATT	1563	4468	0.10183527305282	6	DC	PFB	PFA2	S	foreman_1067
foreman_1067_GGAGATGTCTTCCCAG	1889	5132	0.083203429462198	2	Classical M1	PFB	PFA2	G1	foreman_1067
foreman_1067_GGAGCAAAGTTCTACG	3307	11763	0.175210405508799	4	Mitotic	PFB	PFA2	S	foreman_1067
foreman_1067_GGAGCAACATCAGCAT	696	1781	0.295901179112858	2	Classical M1	PFB	PFA2	G1	foreman_1067
foreman_1067_GGAGGATCAATTGCCA	2260	6618	0.0746449078271381	0	Microglial	PFB	PFA2	S	foreman_1067
foreman_1067_GGAGGATCAGTGGTGA	3799	15732	0.12001017035342	0	Microglial	PFB	PFA2	G1	foreman_1067
foreman_1067_GGATGTTGTAGGAGGG	1496	3789	0.0997624703087886	6	DC	PFB	PFA2	G1	foreman_1067
foreman_1067_GGCACGTCAGTCGTTA	1769	4905	0.110907237512742	0	Microglial	PFB	PFA2	S	foreman_1067
foreman_1067_GGCAGTCTCGGCTGGT	1732	5161	0.135245107537299	2	Classical M1	PFB	PFA2	G1	foreman_1067
foreman_1067_GGCGTCAAGAAAGTCT	1453	4236	0.161945231350331	2	Classical M1	PFB	PFA2	G1	foreman_1067
foreman_1067_GGCGTCACAGTCCGTG	1847	5858	0.140491635370434	6	DC	PFB	PFA2	G1	foreman_1067
foreman_1067_GGGAAGTGTCGATTCA	1894	4283	0.0943264067242587	0	Microglial	PFB	PFA2	G1	foreman_1067
foreman_1067_GGGAAGTTCGCCTTTG	1286	3652	0.127053669222344	2	Classical M1	PFB	PFA2	G1	foreman_1067
foreman_1067_GGGACCTTCGTAGGGA	1953	5580	0.131720430107527	6	DC	PFB	PFA2	S	foreman_1067
foreman_1067_GGGACTCGTTGTCTAG	2022	5268	0.116173120728929	5	Undefined M	PFB	PFA2	G1	foreman_1067
foreman_1067_GGGACTCTCAAATAGG	1480	3864	0.108954451345756	2	Classical M1	PFB	PFA2	S	foreman_1067
foreman_1067_GGGAGTAAGGAACTAT	1782	5076	0.104215918045705	0	Microglial	PFB	PFA2	G1	foreman_1067
foreman_1067_GGGCCATGTAACCAGG	1871	5112	0.112284820031299	7	Alternative M2	PFB	PFA2	S	foreman_1067
foreman_1067_GGGCTACAGGACAGTC	1944	5507	0.101688759760305	2	Classical M1	PFB	PFA2	G1	foreman_1067
foreman_1067_GGGCTACAGGTCATTC	1743	4970	0.107042253521127	6	DC	PFB	PFA2	S	foreman_1067
foreman_1067_GGGCTACGTTGGGCCT	1486	3996	0.155655655655656	2	Classical M1	PFB	PFA2	G1	foreman_1067
foreman_1067_GGGTCACAGGGCCCTT	1955	5480	0.0755474452554745	7	Alternative M2	PFB	PFA2	S	foreman_1067
foreman_1067_GGGTGTCCAGCCCACA	1426	3694	0.109366540335679	0	Microglial	PFB	PFA2	G1	foreman_1067
foreman_1067_GGGTTATGTGGATCGA	1530	4473	0.136150234741784	2	Classical M1	PFB	PFA2	G1	foreman_1067
foreman_1067_GGTAACTAGTCCCGAC	2079	6155	0.0997562956945573	0	Microglial	PFB	PFA2	G1	foreman_1067
foreman_1067_GGTAACTCATCTCCCA	2079	5605	0.0915254237288136	7	Alternative M2	PFB	PFA2	S	foreman_1067
foreman_1067_GGTAACTTCCTGCCAT	2511	7491	0.0963823254572153	7	Alternative M2	PFB	PFA2	G1	foreman_1067
foreman_1067_GGTAATCCAGTTACCA	2221	7296	0.112527412280702	0	Microglial	PFB	PFA2	G1	foreman_1067
foreman_1067_GGTAGAGCACACTTAG	1957	5292	0.139644746787604	0	Microglial	PFB	PFA2	G1	foreman_1067
foreman_1067_GGTAGAGTCCTCACTG	1772	4059	0.0862281350086228	7	Alternative M2	PFB	PFA2	G1	foreman_1067
foreman_1067_GGTCTGGGTCTTAGTG	2719	9168	0.0923865619546248	0	Microglial	PFB	PFA2	G1	foreman_1067
foreman_1067_GGTGATTCAAATAGCA	1482	4008	0.150948103792415	7	Alternative M2	PFB	PFA2	G1	foreman_1067
foreman_1067_GGTGATTCATCCTTGC	1765	4669	0.113514671235811	0	Microglial	PFB	PFA2	G1	foreman_1067
foreman_1067_GGTGATTTCGTGGTAT	1706	5124	0.0954332552693208	0	Microglial	PFB	PFA2	G1	foreman_1067
foreman_1067_GGTGTCGGTGTGTACT	1895	6093	0.121286722468406	6	DC	PFB	PFA2	S	foreman_1067
foreman_1067_GGTGTCGTCCAGTACA	1909	6074	0.122160026341785	7	Alternative M2	PFB	PFA2	G1	foreman_1067
foreman_1067_GGTGTTAAGACTTCGT	2681	8539	0.118163719405083	0	Microglial	PFB	PFA2	S	foreman_1067
foreman_1067_GGTGTTAAGGTGCAGT	1946	6027	0.116144018583043	5	Undefined M	PFB	PFA2	G1	foreman_1067
foreman_1067_GGTTGTAAGAAATTCG	989	2136	0.111423220973783	0	Microglial	PFB	PFA2	G1	foreman_1067
foreman_1067_GGTTGTACAACCGGAA	3163	11884	0.119572534500168	6	DC	PFB	PFA2	G1	foreman_1067
foreman_1067_GGTTGTACAACCTATG	1603	4068	0.0843166175024582	0	Microglial	PFB	PFA2	S	foreman_1067
foreman_1067_GTAACACCATATGGCT	1401	3132	0.14272030651341	0	Microglial	PFB	PFA2	S	foreman_1067
foreman_1067_GTAACCAAGATGTAGT	1621	4345	0.143843498273878	7	Alternative M2	PFB	PFA2	G2M	foreman_1067
foreman_1067_GTAACCAAGCCGTTAT	2717	9406	0.0983414841590474	6	DC	PFB	PFA2	G1	foreman_1067
foreman_1067_GTAACCAGTACTGGGA	625	1153	0.0806591500433651	2	Classical M1	PFB	PFA2	S	foreman_1067
foreman_1067_GTAAGTCTCACTGGGC	3334	12323	0.10549379209608	6	DC	PFB	PFA2	G1	foreman_1067
foreman_1067_GTAATCGCAGCTGGTC	2160	6307	0.108450927540828	0	Microglial	PFB	PFA2	G1	foreman_1067
foreman_1067_GTACAGTAGCCTTGAT	2405	6523	0.128161888701518	0	Microglial	PFB	PFA2	S	foreman_1067
foreman_1067_GTAGAAAAGCAACAAT	1677	4867	0.143003903842203	7	Alternative M2	PFB	PFA2	S	foreman_1067
foreman_1067_GTAGAAAAGTTAGTAG	1560	4662	0.111111111111111	6	DC	PFB	PFA2	G1	foreman_1067
foreman_1067_GTAGAAACAGGCCTGT	1248	2864	0.285963687150838	2	Classical M1	PFB	PFA2	G1	foreman_1067
foreman_1067_GTAGAAAGTCGTTATG	2089	5970	0.0927973199329983	6	DC	PFB	PFA2	G1	foreman_1067
foreman_1067_GTAGAGGAGGAAGTAG	518	1096	0.297445255474453	2	Classical M1	PFB	PFA2	G1	foreman_1067
foreman_1067_GTAGAGGTCCTTCTGG	3164	10936	0.0804681784930505	0	Microglial	PFB	PFA2	G1	foreman_1067
foreman_1067_GTAGATCGTTATGACC	2361	7549	0.0875612663928997	7	Alternative M2	PFB	PFA2	G1	foreman_1067
foreman_1067_GTAGATCTCCACCTGT	1354	3311	0.132588341890667	0	Microglial	PFB	PFA2	G1	foreman_1067
foreman_1067_GTAGCTACAGTCTTCC	1956	5894	0.0751611808618935	0	Microglial	PFB	PFA2	G1	foreman_1067
foreman_1067_GTAGGTTAGACTGAGC	2765	8395	0.101608100059559	5	Undefined M	PFB	PFA2	G1	foreman_1067
foreman_1067_GTAGGTTTCCGATGTA	1585	5556	0.0849532037437005	2	Classical M1	PFB	PFA2	G1	foreman_1067
foreman_1067_GTATTGGGTAGAGCTG	1418	4038	0.103021297672115	6	DC	PFB	PFA2	G2M	foreman_1067
foreman_1067_GTATTTCAGAGGTCGT	1569	5057	0.0757366027288906	2	Classical M1	PFB	PFA2	G1	foreman_1067
foreman_1067_GTCAAACAGCATACTC	1264	3437	0.266220541169625	2	Classical M1	PFB	PFA2	G1	foreman_1067
foreman_1067_GTCAAACGTCACTCAA	2626	8726	0.108640843456337	0	Microglial	PFB	PFA2	G1	foreman_1067
foreman_1067_GTCAAGTAGCTCACTA	704	1366	0.28696925329429	2	Classical M1	PFB	PFA2	G1	foreman_1067
foreman_1067_GTCAAGTCAGTGTGCC	737	1380	0.138405797101449	2	Classical M1	PFB	PFA2	G1	foreman_1067
foreman_1067_GTCAAGTGTATGGGAC	2247	6652	0.104630186410102	0	Microglial	PFB	PFA2	G1	foreman_1067
foreman_1067_GTCAAGTGTCAATGGG	1935	5168	0.0986842105263158	0	Microglial	PFB	PFA2	G1	foreman_1067
foreman_1067_GTCACGGTCAATCCAG	1713	5062	0.110035559067562	6	DC	PFB	PFA2	S	foreman_1067
foreman_1067_GTCACTCGTGTTGAGG	1779	4511	0.12347594768344	0	Microglial	PFB	PFA2	G2M	foreman_1067
foreman_1067_GTCAGCGAGATTAGCA	2607	8093	0.116520449771407	0	Microglial	PFB	PFA2	G1	foreman_1067
foreman_1067_GTCAGCGAGCATGAAT	2003	6808	0.169212690951821	7	Alternative M2	PFB	PFA2	S	foreman_1067
foreman_1067_GTCAGCGGTACCGGCT	991	2163	0.175219602404068	2	Classical M1	PFB	PFA2	G1	foreman_1067
foreman_1067_GTCAGCGTCTCCTGCA	1066	3031	0.288023754536457	2	Classical M1	PFB	PFA2	G1	foreman_1067
foreman_1067_GTCATCCAGTGGTTGG	1554	3946	0.0968068930562595	0	Microglial	PFB	PFA2	S	foreman_1067
foreman_1067_GTCATCCTCATTCATC	2021	5617	0.0792237849385793	6	DC	PFB	PFA2	G1	foreman_1067
foreman_1067_GTCATGAAGCATCCTA	2078	6274	0.102327064073956	0	Microglial	PFB	PFA2	G1	foreman_1067
foreman_1067_GTCCTCAGTCTCTCAC	2055	6082	0.0951989477145676	0	Microglial	PFB	PFA2	G1	foreman_1067
foreman_1067_GTCGAATCAGCACGAA	1631	4397	0.1143961792131	2	Classical M1	PFB	PFA2	S	foreman_1067
foreman_1067_GTCGAATCAGTCACGC	4308	18139	0.112078945917636	5	Undefined M	PFB	PFA2	G1	foreman_1067
foreman_1067_GTCGAATGTCCAGGTC	614	1347	0.201187824795843	2	Classical M1	PFB	PFA2	G1	foreman_1067
foreman_1067_GTCGAATGTCTGATCA	1948	5869	0.105810189129324	5	Undefined M	PFB	PFA2	G1	foreman_1067
foreman_1067_GTCGTAACATCGGAAG	1107	2622	0.130816170861937	2	Classical M1	PFB	PFA2	G1	foreman_1067
foreman_1067_GTCGTAATCAACTCTT	1499	3893	0.0747495504752119	2	Classical M1	PFB	PFA2	G1	foreman_1067
foreman_1067_GTCGTTCAGAGCATCG	818	1658	0.168878166465621	2	Classical M1	PFB	PFA2	G1	foreman_1067
foreman_1067_GTCGTTCTCCGCTTAC	1135	2519	0.0944819372766971	2	Classical M1	PFB	PFA2	G1	foreman_1067
foreman_1067_GTCTAGATCACGACTA	1856	5182	0.0812427634118101	6	DC	PFB	PFA2	G1	foreman_1067
foreman_1067_GTCTTTACAAATCGTC	1193	2585	0.126499032882012	2	Classical M1	PFB	PFA2	S	foreman_1067
foreman_1067_GTCTTTAGTCATGACT	2634	8005	0.09631480324797	0	Microglial	PFB	PFA2	S	foreman_1067
foreman_1067_GTCTTTATCGCACGGT	1739	4069	0.115753256328336	0	Microglial	PFB	PFA2	G2M	foreman_1067
foreman_1067_GTGACGCTCACCTACC	710	1809	0.0834715312327253	2	Classical M1	PFB	PFA2	G1	foreman_1067
foreman_1067_GTGACGCTCCATCACC	1708	4720	0.121186440677966	0	Microglial	PFB	PFA2	G1	foreman_1067
foreman_1067_GTGAGCCAGCTGTGCC	2638	9000	0.109222222222222	0	Microglial	PFB	PFA2	G1	foreman_1067
foreman_1067_GTGAGGAGTGGTAATA	1532	4186	0.0769230769230769	0	Microglial	PFB	PFA2	G1	foreman_1067
foreman_1067_GTGAGTTGTCTACAAC	1041	2196	0.0564663023679417	2	Classical M1	PFB	PFA2	G1	foreman_1067
foreman_1067_GTGAGTTTCACCGCTT	1086	2818	0.0422285308729595	2	Classical M1	PFB	PFA2	G2M	foreman_1067
foreman_1067_GTGCACGTCGTACCTC	2188	6000	0.109833333333333	0	Microglial	PFB	PFA2	G1	foreman_1067
foreman_1067_GTGCGTGAGACCATTC	2033	5386	0.105644262903825	0	Microglial	PFB	PFA2	G1	foreman_1067
foreman_1067_GTGGGAAAGGACATCG	3351	13058	0.167560116403737	0	Microglial	PFB	PFA2	G1	foreman_1067
foreman_1067_GTGTAACAGCCGCTTG	2054	6839	0.112735780084808	0	Microglial	PFB	PFA2	S	foreman_1067
foreman_1067_GTGTAACAGTATGGCG	1968	5139	0.1054679898813	0	Microglial	PFB	PFA2	G1	foreman_1067
foreman_1067_GTGTCCTCACTCCGGA	1521	3576	0.22427293064877	3	Hypoxia	PFB	PFA2	G1	foreman_1067
foreman_1067_GTGTCCTGTGTTAGCT	1134	2208	0.153079710144928	0	Microglial	PFB	PFA2	S	foreman_1067
foreman_1067_GTGTTAGAGAGCCGAT	1549	3442	0.0755374782103428	0	Microglial	PFB	PFA2	G1	foreman_1067
foreman_1067_GTGTTAGTCGCGATCG	1656	3802	0.132824829037349	0	Microglial	PFB	PFA2	G1	foreman_1067
foreman_1067_GTGTTCCAGCCTTTCC	1493	4169	0.106980091148957	3	Hypoxia	PFB	PFA2	G1	foreman_1067
foreman_1067_GTGTTCCTCATGCCAA	1222	3061	0.157464880757922	2	Classical M1	PFB	PFA2	G1	foreman_1067
foreman_1067_GTTACAGTCCAAAGGG	1289	3234	0.188311688311688	2	Classical M1	PFB	PFA2	G1	foreman_1067
foreman_1067_GTTACGAAGCACTCGC	1958	4952	0.138529886914378	4	Mitotic	PFB	PFA2	S	foreman_1067
foreman_1067_GTTACGAAGCAGTAAT	2224	6518	0.148665234734581	0	Microglial	PFB	PFA2	S	foreman_1067
foreman_1067_GTTACGAGTTGCCGCA	1835	5694	0.227432384966632	2	Classical M1	PFB	PFA2	G1	foreman_1067
foreman_1067_GTTAGTGGTTGCTCAA	937	2143	0.10965935604293	2	Classical M1	PFB	PFA2	G1	foreman_1067
foreman_1067_GTTAGTGTCGCCCAGA	1562	4405	0.108740068104427	2	Classical M1	PFB	PFA2	G1	foreman_1067
foreman_1067_GTTATGGAGCGCCCAT	2378	8189	0.0214922456954451	0	Microglial	PFB	PFA2	G1	foreman_1067
foreman_1067_GTTATGGTCCCGTTCA	1691	4746	0.131268436578171	0	Microglial	PFB	PFA2	G1	foreman_1067
foreman_1067_GTTCATTAGGTCGACA	2387	7923	0.226808027262401	4	Mitotic	PFB	PFA2	S	foreman_1067
foreman_1067_GTTCATTGTTTACGTG	1616	4494	0.113484646194927	7	Alternative M2	PFB	PFA2	G1	foreman_1067
foreman_1067_GTTCATTTCTGAGGTT	2111	6069	0.104794859120119	0	Microglial	PFB	PFA2	G1	foreman_1067
foreman_1067_GTTCCGTTCGAGTTGT	2049	5632	0.09375	0	Microglial	PFB	PFA2	G1	foreman_1067
foreman_1067_GTTCGCTAGACTACGG	1926	5203	0.119546415529502	0	Microglial	PFB	PFA2	G1	foreman_1067
foreman_1067_GTTCGCTTCCTCTAAT	3939	13475	0.0746567717996289	5	Undefined M	PFB	PFA2	G1	foreman_1067
foreman_1067_GTTGAACCACTGAGTT	2146	7052	0.116137266023823	0	Microglial	PFB	PFA2	G1	foreman_1067
foreman_1067_GTTGCGGGTCGATTAC	2229	7079	0.110326317276451	6	DC	PFB	PFA2	S	foreman_1067
foreman_1067_GTTGCTCGTAGCACGA	1667	4477	0.0844315389769935	0	Microglial	PFB	PFA2	G1	foreman_1067
foreman_1067_GTTGTAGTCCTTCACG	1979	5854	0.139050222070379	0	Microglial	PFB	PFA2	S	foreman_1067
foreman_1067_GTTGTCCCAGTGTGCC	3340	12831	0.111526771101239	0	Microglial	PFB	PFA2	G1	foreman_1067
foreman_1067_GTTGTGAGTACCCGCA	1824	5504	0.111191860465116	0	Microglial	PFB	PFA2	G1	foreman_1067
foreman_1067_GTTGTGAGTCATAGTC	2941	9234	0.120424518085337	0	Microglial	PFB	PFA2	G1	foreman_1067
foreman_1067_GTTGTGATCCCATAGA	1720	6060	0.18019801980198	5	Undefined M	PFB	PFA2	G1	foreman_1067
foreman_1067_TAACGACCACTCCGAG	2117	6488	0.110049321824908	6	DC	PFB	PFA2	G1	foreman_1067
foreman_1067_TAACGACGTGAATAAC	1765	4975	0.121608040201005	7	Alternative M2	PFB	PFA2	S	foreman_1067
foreman_1067_TAACTTCTCCAGTGCG	2203	4939	0.0848349868394412	7	Alternative M2	PFB	PFA2	G1	foreman_1067
foreman_1067_TAAGCCAAGCAGGCAT	2472	7224	0.101190476190476	0	Microglial	PFB	PFA2	G2M	foreman_1067
foreman_1067_TAAGCCAGTGAACTAA	1839	6315	0.138558986539984	6	DC	PFB	PFA2	G1	foreman_1067
foreman_1067_TAAGCGTCACGGTGTC	2336	7257	0.11437233016398	6	DC	PFB	PFA2	G1	foreman_1067
foreman_1067_TAAGCGTTCGTCAACA	885	1996	0.148797595190381	2	Classical M1	PFB	PFA2	G2M	foreman_1067
foreman_1067_TAAGTCGGTGTGAGCA	1652	4989	0.138705151332932	2	Classical M1	PFB	PFA2	G1	foreman_1067
foreman_1067_TAATCTCCAATCTCTT	2407	6787	0.164874023869162	0	Microglial	PFB	PFA2	G1	foreman_1067
foreman_1067_TAATCTCTCCACGGAC	1978	5170	0.0856866537717602	0	Microglial	PFB	PFA2	S	foreman_1067
foreman_1067_TAATCTCTCCTATTGT	2419	6801	0.0932215850610204	0	Microglial	PFB	PFA2	G1	foreman_1067
foreman_1067_TACAACGAGACTCCGC	2243	6648	0.0932611311672683	0	Microglial	PFB	PFA2	G1	foreman_1067
foreman_1067_TACAGGTCAGATTTCG	2112	7731	0.160910619583495	6	DC	PFB	PFA2	G1	foreman_1067
foreman_1067_TACAGGTCAGTTGCGC	1917	5918	0.121155795876985	0	Microglial	PFB	PFA2	G1	foreman_1067
foreman_1067_TACAGGTGTCCCGCAA	2296	6617	0.118784947861569	6	DC	PFB	PFA2	G1	foreman_1067
foreman_1067_TACATTCTCGATCCCT	2021	4838	0.113683340223233	0	Microglial	PFB	PFA2	S	foreman_1067
foreman_1067_TACCCACCACCATAAC	5169	22884	0.137956650935151	5	Undefined M	PFB	PFA2	S	foreman_1067
foreman_1067_TACCCGTTCCATCAGA	3436	13223	0.195190198895863	0	Microglial	PFB	PFA2	G1	foreman_1067
foreman_1067_TACCGAAAGCCTCACG	2256	6752	0.178169431279621	6	DC	PFB	PFA2	G1	foreman_1067
foreman_1067_TACCGAAAGCGAGAAA	1976	5533	0.138984276161215	0	Microglial	PFB	PFA2	S	foreman_1067
foreman_1067_TACCGGGCAGAAACCG	2033	6538	0.104007341694708	6	DC	PFB	PFA2	S	foreman_1067
foreman_1067_TACCGGGTCATTCATC	2512	8137	0.0995452869607964	0	Microglial	PFB	PFA2	G1	foreman_1067
foreman_1067_TACGCTCAGCGCCTAC	3052	10458	0.150315547905909	5	Undefined M	PFB	PFA2	G1	foreman_1067
foreman_1067_TACGCTCAGCGTTCAT	2040	5514	0.0968443960826986	7	Alternative M2	PFB	PFA2	S	foreman_1067
foreman_1067_TACGCTCGTAATGCTC	1378	4120	0.0881067961165048	2	Classical M1	PFB	PFA2	S	foreman_1067
foreman_1067_TACGGGCAGCGAAACC	1872	5241	0.101125739362717	0	Microglial	PFB	PFA2	G1	foreman_1067
foreman_1067_TACGGGCCAATGCAAA	4292	19248	0.0846321695760598	0	Microglial	PFB	PFA2	G1	foreman_1067
foreman_1067_TACGGTAGTTGGGTAG	1912	6230	0.146869983948636	3	Hypoxia	PFB	PFA2	G1	foreman_1067
foreman_1067_TACGTCCTCACGAACT	1810	5239	0.109562893682	0	Microglial	PFB	PFA2	S	foreman_1067
foreman_1067_TACTGCCGTCAGATTC	2223	7204	0.180177679067185	4	Mitotic	PFB	PFA2	G1	foreman_1067
foreman_1067_TACTTCAAGGACAGTC	1970	5736	0.182182705718271	0	Microglial	PFB	PFA2	S	foreman_1067
foreman_1067_TACTTGTAGCGCCGTT	2262	6675	0.115505617977528	5	Undefined M	PFB	PFA2	G1	foreman_1067
foreman_1067_TAGAGTCAGGTAAACT	1996	5565	0.125606469002695	0	Microglial	PFB	PFA2	S	foreman_1067
foreman_1067_TAGAGTCAGGTGCATG	2956	9171	0.111329189837531	5	Undefined M	PFB	PFA2	G1	foreman_1067
foreman_1067_TAGAGTCTCGTGACTA	1403	3709	0.144243731464006	6	DC	PFB	PFA2	S	foreman_1067
foreman_1067_TAGCACAGTAGCTAAA	2779	8834	0.0863708399366086	0	Microglial	PFB	PFA2	S	foreman_1067
foreman_1067_TAGGAGGAGGCCATAG	2382	7550	0.116026490066225	0	Microglial	PFB	PFA2	G1	foreman_1067
foreman_1067_TAGGTACTCAACGTGT	2148	6039	0.101175691339626	0	Microglial	PFB	PFA2	S	foreman_1067
foreman_1067_TAGGTTGAGAGTCAAT	1641	5078	0.113627412367074	6	DC	PFB	PFA2	S	foreman_1067
foreman_1067_TAGTGCAGTGAGCAGT	1848	5992	0.10981308411215	6	DC	PFB	PFA2	G1	foreman_1067
foreman_1067_TAGTGCATCTCGACGG	2467	7581	0.0933913731697665	0	Microglial	PFB	PFA2	S	foreman_1067
foreman_1067_TATATCCAGAGCGACT	1835	5135	0.110223953261928	0	Microglial	PFB	PFA2	S	foreman_1067
foreman_1067_TATCCTAAGTCACAGG	1763	5279	0.180716044705437	6	DC	PFB	PFA2	G1	foreman_1067
foreman_1067_TATCCTATCAGCCCAG	1885	4894	0.0903146710257458	0	Microglial	PFB	PFA2	G1	foreman_1067
foreman_1067_TATCTGTGTGGAGGTT	1942	5585	0.100089525514772	6	DC	PFB	PFA2	S	foreman_1067
foreman_1067_TATCTTGCACGCACCA	1910	5376	0.0980282738095238	0	Microglial	PFB	PFA2	G1	foreman_1067
foreman_1067_TATTCCACAGGTGACA	1207	3043	0.1482090042721	5	Undefined M	PFB	PFA2	G1	foreman_1067
foreman_1067_TATTGCTCAACCTAAC	1908	4941	0.103622748431492	0	Microglial	PFB	PFA2	G2M	foreman_1067
foreman_1067_TATTGCTTCTAAGGAA	2021	5569	0.100915783803196	0	Microglial	PFB	PFA2	S	foreman_1067
foreman_1067_TATTTCGCACAATGCT	2284	6433	0.0789678221669517	0	Microglial	PFB	PFA2	G1	foreman_1067
foreman_1067_TCAATCTAGCACCAGA	1158	2374	0.167649536647009	6	DC	PFB	PFA2	G1	foreman_1067
foreman_1067_TCAATCTCATGATGCT	1664	4150	0.137349397590361	0	Microglial	PFB	PFA2	G1	foreman_1067
foreman_1067_TCAATCTGTCGGAAAC	2003	5462	0.0997803002563164	6	DC	PFB	PFA2	G1	foreman_1067
foreman_1067_TCAATCTTCTTTCAGT	556	1428	0.26890756302521	0	Microglial	PFB	PFA2	G1	foreman_1067
foreman_1067_TCAATTCAGTAAGCAT	3871	16833	0.0945167231034278	5	Undefined M	PFB	PFA2	S	foreman_1067
foreman_1067_TCAATTCGTCAGGCAA	1960	6403	0.0932375449008277	6	DC	PFB	PFA2	S	foreman_1067
foreman_1067_TCAATTCGTGGGTTGA	1731	4540	0.0702643171806167	2	Classical M1	PFB	PFA2	S	foreman_1067
foreman_1067_TCACATTCAGCTCGGT	1795	4392	0.11908014571949	0	Microglial	PFB	PFA2	S	foreman_1067
foreman_1067_TCACGCTAGCAGCAGT	1849	5057	0.11904291081669	6	DC	PFB	PFA2	G1	foreman_1067
foreman_1067_TCACGGGCAGTCAGTT	1282	3215	0.249766718506998	2	Classical M1	PFB	PFA2	G1	foreman_1067
foreman_1067_TCACTATCACAAGGTG	2149	6276	0.0793499043977055	6	DC	PFB	PFA2	G1	foreman_1067
foreman_1067_TCACTATTCTACGCGG	2209	6726	0.0814748736247398	7	Alternative M2	PFB	PFA2	S	foreman_1067
foreman_1067_TCACTCGGTATTTCTC	1801	4858	0.122066694112804	0	Microglial	PFB	PFA2	G1	foreman_1067
foreman_1067_TCACTCGTCGTAGTCA	1758	4887	0.106813996316759	0	Microglial	PFB	PFA2	G1	foreman_1067
foreman_1067_TCAGCAATCCGATCTC	2274	6300	0.112698412698413	0	Microglial	PFB	PFA2	G1	foreman_1067
foreman_1067_TCAGCCTGTTCGGCTG	2276	7087	0.082404402426979	0	Microglial	PFB	PFA2	S	foreman_1067
foreman_1067_TCAGGGCCAATTTCGG	1978	5600	0.0933928571428571	0	Microglial	PFB	PFA2	G1	foreman_1067
foreman_1067_TCAGGTAGTATTTCTC	1385	3601	0.118578172729797	0	Microglial	PFB	PFA2	G1	foreman_1067
foreman_1067_TCAGGTAGTGGTCTCG	1712	4755	0.100315457413249	2	Classical M1	PFB	PFA2	G1	foreman_1067
foreman_1067_TCAGTGACATGTGACT	2291	7060	0.111473087818697	0	Microglial	PFB	PFA2	G1	foreman_1067
foreman_1067_TCAGTTTGTCGACTTA	1595	3596	0.130700778642937	7	Alternative M2	PFB	PFA2	G1	foreman_1067
foreman_1067_TCAGTTTTCTCAACCC	2156	6138	0.0930270446399479	0	Microglial	PFB	PFA2	G1	foreman_1067
foreman_1067_TCATACTAGGGCAACT	1366	3307	0.0532204414877532	0	Microglial	PFB	PFA2	G1	foreman_1067
foreman_1067_TCATACTTCGTTCTGC	2848	7781	0.123891530651587	0	Microglial	PFB	PFA2	G1	foreman_1067
foreman_1067_TCATATCCATGGGTCC	4261	18371	0.118120951499646	0	Microglial	PFB	PFA2	G1	foreman_1067
foreman_1067_TCATCATAGCCGGATA	1435	3785	0.0945838837516512	2	Classical M1	PFB	PFA2	G1	foreman_1067
foreman_1067_TCATCCGTCAATCAGC	1678	3767	0.107778072736926	0	Microglial	PFB	PFA2	G1	foreman_1067
foreman_1067_TCATGAGCACTACCCT	1982	5709	0.115256612366439	6	DC	PFB	PFA2	S	foreman_1067
foreman_1067_TCATGCCAGCACTGGA	1825	4820	0.110373443983402	0	Microglial	PFB	PFA2	G1	foreman_1067
foreman_1067_TCATGCCAGGAATTAC	2034	6137	0.102818966921949	0	Microglial	PFB	PFA2	G1	foreman_1067
foreman_1067_TCATGCCCAACGTATC	2995	11611	0.126087330979244	0	Microglial	PFB	PFA2	G1	foreman_1067
foreman_1067_TCATGTTAGGCATCTT	1609	4663	0.0950032168132104	3	Hypoxia	PFB	PFA2	G1	foreman_1067
foreman_1067_TCATGTTCAAAGGGTC	1443	3966	0.122541603630862	2	Classical M1	PFB	PFA2	S	foreman_1067
foreman_1067_TCATTACCAGAGGTAC	2147	6552	0.139194139194139	0	Microglial	PFB	PFA2	S	foreman_1067
foreman_1067_TCATTACGTAGTGATA	955	2378	0.0508830950378469	2	Classical M1	PFB	PFA2	G1	foreman_1067
foreman_1067_TCATTACGTTCCTTGC	1767	3816	0.10062893081761	0	Microglial	PFB	PFA2	G1	foreman_1067
foreman_1067_TCATTACTCAACACGT	2430	7756	0.126611655492522	0	Microglial	PFB	PFA2	G1	foreman_1067
foreman_1067_TCATTCAGTGATAGTA	2907	10286	0.236146218160607	6	DC	PFB	PFA2	G1	foreman_1067
foreman_1067_TCATTTGAGAAACCAT	2509	7541	0.0905715422357777	5	Undefined M	PFB	PFA2	G1	foreman_1067
foreman_1067_TCCACCATCGCTACGG	2440	7689	0.117570555338796	0	Microglial	PFB	PFA2	G1	foreman_1067
foreman_1067_TCCACGTCACACCTAA	2316	7052	0.0863584798638684	6	DC	PFB	PFA2	G1	foreman_1067
foreman_1067_TCCACGTGTCTTGGTA	2180	5671	0.0925762652089579	0	Microglial	PFB	PFA2	G1	foreman_1067
foreman_1067_TCCATGCAGATCACCT	3486	13083	0.107773446457235	0	Microglial	PFB	PFA2	S	foreman_1067
foreman_1067_TCCATGCGTGACAGGT	2058	5912	0.0903247631935047	0	Microglial	PFB	PFA2	G1	foreman_1067
foreman_1067_TCCATGCGTTCCGCTT	2661	7654	0.074470864907238	0	Microglial	PFB	PFA2	G1	foreman_1067
foreman_1067_TCCCATGTCTTCCCAG	1448	3997	0.0537903427570678	0	Microglial	PFB	PFA2	G1	foreman_1067
foreman_1067_TCCGAAACAATCCAGT	2094	6423	0.118636151331154	6	DC	PFB	PFA2	G1	foreman_1067
foreman_1067_TCCGAAAGTCACTCGG	2256	8356	0.132479655337482	6	DC	PFB	PFA2	G1	foreman_1067
foreman_1067_TCCGAAAGTTGCCGAC	1087	2291	0.165866433871672	2	Classical M1	PFB	PFA2	G1	foreman_1067
foreman_1067_TCCGAAATCATCGCCT	3574	12860	0.0897356143079316	0	Microglial	PFB	PFA2	G1	foreman_1067
foreman_1067_TCCGAAATCGAATCCA	1775	5326	0.107022155463763	6	DC	PFB	PFA2	S	foreman_1067
foreman_1067_TCCGGGAAGAAACTAC	2058	5879	0.1020581731587	0	Microglial	PFB	PFA2	G1	foreman_1067
foreman_1067_TCCGGGATCTTGCAGA	1729	4230	0.147517730496454	0	Microglial	PFB	PFA2	G1	foreman_1067
foreman_1067_TCCGTGTGTGATATAG	1386	2929	0.105838170023899	2	Classical M1	PFB	PFA2	G1	foreman_1067
foreman_1067_TCCTAATTCTTGATTC	1589	3927	0.122740005092946	2	Classical M1	PFB	PFA2	G1	foreman_1067
foreman_1067_TCCTCCCGTGCCCTTT	2313	6032	0.0659814323607427	0	Microglial	PFB	PFA2	S	foreman_1067
foreman_1067_TCCTGCAGTCAACGCC	1633	4014	0.129795714997509	0	Microglial	PFB	PFA2	G1	foreman_1067
foreman_1067_TCCTTCTCAACAGCTT	2752	8496	0.0882768361581921	5	Undefined M	PFB	PFA2	G1	foreman_1067
foreman_1067_TCCTTCTGTAGAGCTG	1827	5500	0.110181818181818	0	Microglial	PFB	PFA2	G1	foreman_1067
foreman_1067_TCGACGGCAGTAGTGG	2067	6352	0.154282115869018	6	DC	PFB	PFA2	G1	foreman_1067
foreman_1067_TCGATTTAGTCGAAAT	1797	5978	0.103211776513884	0	Microglial	PFB	PFA2	S	foreman_1067
foreman_1067_TCGATTTAGTGGAATT	1155	2428	0.1499176276771	0	Microglial	PFB	PFA2	S	foreman_1067
foreman_1067_TCGATTTTCCGTATGA	2989	9974	0.0956486865851213	0	Microglial	PFB	PFA2	G1	foreman_1067
foreman_1067_TCGCAGGAGTTTCTTC	2505	8163	0.106088447874556	5	Undefined M	PFB	PFA2	S	foreman_1067
foreman_1067_TCGCTCAAGCGACTTT	1758	4810	0.0883575883575884	2	Classical M1	PFB	PFA2	S	foreman_1067
foreman_1067_TCGCTCAGTGAGCTCC	1852	5192	0.0920647149460709	0	Microglial	PFB	PFA2	G1	foreman_1067
foreman_1067_TCGCTTGCATTGTACG	1495	4132	0.0948693126815102	2	Classical M1	PFB	PFA2	G1	foreman_1067
foreman_1067_TCGCTTGGTGCACAAG	1098	2530	0.162450592885375	6	DC	PFB	PFA2	G1	foreman_1067
foreman_1067_TCGGATATCTCCAATT	1975	5598	0.122186495176849	6	DC	PFB	PFA2	G1	foreman_1067
foreman_1067_TCGGTCTTCGTCCTTG	1463	2838	0.0517970401691332	2	Classical M1	PFB	PFA2	G1	foreman_1067
foreman_1067_TCGTAGAAGATTAGTG	2207	7944	0.175226586102719	0	Microglial	PFB	PFA2	G1	foreman_1067
foreman_1067_TCGTAGATCGACCATA	2610	8251	0.0969579444915768	0	Microglial	PFB	PFA2	G1	foreman_1067
foreman_1067_TCGTCCACAATGACCT	1619	4444	0.114086408640864	2	Classical M1	PFB	PFA2	G1	foreman_1067
foreman_1067_TCGTGCTAGCGTGTTT	1132	2933	0.126150698943062	0	Microglial	PFB	PFA2	G1	foreman_1067
foreman_1067_TCGTGCTGTAGCGCCT	1183	3091	0.105467486250404	2	Classical M1	PFB	PFA2	G1	foreman_1067
foreman_1067_TCGTGGGCACAACGCC	1207	2612	0.114471669218989	2	Classical M1	PFB	PFA2	G2M	foreman_1067
foreman_1067_TCTACATTCGACGCTG	1871	4994	0.107128554265118	6	DC	PFB	PFA2	G1	foreman_1067
foreman_1067_TCTATCAGTAAGGCTG	1536	4854	0.130407911001236	6	DC	PFB	PFA2	S	foreman_1067
foreman_1067_TCTATCAGTACAGAAT	782	1845	0.244444444444444	2	Classical M1	PFB	PFA2	G1	foreman_1067
foreman_1067_TCTATCATCAGTGTCA	1837	5285	0.0906338694418165	6	DC	PFB	PFA2	S	foreman_1067
foreman_1067_TCTCACGTCGCCTTGT	1892	5689	0.112849358410969	0	Microglial	PFB	PFA2	S	foreman_1067
foreman_1067_TCTCAGCTCTTCGCTG	2112	6532	0.156001224739743	5	Undefined M	PFB	PFA2	G1	foreman_1067
foreman_1067_TCTCTGGAGCAGCACA	1433	4427	0.0923876214140501	6	DC	PFB	PFA2	G1	foreman_1067
foreman_1067_TCTCTGGCACGAGGTA	1616	4474	0.0668305766651766	0	Microglial	PFB	PFA2	G1	foreman_1067
foreman_1067_TCTCTGGGTCTTCGAA	1970	5217	0.0983323749281196	0	Microglial	PFB	PFA2	G1	foreman_1067
foreman_1067_TCTCTGGTCGTGGACC	1581	4116	0.0877065111758989	3	Hypoxia	PFB	PFA2	G1	foreman_1067
foreman_1067_TCTGGCTTCTATGTGG	1210	3008	0.0644946808510638	2	Classical M1	PFB	PFA2	G1	foreman_1067
foreman_1067_TCTTCCTTCTCATGGA	1132	2318	0.0785159620362381	2	Classical M1	PFB	PFA2	G1	foreman_1067
foreman_1067_TGAACGTAGTCACGCC	3144	11060	0.108679927667269	4	Mitotic	PFB	PFA2	S	foreman_1067
foreman_1067_TGAACGTTCTATACGG	2398	8159	0.114842505208972	6	DC	PFB	PFA2	G1	foreman_1067
foreman_1067_TGAATCGGTGCGACAA	2334	6966	0.121590582830893	7	Alternative M2	PFB	PFA2	G1	foreman_1067
foreman_1067_TGAATCGTCGGCATAT	2489	9285	0.150457727517501	6	DC	PFB	PFA2	S	foreman_1067
foreman_1067_TGAATGCAGCCTCAGC	1795	4214	0.0735643094447081	2	Classical M1	PFB	PFA2	S	foreman_1067
foreman_1067_TGAATGCGTTCTGAGT	1364	4120	0.125242718446602	7	Alternative M2	PFB	PFA2	S	foreman_1067
foreman_1067_TGACCCTGTATCAGCT	3213	10337	0.105930153816388	0	Microglial	PFB	PFA2	G1	foreman_1067
foreman_1067_TGACGCGGTATACCTG	2492	7632	0.117400419287212	5	Undefined M	PFB	PFA2	S	foreman_1067
foreman_1067_TGACTCCGTATCCCTC	2326	6473	0.122199907307276	5	Undefined M	PFB	PFA2	S	foreman_1067
foreman_1067_TGAGCATCACTTCTCG	2381	8000	0.125875	0	Microglial	PFB	PFA2	G1	foreman_1067
foreman_1067_TGAGGGAGTCCTACAA	1671	3967	0.137887572472901	0	Microglial	PFB	PFA2	G1	foreman_1067
foreman_1067_TGAGGTTGTTCGGTCG	1531	3873	0.135812032016525	2	Classical M1	PFB	PFA2	G1	foreman_1067
foreman_1067_TGAGTCAAGACTACCT	1857	4315	0.144611819235226	0	Microglial	PFB	PFA2	G2M	foreman_1067
foreman_1067_TGAGTCAGTACCCGAC	2212	6660	0.0806306306306306	0	Microglial	PFB	PFA2	G1	foreman_1067
foreman_1067_TGAGTCAGTATGCAAA	2178	5593	0.0784909708564277	0	Microglial	PFB	PFA2	G1	foreman_1067
foreman_1067_TGATCAGGTAGTTACC	1862	5241	0.114291165808052	0	Microglial	PFB	PFA2	G1	foreman_1067
foreman_1067_TGATCAGGTGCCCACA	2544	8508	0.104019746121298	0	Microglial	PFB	PFA2	S	foreman_1067
foreman_1067_TGATCAGTCATGAGAA	1914	5052	0.106888361045131	0	Microglial	PFB	PFA2	G1	foreman_1067
foreman_1067_TGATCTTCAGCTGTAT	1783	5001	0.101579684063187	2	Classical M1	PFB	PFA2	S	foreman_1067
foreman_1067_TGATGCAAGGTGTGAC	3132	10336	0.198626160990712	4	Mitotic	PFB	PFA2	S	foreman_1067
foreman_1067_TGATGGTAGCGGATCA	1931	5277	0.113890468068979	0	Microglial	PFB	PFA2	G1	foreman_1067
foreman_1067_TGATTCTAGGACGCAT	1672	4093	0.115563156608844	0	Microglial	PFB	PFA2	S	foreman_1067
foreman_1067_TGATTCTCACTCAAGT	2130	5831	0.14663008060367	0	Microglial	PFB	PFA2	G2M	foreman_1067
foreman_1067_TGATTCTGTCCAGCCA	3599	11780	0.0866723259762309	0	Microglial	PFB	PFA2	G2M	foreman_1067
foreman_1067_TGATTCTGTGCGACAA	2274	7183	0.0956424892106362	6	DC	PFB	PFA2	G1	foreman_1067
foreman_1067_TGATTTCAGCGTTCAT	3394	12881	0.11233599875786	0	Microglial	PFB	PFA2	G1	foreman_1067
foreman_1067_TGCACGGTCCTCATAT	1838	4715	0.107104984093319	0	Microglial	PFB	PFA2	G1	foreman_1067
foreman_1067_TGCAGATAGTAAACAC	3193	11317	0.111690377308474	0	Microglial	PFB	PFA2	G1	foreman_1067
foreman_1067_TGCAGTAAGTGAGTGC	1695	4598	0.109177903436277	6	DC	PFB	PFA2	S	foreman_1067
foreman_1067_TGCAGTATCATGAAAG	1995	5233	0.140645901012803	0	Microglial	PFB	PFA2	G1	foreman_1067
foreman_1067_TGCATGAGTGGATTTC	1354	3185	0.137519623233909	0	Microglial	PFB	PFA2	S	foreman_1067
foreman_1067_TGCCGAGAGACAGTCG	1304	3132	0.289910600255428	6	DC	PFB	PFA2	G2M	foreman_1067
foreman_1067_TGCGACGAGTGTTGAA	1981	7400	0.292567567567568	6	DC	PFB	PFA2	G1	foreman_1067
foreman_1067_TGCGACGGTACACGTT	2037	6673	0.0392627004345871	0	Microglial	PFB	PFA2	G1	foreman_1067
foreman_1067_TGCGATAGTAGTACGG	2225	6684	0.0703171753441053	0	Microglial	PFB	PFA2	G1	foreman_1067
foreman_1067_TGCGGCATCTAATTCC	3420	12573	0.138073649884673	0	Microglial	PFB	PFA2	G1	foreman_1067
foreman_1067_TGCTCCATCCCAGGAC	1988	5573	0.120940247622465	0	Microglial	PFB	PFA2	G1	foreman_1067
foreman_1067_TGCTGAAAGTGGAAAG	2028	6024	0.103419654714475	0	Microglial	PFB	PFA2	G1	foreman_1067
foreman_1067_TGCTGAACACGTAGAG	2274	6663	0.111811496322978	0	Microglial	PFB	PFA2	G1	foreman_1067
foreman_1067_TGCTGAACATCTTCGC	1989	5201	0.124591424726014	0	Microglial	PFB	PFA2	G1	foreman_1067
foreman_1067_TGCTGAAGTGTGTGGA	1878	5804	0.133873190902826	4	Mitotic	PFB	PFA2	S	foreman_1067
foreman_1067_TGGATCACACTAGGTT	2135	5704	0.113429172510519	0	Microglial	PFB	PFA2	G1	foreman_1067
foreman_1067_TGGATCACAGACTCTA	2227	5509	0.0842258123071338	7	Alternative M2	PFB	PFA2	G1	foreman_1067
foreman_1067_TGGATGTTCTCCACTG	3246	11835	0.100042247570765	0	Microglial	PFB	PFA2	G1	foreman_1067
foreman_1067_TGGGAGAAGTAGGGTC	1494	4402	0.21308496138119	0	Microglial	PFB	PFA2	G1	foreman_1067
foreman_1067_TGGGATTGTCAACACT	1510	3203	0.0933499843896347	0	Microglial	PFB	PFA2	S	foreman_1067
foreman_1067_TGGGCTGTCCATTGCC	2343	6350	0.0918110236220472	0	Microglial	PFB	PFA2	S	foreman_1067
foreman_1067_TGGGTTAAGATGCTTC	860	1543	0.117952041477641	2	Classical M1	PFB	PFA2	S	foreman_1067
foreman_1067_TGGTACACATTGAGGG	1887	5946	0.0963673057517659	0	Microglial	PFB	PFA2	G1	foreman_1067
foreman_1067_TGGTACAGTACTCCGG	1931	5577	0.115294961448808	7	Alternative M2	PFB	PFA2	G1	foreman_1067
foreman_1067_TGGTGATGTTTGCAGT	2017	5470	0.0753199268738574	0	Microglial	PFB	PFA2	S	foreman_1067
foreman_1067_TGGTTAGAGATTAGTG	744	1807	0.0475926950747095	2	Classical M1	PFB	PFA2	G1	foreman_1067
foreman_1067_TGTAAGCCATAACAGA	1692	4626	0.109165585819282	0	Microglial	PFB	PFA2	S	foreman_1067
foreman_1067_TGTAAGCGTGTCTTAG	1628	5396	0.159006671608599	5	Undefined M	PFB	PFA2	S	foreman_1067
foreman_1067_TGTACAGAGCCACAAG	1654	3782	0.0840824960338445	0	Microglial	PFB	PFA2	G1	foreman_1067
foreman_1067_TGTACAGGTGCAATGG	536	942	0.0700636942675159	2	Classical M1	PFB	PFA2	G1	foreman_1067
foreman_1067_TGTACAGTCAAAGCCT	1461	4185	0.106571087216249	7	Alternative M2	PFB	PFA2	S	foreman_1067
foreman_1067_TGTCAGAAGACGACTG	1619	4500	0.107333333333333	0	Microglial	PFB	PFA2	G1	foreman_1067
foreman_1067_TGTCAGAAGTGCCCGT	1421	3710	0.205929919137466	2	Classical M1	PFB	PFA2	S	foreman_1067
foreman_1067_TGTCCACCAGCTTCCT	1670	4623	0.18343067272334	0	Microglial	PFB	PFA2	G1	foreman_1067
foreman_1067_TGTCCACGTAGGCAGT	1035	2613	0.279755070799847	2	Classical M1	PFB	PFA2	G1	foreman_1067
foreman_1067_TGTCCCACAGCTGAAG	2043	5836	0.131254283755997	0	Microglial	PFB	PFA2	G1	foreman_1067
foreman_1067_TGTCCTGGTATCGTTG	1724	4663	0.0995067553077418	0	Microglial	PFB	PFA2	G1	foreman_1067
foreman_1067_TGTGAGTGTTATGGTC	2372	8130	0.121033210332103	0	Microglial	PFB	PFA2	G1	foreman_1067
foreman_1067_TGTGAGTTCCTAGCCT	1749	4830	0.0968944099378882	2	Classical M1	PFB	PFA2	G1	foreman_1067
foreman_1067_TGTGATGTCTCTATGT	2085	7330	0.110368349249659	6	DC	PFB	PFA2	G1	foreman_1067
foreman_1067_TGTGGCGCATAATCCG	796	1821	0.294892915980231	3	Hypoxia	PFB	PFA2	G1	foreman_1067
foreman_1067_TGTGGCGCATCTGCGG	2094	6360	0.104245283018868	6	DC	PFB	PFA2	G1	foreman_1067
foreman_1067_TGTGGCGTCGTTCAGA	1104	2917	0.166952348303051	2	Classical M1	PFB	PFA2	G1	foreman_1067
foreman_1067_TGTGTGAGTGAATGTA	1791	5203	0.138381702863732	0	Microglial	PFB	PFA2	G1	foreman_1067
foreman_1067_TGTGTGAGTGTCATTG	1182	2398	0.112176814011676	0	Microglial	PFB	PFA2	G1	foreman_1067
foreman_1067_TGTTCATTCTTTGGAG	1476	4038	0.115651312530956	2	Classical M1	PFB	PFA2	G1	foreman_1067
foreman_1067_TGTTCCGAGCAGTACG	2622	8124	0.107828655834564	4	Mitotic	PFB	PFA2	S	foreman_1067
foreman_1067_TGTTCTACAAGAGTGC	2081	6033	0.21531576330184	3	Hypoxia	PFB	PFA2	G1	foreman_1067
foreman_1067_TGTTCTATCTTCCCGA	1275	3097	0.206005812076203	3	Hypoxia	PFB	PFA2	G1	foreman_1067
foreman_1067_TGTTGAGGTACAACGG	644	1456	0.0652472527472528	2	Classical M1	PFB	PFA2	G1	foreman_1067
foreman_1067_TGTTTGTAGTTTGAGA	1381	3789	0.112694642385854	2	Classical M1	PFB	PFA2	G2M	foreman_1067
foreman_1067_TTAATCCGTACGACTT	3268	10876	0.112909157778595	5	Undefined M	PFB	PFA2	G1	foreman_1067
foreman_1067_TTACCATCATCCCGTT	1766	4784	0.0627090301003344	6	DC	PFB	PFA2	G1	foreman_1067
foreman_1067_TTACCGCTCACCGCTT	2592	7358	0.117151399836912	0	Microglial	PFB	PFA2	G1	foreman_1067
foreman_1067_TTACCGCTCGTGCACG	834	2278	0.226514486391572	2	Classical M1	PFB	PFA2	S	foreman_1067
foreman_1067_TTACGCCTCCGCAAAT	3788	14849	0.0828338608660516	0	Microglial	PFB	PFA2	G1	foreman_1067
foreman_1067_TTACGCCTCTGCGTCT	708	1613	0.27898326100434	2	Classical M1	PFB	PFA2	G1	foreman_1067
foreman_1067_TTACTGTCACATGGTT	2316	5993	0.0892708159519439	5	Undefined M	PFB	PFA2	G1	foreman_1067
foreman_1067_TTACTGTGTCCGGTGT	1460	3626	0.121621621621622	2	Classical M1	PFB	PFA2	G1	foreman_1067
foreman_1067_TTAGGCACAAATAAGC	1608	4100	0.0709756097560976	0	Microglial	PFB	PFA2	G2M	foreman_1067
foreman_1067_TTAGGCACATGAAAGT	1777	4973	0.121455861652926	7	Alternative M2	PFB	PFA2	G1	foreman_1067
foreman_1067_TTAGGCAGTTGGGAAC	1779	4847	0.105632349907159	0	Microglial	PFB	PFA2	G1	foreman_1067
foreman_1067_TTATTGCGTGGCTGCT	2462	7622	0.145106271319864	5	Undefined M	PFB	PFA2	S	foreman_1067
foreman_1067_TTATTGCTCAATCCGA	1577	3717	0.159268227064837	0	Microglial	PFB	PFA2	G1	foreman_1067
foreman_1067_TTATTGCTCCCTCTCC	1249	2944	0.293138586956522	3	Hypoxia	PFB	PFA2	G1	foreman_1067
foreman_1067_TTCAATCGTAACTTCG	1618	4355	0.127669345579793	7	Alternative M2	PFB	PFA2	G2M	foreman_1067
foreman_1067_TTCACGCGTACATTGC	2325	6200	0.136451612903226	5	Undefined M	PFB	PFA2	S	foreman_1067
foreman_1067_TTCACGCTCTAACGCA	2070	5619	0.0886278697277096	0	Microglial	PFB	PFA2	G1	foreman_1067
foreman_1067_TTCATTGAGACCATAA	701	1733	0.255626081938834	2	Classical M1	PFB	PFA2	G1	foreman_1067
foreman_1067_TTCCAATGTAACCAGG	1905	6142	0.118202539889287	6	DC	PFB	PFA2	G1	foreman_1067
foreman_1067_TTCCACGAGTAAGAGG	2224	8002	0.103599100224944	0	Microglial	PFB	PFA2	G1	foreman_1067
foreman_1067_TTCCACGGTGGCTAGA	2410	6613	0.0898230757598669	0	Microglial	PFB	PFA2	G1	foreman_1067
foreman_1067_TTCCACGGTTTGGCTA	3305	9523	0.105428961461724	11	Contaminating Tumor cells	PFB	PFA2	G1	foreman_1067
foreman_1067_TTCCGGTGTAGACTGG	1595	4330	0.0672055427251732	6	DC	PFB	PFA2	G1	foreman_1067
foreman_1067_TTCCGTGAGACATAGT	1901	5441	0.109538687741224	0	Microglial	PFB	PFA2	G2M	foreman_1067
foreman_1067_TTCCGTGCATGGGAAC	2245	6342	0.0730053610848313	0	Microglial	PFB	PFA2	S	foreman_1067
foreman_1067_TTCCTAACAAATTAGG	661	1173	0.10230179028133	2	Classical M1	PFB	PFA2	G1	foreman_1067
foreman_1067_TTCCTAACATAAGCGG	1522	4508	0.127329192546584	2	Classical M1	PFB	PFA2	G1	foreman_1067
foreman_1067_TTCCTAAGTGCATACT	1859	4671	0.121387283236994	6	DC	PFB	PFA2	G1	foreman_1067
foreman_1067_TTCCTCTCAACACGAG	1691	4501	0.141079760053321	6	DC	PFB	PFA2	G1	foreman_1067
foreman_1067_TTCCTCTCAGCTTTCC	2475	7580	0.102242744063325	6	DC	PFB	PFA2	G1	foreman_1067
foreman_1067_TTCCTTCCAAATGAGT	1710	4344	0.101519337016575	0	Microglial	PFB	PFA2	G1	foreman_1067
foreman_1067_TTCCTTCGTCCTTGTC	1649	4001	0.147963009247688	0	Microglial	PFB	PFA2	G1	foreman_1067
foreman_1067_TTCGATTTCCTCGCAT	698	1851	0.123176661264182	2	Classical M1	PFB	PFA2	G1	foreman_1067
foreman_1067_TTCGCTGAGAGTGGCT	1720	4631	0.110343338371842	6	DC	PFB	PFA2	G1	foreman_1067
foreman_1067_TTCGCTGGTACTGCCG	2212	7479	0.0720684583500468	3	Hypoxia	PFB	PFA2	G2M	foreman_1067
foreman_1067_TTCGCTGGTTGCTAGT	1149	2575	0.16504854368932	2	Classical M1	PFB	PFA2	G1	foreman_1067
foreman_1067_TTCGGTCGTACTGAGG	2172	5815	0.156491831470335	4	Mitotic	PFB	PFA2	G1	foreman_1067
foreman_1067_TTCGGTCTCGCATGAT	1579	4174	0.0872065165309056	0	Microglial	PFB	PFA2	G1	foreman_1067
foreman_1067_TTCTAACCATAGCTGT	2212	6036	0.0962557985420808	0	Microglial	PFB	PFA2	S	foreman_1067
foreman_1067_TTCTAGTGTTGGGATG	1657	4411	0.109952391747903	0	Microglial	PFB	PFA2	G1	foreman_1067
foreman_1067_TTCTCTCGTGAGCAGT	2812	9478	0.123549271998312	0	Microglial	PFB	PFA2	G1	foreman_1067
foreman_1067_TTCTGTAAGTACGAGC	1455	3913	0.120112445693841	2	Classical M1	PFB	PFA2	G1	foreman_1067
foreman_1067_TTCTGTAAGTGTCATC	1718	4566	0.0930792816469558	3	Hypoxia	PFB	PFA2	G1	foreman_1067
foreman_1067_TTCTGTACAACTGTGT	1118	2568	0.195872274143302	7	Alternative M2	PFB	PFA2	G2M	foreman_1067
foreman_1067_TTCTGTAGTTCGGTCG	2247	6903	0.141967260611328	5	Undefined M	PFB	PFA2	G1	foreman_1067
foreman_1067_TTGAACGAGGGCATGT	2173	6285	0.120445505171042	0	Microglial	PFB	PFA2	S	foreman_1067
foreman_1067_TTGAACGTCGAATCCA	1615	4905	0.0935779816513762	2	Classical M1	PFB	PFA2	G1	foreman_1067
foreman_1067_TTGAGTGCATCCCGTT	4478	18698	0.109209541127393	0	Microglial	PFB	PFA2	G1	foreman_1067
foreman_1067_TTGAGTGGTCTGTCCT	1885	5861	0.0824091451970654	0	Microglial	PFB	PFA2	G1	foreman_1067
foreman_1067_TTGCATTTCGTTCCTG	3737	14714	0.0902541796928096	5	Undefined M	PFB	PFA2	G1	foreman_1067
foreman_1067_TTGCTGCAGTACAACA	2267	6400	0.14078125	0	Microglial	PFB	PFA2	G1	foreman_1067
foreman_1067_TTGCTGCCAGCATCTA	2344	5733	0.116169544740973	0	Microglial	PFB	PFA2	G1	foreman_1067
foreman_1067_TTGCTGCGTGGATGAC	1538	4240	0.092688679245283	0	Microglial	PFB	PFA2	G1	foreman_1067
foreman_1067_TTGCTGCGTTGAGAGC	1896	5455	0.131255728689276	0	Microglial	PFB	PFA2	G1	foreman_1067
foreman_1067_TTGGGATAGCCTAACT	1918	6891	0.0980989696705848	6	DC	PFB	PFA2	S	foreman_1067
foreman_1067_TTGGGATCATGGAGAC	1907	5312	0.105045180722892	5	Undefined M	PFB	PFA2	S	foreman_1067
foreman_1067_TTGGGATTCACTCACC	3033	9272	0.0972821397756687	6	DC	PFB	PFA2	S	foreman_1067
foreman_1067_TTGGGCGAGATAACGT	1292	3006	0.189953426480373	2	Classical M1	PFB	PFA2	G1	foreman_1067
foreman_1067_TTGTGGAAGCACTGGA	1870	4785	0.101985370950888	0	Microglial	PFB	PFA2	G1	foreman_1067
foreman_1067_TTGTTCAAGCTAGTTC	915	1846	0.210184182015168	2	Classical M1	PFB	PFA2	G2M	foreman_1067
foreman_1067_TTGTTCAGTATCAGGG	2112	5984	0.15307486631016	4	Mitotic	PFB	PFA2	S	foreman_1067
foreman_1067_TTGTTCAGTGGATGAC	2073	6049	0.143494792527691	0	Microglial	PFB	PFA2	S	foreman_1067
foreman_1067_TTGTTCATCAAGTCGT	1321	3739	0.130248729606847	0	Microglial	PFB	PFA2	G1	foreman_1067
foreman_1067_TTGTTGTAGCTGTCCG	905	1962	0.246177370030581	2	Classical M1	PFB	PFA2	G1	foreman_1067
foreman_1067_TTGTTTGCATGACGTT	1745	4078	0.120156939676312	0	Microglial	PFB	PFA2	S	foreman_1067
foreman_1067_TTGTTTGGTACAGGTG	1632	4149	0.115690527838033	7	Alternative M2	PFB	PFA2	G1	foreman_1067
foreman_1067_TTTACCAGTATCAGGG	1725	4498	0.111160515784793	0	Microglial	PFB	PFA2	G1	foreman_1067
foreman_1067_TTTACGTAGTTGGACG	1793	4748	0.120261162594777	7	Alternative M2	PFB	PFA2	G1	foreman_1067
foreman_1067_TTTACGTGTTCCGCTT	1355	3513	0.135212069456305	0	Microglial	PFB	PFA2	G1	foreman_1067
foreman_1067_TTTACTGCACGCGTGT	1394	3585	0.130543933054393	2	Classical M1	PFB	PFA2	G1	foreman_1067
foreman_1067_TTTATGCAGGAGATAG	1714	4702	0.167800935772012	5	Undefined M	PFB	PFA2	G1	foreman_1067
foreman_1067_TTTATGCAGTAGGATT	1996	5806	0.0964519462624871	0	Microglial	PFB	PFA2	G1	foreman_1067
foreman_1067_TTTATGCCACGACCTG	1840	5251	0.103980194248715	0	Microglial	PFB	PFA2	G1	foreman_1067
foreman_1067_TTTCACACACAGAGCA	2914	10055	0.128493286921929	5	Undefined M	PFB	PFA2	G1	foreman_1067
foreman_1067_TTTCAGTAGTCCGCCA	2296	7278	0.104699093157461	0	Microglial	PFB	PFA2	G1	foreman_1067
foreman_1067_TTTCCTCTCCGATCGG	1567	4116	0.141399416909621	2	Classical M1	PFB	PFA2	G1	foreman_1067
foreman_1067_TTTCCTCTCTCCGAAA	2596	7780	0.093573264781491	0	Microglial	PFB	PFA2	G1	foreman_1067
foreman_1067_TTTCGATAGAGTCTGG	2357	7627	0.108430575586731	0	Microglial	PFB	PFA2	G1	foreman_1067
foreman_1067_TTTGACTAGGCGTCCT	3170	10580	0.138941398865784	5	Undefined M	PFB	PFA2	G1	foreman_1067
foreman_1067_TTTGACTCACTCGATA	4066	18833	0.133435990017522	7	Alternative M2	PFB	PFA2	G1	foreman_1067
foreman_1067_TTTGATCAGTCACGCC	4246	18117	0.115416459678755	0	Microglial	PFB	PFA2	G1	foreman_1067
foreman_1067_TTTGATCGTGCTGATT	1757	5020	0.105179282868526	6	DC	PFB	PFA2	S	foreman_1067
foreman_1067_TTTGATCTCCCGAAAT	1366	3285	0.126636225266362	2	Classical M1	PFB	PFA2	S	foreman_1067
foreman_1067_TTTGGTTAGACATATG	1827	4860	0.0938271604938272	6	DC	PFB	PFA2	S	foreman_1067
foreman_1067_TTTGGTTAGAGGGTCT	2341	8279	0.126343761323831	7	Alternative M2	PFB	PFA2	S	foreman_1067
foreman_1067_TTTGTTGAGTAGGTTA	2729	8876	0.109734114465976	6	DC	PFB	PFA2	G1	foreman_1067
foreman_1067_TTTGTTGGTATTGGCT	709	1470	0.0945578231292517	2	Classical M1	PFB	PFA2	S	foreman_1067
foreman_1067_TTTGTTGGTGAATTGA	1413	3325	0.0917293233082707	2	Classical M1	PFB	PFA2	G1	foreman_1067
foreman_1101_AGCATACGTTTCGCTC	610	1398	0.1931330472103	2	Classical M1	PFA2	PFA1	S	foreman_1101
foreman_1101_GCACTCTTCATGGTCA	563	1247	0.150761828388132	2	Classical M1	PFA2	PFA1	S	foreman_1101
foreman_1101_GTGTTAGTCTTGCCGT	1696	4722	0.0338839474798814	0	Microglial	PFA2	PFA1	G1	foreman_1101
foreman_1101_TACGGTACAAGCCCAC	529	1222	0.220949263502455	2	Classical M1	PFA2	PFA1	G1	foreman_1101
foreman_1101_TCTCATAGTAGGACAC	472	922	0.244034707158351	2	Classical M1	PFA2	PFA1	G2M	foreman_1101
foreman_1101_TCTCTAAGTTCGTCTC	330	754	0.244031830238727	2	Classical M1	PFA2	PFA1	G1	foreman_1101
foreman_1101_TTGCCGTCACAGACTT	625	1178	0.17062818336163	2	Classical M1	PFA2	PFA1	G1	foreman_1101
foreman_1101_TTTCCTCCAACTGCGC	826	2203	0.259192010894235	2	Classical M1	PFA2	PFA1	G1	foreman_1101
foreman_1185_AAACCCAAGGTTGGAC	2122	4507	0.0366097182161083	0	Microglial	YAP	YAP	G1	foreman_1185
foreman_1185_AAACGAAGTACTGTTG	4285	22256	0.0520758447160316	6	DC	YAP	YAP	G1	foreman_1185
foreman_1185_AAACGCTCAAATCGGG	1989	5290	0.0950850661625709	0	Microglial	YAP	YAP	G1	foreman_1185
foreman_1185_AAAGGATCACAATGAA	2884	10300	0.101456310679612	0	Microglial	YAP	YAP	G1	foreman_1185
foreman_1185_AAAGGATTCACGAGGA	935	2031	0.134908911866076	0	Microglial	YAP	YAP	G1	foreman_1185
foreman_1185_AACAGGGAGTTGCGAG	2053	5326	0.0416823131806234	0	Microglial	YAP	YAP	G1	foreman_1185
foreman_1185_AACAGGGTCTAGTTCT	2809	10580	0.0872400756143667	0	Microglial	YAP	YAP	G1	foreman_1185
foreman_1185_AACCACATCCGTCACT	694	1482	0.290148448043185	2	Classical M1	YAP	YAP	S	foreman_1185
foreman_1185_AACCCAAGTCCGTTTC	1484	3270	0.177981651376147	7	Alternative M2	YAP	YAP	S	foreman_1185
foreman_1185_AACCTGACAGTGAGCA	3378	13000	0.0861538461538462	0	Microglial	YAP	YAP	G1	foreman_1185
foreman_1185_AAGAACAGTATGAGCG	1795	5483	0.27849717308043	2	Classical M1	YAP	YAP	G1	foreman_1185
foreman_1185_AAGACTCGTAGCGCCT	3115	11248	0.0835704125177809	0	Microglial	YAP	YAP	G1	foreman_1185
foreman_1185_AAGCATCCACGTTCGG	4710	20644	0.152296066653749	4	Mitotic	YAP	YAP	S	foreman_1185
foreman_1185_AAGCGAGTCATGGAGG	2057	7383	0.0795069754842205	0	Microglial	YAP	YAP	G1	foreman_1185
foreman_1185_AAGTACCTCGCTGATA	2185	5822	0.189625558227413	0	Microglial	YAP	YAP	G1	foreman_1185
foreman_1185_AATGAAGAGTTGCATC	2227	8216	0.118427458617332	0	Microglial	YAP	YAP	G1	foreman_1185
foreman_1185_AATGAAGCAGCTGTCG	975	1692	0.174940898345154	2	Classical M1	YAP	YAP	G2M	foreman_1185
foreman_1185_AATGGCTGTATAGGGC	3001	10789	0.086198906293447	0	Microglial	YAP	YAP	G1	foreman_1185
foreman_1185_AATTCCTTCTGGCTGG	1474	3418	0.17407840842598	2	Classical M1	YAP	YAP	G1	foreman_1185
foreman_1185_AATTTCCTCCTCGCAT	3185	11277	0.0919570807838964	0	Microglial	YAP	YAP	G1	foreman_1185
foreman_1185_ACAAAGATCCATCACC	900	1308	0.0344036697247706	2	Classical M1	YAP	YAP	G1	foreman_1185
foreman_1185_ACAACCAAGAACCCGA	2976	11057	0.0908022067468572	0	Microglial	YAP	YAP	G1	foreman_1185
foreman_1185_ACAAGCTTCATTGGTG	2581	5603	0.0553275031233268	0	Microglial	YAP	YAP	S	foreman_1185
foreman_1185_ACACAGTAGACGCAGT	2714	8309	0.101696955108918	0	Microglial	YAP	YAP	G1	foreman_1185
foreman_1185_ACACCAAAGTCACTCA	2590	6544	0.10880195599022	0	Microglial	YAP	YAP	G1	foreman_1185
foreman_1185_ACACCAATCGTTTACT	1415	3596	0.150166852057842	2	Classical M1	YAP	YAP	G1	foreman_1185
foreman_1185_ACATCGATCATTTGGG	1177	2490	0.208835341365462	7	Alternative M2	YAP	YAP	G1	foreman_1185
foreman_1185_ACATGCAAGATTTGCC	2030	4721	0.213514085998729	0	Microglial	YAP	YAP	G1	foreman_1185
foreman_1185_ACCAAACAGGGACAGG	2707	8927	0.0917441469698667	0	Microglial	YAP	YAP	G1	foreman_1185
foreman_1185_ACCAACAGTTTGTTCT	1387	4126	0.163111972855065	0	Microglial	YAP	YAP	G1	foreman_1185
foreman_1185_ACCAACATCGCCTAGG	2390	5002	0.0323870451819272	7	Alternative M2	YAP	YAP	G1	foreman_1185
foreman_1185_ACCACAACACTTTAGG	3436	13482	0.076694852395787	0	Microglial	YAP	YAP	G1	foreman_1185
foreman_1185_ACCCAAAGTGTTGAGG	1722	4401	0.220404453533288	3	Hypoxia	YAP	YAP	G1	foreman_1185
foreman_1185_ACCCTCACAGCGTATT	1496	4253	0.106513049612039	0	Microglial	YAP	YAP	G1	foreman_1185
foreman_1185_ACCCTCACAGTTCTAG	2161	5965	0.163453478625314	0	Microglial	YAP	YAP	G1	foreman_1185
foreman_1185_ACCCTCAGTCACGTGC	1988	6474	0.179332715477294	0	Microglial	YAP	YAP	G1	foreman_1185
foreman_1185_ACCTACCTCAAATGCC	1444	5539	0.243726304387073	0	Microglial	YAP	YAP	G1	foreman_1185
foreman_1185_ACGATCATCCCATTCG	2692	9063	0.0739269557541653	7	Alternative M2	YAP	YAP	G1	foreman_1185
foreman_1185_ACGATGTTCCAAAGGG	1529	3990	0.201754385964912	2	Classical M1	YAP	YAP	G2M	foreman_1185
foreman_1185_ACGCACGCATTGGATC	3610	16493	0.0905838840720306	6	DC	YAP	YAP	G1	foreman_1185
foreman_1185_ACGGAAGGTAAGTTGA	3057	10044	0.104042214257268	0	Microglial	YAP	YAP	S	foreman_1185
foreman_1185_ACGGGTCGTAGCACGA	2262	4800	0.0475	0	Microglial	YAP	YAP	G1	foreman_1185
foreman_1185_ACGTACACACGACAGA	1471	3814	0.174357629785003	6	DC	YAP	YAP	G1	foreman_1185
foreman_1185_ACGTTCCAGAGAGTGA	1895	4871	0.153767193594744	0	Microglial	YAP	YAP	S	foreman_1185
foreman_1185_ACTATGGCACTGTTCC	377	742	0.00134770889487871	2	Classical M1	YAP	YAP	G1	foreman_1185
foreman_1185_ACTCCCAGTCCGCAGT	591	1321	0.209689629068887	2	Classical M1	YAP	YAP	S	foreman_1185
foreman_1185_ACTCTCGGTGTCCATA	1455	4413	0.211194198957625	0	Microglial	YAP	YAP	G1	foreman_1185
foreman_1185_ACTCTCGGTTACGTAC	3301	12975	0.115452793834297	0	Microglial	YAP	YAP	G1	foreman_1185
foreman_1185_ACTGATGAGTAAAGCT	1407	3390	0.262536873156342	2	Classical M1	YAP	YAP	G1	foreman_1185
foreman_1185_ACTGCAAGTCGCCTAG	929	2907	0.00171998624011008	2	Classical M1	YAP	YAP	G1	foreman_1185
foreman_1185_ACTGTCCTCTGACCCT	2569	7222	0.0844641373580726	0	Microglial	YAP	YAP	G1	foreman_1185
foreman_1185_ACTTATCAGCTGTTAC	3172	11627	0.0514320116969124	7	Alternative M2	YAP	YAP	G1	foreman_1185
foreman_1185_ACTTTCAGTCCTCAGG	2019	4680	0.133333333333333	0	Microglial	YAP	YAP	G1	foreman_1185
foreman_1185_AGAACAAAGTCCCAGC	1066	1747	0.065254722381225	0	Microglial	YAP	YAP	G1	foreman_1185
foreman_1185_AGACAGGCACAAGTGG	2849	7400	0.0585135135135135	0	Microglial	YAP	YAP	G1	foreman_1185
foreman_1185_AGACCCGTCGATTTCT	976	1976	0.205971659919028	2	Classical M1	YAP	YAP	G1	foreman_1185
foreman_1185_AGAGAGCAGGGACTGT	1770	5176	0.120556414219474	0	Microglial	YAP	YAP	S	foreman_1185
foreman_1185_AGAGAGCCACTACCCT	1232	2157	0.103847936949467	2	Classical M1	YAP	YAP	G1	foreman_1185
foreman_1185_AGATCCAGTACGTACT	2534	7240	0.0621546961325967	7	Alternative M2	YAP	YAP	G1	foreman_1185
foreman_1185_AGATCGTGTGACAGCA	1711	3863	0.160755889205281	7	Alternative M2	YAP	YAP	G1	foreman_1185
foreman_1185_AGATGAATCAACACCA	2561	7392	0.08495670995671	7	Alternative M2	YAP	YAP	S	foreman_1185
foreman_1185_AGATGCTCAGATACCT	1090	2221	0.142728500675371	0	Microglial	YAP	YAP	G1	foreman_1185
foreman_1185_AGATGCTTCCGCTAGG	3303	9760	0.0417008196721311	0	Microglial	YAP	YAP	G1	foreman_1185
foreman_1185_AGCATCAGTCTTTCAT	1496	4108	0.265822784810127	3	Hypoxia	YAP	YAP	G2M	foreman_1185
foreman_1185_AGCCAATCAACGTTAC	1953	5712	0.249474789915966	7	Alternative M2	YAP	YAP	G1	foreman_1185
foreman_1185_AGCCAATCACAATTCG	2475	7487	0.0360625083478029	0	Microglial	YAP	YAP	G1	foreman_1185
foreman_1185_AGCCAGCAGTCTCGTA	2402	5369	0.0240268206369901	0	Microglial	YAP	YAP	G1	foreman_1185
foreman_1185_AGCGCTGAGTGGAAAG	1503	3840	0.2140625	2	Classical M1	YAP	YAP	G1	foreman_1185
foreman_1185_AGCGTATGTTCGATTG	1197	3082	0.113238157040883	0	Microglial	YAP	YAP	G1	foreman_1185
foreman_1185_AGCGTCGAGTTTCTTC	833	1894	0.24181626187962	2	Classical M1	YAP	YAP	S	foreman_1185
foreman_1185_AGCTTCCGTTAGGGTG	3140	10852	0.0734426833763362	0	Microglial	YAP	YAP	G1	foreman_1185
foreman_1185_AGGAATACATCTAGAC	2627	6380	0.26128526645768	5	Undefined M	YAP	YAP	G1	foreman_1185
foreman_1185_AGGACGAAGCTCCGAC	2011	5011	0.015964877270006	0	Microglial	YAP	YAP	S	foreman_1185
foreman_1185_AGGATAATCCATTTGT	2488	7298	0.205809810907098	0	Microglial	YAP	YAP	G1	foreman_1185
foreman_1185_AGGCATTGTTTCCAAG	1215	3725	0.27758389261745	3	Hypoxia	YAP	YAP	G1	foreman_1185
foreman_1185_AGGCCACTCACTTTGT	2712	8688	0.0765423572744015	6	DC	YAP	YAP	G1	foreman_1185
foreman_1185_AGGGCCTTCGTTGTTT	1454	4608	0.224392361111111	2	Classical M1	YAP	YAP	G1	foreman_1185
foreman_1185_AGGTTACAGGAAAGTG	715	1478	0.280108254397835	2	Classical M1	YAP	YAP	G1	foreman_1185
foreman_1185_AGGTTGTGTTTCTATC	2287	6467	0.0726766661512293	0	Microglial	YAP	YAP	G1	foreman_1185
foreman_1185_AGTACCACACGACGCT	1593	4983	0.161348585189645	7	Alternative M2	YAP	YAP	G1	foreman_1185
foreman_1185_AGTAGTCCATCGCTCT	2779	9028	0.0652414709791759	0	Microglial	YAP	YAP	S	foreman_1185
foreman_1185_AGTAGTCGTCGATTTG	2867	8484	0.0558698727015559	0	Microglial	YAP	YAP	G1	foreman_1185
foreman_1185_AGTCTCCTCTCTTGCG	545	918	0.00108932461873638	2	Classical M1	YAP	YAP	G1	foreman_1185
foreman_1185_AGTGATCCACATAACC	2322	7500	0.127733333333333	7	Alternative M2	YAP	YAP	G1	foreman_1185
foreman_1185_AGTGCCGCACGATAGG	628	1247	0.259021651964715	3	Hypoxia	YAP	YAP	G2M	foreman_1185
foreman_1185_AGTGCCGCAGACACAG	1456	5346	0.255892255892256	6	DC	YAP	YAP	G1	foreman_1185
foreman_1185_AGTGTTGAGCGCCTAC	2447	8538	0.163738580463809	7	Alternative M2	YAP	YAP	G1	foreman_1185
foreman_1185_AGTTCCCCAAGTGACG	875	1972	0.210953346855984	0	Microglial	YAP	YAP	G1	foreman_1185
foreman_1185_AGTTCGATCGCGTGAC	1604	4218	0.150071123755334	7	Alternative M2	YAP	YAP	G1	foreman_1185
foreman_1185_ATACTTCAGCTTAGTC	2806	10718	0.0899421533868259	0	Microglial	YAP	YAP	G1	foreman_1185
foreman_1185_ATAGACCTCTCGCGTT	3254	12675	0.126627218934911	6	DC	YAP	YAP	G1	foreman_1185
foreman_1185_ATAGACCTCTGTAAGC	411	666	0.0555555555555556	2	Classical M1	YAP	YAP	S	foreman_1185
foreman_1185_ATAGACCTCTTCCACG	1522	4871	0.285772941901047	3	Hypoxia	YAP	YAP	G1	foreman_1185
foreman_1185_ATCACTTTCCATTTCA	403	740	0.228378378378378	2	Classical M1	YAP	YAP	G1	foreman_1185
foreman_1185_ATCAGGTGTCTAGATC	2101	5431	0.156693058368625	0	Microglial	YAP	YAP	G1	foreman_1185
foreman_1185_ATCCATTGTCACTCTC	2893	8593	0.0833236355172815	0	Microglial	YAP	YAP	G1	foreman_1185
foreman_1185_ATCGTAGCACGTCATA	1971	7038	0.115089514066496	0	Microglial	YAP	YAP	G1	foreman_1185
foreman_1185_ATCGTAGTCGATACAC	1788	4949	0.113558294604971	0	Microglial	YAP	YAP	G1	foreman_1185
foreman_1185_ATCGTCCAGGACGGAG	1299	2514	0.0489260143198091	0	Microglial	YAP	YAP	G1	foreman_1185
foreman_1185_ATCGTCCAGTATGACA	1721	4252	0.180620884289746	0	Microglial	YAP	YAP	G1	foreman_1185
foreman_1185_ATCGTCCCAACTAGAA	1489	4008	0.189870259481038	0	Microglial	YAP	YAP	G1	foreman_1185
foreman_1185_ATGAAAGAGGCTAAAT	1539	4156	0.259865255052936	7	Alternative M2	YAP	YAP	G1	foreman_1185
foreman_1185_ATGAAAGAGTGGATAT	1178	3987	0.258339603712064	3	Hypoxia	YAP	YAP	S	foreman_1185
foreman_1185_ATGCCTCCAAGCGCAA	2513	8728	0.255155820348304	3	Hypoxia	YAP	YAP	G1	foreman_1185
foreman_1185_ATGGAGGAGTCTAACC	2065	7137	0.271122320302648	2	Classical M1	YAP	YAP	G1	foreman_1185
foreman_1185_ATGGATCGTGTCCCTT	1747	3212	0.038293897882939	0	Microglial	YAP	YAP	G1	foreman_1185
foreman_1185_ATGGGAGTCACCGGGT	2312	7025	0.185907473309609	0	Microglial	YAP	YAP	G1	foreman_1185
foreman_1185_ATGGGTTTCCGATAAC	1964	4681	0.165990173039949	0	Microglial	YAP	YAP	G1	foreman_1185
foreman_1185_ATGGTTGGTCTGCATA	1617	5752	0.2192280945758	0	Microglial	YAP	YAP	G2M	foreman_1185
foreman_1185_ATTACTCCATCCGAGC	2638	5647	0.0201877102886488	0	Microglial	YAP	YAP	G1	foreman_1185
foreman_1185_ATTACTCGTAGGTACG	897	2088	0.261973180076628	3	Hypoxia	YAP	YAP	G1	foreman_1185
foreman_1185_ATTATCCCACAGCGCT	1632	4653	0.096067053513862	0	Microglial	YAP	YAP	G1	foreman_1185
foreman_1185_ATTCACTGTTCTCCAC	1874	4344	0.157458563535912	7	Alternative M2	YAP	YAP	G1	foreman_1185
foreman_1185_ATTCAGGCACGACAGA	1604	5023	0.0961576746963966	2	Classical M1	YAP	YAP	S	foreman_1185
foreman_1185_ATTCCCGCAGGACTTT	1836	4685	0.130629669156884	7	Alternative M2	YAP	YAP	G1	foreman_1185
foreman_1185_ATTCCTAAGCAGGGAG	2693	7106	0.0372924289332958	0	Microglial	YAP	YAP	G1	foreman_1185
foreman_1185_ATTCGTTTCACCATCC	2177	5556	0.155507559395248	0	Microglial	YAP	YAP	S	foreman_1185
foreman_1185_ATTGTTCAGCCTCTGG	1533	3626	0.292333149476007	3	Hypoxia	YAP	YAP	G1	foreman_1185
foreman_1185_ATTGTTCCAAGTGGCA	1241	2286	0.0997375328083989	2	Classical M1	YAP	YAP	G1	foreman_1185
foreman_1185_ATTGTTCGTGGTCTTA	1390	3984	0.237198795180723	0	Microglial	YAP	YAP	G1	foreman_1185
foreman_1185_ATTTACCTCGCTGCGA	656	1148	0.0923344947735192	2	Classical M1	YAP	YAP	S	foreman_1185
foreman_1185_ATTTCACGTTCAGTAC	3143	10662	0.0548677546426562	7	Alternative M2	YAP	YAP	G1	foreman_1185
foreman_1185_ATTTCACGTTCGGTAT	2749	9622	0.0637081687798794	7	Alternative M2	YAP	YAP	G1	foreman_1185
foreman_1185_ATTTCTGAGGTTACCT	3592	15219	0.0597936789539392	0	Microglial	YAP	YAP	G1	foreman_1185
foreman_1185_CAAAGAATCTATCGTT	1881	5640	0.158687943262411	7	Alternative M2	YAP	YAP	G1	foreman_1185
foreman_1185_CAACAGTGTCGAACGA	3182	12576	0.255566157760814	5	Undefined M	YAP	YAP	G1	foreman_1185
foreman_1185_CAACGATGTTGGGTAG	963	1890	0.0666666666666667	0	Microglial	YAP	YAP	G1	foreman_1185
foreman_1185_CAACGGCCATCATTTC	2049	5153	0.182418008926839	7	Alternative M2	YAP	YAP	G1	foreman_1185
foreman_1185_CAAGACTCATCCAACA	3021	9837	0.0969807868252516	0	Microglial	YAP	YAP	G2M	foreman_1185
foreman_1185_CAAGACTTCAATCTCT	2674	8395	0.155568790946992	0	Microglial	YAP	YAP	G1	foreman_1185
foreman_1185_CAAGAGGTCGCCAATA	1388	3813	0.241542092840283	3	Hypoxia	YAP	YAP	G1	foreman_1185
foreman_1185_CAATCGAAGAGAGCCT	1798	4851	0.191300762729334	0	Microglial	YAP	YAP	G1	foreman_1185
foreman_1185_CAATCGAAGGTTCATC	1411	2940	0.155442176870748	0	Microglial	YAP	YAP	G1	foreman_1185
foreman_1185_CAATGACCAGGGAATC	1574	4161	0.0670511896178803	5	Undefined M	YAP	YAP	G2M	foreman_1185
foreman_1185_CAATTTCAGGTACAAT	1617	3725	0.0620134228187919	0	Microglial	YAP	YAP	G1	foreman_1185
foreman_1185_CAATTTCCATTAAGCC	1681	4186	0.176779741997133	2	Classical M1	YAP	YAP	G1	foreman_1185
foreman_1185_CACAGATAGGGCAATC	2310	6094	0.177715786019035	7	Alternative M2	YAP	YAP	G1	foreman_1185
foreman_1185_CACAGGCAGGTCCCTG	702	1064	0.0488721804511278	2	Classical M1	YAP	YAP	G1	foreman_1185
foreman_1185_CACCAAAAGTTTCGGT	952	1678	0.098927294398093	2	Classical M1	YAP	YAP	S	foreman_1185
foreman_1185_CACGTTCCAATCCTAG	3293	13339	0.0617737461578829	7	Alternative M2	YAP	YAP	G1	foreman_1185
foreman_1185_CACTGAACACGTACAT	555	971	0.0803295571575695	3	Hypoxia	YAP	YAP	S	foreman_1185
foreman_1185_CACTGGGAGCCGTCGT	2392	8682	0.0999769638332181	0	Microglial	YAP	YAP	G1	foreman_1185
foreman_1185_CACTTCGGTTTCGTTT	1640	3928	0.0863034623217923	0	Microglial	YAP	YAP	G1	foreman_1185
foreman_1185_CAGAGCCGTCTCGACG	2121	6918	0.149898814686326	6	DC	YAP	YAP	G1	foreman_1185
foreman_1185_CAGATCAAGCGCCTCA	2018	4046	0.0106277805239743	7	Alternative M2	YAP	YAP	S	foreman_1185
foreman_1185_CAGCAGCTCATAGAGA	2873	9725	0.124832904884319	0	Microglial	YAP	YAP	G1	foreman_1185
foreman_1185_CAGCGTGAGCGTTCAT	476	640	0.0546875	2	Classical M1	YAP	YAP	G1	foreman_1185
foreman_1185_CAGGGCTAGGGTTAAT	1459	3313	0.210685179595533	3	Hypoxia	YAP	YAP	G2M	foreman_1185
foreman_1185_CAGGGCTCATTGTACG	3958	16375	0.12769465648855	5	Undefined M	YAP	YAP	G1	foreman_1185
foreman_1185_CAGTGCGAGTAACGAT	1771	3320	0.0716867469879518	0	Microglial	YAP	YAP	G1	foreman_1185
foreman_1185_CAGTGCGCAGTCTGGC	1403	3676	0.180903155603917	2	Classical M1	YAP	YAP	G1	foreman_1185
foreman_1185_CAGTTAGGTGTTTCTT	2955	10693	0.0662115402599832	0	Microglial	YAP	YAP	G1	foreman_1185
foreman_1185_CATAAGCAGATAACAC	2199	7673	0.115991137755767	0	Microglial	YAP	YAP	G1	foreman_1185
foreman_1185_CATCAAGTCGAAGAAT	1289	3726	0.296833064949007	3	Hypoxia	YAP	YAP	S	foreman_1185
foreman_1185_CATCCCAAGACAGTCG	945	2117	0.0944733112895607	2	Classical M1	YAP	YAP	G1	foreman_1185
foreman_1185_CATCGCTGTGTTAGCT	2981	10141	0.0726752785721329	7	Alternative M2	YAP	YAP	G1	foreman_1185
foreman_1185_CATCGGGCAAGATGGC	918	1645	0.103951367781155	2	Classical M1	YAP	YAP	G1	foreman_1185
foreman_1185_CATCGGGTCCCTAGGG	1612	3853	0.284713210485336	7	Alternative M2	YAP	YAP	G1	foreman_1185
foreman_1185_CATGCAAAGGAAGTAG	2073	6044	0.0878557246856387	7	Alternative M2	YAP	YAP	G1	foreman_1185
foreman_1185_CATTCATCACAGCGCT	3194	10071	0.0720881739648496	0	Microglial	YAP	YAP	S	foreman_1185
foreman_1185_CATTCCGCAACGATTC	816	1683	0.0790255496137849	2	Classical M1	YAP	YAP	G1	foreman_1185
foreman_1185_CATTCCGCAGTATACC	3438	11464	0.0775471039776692	0	Microglial	YAP	YAP	G1	foreman_1185
foreman_1185_CATTGAGGTAGGCAGT	2910	9107	0.117052816514769	11	Contaminating Tumor cells	YAP	YAP	G1	foreman_1185
foreman_1185_CCAAGCGAGGTAATCA	2847	10499	0.146204400419088	0	Microglial	YAP	YAP	G1	foreman_1185
foreman_1185_CCAATTTAGCATCCCG	1176	3540	0.282485875706215	3	Hypoxia	YAP	YAP	G1	foreman_1185
foreman_1185_CCACACTTCCAACTGA	1745	4017	0.192930047298979	7	Alternative M2	YAP	YAP	G1	foreman_1185
foreman_1185_CCACCATCAAGGCAAC	1432	2914	0.286890871654084	3	Hypoxia	YAP	YAP	G1	foreman_1185
foreman_1185_CCACCATGTTGCATCA	1210	2497	0.225070084100921	3	Hypoxia	YAP	YAP	G1	foreman_1185
foreman_1185_CCCAACTTCTCGACGG	2106	4313	0.0162300023185718	0	Microglial	YAP	YAP	G1	foreman_1185
foreman_1185_CCCAACTTCTGGACTA	2326	7007	0.124875124875125	0	Microglial	YAP	YAP	G1	foreman_1185
foreman_1185_CCCGAAGAGCGATTCT	1392	3092	0.149094437257439	0	Microglial	YAP	YAP	G1	foreman_1185
foreman_1185_CCCGAAGTCGCCTCTA	957	1749	0.131503716409377	2	Classical M1	YAP	YAP	G1	foreman_1185
foreman_1185_CCCGGAAGTGTTTCTT	363	514	0.0544747081712062	2	Classical M1	YAP	YAP	G1	foreman_1185
foreman_1185_CCGAACGAGGATCACG	1512	2819	0.014544164597375	0	Microglial	YAP	YAP	G1	foreman_1185
foreman_1185_CCGATGGGTCGGATTT	2210	6674	0.0875037458795325	7	Alternative M2	YAP	YAP	G1	foreman_1185
foreman_1185_CCGGACAGTGCACAAG	2990	11396	0.080993330993331	0	Microglial	YAP	YAP	G1	foreman_1185
foreman_1185_CCGGGTATCCTGTTAT	3311	10859	0.0693434017865365	0	Microglial	YAP	YAP	G1	foreman_1185
foreman_1185_CCGGTAGCAGACACCC	2890	9397	0.107906778759178	0	Microglial	YAP	YAP	G1	foreman_1185
foreman_1185_CCGTGAGTCACTAGCA	2569	6154	0.00779980500487488	7	Alternative M2	YAP	YAP	G1	foreman_1185
foreman_1185_CCTACGTGTGTGTACT	1149	3736	0.273019271948608	6	DC	YAP	YAP	G1	foreman_1185
foreman_1185_CCTCAACCACTGCTTC	2267	7385	0.147731888964116	5	Undefined M	YAP	YAP	G1	foreman_1185
foreman_1185_CCTCAACCAGGGATAC	2871	9294	0.0388422638261244	7	Alternative M2	YAP	YAP	G1	foreman_1185
foreman_1185_CCTCATGGTGCTTATG	1879	5428	0.175018422991894	0	Microglial	YAP	YAP	G1	foreman_1185
foreman_1185_CCTCTAGCAATTCACG	3457	10907	0.0707802328779683	11	Contaminating Tumor cells	YAP	YAP	G1	foreman_1185
foreman_1185_CCTCTCCTCTCTTGCG	3366	11937	0.0077909022367429	5	Undefined M	YAP	YAP	G1	foreman_1185
foreman_1185_CCTTCAGGTATTTCCT	3184	10366	0.0511286899479066	7	Alternative M2	YAP	YAP	G1	foreman_1185
foreman_1185_CCTTTGGCAGCCCAGT	1244	3159	0.226970560303894	2	Classical M1	YAP	YAP	G2M	foreman_1185
foreman_1185_CCTTTGGTCATAAGGA	2396	7311	0.0674326357543428	0	Microglial	YAP	YAP	G1	foreman_1185
foreman_1185_CGAATTGTCCTGGCTT	1107	3259	0.294568886161399	2	Classical M1	YAP	YAP	G2M	foreman_1185
foreman_1185_CGAGTTAGTGTTCGTA	1701	5517	0.271886895051659	0	Microglial	YAP	YAP	G1	foreman_1185
foreman_1185_CGATGGCCACTGGATT	1228	3692	0.253791982665222	2	Classical M1	YAP	YAP	S	foreman_1185
foreman_1185_CGCATGGGTCGTGGAA	1620	4673	0.147014765675155	2	Classical M1	YAP	YAP	G1	foreman_1185
foreman_1185_CGCCAGAAGGTACAGC	2345	6357	0.24115148655026	5	Undefined M	YAP	YAP	G1	foreman_1185
foreman_1185_CGCGTGAGTGTTTACG	1463	4100	0.285365853658537	3	Hypoxia	YAP	YAP	G1	foreman_1185
foreman_1185_CGGGACTGTCTGCCTT	2145	5152	0.123447204968944	3	Hypoxia	YAP	YAP	S	foreman_1185
foreman_1185_CGGGACTTCAATGCAC	1545	3415	0.288726207906296	3	Hypoxia	YAP	YAP	G1	foreman_1185
foreman_1185_CGGTCAGGTGCAAGAC	1459	3546	0.262549351381839	3	Hypoxia	YAP	YAP	G2M	foreman_1185
foreman_1185_CGTAAGTAGCATACTC	2773	8741	0.0759638485299165	0	Microglial	YAP	YAP	G1	foreman_1185
foreman_1185_CGTAAGTGTTGCATTG	2499	8970	0.1082497212932	0	Microglial	YAP	YAP	G1	foreman_1185
foreman_1185_CGTAAGTTCTAGTTCT	3620	13889	0.107927136582907	0	Microglial	YAP	YAP	G1	foreman_1185
foreman_1185_CGTAGTATCGCCACTT	2557	5706	0.0087627059235892	0	Microglial	YAP	YAP	G1	foreman_1185
foreman_1185_CGTAGTATCGGCTGAC	2680	8685	0.114795624640184	0	Microglial	YAP	YAP	G1	foreman_1185
foreman_1185_CGTGATAAGACCAGAC	3688	12907	0.014100875493918	5	Undefined M	YAP	YAP	G1	foreman_1185
foreman_1185_CGTGCTTAGTCTGCAT	2104	6619	0.100770509140354	7	Alternative M2	YAP	YAP	G1	foreman_1185
foreman_1185_CGTTAGACAACACAGG	3207	6123	0.0471990854156459	4	Mitotic	YAP	YAP	S	foreman_1185
foreman_1185_CGTTCTGAGGCAATGC	1236	3975	0.217106918238994	0	Microglial	YAP	YAP	S	foreman_1185
foreman_1185_CTAACCCAGTTCCGTA	1649	3812	0.222193074501574	3	Hypoxia	YAP	YAP	G1	foreman_1185
foreman_1185_CTAACCCGTCACCACG	2861	11572	0.0655029381265123	0	Microglial	YAP	YAP	G1	foreman_1185
foreman_1185_CTAACTTTCTGGGCCA	3251	11378	0.0651256811390403	0	Microglial	YAP	YAP	G1	foreman_1185
foreman_1185_CTAAGTGCAAGCACAG	1484	3390	0.227433628318584	2	Classical M1	YAP	YAP	G1	foreman_1185
foreman_1185_CTAAGTGCAGTCGGAA	1990	7460	0.181903485254692	0	Microglial	YAP	YAP	G1	foreman_1185
foreman_1185_CTACATTGTGATGGCA	901	1990	0.211557788944724	2	Classical M1	YAP	YAP	G1	foreman_1185
foreman_1185_CTACCCAAGAGGTGCT	1674	4680	0.268376068376068	0	Microglial	YAP	YAP	G1	foreman_1185
foreman_1185_CTACCTGGTAGGTAGC	1407	3451	0.174731961750217	2	Classical M1	YAP	YAP	G1	foreman_1185
foreman_1185_CTACTATAGACCTCAT	1982	5444	0.181116825863336	0	Microglial	YAP	YAP	G1	foreman_1185
foreman_1185_CTAGGTAGTTTACCTT	1823	3410	0.0357771260997067	0	Microglial	YAP	YAP	G1	foreman_1185
foreman_1185_CTATAGGTCTCGCGTT	2726	7976	0.0327231695085256	6	DC	YAP	YAP	G1	foreman_1185
foreman_1185_CTATCTAAGGCATGGT	2704	8736	0.0594093406593407	7	Alternative M2	YAP	YAP	G1	foreman_1185
foreman_1185_CTCAAGAGTCCTTAAG	2491	5878	0.0202449812861518	0	Microglial	YAP	YAP	G1	foreman_1185
foreman_1185_CTCACTGGTCTGATCA	3095	9812	0.0861190379127599	0	Microglial	YAP	YAP	G1	foreman_1185
foreman_1185_CTCAGGGCACGGGTAA	3078	12801	0.0626513553628623	0	Microglial	YAP	YAP	G1	foreman_1185
foreman_1185_CTCAGGGTCATTCTTG	468	1037	0.155255544840887	2	Classical M1	YAP	YAP	G1	foreman_1185
foreman_1185_CTCAGGGTCGAGAAAT	2573	9856	0.0909090909090909	6	DC	YAP	YAP	G2M	foreman_1185
foreman_1185_CTCAGTCCACTCCTTG	3060	11331	0.0544523872561998	0	Microglial	YAP	YAP	G1	foreman_1185
foreman_1185_CTCATGCAGCTGGCTC	2726	7920	0.0981060606060606	0	Microglial	YAP	YAP	G1	foreman_1185
foreman_1185_CTCCAACAGTACGAGC	2781	8965	0.0728388176240937	0	Microglial	YAP	YAP	G1	foreman_1185
foreman_1185_CTCCACAAGGGTCAAC	364	618	0.0631067961165049	2	Classical M1	YAP	YAP	G1	foreman_1185
foreman_1185_CTCCACATCCCTTTGG	2241	4456	0.0547576301615799	7	Alternative M2	YAP	YAP	G1	foreman_1185
foreman_1185_CTCCATGGTGCAGTGA	2712	9578	0.0623303403633326	7	Alternative M2	YAP	YAP	G1	foreman_1185
foreman_1185_CTCCTCCAGGGCTAAC	1888	5695	0.226338893766462	3	Hypoxia	YAP	YAP	G2M	foreman_1185
foreman_1185_CTCCTCCTCACTTCTA	2789	7888	0.0706135902636917	0	Microglial	YAP	YAP	S	foreman_1185
foreman_1185_CTCGAGGCATCCGATA	3063	12425	0.0901408450704225	0	Microglial	YAP	YAP	G1	foreman_1185
foreman_1185_CTCTCAGCAAGAATGT	1823	3563	0.023014313780522	0	Microglial	YAP	YAP	G1	foreman_1185
foreman_1185_CTCTGGTTCTCTTCAA	1987	5278	0.152709359605911	0	Microglial	YAP	YAP	S	foreman_1185
foreman_1185_CTGCAGGAGCCGTTGC	3251	12552	0.0572817080943276	7	Alternative M2	YAP	YAP	G1	foreman_1185
foreman_1185_CTGCATCAGCTACAAA	1674	4209	0.128534093608933	0	Microglial	YAP	YAP	G1	foreman_1185
foreman_1185_CTGCCTATCATCTGTT	431	642	0.0763239875389408	2	Classical M1	YAP	YAP	S	foreman_1185
foreman_1185_CTGCTCATCCGCTTAC	2062	4387	0.0934579439252336	7	Alternative M2	YAP	YAP	G1	foreman_1185
foreman_1185_CTGTGGGTCATGCCGG	1666	4111	0.102894672828995	0	Microglial	YAP	YAP	S	foreman_1185
foreman_1185_CTTAGGATCTCGTCAC	1402	3104	0.242912371134021	7	Alternative M2	YAP	YAP	G1	foreman_1185
foreman_1185_CTTCAATCATCAGTCA	1308	3067	0.193348549070753	2	Classical M1	YAP	YAP	G1	foreman_1185
foreman_1185_CTTCGGTAGGATTCAA	2487	8868	0.0579612088407758	7	Alternative M2	YAP	YAP	G1	foreman_1185
foreman_1185_CTTCTAAGTCGAATGG	1761	4183	0.179058092278269	0	Microglial	YAP	YAP	G1	foreman_1185
foreman_1185_CTTTCAACAGCTTCGG	2629	8462	0.131883715433704	0	Microglial	YAP	YAP	G1	foreman_1185
foreman_1185_CTTTCGGCACGTGTGC	2588	7218	0.070518149071765	0	Microglial	YAP	YAP	G1	foreman_1185
foreman_1185_GAAGCCCGTTCTCTCG	3000	10047	0.025579775057231	0	Microglial	YAP	YAP	S	foreman_1185
foreman_1185_GAAGTAATCTGACAGT	2228	5481	0.140485312899106	0	Microglial	YAP	YAP	G1	foreman_1185
foreman_1185_GACCCAGAGCTACTAC	2436	9264	0.0825777202072539	0	Microglial	YAP	YAP	G1	foreman_1185
foreman_1185_GACCCAGTCGTTGCCT	1866	6183	0.194565744784085	7	Alternative M2	YAP	YAP	G1	foreman_1185
foreman_1185_GACCGTGAGTATTCCG	1455	4089	0.138664710198092	6	DC	YAP	YAP	G1	foreman_1185
foreman_1185_GACCGTGTCGCCAATA	830	1531	0.163945133899412	2	Classical M1	YAP	YAP	G1	foreman_1185
foreman_1185_GACGTTAAGCCGATAG	2832	10532	0.0724458792252184	0	Microglial	YAP	YAP	G1	foreman_1185
foreman_1185_GACGTTAGTCACCTTC	2288	5243	0.0926950219340072	7	Alternative M2	YAP	YAP	G2M	foreman_1185
foreman_1185_GACTTCCAGGAATTAC	2277	7844	0.0284293727689954	5	Undefined M	YAP	YAP	G1	foreman_1185
foreman_1185_GAGACCCTCATGCCGG	3494	14008	0.139134780125642	5	Undefined M	YAP	YAP	G1	foreman_1185
foreman_1185_GAGATGGCATGCAGGA	2781	9792	0.0927287581699346	0	Microglial	YAP	YAP	G1	foreman_1185
foreman_1185_GAGGCCTTCACAGTGT	1509	3489	0.248208655775294	3	Hypoxia	YAP	YAP	G1	foreman_1185
foreman_1185_GAGGGATAGCATACTC	3714	17656	0.164816492976892	5	Undefined M	YAP	YAP	G1	foreman_1185
foreman_1185_GAGGGATAGTCAATCC	2964	10337	0.0720712005417432	0	Microglial	YAP	YAP	S	foreman_1185
foreman_1185_GAGGGTAGTCGGTACC	2142	7422	0.0982215036378335	0	Microglial	YAP	YAP	G1	foreman_1185
foreman_1185_GAGTCTATCGAGTCCG	902	1210	0.012396694214876	2	Classical M1	YAP	YAP	G1	foreman_1185
foreman_1185_GAGTGAGAGGGTACAC	2130	5878	0.1594079618918	0	Microglial	YAP	YAP	G1	foreman_1185
foreman_1185_GAGTGAGTCAAATGAG	1986	4868	0.13455217748562	0	Microglial	YAP	YAP	G1	foreman_1185
foreman_1185_GAGTGAGTCTAGAACC	1494	4913	0.253612863830653	5	Undefined M	YAP	YAP	G1	foreman_1185
foreman_1185_GAGTTGTTCAAATGAG	2378	6529	0.0782661969673763	7	Alternative M2	YAP	YAP	G1	foreman_1185
foreman_1185_GAGTTTGGTCAGCGTC	1421	3862	0.275245986535474	3	Hypoxia	YAP	YAP	G1	foreman_1185
foreman_1185_GATAGCTAGAGTCAGC	1876	4655	0.104833512352309	0	Microglial	YAP	YAP	G1	foreman_1185
foreman_1185_GATAGCTCAGGCACAA	3109	9467	0.0976021971057357	7	Alternative M2	YAP	YAP	G1	foreman_1185
foreman_1185_GATCACAGTTAGCGGA	851	1605	0.0168224299065421	2	Classical M1	YAP	YAP	S	foreman_1185
foreman_1185_GATCAGTAGGAACTAT	1153	2892	0.239972337482711	7	Alternative M2	YAP	YAP	G1	foreman_1185
foreman_1185_GATCATGAGGTCACAG	880	2045	0.213691931540342	4	Mitotic	YAP	YAP	G2M	foreman_1185
foreman_1185_GATCCCTCATTGAGGG	560	844	0.0687203791469194	2	Classical M1	YAP	YAP	G1	foreman_1185
foreman_1185_GATGACTAGAGTATAC	3718	15541	0.0720674345280227	0	Microglial	YAP	YAP	G1	foreman_1185
foreman_1185_GATGAGGAGCGTTGTT	894	2285	0.222757111597374	2	Classical M1	YAP	YAP	G1	foreman_1185
foreman_1185_GATGAGGCACGTGAGA	2888	12972	0.0779370952821462	0	Microglial	YAP	YAP	G1	foreman_1185
foreman_1185_GATGATCGTGGTCTAT	1933	5893	0.208552519938911	0	Microglial	YAP	YAP	G1	foreman_1185
foreman_1185_GATGCTAGTATACAGA	1901	4606	0.235128093790708	0	Microglial	YAP	YAP	S	foreman_1185
foreman_1185_GATTCTTTCCTTCTAA	2269	7415	0.136614969656103	0	Microglial	YAP	YAP	G1	foreman_1185
foreman_1185_GATTTCTAGCTACTGT	2415	7491	0.0843679081564544	0	Microglial	YAP	YAP	G1	foreman_1185
foreman_1185_GCAACATTCACATTGG	2596	5934	0.0203909673070442	0	Microglial	YAP	YAP	G1	foreman_1185
foreman_1185_GCAACCGGTTGGTACT	1269	3624	0.291666666666667	3	Hypoxia	YAP	YAP	G1	foreman_1185
foreman_1185_GCAGCCAAGCCATTGT	2800	6954	0.0930399769916595	7	Alternative M2	YAP	YAP	G1	foreman_1185
foreman_1185_GCAGCCATCTGATTCT	2781	8708	0.0411116214974736	0	Microglial	YAP	YAP	G1	foreman_1185
foreman_1185_GCAGCTGTCGAACGGA	1747	5713	0.213898127078593	6	DC	YAP	YAP	G1	foreman_1185
foreman_1185_GCATGATAGTGCCCGT	1783	4055	0.0382244143033292	5	Undefined M	YAP	YAP	G1	foreman_1185
foreman_1185_GCCATTCTCTCTAAGG	3400	12951	0.0804571075592618	0	Microglial	YAP	YAP	G1	foreman_1185
foreman_1185_GCCCGAAAGACATCAA	3573	14430	0.0582120582120582	0	Microglial	YAP	YAP	G1	foreman_1185
foreman_1185_GCCGATGCAGAGTCAG	3023	8994	0.0190126751167445	0	Microglial	YAP	YAP	G1	foreman_1185
foreman_1185_GCCTGTTGTTGGGTTT	2720	8923	0.0562591056819455	0	Microglial	YAP	YAP	G1	foreman_1185
foreman_1185_GCGATCGTCGCGGACT	927	2070	0.261352657004831	3	Hypoxia	YAP	YAP	G2M	foreman_1185
foreman_1185_GCGGAAATCAAAGAAC	718	1193	0.14501257334451	2	Classical M1	YAP	YAP	G1	foreman_1185
foreman_1185_GCGGATCAGAATTTGG	2310	5747	0.0969201322429093	0	Microglial	YAP	YAP	S	foreman_1185
foreman_1185_GCGTGCACACCGAATT	1468	3624	0.159216335540839	7	Alternative M2	YAP	YAP	G1	foreman_1185
foreman_1185_GCGTTTCCAATGAAAC	3925	11344	0.00907968970380818	5	Undefined M	YAP	YAP	G1	foreman_1185
foreman_1185_GCTGCAGAGGACAGCT	1787	3414	0.0521382542472173	0	Microglial	YAP	YAP	G1	foreman_1185
foreman_1185_GCTGCAGCAAGAGAGA	2313	5007	0.055122828040743	0	Microglial	YAP	YAP	G1	foreman_1185
foreman_1185_GCTTCACCAGTGGGTA	1697	3512	0.056378132118451	0	Microglial	YAP	YAP	G1	foreman_1185
foreman_1185_GCTTCACGTGGCTACC	4370	17901	0.171107759343053	4	Mitotic	YAP	YAP	G2M	foreman_1185
foreman_1185_GGAAGTGAGGGCCTCT	3203	12077	0.118572493168833	0	Microglial	YAP	YAP	S	foreman_1185
foreman_1185_GGAAGTGGTGTAGGAC	1443	2903	0.10093007233896	2	Classical M1	YAP	YAP	G1	foreman_1185
foreman_1185_GGAGAACTCTGTAACG	1905	3977	0.0666331405582097	0	Microglial	YAP	YAP	G1	foreman_1185
foreman_1185_GGAGCAAAGGCTCTAT	1432	3556	0.201068616422947	2	Classical M1	YAP	YAP	G1	foreman_1185
foreman_1185_GGAGGATTCCTCTAGC	2917	10904	0.0894167278063096	0	Microglial	YAP	YAP	G1	foreman_1185
foreman_1185_GGATCTAAGTAATCCC	1100	3027	0.223323422530558	7	Alternative M2	YAP	YAP	S	foreman_1185
foreman_1185_GGATGTTAGACATATG	1520	2580	0.0422480620155039	0	Microglial	YAP	YAP	G2M	foreman_1185
foreman_1185_GGATGTTCACTCCCTA	3273	10602	0.129975476325222	0	Microglial	YAP	YAP	G1	foreman_1185
foreman_1185_GGCGTCACACCGTCGA	1065	2763	0.176981541802389	2	Classical M1	YAP	YAP	G1	foreman_1185
foreman_1185_GGCGTCAGTCGAGATG	1698	4767	0.232641074050766	2	Classical M1	YAP	YAP	S	foreman_1185
foreman_1185_GGGACCTAGACGACTG	1774	5649	0.154540626659586	0	Microglial	YAP	YAP	G1	foreman_1185
foreman_1185_GGGACCTTCGGTAGGA	1358	3892	0.236125385405961	0	Microglial	YAP	YAP	G1	foreman_1185
foreman_1185_GGGATCCCAGTGTGCC	1856	4968	0.183574879227053	7	Alternative M2	YAP	YAP	G1	foreman_1185
foreman_1185_GGGATCCTCGGACAAG	2000	5192	0.0970724191063174	0	Microglial	YAP	YAP	S	foreman_1185
foreman_1185_GGGCGTTGTCTCACAA	1789	5619	0.0916533190959245	0	Microglial	YAP	YAP	G1	foreman_1185
foreman_1185_GGGCTCATCACCTTAT	2305	5373	0.0783547366461939	6	DC	YAP	YAP	G1	foreman_1185
foreman_1185_GGGTATTAGCAGCGAT	2444	8151	0.0921359342411974	0	Microglial	YAP	YAP	G1	foreman_1185
foreman_1185_GGGTCACAGTATCCTG	3755	14731	0.0593985472812436	0	Microglial	YAP	YAP	G1	foreman_1185
foreman_1185_GGGTCACAGTTACGGG	1434	4059	0.179847253017985	0	Microglial	YAP	YAP	G1	foreman_1185
foreman_1185_GGTCTGGTCGCATGAT	1550	4113	0.12667152929735	0	Microglial	YAP	YAP	G1	foreman_1185
foreman_1185_GGTGGCTGTCGAGTGA	3276	13124	0.0562328558366352	7	Alternative M2	YAP	YAP	G1	foreman_1185
foreman_1185_GTAACACCACTTCAGA	3075	10821	0.0620090564642824	0	Microglial	YAP	YAP	S	foreman_1185
foreman_1185_GTAACACGTGCTGATT	2420	8221	0.172485099136358	0	Microglial	YAP	YAP	G1	foreman_1185
foreman_1185_GTAAGTCAGCTGACCC	1091	2932	0.162005457025921	2	Classical M1	YAP	YAP	G1	foreman_1185
foreman_1185_GTAATCGTCTTGAGCA	1276	2814	0.158848614072495	2	Classical M1	YAP	YAP	G1	foreman_1185
foreman_1185_GTACAGTTCAGTGTGT	2770	10022	0.0872081420874077	0	Microglial	YAP	YAP	G1	foreman_1185
foreman_1185_GTAGAAACACTGTTCC	2782	6583	0.052103903995139	7	Alternative M2	YAP	YAP	G1	foreman_1185
foreman_1185_GTAGATCGTTGTGTAC	1107	3201	0.285848172446111	2	Classical M1	YAP	YAP	G1	foreman_1185
foreman_1185_GTAGATCGTTTGACAC	2159	4536	0.0447530864197531	0	Microglial	YAP	YAP	G1	foreman_1185
foreman_1185_GTAGCTACATCTCCCA	1498	3013	0.177231994689678	3	Hypoxia	YAP	YAP	G1	foreman_1185
foreman_1185_GTAGGAGAGCTTCGTA	1172	2415	0.227329192546584	2	Classical M1	YAP	YAP	G1	foreman_1185
foreman_1185_GTATTGGAGCACTGGA	863	1537	0.0930383864671438	2	Classical M1	YAP	YAP	G2M	foreman_1185
foreman_1185_GTCATGACATAATCCG	2292	6686	0.133263535746336	0	Microglial	YAP	YAP	G1	foreman_1185
foreman_1185_GTCATGATCCCAGGAC	2202	5454	0.0454712137880455	0	Microglial	YAP	YAP	G1	foreman_1185
foreman_1185_GTCCACTTCTGAGCAT	1277	4241	0.263145484555529	0	Microglial	YAP	YAP	G1	foreman_1185
foreman_1185_GTCCTCATCTTCCCGA	3327	9429	0.0293774525400361	0	Microglial	YAP	YAP	G1	foreman_1185
foreman_1185_GTCGCGACAACCGTGC	1252	2800	0.250357142857143	3	Hypoxia	YAP	YAP	G2M	foreman_1185
foreman_1185_GTCGCGATCTCTCCGA	1249	4488	0.000668449197860963	2	Classical M1	YAP	YAP	S	foreman_1185
foreman_1185_GTCTACCCAGTAACGG	664	1353	0.0583887657058389	2	Classical M1	YAP	YAP	S	foreman_1185
foreman_1185_GTCTTTATCCTACCGT	1848	5210	0.217274472168906	2	Classical M1	YAP	YAP	G1	foreman_1185
foreman_1185_GTGAGGAGTGTCATTG	397	741	0.175438596491228	2	Classical M1	YAP	YAP	G1	foreman_1185
foreman_1185_GTGCTGGGTCCTACGG	1997	5687	0.0803587128538773	0	Microglial	YAP	YAP	G1	foreman_1185
foreman_1185_GTGCTTCCATCCGTTC	997	2309	0.174534430489389	7	Alternative M2	YAP	YAP	G1	foreman_1185
foreman_1185_GTGCTTCGTACAGAAT	2087	4507	0.0448191701797204	0	Microglial	YAP	YAP	G1	foreman_1185
foreman_1185_GTGGCGTTCAGAGCAG	1487	3806	0.230425643720441	3	Hypoxia	YAP	YAP	G1	foreman_1185
foreman_1185_GTGGTTAAGTGAGGTC	3080	12451	0.0982250421652879	0	Microglial	YAP	YAP	G1	foreman_1185
foreman_1185_GTGGTTAGTCTACTGA	770	1405	0.212811387900356	2	Classical M1	YAP	YAP	G1	foreman_1185
foreman_1185_GTGTAACCACCAATTG	855	2094	0.227316141356256	2	Classical M1	YAP	YAP	G1	foreman_1185
foreman_1185_GTGTGGCAGCGACTGA	3268	12153	0.0698592940014811	0	Microglial	YAP	YAP	G1	foreman_1185
foreman_1185_GTGTGGCGTCTAGGTT	874	2334	0.235646958011997	2	Classical M1	YAP	YAP	G1	foreman_1185
foreman_1185_GTGTTCCCAGAGTGTG	1259	2065	0.0987893462469734	0	Microglial	YAP	YAP	G2M	foreman_1185
foreman_1185_GTGTTCCGTGATGGCA	4113	14396	0.0236871353153654	5	Undefined M	YAP	YAP	S	foreman_1185
foreman_1185_GTTACCCGTGGTTCTA	1586	5672	0.257228490832158	6	DC	YAP	YAP	G1	foreman_1185
foreman_1185_GTTAGTGAGGCGTTGA	1292	2105	0.0256532066508314	0	Microglial	YAP	YAP	G1	foreman_1185
foreman_1185_GTTATGGTCCTGATAG	4037	19992	0.0885354141656663	6	DC	YAP	YAP	S	foreman_1185
foreman_1185_GTTCATTAGTGGTTGG	1845	4555	0.204610318331504	0	Microglial	YAP	YAP	G1	foreman_1185
foreman_1185_GTTCATTGTTCTTGCC	3081	10423	0.0549745754581215	0	Microglial	YAP	YAP	G1	foreman_1185
foreman_1185_GTTCTATAGGCACTCC	2440	5012	0.0403032721468476	0	Microglial	YAP	YAP	G1	foreman_1185
foreman_1185_GTTGCGGGTCGTGATT	1553	4584	0.282940663176265	3	Hypoxia	YAP	YAP	G1	foreman_1185
foreman_1185_GTTGCTCGTGAGTAGC	2835	9490	0.0916754478398314	0	Microglial	YAP	YAP	G1	foreman_1185
foreman_1185_GTTTGGAGTGCGCTCA	2261	6701	0.102671243098045	2	Classical M1	YAP	YAP	G1	foreman_1185
foreman_1185_TAACACGTCTCGAACA	2320	7452	0.139559849704777	0	Microglial	YAP	YAP	G1	foreman_1185
foreman_1185_TACACCCCAAGACCGA	3654	15096	0.0740593534711182	0	Microglial	YAP	YAP	G1	foreman_1185
foreman_1185_TACACCCGTCCACAGC	2647	8390	0.110369487485101	11	Contaminating Tumor cells	YAP	YAP	G1	foreman_1185
foreman_1185_TACATTCGTATGTCTG	2394	6600	0.16	6	DC	YAP	YAP	G1	foreman_1185
foreman_1185_TACCGAAAGCTGACCC	2257	6478	0.107903673973449	0	Microglial	YAP	YAP	S	foreman_1185
foreman_1185_TACGGTATCGCTACAA	1519	3247	0.092085001539883	2	Classical M1	YAP	YAP	G1	foreman_1185
foreman_1185_TACTTACGTCCGGTCA	1617	3971	0.25232938806346	3	Hypoxia	YAP	YAP	G1	foreman_1185
foreman_1185_TACTTCACAGCGTGCT	1874	5495	0.197816196542311	0	Microglial	YAP	YAP	S	foreman_1185
foreman_1185_TACTTCACATGAAGGC	2765	9557	0.0604792298838548	0	Microglial	YAP	YAP	G1	foreman_1185
foreman_1185_TACTTCACATGTTACG	1409	2248	0.021797153024911	0	Microglial	YAP	YAP	S	foreman_1185
foreman_1185_TAGAGTCGTGCATGAG	1760	4335	0.0722029988465975	7	Alternative M2	YAP	YAP	G1	foreman_1185
foreman_1185_TAGATCGCACTCAAGT	1565	3393	0.0495137046861185	5	Undefined M	YAP	YAP	G1	foreman_1185
foreman_1185_TAGGTACGTGCCTGCA	2915	11301	0.0669852225466773	0	Microglial	YAP	YAP	G1	foreman_1185
foreman_1185_TAGGTTGGTTAAGCAA	1442	3530	0.0603399433427762	0	Microglial	YAP	YAP	G1	foreman_1185
foreman_1185_TAGTGCAGTCACATTG	800	1429	0.160951714485654	2	Classical M1	YAP	YAP	G2M	foreman_1185
foreman_1185_TATATCCAGGGTCTTT	2494	10251	0.0192176373036777	5	Undefined M	YAP	YAP	G1	foreman_1185
foreman_1185_TATCCTACACCAATTG	2999	10777	0.076551916117658	0	Microglial	YAP	YAP	G1	foreman_1185
foreman_1185_TATCGCCTCACTCACC	2482	8443	0.10979509652967	0	Microglial	YAP	YAP	G1	foreman_1185
foreman_1185_TATCTGTTCCGCACGA	1417	5702	0.0047351806383725	3	Hypoxia	YAP	YAP	G1	foreman_1185
foreman_1185_TATTCCAGTGAAGCTG	2214	5155	0.0370514064015519	0	Microglial	YAP	YAP	G1	foreman_1185
foreman_1185_TATTGGGAGAAGCTGC	2497	9173	0.0853592063665104	0	Microglial	YAP	YAP	G1	foreman_1185
foreman_1185_TATTGGGAGTAACAGT	779	1395	0.198566308243728	2	Classical M1	YAP	YAP	G1	foreman_1185
foreman_1185_TATTGGGTCAATCCGA	1523	3478	0.281771132834963	3	Hypoxia	YAP	YAP	G1	foreman_1185
foreman_1185_TCAAGACTCATACGAC	967	2346	0.0980392156862745	0	Microglial	YAP	YAP	G1	foreman_1185
foreman_1185_TCAATCTCATGGTGGA	1038	2112	0.257575757575758	2	Classical M1	YAP	YAP	G1	foreman_1185
foreman_1185_TCACAAGCACTGTCCT	1684	4580	0.0768558951965066	0	Microglial	YAP	YAP	S	foreman_1185
foreman_1185_TCACAAGGTTGCACGC	1353	4355	0.211481056257176	7	Alternative M2	YAP	YAP	G1	foreman_1185
foreman_1185_TCACACCCAGAGTGTG	1802	4891	0.222040482518912	3	Hypoxia	YAP	YAP	S	foreman_1185
foreman_1185_TCACATTTCCGAGGCT	518	905	0.270718232044199	2	Classical M1	YAP	YAP	S	foreman_1185
foreman_1185_TCACGCTGTATGCGGA	1056	2083	0.170427268362938	2	Classical M1	YAP	YAP	G1	foreman_1185
foreman_1185_TCACGGGCAACGTAAA	1481	4096	0.257568359375	3	Hypoxia	YAP	YAP	G1	foreman_1185
foreman_1185_TCACGGGTCCACCTCA	2634	8401	0.107487203904297	0	Microglial	YAP	YAP	G1	foreman_1185
foreman_1185_TCACTATCAATTGAAG	2075	5804	0.0642660234321158	0	Microglial	YAP	YAP	G1	foreman_1185
foreman_1185_TCAGCAAAGCGTGTTT	1065	1777	0.0737197523916714	2	Classical M1	YAP	YAP	G1	foreman_1185
foreman_1185_TCAGCCTTCGAGATAA	2781	9583	0.0614630074089534	0	Microglial	YAP	YAP	G1	foreman_1185
foreman_1185_TCAGGGCTCTAGGAAA	423	834	0.26978417266187	2	Classical M1	YAP	YAP	G2M	foreman_1185
foreman_1185_TCATACTCAAGGTCGA	3444	13445	0.0737076980290071	6	DC	YAP	YAP	G1	foreman_1185
foreman_1185_TCATACTCATACCGTA	1507	4047	0.146528292562392	7	Alternative M2	YAP	YAP	G1	foreman_1185
foreman_1185_TCATACTCATGACGAG	2437	7819	0.0593426269343906	7	Alternative M2	YAP	YAP	G1	foreman_1185
foreman_1185_TCATATCAGATGAACT	1318	4121	0.291434117932541	3	Hypoxia	YAP	YAP	G1	foreman_1185
foreman_1185_TCATCATGTGAGACCA	1829	3803	0.0788850907178543	5	Undefined M	YAP	YAP	G1	foreman_1185
foreman_1185_TCATGTTGTTTGAACC	1970	5317	0.282302050028211	3	Hypoxia	YAP	YAP	G1	foreman_1185
foreman_1185_TCATTCATCAGGAGAC	2103	5428	0.193441414885777	3	Hypoxia	YAP	YAP	G1	foreman_1185
foreman_1185_TCATTTGAGATGAACT	2186	4998	0.0630252100840336	0	Microglial	YAP	YAP	G1	foreman_1185
foreman_1185_TCATTTGGTGTTGAGG	2361	5387	0.194913681084091	6	DC	YAP	YAP	G1	foreman_1185
foreman_1185_TCATTTGTCTCACGAA	3039	11476	0.0987277797141861	0	Microglial	YAP	YAP	G1	foreman_1185
foreman_1185_TCATTTGTCTGTTCAT	3540	12756	0.0529946691752901	0	Microglial	YAP	YAP	G1	foreman_1185
foreman_1185_TCCACGTGTAGCGATG	680	1291	0.206041828040279	2	Classical M1	YAP	YAP	G1	foreman_1185
foreman_1185_TCCACGTGTATGAGAT	2089	5509	0.0631693592303503	0	Microglial	YAP	YAP	S	foreman_1185
foreman_1185_TCCAGAAAGCCGCACT	2789	9401	0.0856291883842144	7	Alternative M2	YAP	YAP	G1	foreman_1185
foreman_1185_TCCCACACAGTATGAA	1668	3587	0.164204070253694	0	Microglial	YAP	YAP	G1	foreman_1185
foreman_1185_TCCGAAAAGCTACTGT	1496	3898	0.23114417650077	6	DC	YAP	YAP	G1	foreman_1185
foreman_1185_TCCGATCTCTAGGAAA	1564	2663	0.0390536988358994	2	Classical M1	YAP	YAP	G1	foreman_1185
foreman_1185_TCCTCCCTCAGCGGAA	3585	16284	0.0711127487103906	0	Microglial	YAP	YAP	G1	foreman_1185
foreman_1185_TCCTCGATCAGGAAGC	1615	3845	0.221326397919376	3	Hypoxia	YAP	YAP	G1	foreman_1185
foreman_1185_TCCTCTTCAGTTAGGG	1798	3939	0.271388677329271	4	Mitotic	YAP	YAP	S	foreman_1185
foreman_1185_TCCTTTCAGCGATGCA	2186	4574	0.0557498906864888	0	Microglial	YAP	YAP	G1	foreman_1185
foreman_1185_TCGAAGTCAGTCAGAG	1942	5061	0.0869393400513732	0	Microglial	YAP	YAP	G1	foreman_1185
foreman_1185_TCGATTTGTTGCGTAT	1428	3562	0.0940482874789444	0	Microglial	YAP	YAP	G2M	foreman_1185
foreman_1185_TCGCTCAAGTGAGGCT	1656	4810	0.251559251559252	2	Classical M1	YAP	YAP	S	foreman_1185
foreman_1185_TCGCTCACAGAGGCAT	2638	8277	0.0270629455116588	0	Microglial	YAP	YAP	G1	foreman_1185
foreman_1185_TCGGGCAAGATGCCGA	1456	3447	0.232666086451987	3	Hypoxia	YAP	YAP	G1	foreman_1185
foreman_1185_TCGGTCTCATGCGGTC	5410	25132	0.0223221391055228	5	Undefined M	YAP	YAP	G1	foreman_1185
foreman_1185_TCGTCCAAGTCTCGTA	821	1832	0.25764192139738	2	Classical M1	YAP	YAP	G1	foreman_1185
foreman_1185_TCGTCCAGTGAACGGT	744	1300	0.147692307692308	2	Classical M1	YAP	YAP	G1	foreman_1185
foreman_1185_TCGTGGGAGCATGCAG	1290	3368	0.204572446555819	7	Alternative M2	YAP	YAP	G2M	foreman_1185
foreman_1185_TCGTGGGAGTCATTGC	1048	3597	0.000556018904642758	3	Hypoxia	YAP	YAP	G1	foreman_1185
foreman_1185_TCTAACTGTGTTCAGT	2816	7032	0.0574516496018202	0	Microglial	YAP	YAP	G1	foreman_1185
foreman_1185_TCTACATCAACAGAGC	2929	12043	0.0534750477455783	7	Alternative M2	YAP	YAP	S	foreman_1185
foreman_1185_TCTATACAGCGACCCT	3067	9386	0.0238653313445557	0	Microglial	YAP	YAP	G1	foreman_1185
foreman_1185_TCTATACAGGTTCATC	1406	3267	0.284970921334558	11	Contaminating Tumor cells	YAP	YAP	G1	foreman_1185
foreman_1185_TCTCACGAGCACTCGC	2777	10430	0.206615532118888	0	Microglial	YAP	YAP	G1	foreman_1185
foreman_1185_TCTCACGTCCGTGGCA	1698	4260	0.243896713615023	3	Hypoxia	YAP	YAP	G2M	foreman_1185
foreman_1185_TCTCAGCAGAACAGGA	2667	8370	0.0405017921146953	0	Microglial	YAP	YAP	G1	foreman_1185
foreman_1185_TCTCAGCAGGGTCAAC	2952	10296	0.0645881895881896	7	Alternative M2	YAP	YAP	G1	foreman_1185
foreman_1185_TCTCAGCCATCGGTTA	1703	3226	0.0700557966522009	0	Microglial	YAP	YAP	G1	foreman_1185
foreman_1185_TCTCCGATCATGTCAG	2235	5924	0.179270762997974	0	Microglial	YAP	YAP	G1	foreman_1185
foreman_1185_TCTCTGGAGGTTCTTG	3129	12057	0.0687567388239197	0	Microglial	YAP	YAP	G1	foreman_1185
foreman_1185_TCTCTGGGTGAGATAT	1269	4325	0.00115606936416185	2	Classical M1	YAP	YAP	G1	foreman_1185
foreman_1185_TCTGTCGCAGCCGTCA	2341	5023	0.0218992633884133	0	Microglial	YAP	YAP	G2M	foreman_1185
foreman_1185_TCTTAGTAGTTTGGCT	1521	3684	0.193268186753529	7	Alternative M2	YAP	YAP	G1	foreman_1185
foreman_1185_TCTTCCTAGGATTTAG	1044	1814	0.0711135611907387	2	Classical M1	YAP	YAP	S	foreman_1185
foreman_1185_TCTTCCTGTCGCACGT	2435	6865	0.22680262199563	0	Microglial	YAP	YAP	G1	foreman_1185
foreman_1185_TGAACGTTCCTATGGA	1017	1784	0.20347533632287	2	Classical M1	YAP	YAP	G1	foreman_1185
foreman_1185_TGAATCGCAACTGGTT	1337	3044	0.20335085413929	2	Classical M1	YAP	YAP	G1	foreman_1185
foreman_1185_TGAATCGTCATTACCT	1954	6810	0.236563876651982	3	Hypoxia	YAP	YAP	G1	foreman_1185
foreman_1185_TGAATGCTCCAAAGGG	1654	5902	0.202473737716028	0	Microglial	YAP	YAP	G1	foreman_1185
foreman_1185_TGACAGTGTACGACAG	2552	8565	0.057209573847052	7	Alternative M2	YAP	YAP	G1	foreman_1185
foreman_1185_TGACCCTTCATGAAAG	1114	2674	0.200448765893792	2	Classical M1	YAP	YAP	G1	foreman_1185
foreman_1185_TGACGCGTCTGAGTCA	2077	4686	0.126333760136577	0	Microglial	YAP	YAP	S	foreman_1185
foreman_1185_TGAGACTTCGGACGTC	352	759	0.00395256916996047	2	Classical M1	YAP	YAP	G1	foreman_1185
foreman_1185_TGAGGAGAGACTTCAC	1191	4271	0.287520487005385	2	Classical M1	YAP	YAP	G1	foreman_1185
foreman_1185_TGAGGGAGTTACGCCG	3090	12585	0.0901072705601907	0	Microglial	YAP	YAP	G1	foreman_1185
foreman_1185_TGATCAGAGATGCGAC	2321	4883	0.0518124104034405	0	Microglial	YAP	YAP	G1	foreman_1185
foreman_1185_TGATCAGGTACGAAAT	2760	8630	0.0735805330243337	0	Microglial	YAP	YAP	G1	foreman_1185
foreman_1185_TGATCTTGTGGAAATT	2733	9162	0.0684348395546824	6	DC	YAP	YAP	G1	foreman_1185
foreman_1185_TGATGCACATCATGAC	2756	7481	0.0465178452078599	0	Microglial	YAP	YAP	G1	foreman_1185
foreman_1185_TGCACGGGTTCGGTAT	1989	4904	0.177610114192496	3	Hypoxia	YAP	YAP	G1	foreman_1185
foreman_1185_TGCAGATGTCACTAGT	2513	6946	0.0633458105384394	0	Microglial	YAP	YAP	S	foreman_1185
foreman_1185_TGCAGGCGTTTAAGGA	2822	11032	0.0669869470630892	0	Microglial	YAP	YAP	G1	foreman_1185
foreman_1185_TGCATGAGTCTCACAA	2896	9532	0.0802559798573227	0	Microglial	YAP	YAP	G1	foreman_1185
foreman_1185_TGCATGATCGTGTCAA	815	1793	0.284997211377579	2	Classical M1	YAP	YAP	G1	foreman_1185
foreman_1185_TGCATGATCGTTGCCT	2098	5297	0.0766471587691146	0	Microglial	YAP	YAP	S	foreman_1185
foreman_1185_TGCCGAGAGATGACAT	2239	6290	0.0192368839427663	0	Microglial	YAP	YAP	S	foreman_1185
foreman_1185_TGCGATACAATACGCT	429	667	0.136431784107946	2	Classical M1	YAP	YAP	G1	foreman_1185
foreman_1185_TGCTCCACAACGTTAC	2187	6880	0.270639534883721	7	Alternative M2	YAP	YAP	G1	foreman_1185
foreman_1185_TGCTGAAAGTGATGGC	945	3177	0.00188857412653447	2	Classical M1	YAP	YAP	G1	foreman_1185
foreman_1185_TGCTGAAGTCAGGTAG	1736	4160	0.275	3	Hypoxia	YAP	YAP	G1	foreman_1185
foreman_1185_TGGAGAGGTCATGACT	2364	7518	0.111199787177441	0	Microglial	YAP	YAP	S	foreman_1185
foreman_1185_TGGATCAGTACCATAC	3052	8370	0.0666666666666667	0	Microglial	YAP	YAP	G1	foreman_1185
foreman_1185_TGGCGTGTCTATTCGT	2000	5307	0.271905031091012	3	Hypoxia	YAP	YAP	G1	foreman_1185
foreman_1185_TGGGATTCACACGCCA	2490	5952	0.0341061827956989	0	Microglial	YAP	YAP	G1	foreman_1185
foreman_1185_TGGTGATCATTCATCT	453	741	0.224021592442645	2	Classical M1	YAP	YAP	G1	foreman_1185
foreman_1185_TGTAAGCTCTCCACTG	2889	9414	0.0607605693647759	0	Microglial	YAP	YAP	G1	foreman_1185
foreman_1185_TGTAGACCAAGCGCAA	1011	1978	0.296764408493428	4	Mitotic	YAP	YAP	S	foreman_1185
foreman_1185_TGTAGACTCGGAGCAA	4336	16020	0.0190387016229713	5	Undefined M	YAP	YAP	S	foreman_1185
foreman_1185_TGTCAGATCCACGGGT	3136	12698	0.0867065679634588	6	DC	YAP	YAP	G2M	foreman_1185
foreman_1185_TGTCCCAAGGAACGTC	2895	9804	0.0148918808649531	0	Microglial	YAP	YAP	G1	foreman_1185
foreman_1185_TGTGCGGAGTCGGGAT	2227	6159	0.11381717811333	7	Alternative M2	YAP	YAP	G1	foreman_1185
foreman_1185_TGTGGCGCACCAGTTA	1766	4355	0.146498277841561	2	Classical M1	YAP	YAP	G1	foreman_1185
foreman_1185_TGTGTGAAGCAATAGT	1517	3731	0.116054677030287	2	Classical M1	YAP	YAP	S	foreman_1185
foreman_1185_TGTTCCGGTAGCTTGT	3056	9844	0.0882771231206826	0	Microglial	YAP	YAP	G1	foreman_1185
foreman_1185_TGTTCCGTCCAGCACG	2979	10685	0.0523163313055686	0	Microglial	YAP	YAP	G1	foreman_1185
foreman_1185_TGTTGGAAGGGTCTTT	1894	6265	0.207182761372705	6	DC	YAP	YAP	G1	foreman_1185
foreman_1185_TGTTGGAAGGTCCGAA	1774	4684	0.241033304867634	7	Alternative M2	YAP	YAP	G1	foreman_1185
foreman_1185_TGTTGGAAGTGCACTT	1378	3756	0.227103301384452	0	Microglial	YAP	YAP	G1	foreman_1185
foreman_1185_TGTTGGACAGCATGCC	2871	9456	0.0779399323181049	0	Microglial	YAP	YAP	G1	foreman_1185
foreman_1185_TGTTGGAGTGGCTACC	1713	4547	0.111062238838795	0	Microglial	YAP	YAP	G1	foreman_1185
foreman_1185_TTACGTTCAATAGTCC	2948	9782	0.0655285217746882	0	Microglial	YAP	YAP	G1	foreman_1185
foreman_1185_TTACTGTAGAGAGTTT	1157	3242	0.244602097470697	11	Contaminating Tumor cells	YAP	YAP	G1	foreman_1185
foreman_1185_TTACTGTCACTACCCT	2696	9889	0.0587521488522601	0	Microglial	YAP	YAP	G1	foreman_1185
foreman_1185_TTATTGCGTCTACTGA	2246	6620	0.0811178247734139	0	Microglial	YAP	YAP	G1	foreman_1185
foreman_1185_TTCAATCAGGTTGTTC	2630	7856	0.0955957230142566	7	Alternative M2	YAP	YAP	G1	foreman_1185
foreman_1185_TTCAATCCAAAGCTCT	2372	6094	0.0992779783393502	0	Microglial	YAP	YAP	G1	foreman_1185
foreman_1185_TTCAATCGTACTAAGA	1533	3330	0.13033033033033	2	Classical M1	YAP	YAP	G1	foreman_1185
foreman_1185_TTCACCGGTACGGCAA	3076	9348	0.122379118528027	7	Alternative M2	YAP	YAP	G1	foreman_1185
foreman_1185_TTCATGTCATAAGCGG	2860	7677	0.0801094177413052	0	Microglial	YAP	YAP	G1	foreman_1185
foreman_1185_TTCCTAAGTTACCCAA	3564	15223	0.0548512119818695	6	DC	YAP	YAP	G1	foreman_1185
foreman_1185_TTCCTAATCCTCGATC	2276	5978	0.0644028103044497	0	Microglial	YAP	YAP	G1	foreman_1185
foreman_1185_TTCGCTGAGTATGGAT	1726	4300	0.192558139534884	0	Microglial	YAP	YAP	G1	foreman_1185
foreman_1185_TTCTTCCTCTGAGGTT	858	1667	0.0635872825434913	2	Classical M1	YAP	YAP	G1	foreman_1185
foreman_1185_TTGCATTCATGAGAAT	1268	3378	0.290408525754885	3	Hypoxia	YAP	YAP	G1	foreman_1185
foreman_1185_TTGGGCGAGTGTCATC	2668	8717	0.0811058850521969	0	Microglial	YAP	YAP	G1	foreman_1185
foreman_1185_TTGTGGAGTGTATCCA	3018	11069	0.0520372210678471	7	Alternative M2	YAP	YAP	G1	foreman_1185
foreman_1185_TTGTGGATCCCATTCG	2462	8280	0.0693236714975845	7	Alternative M2	YAP	YAP	G1	foreman_1185
foreman_1185_TTTACCAAGGCATCGA	1033	2628	0.04337899543379	2	Classical M1	YAP	YAP	G1	foreman_1185
foreman_1185_TTTACCAAGGGATGTC	1251	3739	0.293126504412945	2	Classical M1	YAP	YAP	G1	foreman_1185
foreman_1185_TTTACCAAGTCTTGGT	2490	6558	0.0303446172613602	0	Microglial	YAP	YAP	S	foreman_1185
foreman_1185_TTTACGTAGACTCAAA	1946	5046	0.208481965913595	3	Hypoxia	YAP	YAP	S	foreman_1185
foreman_1185_TTTACTGAGAACGTGC	2085	5804	0.0737422467263956	0	Microglial	YAP	YAP	G1	foreman_1185
foreman_1185_TTTACTGCATTAAAGG	1337	3107	0.149983907306083	2	Classical M1	YAP	YAP	G1	foreman_1185
foreman_1185_TTTAGTCCACTACAGT	2465	5666	0.0162372043769855	7	Alternative M2	YAP	YAP	S	foreman_1185
foreman_1185_TTTCAGTGTTAGTCGT	1288	2255	0.142793791574279	8	Neutrophil	YAP	YAP	G1	foreman_1185
foreman_1185_TTTCCTCCAGGGAGAG	2397	8452	0.15688594415523	0	Microglial	YAP	YAP	G1	foreman_1185
foreman_1185_TTTCGATGTATAATGG	1347	4520	0.00486725663716814	2	Classical M1	YAP	YAP	G1	foreman_1185
foreman_1185_TTTGACTCAATTGTGC	1589	3909	0.26835507802507	7	Alternative M2	YAP	YAP	G1	foreman_1185
foreman_1185_TTTGATCTCCTTCAGC	1433	4561	0.255426441569831	6	DC	YAP	YAP	S	foreman_1185
foreman_1185_TTTGTTGCAAACGAGC	3169	10324	0.0976365749709415	0	Microglial	YAP	YAP	G1	foreman_1185
foreman_1386_AAATGCCTCACTTACT	2431	8778	0.0502392344497608	4	Mitotic	RELA	RELA	G2M	foreman_1386
foreman_1386_AACACGTGTATATGGA	2000	6934	0.040957600230747	6	DC	RELA	RELA	S	foreman_1386
foreman_1386_AACTCCCTCCTAGAAC	2200	7227	0.0563165905631659	0	Microglial	RELA	RELA	S	foreman_1386
foreman_1386_AAGGAGCTCGCACTCT	2252	8555	0.0253652834599649	0	Microglial	RELA	RELA	G1	foreman_1386
foreman_1386_AATCGGTAGGTAAACT	2223	8575	0.0481632653061225	0	Microglial	RELA	RELA	G1	foreman_1386
foreman_1386_AATCGGTCATGTCCTC	2063	6529	0.043345075815592	0	Microglial	RELA	RELA	S	foreman_1386
foreman_1386_ACATACGAGACCACGA	2054	7958	0.0417190248806233	0	Microglial	RELA	RELA	G1	foreman_1386
foreman_1386_ACGGGTCCATGTAAGA	2283	9329	0.0383749598027656	0	Microglial	RELA	RELA	S	foreman_1386
foreman_1386_AGCAGCCTCCAATGGT	2468	8977	0.0402138799153392	6	DC	RELA	RELA	S	foreman_1386
foreman_1386_AGCATACGTCACCTAA	1644	5556	0.0397768178545716	2	Classical M1	RELA	RELA	S	foreman_1386
foreman_1386_AGCATACTCTGGCGTG	1142	3492	0.115979381443299	2	Classical M1	RELA	RELA	S	foreman_1386
foreman_1386_AGGCCACAGTCCATAC	2047	7410	0.0425101214574899	5	Undefined M	RELA	RELA	G1	foreman_1386
foreman_1386_AGTAGTCAGCGTTCCG	2247	7551	0.0462190438352536	6	DC	RELA	RELA	S	foreman_1386
foreman_1386_AGTGGGAAGCGAAGGG	2396	10518	0.038220193953223	5	Undefined M	RELA	RELA	G1	foreman_1386
foreman_1386_AGTGGGACACTGTTAG	2570	8840	0.0512443438914027	5	Undefined M	RELA	RELA	S	foreman_1386
foreman_1386_CACAAACTCACCACCT	3180	13142	0.0385786029523665	4	Mitotic	RELA	RELA	S	foreman_1386
foreman_1386_CACCACTCACTTGGAT	2425	9191	0.0295941682080296	6	DC	RELA	RELA	G1	foreman_1386
foreman_1386_CCACGGAAGCATGGCA	1065	2503	0	0	Microglial	RELA	RELA	S	foreman_1386
foreman_1386_CCCAATCCATCGTCGG	1861	6475	0.0347490347490347	0	Microglial	RELA	RELA	G1	foreman_1386
foreman_1386_CCCTCCTAGATCCCGC	1776	4735	0.0582893347412883	4	Mitotic	RELA	RELA	S	foreman_1386
foreman_1386_CCGGTAGGTATCACCA	2356	10477	0.0286341509974229	6	DC	RELA	RELA	S	foreman_1386
foreman_1386_CCTCAGTTCCGTTGCT	1999	7846	0.0339026255416773	0	Microglial	RELA	RELA	G1	foreman_1386
foreman_1386_CCTTACGAGCATCATC	1318	3707	0.029673590504451	0	Microglial	RELA	RELA	G1	foreman_1386
foreman_1386_CGAGCCAAGACCGGAT	379	767	0.0847457627118644	2	Classical M1	RELA	RELA	S	foreman_1386
foreman_1386_CGCGGTAAGCGCCTTG	418	939	0.287539936102236	2	Classical M1	RELA	RELA	G1	foreman_1386
foreman_1386_CGGACACAGTTTAGGA	1714	5557	0.0426489112830664	7	Alternative M2	RELA	RELA	G1	foreman_1386
foreman_1386_CGGCTAGTCCAATGGT	3127	15018	0.0647223332001598	5	Undefined M	RELA	RELA	G1	foreman_1386
foreman_1386_CGTAGCGCAAGCCCAC	1319	2809	0.208971164115344	4	Mitotic	RELA	RELA	S	foreman_1386
foreman_1386_CGTGAGCAGTGCCAGA	1935	6883	0.0611651895975592	0	Microglial	RELA	RELA	G1	foreman_1386
foreman_1386_CGTTAGAAGGCCATAG	2230	8780	0.0369020501138952	0	Microglial	RELA	RELA	G1	foreman_1386
foreman_1386_CGTTCTGAGCCGCCTA	3022	13828	0.0449088805322534	5	Undefined M	RELA	RELA	G1	foreman_1386
foreman_1386_CTAACTTCATGCCTTC	1258	3958	0.0356240525517938	2	Classical M1	RELA	RELA	G1	foreman_1386
foreman_1386_CTGCGGAAGACCCACC	2474	10734	0.0452766908887647	0	Microglial	RELA	RELA	G1	foreman_1386
foreman_1386_CTGCGGACATGAGCGA	2133	8017	0.0459024572782836	0	Microglial	RELA	RELA	G1	foreman_1386
foreman_1386_CTGGTCTAGGAGTCTG	1774	6382	0.0437167032278283	0	Microglial	RELA	RELA	G1	foreman_1386
foreman_1386_CTTACCGGTAATCGTC	2837	11430	0.0349956255468067	6	DC	RELA	RELA	G1	foreman_1386
foreman_1386_CTTCTCTGTCGAAAGC	2302	9169	0.0550768895190315	7	Alternative M2	RELA	RELA	G1	foreman_1386
foreman_1386_CTTTGCGGTTCCGTCT	2183	8029	0.0288952547017063	5	Undefined M	RELA	RELA	G1	foreman_1386
foreman_1386_GAACCTAAGTAGGTGC	2166	8627	0.0365132722846876	0	Microglial	RELA	RELA	G1	foreman_1386
foreman_1386_GACAGAGAGCCTATGT	394	1044	0.0440613026819923	2	Classical M1	RELA	RELA	G1	foreman_1386
foreman_1386_GACCAATCATATACCG	2606	10700	0.0316822429906542	5	Undefined M	RELA	RELA	G1	foreman_1386
foreman_1386_GACCAATTCAGCTCGG	312	736	0.255434782608696	2	Classical M1	RELA	RELA	S	foreman_1386
foreman_1386_GACGGCTCACAGGTTT	2648	10933	0.0374096771243026	6	DC	RELA	RELA	G1	foreman_1386
foreman_1386_GACTAACTCTCTGTCG	2604	10591	0.0331413464262109	5	Undefined M	RELA	RELA	G1	foreman_1386
foreman_1386_GACTACACAGAAGCAC	902	2053	0.239649293716512	7	Alternative M2	RELA	RELA	G1	foreman_1386
foreman_1386_GAGCAGAAGCGATCCC	1847	5082	0.0968122786304604	5	Undefined M	RELA	RELA	S	foreman_1386
foreman_1386_GAGCAGACATGGGAAC	2607	9974	0.0290755965510327	6	DC	RELA	RELA	G1	foreman_1386
foreman_1386_GGAACTTAGCTAGTCT	485	969	0.0712074303405573	2	Classical M1	RELA	RELA	S	foreman_1386
foreman_1386_GGAATAAGTCAGAAGC	2874	10153	0.0696345907613513	5	Undefined M	RELA	RELA	S	foreman_1386
foreman_1386_GGACGTCGTGGCTCCA	2967	15178	0.04466991698511	5	Undefined M	RELA	RELA	G1	foreman_1386
foreman_1386_GGTATTGGTTATTCTC	3405	13366	0.0445907526559928	4	Mitotic	RELA	RELA	S	foreman_1386
foreman_1386_GTACGTACACCGATAT	560	1159	0.122519413287317	2	Classical M1	RELA	RELA	G1	foreman_1386
foreman_1386_GTAGTCACAATAGCGG	1476	4771	0.0494655208551666	0	Microglial	RELA	RELA	G1	foreman_1386
foreman_1386_GTAGTCATCATCTGTT	1409	4219	0.0684996444655132	5	Undefined M	RELA	RELA	G1	foreman_1386
foreman_1386_GTCATTTCATCAGTCA	1366	4529	0.0333406933097814	2	Classical M1	RELA	RELA	S	foreman_1386
foreman_1386_GTCATTTTCACCACCT	2488	8104	0.0391164856860809	0	Microglial	RELA	RELA	G1	foreman_1386
foreman_1386_GTCTCGTTCATCTGTT	2099	7870	0.0110546378653113	0	Microglial	RELA	RELA	S	foreman_1386
foreman_1386_GTCTCGTTCTACTTAC	2863	13038	0.0354348826507133	5	Undefined M	RELA	RELA	G1	foreman_1386
foreman_1386_GTGCGGTGTCTGATCA	2060	6725	0.0339033457249071	0	Microglial	RELA	RELA	G1	foreman_1386
foreman_1386_GTTACAGCAGGCTCAC	2084	7358	0.0470236477303615	0	Microglial	RELA	RELA	G1	foreman_1386
foreman_1386_TCAACGAAGGATATAC	2135	7302	0.0543686661188715	0	Microglial	RELA	RELA	G1	foreman_1386
foreman_1386_TCACAAGTCCGGCACA	2543	9638	0.0475202324133638	0	Microglial	RELA	RELA	G1	foreman_1386
foreman_1386_TCCCGATAGGGCTCTC	2070	6460	0.0351393188854489	0	Microglial	RELA	RELA	G1	foreman_1386
foreman_1386_TCTCTAATCGGCTACG	2498	9288	0.0414513350559862	6	DC	RELA	RELA	G1	foreman_1386
foreman_1386_TGAGGGAGTAGTGAAT	2722	11258	0.0569372890389057	11	Contaminating Tumor cells	RELA	RELA	G1	foreman_1386
foreman_1386_TGCCCATGTAAATGAC	2408	10541	0.0464851532112703	7	Alternative M2	RELA	RELA	G1	foreman_1386
foreman_1386_TGTATTCAGTCGATAA	385	777	0.137709137709138	2	Classical M1	RELA	RELA	G1	foreman_1386
foreman_1386_TTCCCAGCACAGATTC	3740	16095	0.036036036036036	4	Mitotic	RELA	RELA	S	foreman_1386
foreman_1386_TTGTAGGCACGGTTTA	2423	10068	0.0224473579658323	4	Mitotic	RELA	RELA	S	foreman_1386
foreman_1329_AAAGATGGTGCGAAAC	1673	6886	0.0450188788846936	0	Microglial	RELA	RELA	G1	foreman_1329
foreman_1329_ACCCACTTCTTTACAC	1811	4974	0.0715721753116204	0	Microglial	RELA	RELA	S	foreman_1329
foreman_1329_ACCGTAATCGGCTACG	1682	5326	0.115659031167856	7	Alternative M2	RELA	RELA	G1	foreman_1329
foreman_1329_ACGCCAGTCAAGGTAA	614	2185	0.180320366132723	2	Classical M1	RELA	RELA	G1	foreman_1329
foreman_1329_AGCGTATGTCTAAACC	1384	4054	0.12925505673409	7	Alternative M2	RELA	RELA	G1	foreman_1329
foreman_1329_AGGGATGAGGGTCGAT	1591	4738	0.0791473195441114	0	Microglial	RELA	RELA	G1	foreman_1329
foreman_1329_AGTAGTCTCACTTCAT	1382	5432	0.0156480117820324	2	Classical M1	RELA	RELA	G1	foreman_1329
foreman_1329_AGTCTTTTCGGAGCAA	444	726	0.0881542699724518	2	Classical M1	RELA	RELA	S	foreman_1329
foreman_1329_AGTGAGGCAGATCTGT	501	1186	0.177908937605396	7	Alternative M2	RELA	RELA	G1	foreman_1329
foreman_1329_ATCATCTAGTTACCCA	1015	2427	0.132262051915946	7	Alternative M2	RELA	RELA	S	foreman_1329
foreman_1329_ATTTCTGCAGATCCAT	1041	2798	0.0411007862759114	2	Classical M1	RELA	RELA	G1	foreman_1329
foreman_1329_CAAGTTGCAATTCCTT	1697	6241	0.127543662874539	0	Microglial	RELA	RELA	G1	foreman_1329
foreman_1329_CACACAAAGCGTCAAG	1922	7266	0.0498210845031654	5	Undefined M	RELA	RELA	G1	foreman_1329
foreman_1329_CACCAGGTCAGGCGAA	954	3258	0.100675260896255	0	Microglial	RELA	RELA	G1	foreman_1329
foreman_1329_CACTCCAAGCTAGTCT	877	1859	0.0532544378698225	0	Microglial	RELA	RELA	G1	foreman_1329
foreman_1329_CACTCCATCCACGAAT	1772	6062	0.0605410755526229	0	Microglial	RELA	RELA	G1	foreman_1329
foreman_1329_CAGAATCAGGCCATAG	1304	4628	0.159248055315471	2	Classical M1	RELA	RELA	G1	foreman_1329
foreman_1329_CATGACACATTTGCCC	406	1060	0.162264150943396	2	Classical M1	RELA	RELA	S	foreman_1329
foreman_1329_CCAATCCCAGGAATCG	868	2113	0.0506389020350213	2	Classical M1	RELA	RELA	G1	foreman_1329
foreman_1329_CCTAAAGGTTATGTGC	1853	6708	0.0284734645199761	0	Microglial	RELA	RELA	G1	foreman_1329
foreman_1329_CGAGCCATCGATAGAA	1835	6291	0.0486409155937053	7	Alternative M2	RELA	RELA	G1	foreman_1329
foreman_1329_CGGACACCATACGCCG	1650	4453	0.0370536716820121	7	Alternative M2	RELA	RELA	G1	foreman_1329
foreman_1329_CGGTTAAGTGTTGAGG	2020	8494	0.0354367789027549	6	DC	RELA	RELA	G1	foreman_1329
foreman_1329_CGTAGGCGTTGTTTGG	1303	3764	0.048884165781084	0	Microglial	RELA	RELA	G1	foreman_1329
foreman_1329_CGTCCATTCTGGCGAC	703	1673	0.0400478182904961	2	Classical M1	RELA	RELA	G1	foreman_1329
foreman_1329_CTAGAGTTCATATCGG	2021	6743	0.0418211478570369	7	Alternative M2	RELA	RELA	G1	foreman_1329
foreman_1329_CTCAGAAGTGAGTATA	1994	8641	0.0439763916213401	7	Alternative M2	RELA	RELA	G1	foreman_1329
foreman_1329_CTCTGGTGTCTCTCGT	2287	9351	0.04598438669661	7	Alternative M2	RELA	RELA	G1	foreman_1329
foreman_1329_CTTACCGAGCTGCGAA	2073	6456	0.0940210656753408	0	Microglial	RELA	RELA	G1	foreman_1329
foreman_1329_GACCTGGAGGCCGAAT	2118	8144	0.0821463654223969	0	Microglial	RELA	RELA	G1	foreman_1329
foreman_1329_GACGCGTGTAACGTTC	737	2124	0.0560263653483992	2	Classical M1	RELA	RELA	S	foreman_1329
foreman_1329_GAGCAGACACGTTGGC	531	1277	0.241973375097886	2	Classical M1	RELA	RELA	G1	foreman_1329
foreman_1329_GAGTCCGTCCTACAGA	1878	6478	0.0481630132757024	6	DC	RELA	RELA	G1	foreman_1329
foreman_1329_GATGCTAAGCTCCTTC	2319	11043	0.047813094267862	6	DC	RELA	RELA	S	foreman_1329
foreman_1329_GCCTCTACACTTACGA	708	1293	0.0711523588553751	7	Alternative M2	RELA	RELA	G1	foreman_1329
foreman_1329_GCCTCTATCCGTACAA	1989	9261	0.0309901738473167	0	Microglial	RELA	RELA	G1	foreman_1329
foreman_1329_GGGACCTCAAGGACTG	2011	8411	0.0255617643562002	0	Microglial	RELA	RELA	G1	foreman_1329
foreman_1329_GGGATGATCTACGAGT	915	2383	0.101133025597986	2	Classical M1	RELA	RELA	S	foreman_1329
foreman_1329_GTACGTAGTAATAGCA	1852	6692	0.0431858936043036	5	Undefined M	RELA	RELA	G1	foreman_1329
foreman_1329_GTCGGGTGTGAGGCTA	314	568	0	2	Classical M1	RELA	RELA	S	foreman_1329
foreman_1329_GTTAAGCGTGCAGTAG	2460	10060	0.0481113320079523	0	Microglial	RELA	RELA	G1	foreman_1329
foreman_1329_TAAGTGCCATTTCAGG	2893	12309	0.0304655130392396	0	Microglial	RELA	RELA	G1	foreman_1329
foreman_1329_TACACGACAGTTAACC	2610	10800	0.0407407407407407	6	DC	RELA	RELA	G1	foreman_1329
foreman_1329_TACGGTACATGATCCA	942	2386	0.100586756077117	0	Microglial	RELA	RELA	G1	foreman_1329
foreman_1329_TACTTGTAGTTAGCGG	1831	7138	0.0346035304006725	0	Microglial	RELA	RELA	G1	foreman_1329
foreman_1329_TAGTTGGAGATTACCC	990	2615	0.0764818355640535	0	Microglial	RELA	RELA	G1	foreman_1329
foreman_1329_TAGTTGGGTGCATCTA	1449	3692	0.0411700975081257	7	Alternative M2	RELA	RELA	G1	foreman_1329
foreman_1329_TCTGAGACATGTCGAT	2573	10661	0.0364881343213582	7	Alternative M2	RELA	RELA	G1	foreman_1329
foreman_1329_TGAAAGAGTTGGACCC	1119	3173	0.0460132366845257	0	Microglial	RELA	RELA	G1	foreman_1329
foreman_1329_TGCACCTCAGCGTTCG	413	985	0.105583756345178	2	Classical M1	RELA	RELA	G1	foreman_1329
foreman_1329_TGCTACCTCTGTGCAA	1248	4013	0.0147022177921754	0	Microglial	RELA	RELA	G1	foreman_1329
foreman_1329_TGTGTTTGTTAAAGTG	1940	5970	0.0482412060301508	7	Alternative M2	RELA	RELA	G1	foreman_1329
foreman_1329_TTCCCAGTCCTCAACC	1885	7786	0.0336501412792191	6	DC	RELA	RELA	G1	foreman_1329
foreman_1329_TTTGCGCAGGAGCGAG	604	1280	0.04609375	2	Classical M1	RELA	RELA	S	foreman_1329
foreman_909_ACTGTCCCAGGACGTA	2079	5105	0.0364348677766895	0	Microglial	RELA	RELA	G1	foreman_909
foreman_909_AGGGAGTCACACAGAG	2524	10254	0.042715038033938	6	DC	RELA	RELA	G1	foreman_909
foreman_909_ATCGAGTTCATTATCC	2120	8314	0.0449843637238393	7	Alternative M2	RELA	RELA	G1	foreman_909
foreman_909_CACACTCAGATGCCTT	2746	9815	0.0256749872643912	0	Microglial	RELA	RELA	G1	foreman_909
foreman_909_CAGCCGACACAGACTT	2032	5694	0.00983491394450299	7	Alternative M2	RELA	RELA	G1	foreman_909
foreman_909_CATCAGAAGCCAACAG	239	352	0.0454545454545455	2	Classical M1	RELA	RELA	S	foreman_909
foreman_909_CTGTTTACAACGATCT	413	595	0.0890756302521008	2	Classical M1	RELA	RELA	G1	foreman_909
foreman_909_GATCGTATCTTCGAGA	3258	13240	0.0169184290030211	0	Microglial	RELA	RELA	G1	foreman_909
foreman_909_GATGAGGTCTGCCCTA	1003	2810	0.145907473309609	0	Microglial	RELA	RELA	G2M	foreman_909
foreman_909_GCACTCTAGGCCCTTG	3406	13957	0.0432041269613814	0	Microglial	RELA	RELA	G1	foreman_909
foreman_909_GGATGTTCACACTGCG	214	311	0.0353697749196141	2	Classical M1	RELA	RELA	G1	foreman_909
foreman_909_GTGCAGCTCTTGTCAT	528	952	0.113445378151261	3	Hypoxia	RELA	RELA	G1	foreman_909
foreman_909_TACTCATCAATCGAAA	1822	5207	0.0311119646629537	5	Undefined M	RELA	RELA	G1	foreman_909
foreman_909_TCAACGACAATAACGA	220	287	0.0696864111498258	2	Classical M1	RELA	RELA	G1	foreman_909
foreman_909_TCTGGAAGTCTGCAAT	2970	12007	0.0350628799866744	0	Microglial	RELA	RELA	S	foreman_909
foreman_909_TGAGCCGGTGCCTGCA	256	350	0.0685714285714286	2	Classical M1	RELA	RELA	S	foreman_909
foreman_909_TGAGGGAAGATATGGT	2233	8675	0.0334293948126801	0	Microglial	RELA	RELA	S	foreman_909
foreman_909_TGCGCAGTCAACGCTA	2951	11407	0.0340142018059087	5	Undefined M	RELA	RELA	S	foreman_909
foreman_909_TGGGCGTAGTTAACGA	305	445	0.0674157303370786	2	Classical M1	RELA	RELA	G2M	foreman_909
foreman_870_AACGTTGAGGTCGGAT	1201	3157	0.0481469749762433	0	Microglial	RELA	RELA	G1	foreman_870
foreman_870_AAGGAGCGTTATGCGT	470	1094	0.217550274223035	2	Classical M1	RELA	RELA	G1	foreman_870
foreman_870_ACACCAAGTAAGTTCC	2305	9667	0.0831695458777284	7	Alternative M2	RELA	RELA	G1	foreman_870
foreman_870_ACAGCCGCAAGTAGTA	467	891	0.0549943883277217	2	Classical M1	RELA	RELA	S	foreman_870
foreman_870_ACAGCCGGTGTCAATC	611	1531	0.0640104506858263	2	Classical M1	RELA	RELA	G1	foreman_870
foreman_870_ACAGCTACATTAACCG	912	2106	0.0797720797720798	0	Microglial	RELA	RELA	G1	foreman_870
foreman_870_ACATCAGCACAGACAG	1104	3040	0.0292763157894737	2	Classical M1	RELA	RELA	G1	foreman_870
foreman_870_ACGGCCAGTAGAGGAA	485	1077	0.163416898792943	2	Classical M1	RELA	RELA	G1	foreman_870
foreman_870_ACGGCCAGTTGCCTCT	559	1352	0.132396449704142	2	Classical M1	RELA	RELA	G1	foreman_870
foreman_870_ACTGAACCACCTCGGA	2430	10582	0.0495180495180495	6	DC	RELA	RELA	G1	foreman_870
foreman_870_ACTGTCCGTCCCGACA	440	1352	0.0880177514792899	2	Classical M1	RELA	RELA	G1	foreman_870
foreman_870_AGGGAGTCACACAGAG	314	539	0.0408163265306122	2	Classical M1	RELA	RELA	G1	foreman_870
foreman_870_AGGGATGCACTGAAGG	548	1155	0.0640692640692641	2	Classical M1	RELA	RELA	G1	foreman_870
foreman_870_ATCCACCTCAGAAATG	907	2631	0.116685670847586	0	Microglial	RELA	RELA	G1	foreman_870
foreman_870_CACATTTGTCTGCGGT	414	738	0.0948509485094851	2	Classical M1	RELA	RELA	S	foreman_870
foreman_870_CACCACTGTTATGTGC	329	575	0.147826086956522	2	Classical M1	RELA	RELA	G1	foreman_870
foreman_870_CAGTAACAGGTCGGAT	452	822	0.161800486618005	2	Classical M1	RELA	RELA	G1	foreman_870
foreman_870_CCACGGAGTTCCACGG	1848	7351	0.0508774316419535	6	DC	RELA	RELA	S	foreman_870
foreman_870_CGGACTGGTACATCCA	531	1037	0.0973963355834137	2	Classical M1	RELA	RELA	S	foreman_870
foreman_870_CGGCTAGCAGTCGTGC	899	1992	0.0667670682730924	0	Microglial	RELA	RELA	S	foreman_870
foreman_870_CGTAGGCAGCCAGGAT	422	1030	0.145631067961165	2	Classical M1	RELA	RELA	G1	foreman_870
foreman_870_CGTAGGCCACTCTGTC	612	1261	0.0737509912767645	2	Classical M1	RELA	RELA	G1	foreman_870
foreman_870_CGTGTCTAGCTAAACA	2212	9842	0.0467384677910994	6	DC	RELA	RELA	G1	foreman_870
foreman_870_CTACATTTCCATGAGT	586	1133	0.12621359223301	2	Classical M1	RELA	RELA	S	foreman_870
foreman_870_CTCGTACCAGCCTATA	253	566	0.180212014134276	2	Classical M1	RELA	RELA	S	foreman_870
foreman_870_CTGATCCGTATAGGGC	572	1262	0.0736925515055468	2	Classical M1	RELA	RELA	G1	foreman_870
foreman_870_CTTAACTTCTGGTATG	1716	5857	0.0522451767116271	0	Microglial	RELA	RELA	G1	foreman_870
foreman_870_CTTACCGAGAGTGACC	849	1541	0.0441271901362751	0	Microglial	RELA	RELA	G1	foreman_870
foreman_870_CTTACCGCATGCTAGT	292	505	0.142574257425743	2	Classical M1	RELA	RELA	S	foreman_870
foreman_870_GACTACAGTCTCTCTG	728	1652	0.110774818401937	2	Classical M1	RELA	RELA	G1	foreman_870
foreman_870_GATGAAATCACGGTTA	294	508	0.0866141732283465	2	Classical M1	RELA	RELA	G2M	foreman_870
foreman_870_GCACTCTAGGCCCTTG	402	665	0.037593984962406	2	Classical M1	RELA	RELA	S	foreman_870
foreman_870_GCGCCAAGTAGCGTAG	602	1451	0.15368711233632	2	Classical M1	RELA	RELA	G1	foreman_870
foreman_870_GCGCCAAGTTACAGAA	1008	2277	0.0715854194115064	0	Microglial	RELA	RELA	S	foreman_870
foreman_870_GGGAGATGTGCACTTA	608	1131	0.120247568523431	2	Classical M1	RELA	RELA	G1	foreman_870
foreman_870_GGTATTGGTCACCTAA	1325	3398	0.133019423190112	7	Alternative M2	RELA	RELA	G1	foreman_870
foreman_870_GTCACGGAGACGCTTT	1095	2865	0.148342059336824	0	Microglial	RELA	RELA	S	foreman_870
foreman_870_GTCCTCAAGGTGGGTT	691	1501	0.0952698201199201	2	Classical M1	RELA	RELA	G1	foreman_870
foreman_870_TATTACCTCGCCGTGA	420	983	0.0366225839267548	2	Classical M1	RELA	RELA	G1	foreman_870
foreman_870_TCGTACCGTACATGTC	1109	2833	0.0822449699964702	0	Microglial	RELA	RELA	S	foreman_870
foreman_870_TCTCATACACGGCGTT	406	810	0.118518518518519	2	Classical M1	RELA	RELA	G1	foreman_870
foreman_870_TCTCATATCAGCTCGG	1008	2955	0.117766497461929	0	Microglial	RELA	RELA	G1	foreman_870
foreman_870_TCTGGAAGTCTGCAAT	345	646	0.043343653250774	2	Classical M1	RELA	RELA	S	foreman_870
foreman_870_TCTTCGGTCTGGCGTG	639	1518	0.144927536231884	2	Classical M1	RELA	RELA	S	foreman_870
foreman_870_TGAGCATTCAGCTTAG	592	1301	0.0445810914681015	0	Microglial	RELA	RELA	S	foreman_870
foreman_870_TGAGCCGTCTCACATT	568	1303	0.128165771297007	2	Classical M1	RELA	RELA	G1	foreman_870
foreman_870_TGCGCAGTCAACGCTA	365	591	0.0304568527918782	2	Classical M1	RELA	RELA	G1	foreman_870
foreman_870_TTAGGACCAGTAGAGC	566	1021	0.116552399608227	2	Classical M1	RELA	RELA	G1	foreman_870
foreman_870_TTCGGTCAGATAGTCA	1147	2921	0.203355015405683	6	DC	RELA	RELA	G1	foreman_870
foreman_1158_2_AAATGGACAAAGGATT	893	1766	0.210079275198188	7	Alternative M2	RELA	RELA	G1	foreman_1158
foreman_1158_2_ACACAGTAGGCCTGAA	442	592	0.0625	2	Classical M1	RELA	RELA	G1	foreman_1158
foreman_1158_2_ACGGGTCAGGGATGTC	747	1412	0.0793201133144476	2	Classical M1	RELA	RELA	G1	foreman_1158
foreman_1158_2_ACGGGTCGTGGCACTC	1835	4631	0.0788166702656014	0	Microglial	RELA	RELA	G1	foreman_1158
foreman_1158_2_ACGTACAGTTTCGACA	1567	3296	0.126516990291262	7	Alternative M2	RELA	RELA	G1	foreman_1158
foreman_1158_2_ACTACGAAGCACTGGA	504	914	0.225382932166302	2	Classical M1	RELA	RELA	G2M	foreman_1158
foreman_1158_2_AGAGCAGGTGAATATG	345	530	0.207547169811321	2	Classical M1	RELA	RELA	G1	foreman_1158
foreman_1158_2_AGAGCCCTCTGCCTCA	1687	3227	0.0830492717694453	7	Alternative M2	RELA	RELA	S	foreman_1158
foreman_1158_2_AGATGCTTCTTGGCTC	1881	3716	0.0928417653390743	5	Undefined M	RELA	RELA	G2M	foreman_1158
foreman_1158_2_AGCGCCACATTCCTAT	2335	5431	0.0587368808690849	7	Alternative M2	RELA	RELA	G1	foreman_1158
foreman_1158_2_AGCGCCAGTCGGATTT	643	1564	0.290281329923274	2	Classical M1	RELA	RELA	G1	foreman_1158
foreman_1158_2_AGGTGTTAGTAGAGTT	2086	4886	0.0902578796561605	4	Mitotic	RELA	RELA	S	foreman_1158
foreman_1158_2_AGTACTGCATCGGAAG	1164	2098	0.143469971401335	7	Alternative M2	RELA	RELA	G2M	foreman_1158
foreman_1158_2_AGTTCGAGTAGCGCTC	2616	8390	0.0787842669845054	7	Alternative M2	RELA	RELA	G1	foreman_1158
foreman_1158_2_ATAGGCTGTAAGTTAG	1708	3699	0.0621789672884563	0	Microglial	RELA	RELA	G1	foreman_1158
foreman_1158_2_ATCCACCTCACTTGGA	1744	3333	0.0576057605760576	7	Alternative M2	RELA	RELA	G1	foreman_1158
foreman_1158_2_ATCCCTGTCCGCAGTG	1082	2089	0.147917663954045	7	Alternative M2	RELA	RELA	G1	foreman_1158
foreman_1158_2_CAACGATAGAAGTCTA	2809	8837	0.105578816340387	5	Undefined M	RELA	RELA	S	foreman_1158
foreman_1158_2_CAGTGCGCATTGCTTT	2221	5137	0.0654078255791318	7	Alternative M2	RELA	RELA	G1	foreman_1158
foreman_1158_2_CAGTTCCGTCTCTCTG	1820	4230	0.0695035460992908	7	Alternative M2	RELA	RELA	G1	foreman_1158
foreman_1158_2_CATAAGCGTATGAGAT	2672	7471	0.0538080578235845	7	Alternative M2	RELA	RELA	G1	foreman_1158
foreman_1158_2_CCACGTTTCGTCGATA	2085	4756	0.12973086627418	7	Alternative M2	RELA	RELA	G1	foreman_1158
foreman_1158_2_CCTGTTGCATTGCCGG	426	594	0.0791245791245791	2	Classical M1	RELA	RELA	S	foreman_1158
foreman_1158_2_CGAGGCTCAGGTAGTG	2668	11037	0.077285494246625	6	DC	RELA	RELA	G1	foreman_1158
foreman_1158_2_CGAGTTAGTCAACCAT	2650	7913	0.092253254138759	5	Undefined M	RELA	RELA	S	foreman_1158
foreman_1158_2_CGCGTGAAGAGGTATT	888	1966	0.0193285859613428	3	Hypoxia	RELA	RELA	G1	foreman_1158
foreman_1158_2_CGGCAGTCATTCACCC	1547	3092	0.0779430789133247	7	Alternative M2	RELA	RELA	S	foreman_1158
foreman_1158_2_CGGGCATCAAATGATG	1319	2370	0.135443037974684	7	Alternative M2	RELA	RELA	G1	foreman_1158
foreman_1158_2_CGTGATAGTCTACAAC	449	920	0.258695652173913	2	Classical M1	RELA	RELA	S	foreman_1158
foreman_1158_2_CTCAGTCAGGTTTGAA	1772	4343	0.166474787013585	7	Alternative M2	RELA	RELA	G1	foreman_1158
foreman_1158_2_CTGAATGCAGAACTCT	2474	7956	0.104449472096531	7	Alternative M2	RELA	RELA	G1	foreman_1158
foreman_1158_2_CTGCGAGGTTCAGCGC	1134	3050	0.0662295081967213	0	Microglial	RELA	RELA	G2M	foreman_1158
foreman_1158_2_CTGGTCTAGTGAGGTC	1429	2850	0.0529824561403509	0	Microglial	RELA	RELA	S	foreman_1158
foreman_1158_2_CTTCGGTTCCCAAGTA	2529	6502	0.10196862503845	0	Microglial	RELA	RELA	S	foreman_1158
foreman_1158_2_GAACTGTGTTGCTCAA	1016	2419	0.275733774286895	2	Classical M1	RELA	RELA	G1	foreman_1158
foreman_1158_2_GAAGAATTCATCGCCT	3153	13650	0.055970695970696	6	DC	RELA	RELA	G1	foreman_1158
foreman_1158_2_GACCTTCCAGTCGCTG	1708	3912	0.157975460122699	7	Alternative M2	RELA	RELA	S	foreman_1158
foreman_1158_2_GAGCTGCCAACGGCCT	2620	7111	0.0617353396146815	7	Alternative M2	RELA	RELA	G1	foreman_1158
foreman_1158_2_GAGTTGTTCTTACTGT	1775	4788	0.0522138680033417	0	Microglial	RELA	RELA	G1	foreman_1158
foreman_1158_2_GCGATCGCACTCTGCT	1238	2210	0.0968325791855204	7	Alternative M2	RELA	RELA	G1	foreman_1158
foreman_1158_2_GCTGAATTCAAGTAAG	1373	2666	0.102400600150038	7	Alternative M2	RELA	RELA	S	foreman_1158
foreman_1158_2_GCTGGGTGTAGACAGC	2242	6617	0.0837237418769835	7	Alternative M2	RELA	RELA	G1	foreman_1158
foreman_1158_2_GGAGCAAAGGTCACAG	1256	2241	0.0589022757697456	7	Alternative M2	RELA	RELA	G1	foreman_1158
foreman_1158_2_GGCGTCAAGTTCATGC	1140	2406	0.0947630922693267	7	Alternative M2	RELA	RELA	G1	foreman_1158
foreman_1158_2_GGGACAAGTAGGAGTC	1659	3499	0.160331523292369	7	Alternative M2	RELA	RELA	G1	foreman_1158
foreman_1158_2_GTCATCCAGCGAATGC	1233	2709	0.226651901070506	7	Alternative M2	RELA	RELA	G1	foreman_1158
foreman_1158_2_GTGAGGAAGTCATGGG	3594	12447	0.0749578211617257	5	Undefined M	RELA	RELA	G1	foreman_1158
foreman_1158_2_TATTGGGTCGTGCGAC	2062	4289	0.143390067614829	4	Mitotic	RELA	RELA	S	foreman_1158
foreman_1158_2_TCAATCTAGGCATCTT	2216	5743	0.0525857565732196	7	Alternative M2	RELA	RELA	G1	foreman_1158
foreman_1158_2_TCAGTTTAGAAGCTCG	1264	2824	0.166784702549575	9	B-cells	RELA	RELA	G1	foreman_1158
foreman_1158_2_TCATGCCAGTTTGGCT	2384	5954	0.059287873698354	7	Alternative M2	RELA	RELA	G1	foreman_1158
foreman_1158_2_TCGAAGTCACCCTGTT	3434	13005	0.0720492118415994	6	DC	RELA	RELA	G1	foreman_1158
foreman_1158_2_TCGTCCAAGCCTGACC	810	1517	0.144363876071193	2	Classical M1	RELA	RELA	S	foreman_1158
foreman_1158_2_TGGGAAGCAGTGAGCA	1462	2959	0.123014531936465	5	Undefined M	RELA	RELA	G2M	foreman_1158
foreman_1158_2_TGTGATGTCCAAGCAT	1394	2598	0.13356428021555	7	Alternative M2	RELA	RELA	G1	foreman_1158
foreman_1158_2_TGTGTGAGTTTCACAG	1787	3626	0.0821842250413679	7	Alternative M2	RELA	RELA	G1	foreman_1158
foreman_1158_2_TGTTGGACATAGGTTC	1214	2304	0.05859375	7	Alternative M2	RELA	RELA	G1	foreman_1158
foreman_1158_2_TTCCACGTCATCCCGT	2065	4435	0.0665163472378805	7	Alternative M2	RELA	RELA	G1	foreman_1158
foreman_1158_2_TTCCTAACACGATAGG	1602	3315	0.0331825037707391	7	Alternative M2	RELA	RELA	G1	foreman_1158
foreman_1347_AACCACATCCCGTAAA	3024	10126	0.138356705510567	7	Alternative M2	PFA1	PFA1	G1	foreman_1347
foreman_1347_AACCATGAGATCCGAG	2013	5400	0.0868518518518518	7	Alternative M2	PFA1	PFA1	G1	foreman_1347
foreman_1347_AACCTTTGTTCTCACC	3423	14951	0.0735067888435556	0	Microglial	PFA1	PFA1	G1	foreman_1347
foreman_1347_AAGAACATCCATGATG	3167	14522	0.136069411926732	5	Undefined M	PFA1	PFA1	G1	foreman_1347
foreman_1347_AAGCGAGAGAATTGCA	1836	4489	0.10625974604589	0	Microglial	PFA1	PFA1	G1	foreman_1347
foreman_1347_AAGTACCTCAAGATAG	4673	25495	0.0744851931751324	5	Undefined M	PFA1	PFA1	G1	foreman_1347
foreman_1347_AAGTCGTTCGACCCAG	2074	12020	0.0683028286189684	0	Microglial	PFA1	PFA1	G1	foreman_1347
foreman_1347_AATCGACGTGCGAACA	2135	5429	0.153987843065021	0	Microglial	PFA1	PFA1	G1	foreman_1347
foreman_1347_AATGAAGAGTGTAGAT	963	1969	0.115286947689182	0	Microglial	PFA1	PFA1	S	foreman_1347
foreman_1347_AATGCCACATCTTCGC	3084	11124	0.0912441567781374	0	Microglial	PFA1	PFA1	G1	foreman_1347
foreman_1347_AATGGAACAGATTAAG	1688	4198	0.0628870890900429	0	Microglial	PFA1	PFA1	G1	foreman_1347
foreman_1347_AATTTCCGTTGACTAC	3083	10134	0.108545490428261	0	Microglial	PFA1	PFA1	G1	foreman_1347
foreman_1347_ACAAAGAGTAACGTTC	2226	7659	0.127954040997519	0	Microglial	PFA1	PFA1	G1	foreman_1347
foreman_1347_ACAAGCTCATTCGATG	1310	3019	0.0457105001656178	2	Classical M1	PFA1	PFA1	G2M	foreman_1347
foreman_1347_ACAGCCGCAGGTGGAT	2314	7002	0.0709797200799771	0	Microglial	PFA1	PFA1	G1	foreman_1347
foreman_1347_ACATCGAAGCTTTCTT	982	2135	0.0234192037470726	2	Classical M1	PFA1	PFA1	G1	foreman_1347
foreman_1347_ACCCAAATCACGTAGT	3191	10920	0.0703296703296703	7	Alternative M2	PFA1	PFA1	G2M	foreman_1347
foreman_1347_ACCGTTCAGCATGCGA	3577	15287	0.0750310721528096	6	DC	PFA1	PFA1	G1	foreman_1347
foreman_1347_ACTATTCAGTAACGTA	3649	12009	0.0647847447747523	0	Microglial	PFA1	PFA1	G1	foreman_1347
foreman_1347_AGACCCGGTGCCCAGT	2549	8218	0.0473351180335848	6	DC	PFA1	PFA1	G1	foreman_1347
foreman_1347_AGAGAGCAGAAGTATC	3339	11929	0.0791348813815072	0	Microglial	PFA1	PFA1	G1	foreman_1347
foreman_1347_AGAGAGCAGAGCAGCT	3815	16511	0.0590515413966447	0	Microglial	PFA1	PFA1	G1	foreman_1347
foreman_1347_AGCATCAAGGAGTACC	2815	10977	0.0860890953812517	0	Microglial	PFA1	PFA1	G1	foreman_1347
foreman_1347_AGCCAGCTCATTCATC	2323	7139	0.0726992575991035	0	Microglial	PFA1	PFA1	G1	foreman_1347
foreman_1347_AGCCAGCTCTTCACAT	2383	6297	0.0435127838653327	0	Microglial	PFA1	PFA1	G1	foreman_1347
foreman_1347_AGCGCCACACCCAACG	2205	6320	0.110917721518987	0	Microglial	PFA1	PFA1	G1	foreman_1347
foreman_1347_AGCGCCAGTTGGCTAT	2606	8197	0.0463584238135903	0	Microglial	PFA1	PFA1	S	foreman_1347
foreman_1347_AGGGAGTGTAGTCCTA	2441	6601	0.140130283290411	7	Alternative M2	PFA1	PFA1	G1	foreman_1347
foreman_1347_AGGGAGTTCTGGCTGG	1780	4698	0.110898254576416	0	Microglial	PFA1	PFA1	G1	foreman_1347
foreman_1347_AGGGTGAAGCGTCGAA	2205	10556	0.136604774535809	0	Microglial	PFA1	PFA1	G1	foreman_1347
foreman_1347_AGGGTGACAGGATCTT	2009	5686	0.12469222652128	0	Microglial	PFA1	PFA1	G1	foreman_1347
foreman_1347_AGTAGTCGTGCAGATG	1043	3214	0.226197884256378	2	Classical M1	PFA1	PFA1	G1	foreman_1347
foreman_1347_AGTCATGAGAGGATGA	3911	13722	0.0994024194723801	0	Microglial	PFA1	PFA1	G1	foreman_1347
foreman_1347_AGTTAGCTCGAAGCCC	2877	9955	0.083073832245103	6	DC	PFA1	PFA1	G1	foreman_1347
foreman_1347_AGTTCCCAGCACTAGG	3429	18684	0.0931278098908157	0	Microglial	PFA1	PFA1	G1	foreman_1347
foreman_1347_AGTTCGAGTCTAACGT	1965	5063	0.110606359865692	0	Microglial	PFA1	PFA1	G1	foreman_1347
foreman_1347_ATAGAGAAGTACAGCG	2846	9170	0.117993456924755	0	Microglial	PFA1	PFA1	G1	foreman_1347
foreman_1347_ATCCCTGAGTCGTCTA	2566	7580	0.0592348284960422	0	Microglial	PFA1	PFA1	G1	foreman_1347
foreman_1347_ATCCCTGGTGAGACCA	4072	14556	0.0883484473756527	5	Undefined M	PFA1	PFA1	G1	foreman_1347
foreman_1347_ATGAAAGTCGAGTACT	1837	6799	0.0900132372407707	0	Microglial	PFA1	PFA1	G1	foreman_1347
foreman_1347_ATGACCAGTCTGCAAT	2308	7489	0.08038456402724	6	DC	PFA1	PFA1	G1	foreman_1347
foreman_1347_ATGGGAGCAGAGAGGG	1569	5160	0.0426356589147287	0	Microglial	PFA1	PFA1	G1	foreman_1347
foreman_1347_ATGTCTTCATCCGTTC	1834	3849	0.0415692387633151	0	Microglial	PFA1	PFA1	G1	foreman_1347
foreman_1347_ATTCAGGAGCTAGAAT	2624	6927	0.0811318030893605	7	Alternative M2	PFA1	PFA1	G1	foreman_1347
foreman_1347_ATTCCATGTGCATGTT	2636	7898	0.0701443403393264	6	DC	PFA1	PFA1	G1	foreman_1347
foreman_1347_ATTGTTCAGGAGAGTA	2316	7958	0.107313395325459	0	Microglial	PFA1	PFA1	G1	foreman_1347
foreman_1347_ATTGTTCTCCGACAGC	4123	17177	0.0195610409268208	5	Undefined M	PFA1	PFA1	S	foreman_1347
foreman_1347_CAACAACAGCTCTGTA	3048	12814	0.0525987201498361	0	Microglial	PFA1	PFA1	G1	foreman_1347
foreman_1347_CAACCAAAGCTAGAGC	3315	11803	0.101075997627722	0	Microglial	PFA1	PFA1	G1	foreman_1347
foreman_1347_CAAGCTATCTGTACAG	2705	10956	0.0932822197882439	0	Microglial	PFA1	PFA1	G1	foreman_1347
foreman_1347_CAATACGAGCTAGTTC	2169	8246	0.0876788746058695	6	DC	PFA1	PFA1	G1	foreman_1347
foreman_1347_CACACAAGTTAATCGC	3596	13468	0.0626670626670627	0	Microglial	PFA1	PFA1	G1	foreman_1347
foreman_1347_CACATGAGTCACCCTT	4024	15926	0.0692578174055004	0	Microglial	PFA1	PFA1	G1	foreman_1347
foreman_1347_CACTAAGGTGCAACAG	1301	3605	0.219140083217753	2	Classical M1	PFA1	PFA1	G1	foreman_1347
foreman_1347_CAGCAATCAAATTGGA	1828	5097	0.0574847949774377	0	Microglial	PFA1	PFA1	G1	foreman_1347
foreman_1347_CAGCCAGTCAGAGCGA	1711	4409	0.125652075300522	0	Microglial	PFA1	PFA1	G1	foreman_1347
foreman_1347_CATACCCCAACTCCCT	4067	12772	0.114860632633887	4	Mitotic	PFA1	PFA1	S	foreman_1347
foreman_1347_CATGCCTTCACGACTA	2858	9983	0.103976760492838	0	Microglial	PFA1	PFA1	G1	foreman_1347
foreman_1347_CATGCTCGTTCTCACC	2105	6675	0.0672659176029963	0	Microglial	PFA1	PFA1	G1	foreman_1347
foreman_1347_CATGGATGTCGACTGC	1638	5069	0.0893667390017755	6	DC	PFA1	PFA1	G1	foreman_1347
foreman_1347_CATTGCCGTCAGTCCG	5062	25809	0.0861327443914913	0	Microglial	PFA1	PFA1	G1	foreman_1347
foreman_1347_CCAATTTTCCGAGTGC	2513	9196	0.0643758155719878	0	Microglial	PFA1	PFA1	G1	foreman_1347
foreman_1347_CCACACTTCTTGTTAC	2963	12246	0.0645925200065327	0	Microglial	PFA1	PFA1	G1	foreman_1347
foreman_1347_CCACGTTCATGTGGCC	1785	5158	0.0746413338503296	0	Microglial	PFA1	PFA1	G1	foreman_1347
foreman_1347_CCCATTGGTACTAGCT	2999	9619	0.0585299927227362	0	Microglial	PFA1	PFA1	G1	foreman_1347
foreman_1347_CCCTGATTCATCTCTA	3423	13760	0.0734738372093023	0	Microglial	PFA1	PFA1	G1	foreman_1347
foreman_1347_CCCTTAGGTCATCCCT	3229	13077	0.0861053758507303	6	DC	PFA1	PFA1	G1	foreman_1347
foreman_1347_CCGATGGCATAGCTGT	2348	6782	0.0881745797699794	0	Microglial	PFA1	PFA1	G2M	foreman_1347
foreman_1347_CCGGGTATCTGCTAGA	2570	7021	0.0770545506338128	0	Microglial	PFA1	PFA1	G1	foreman_1347
foreman_1347_CCGTGAGTCTACACAG	2054	6209	0.098888709937188	0	Microglial	PFA1	PFA1	G1	foreman_1347
foreman_1347_CCTCATGTCTGTTGGA	3242	11016	0.0961328976034858	7	Alternative M2	PFA1	PFA1	G1	foreman_1347
foreman_1347_CCTCCAACAAGCTGTT	5054	29957	0.0624895683813466	0	Microglial	PFA1	PFA1	G1	foreman_1347
foreman_1347_CCTCCTCGTGTGAGCA	1909	5363	0.0766362110758904	0	Microglial	PFA1	PFA1	G1	foreman_1347
foreman_1347_CCTCTAGTCAAACGTC	3051	12906	0.062684022935069	0	Microglial	PFA1	PFA1	G1	foreman_1347
foreman_1347_CCTTCAGCAGCGATTT	2954	8145	0.124616329036219	0	Microglial	PFA1	PFA1	G1	foreman_1347
foreman_1347_CGATGCGAGTTGTACC	5910	32079	0.0836372704884816	4	Mitotic	PFA1	PFA1	S	foreman_1347
foreman_1347_CGATGGCCACCACATA	3737	13415	0.0574729780096906	0	Microglial	PFA1	PFA1	G1	foreman_1347
foreman_1347_CGCATGGGTTGCTCGG	4301	17884	0.0785618429881458	5	Undefined M	PFA1	PFA1	S	foreman_1347
foreman_1347_CGGGTCATCTTTACAC	3260	11608	0.0696071674707099	7	Alternative M2	PFA1	PFA1	G1	foreman_1347
foreman_1347_CGTAGTAGTTCAACGT	940	2231	0.255490811295383	2	Classical M1	PFA1	PFA1	G1	foreman_1347
foreman_1347_CGTCCATAGGAATCGC	2507	7684	0.0933107756376887	0	Microglial	PFA1	PFA1	G1	foreman_1347
foreman_1347_CTAACTTTCACGTCCT	2482	7549	0.0894158166644589	0	Microglial	PFA1	PFA1	G1	foreman_1347
foreman_1347_CTACAGACAGAGTAAT	3285	10504	0.154226961157654	5	Undefined M	PFA1	PFA1	S	foreman_1347
foreman_1347_CTACTATGTAGCGCCT	2476	7734	0.0514610809412982	6	DC	PFA1	PFA1	G1	foreman_1347
foreman_1347_CTCAACCTCCTACCGT	2441	8938	0.0458715596330275	0	Microglial	PFA1	PFA1	G1	foreman_1347
foreman_1347_CTCAGGGAGGGATGTC	2753	10781	0.0966515165569057	6	DC	PFA1	PFA1	G1	foreman_1347
foreman_1347_CTCATGCGTTCCCAAA	3255	12521	0.117802092484626	5	Undefined M	PFA1	PFA1	G1	foreman_1347
foreman_1347_CTGAGGCAGTCCCGGT	1862	4137	0.0478607686729514	2	Classical M1	PFA1	PFA1	S	foreman_1347
foreman_1347_CTGCCATGTCACAGTT	1873	4771	0.108363026619157	0	Microglial	PFA1	PFA1	G1	foreman_1347
foreman_1347_CTGCCTAAGCGAGTAC	2705	9477	0.0842038619816398	0	Microglial	PFA1	PFA1	G1	foreman_1347
foreman_1347_CTGCCTACATGACACT	2775	8416	0.126307034220532	5	Undefined M	PFA1	PFA1	G1	foreman_1347
foreman_1347_CTGCTCAGTTCGTGCG	2603	7574	0.10575653551624	0	Microglial	PFA1	PFA1	G1	foreman_1347
foreman_1347_CTGTAGAAGGCTCCCA	3370	11049	0.045705493709838	0	Microglial	PFA1	PFA1	G1	foreman_1347
foreman_1347_CTGTCGTTCGTGCACG	5737	29299	0.095429878152838	11	Contaminating Tumor cells	PFA1	PFA1	G1	foreman_1347
foreman_1347_CTGTGGGAGTCTTGGT	1641	4513	0.0733436738311544	0	Microglial	PFA1	PFA1	G1	foreman_1347
foreman_1347_CTTAGGAGTAGCACAG	2988	11260	0.135701598579041	0	Microglial	PFA1	PFA1	S	foreman_1347
foreman_1347_CTTCTAATCCCGTGTT	5138	28442	0.108888263835173	7	Alternative M2	PFA1	PFA1	G1	foreman_1347
foreman_1347_GAAACCTAGGTTAAAC	2732	10020	0.0785429141716567	0	Microglial	PFA1	PFA1	G1	foreman_1347
foreman_1347_GAAACCTGTGATACAA	2364	6528	0.102787990196078	0	Microglial	PFA1	PFA1	S	foreman_1347
foreman_1347_GAAATGAAGCCATTGT	2130	6947	0.10234633654815	0	Microglial	PFA1	PFA1	G1	foreman_1347
foreman_1347_GAAGAATGTCGAGCTC	428	747	0.172690763052209	2	Classical M1	PFA1	PFA1	S	foreman_1347
foreman_1347_GACAGCCAGTTCCATG	4960	22150	0.0229345372460497	0	Microglial	PFA1	PFA1	G1	foreman_1347
foreman_1347_GACCGTGTCCTCTAAT	1910	5440	0.0514705882352941	6	DC	PFA1	PFA1	S	foreman_1347
foreman_1347_GACCTTCCAAGGTCTT	934	3365	0.0493313521545319	2	Classical M1	PFA1	PFA1	G1	foreman_1347
foreman_1347_GACGCTGGTTGCTCGG	2348	7495	0.0744496330887258	0	Microglial	PFA1	PFA1	G1	foreman_1347
foreman_1347_GACGCTGTCTCCGCAT	2938	8945	0.105980994969257	0	Microglial	PFA1	PFA1	G1	foreman_1347
foreman_1347_GACTTCCAGGAACGTC	1525	3706	0.0286022665947113	6	DC	PFA1	PFA1	S	foreman_1347
foreman_1347_GAGACCCGTTCCGTTC	2377	6824	0.101846424384525	0	Microglial	PFA1	PFA1	G1	foreman_1347
foreman_1347_GAGATGGCACAATGAA	2237	5955	0.0859781696053736	0	Microglial	PFA1	PFA1	G1	foreman_1347
foreman_1347_GAGTCATGTAGAATAC	1243	2730	0.0827838827838828	0	Microglial	PFA1	PFA1	S	foreman_1347
foreman_1347_GAGTCTAGTCACCGAC	2794	8754	0.0676262280100526	0	Microglial	PFA1	PFA1	G1	foreman_1347
foreman_1347_GAGTGAGCAGCTGTTA	1234	2804	0.0855920114122682	0	Microglial	PFA1	PFA1	G1	foreman_1347
foreman_1347_GAGTTGTTCAAGGAGC	2092	6812	0.200234879624193	7	Alternative M2	PFA1	PFA1	G1	foreman_1347
foreman_1347_GATGAGGTCGCCGAGT	4446	18669	0.118110236220472	5	Undefined M	PFA1	PFA1	G1	foreman_1347
foreman_1347_GATGCTATCTCTCCGA	3364	11268	0.128416755413561	0	Microglial	PFA1	PFA1	G1	foreman_1347
foreman_1347_GCAACATTCCTTATCA	3789	18132	0.0761085373924553	6	DC	PFA1	PFA1	G1	foreman_1347
foreman_1347_GCAGTTAAGATAACAC	2641	10377	0.115640358485111	7	Alternative M2	PFA1	PFA1	G1	foreman_1347
foreman_1347_GCCAGCATCGGTAGAG	1998	5164	0.0683578621223857	6	DC	PFA1	PFA1	G1	foreman_1347
foreman_1347_GCCGTGATCTGCTCTG	2781	6037	0.0314725857213848	0	Microglial	PFA1	PFA1	G1	foreman_1347
foreman_1347_GCGGATCGTTCTGACA	2828	11338	0.107249955900512	0	Microglial	PFA1	PFA1	G1	foreman_1347
foreman_1347_GCGTTTCGTATGCTAC	2899	9844	0.122003250711093	5	Undefined M	PFA1	PFA1	G1	foreman_1347
foreman_1347_GCTTCACTCAACGCTA	3309	15046	0.0871992556161106	0	Microglial	PFA1	PFA1	G1	foreman_1347
foreman_1347_GGAACCCCACGCTGTG	2929	11475	0.0925490196078431	0	Microglial	PFA1	PFA1	G1	foreman_1347
foreman_1347_GGAAGTGCAGTAGTTC	2467	8176	0.246208414872798	7	Alternative M2	PFA1	PFA1	G1	foreman_1347
foreman_1347_GGAATGGAGCGAATGC	2366	6033	0.105088678932538	7	Alternative M2	PFA1	PFA1	G1	foreman_1347
foreman_1347_GGAGGTAGTGTTCAGT	2786	9800	0.0966326530612245	7	Alternative M2	PFA1	PFA1	G1	foreman_1347
foreman_1347_GGCGTCACACGAAGAC	3463	12104	0.0829477858559154	0	Microglial	PFA1	PFA1	S	foreman_1347
foreman_1347_GGCTTTCAGCACTCTA	3089	13162	0.111229296459505	0	Microglial	PFA1	PFA1	G1	foreman_1347
foreman_1347_GGCTTTCAGTTACTCG	2165	5461	0.145394616370628	7	Alternative M2	PFA1	PFA1	G1	foreman_1347
foreman_1347_GGGCCATAGCCTGGAA	2319	10001	0.0532946705329467	0	Microglial	PFA1	PFA1	G1	foreman_1347
foreman_1347_GGGCTACAGCCTTTGA	2765	11038	0.0613335749229933	6	DC	PFA1	PFA1	G1	foreman_1347
foreman_1347_GGGTAGATCCCGAGAC	3021	11287	0.0775228138566492	6	DC	PFA1	PFA1	S	foreman_1347
foreman_1347_GGTAGAGAGGAAAGAC	2649	7465	0.106363027461487	0	Microglial	PFA1	PFA1	G1	foreman_1347
foreman_1347_GGTAGAGTCCACTTTA	1055	3036	0.041501976284585	6	DC	PFA1	PFA1	G1	foreman_1347
foreman_1347_GGTGAAGAGTCAAGCG	3139	11370	0.0934916446789798	0	Microglial	PFA1	PFA1	G1	foreman_1347
foreman_1347_GGTTAACTCCGAGTGC	1791	4854	0.0904408735063865	0	Microglial	PFA1	PFA1	G1	foreman_1347
foreman_1347_GTACAACTCACCTGTC	970	1978	0.0283114256825076	2	Classical M1	PFA1	PFA1	G1	foreman_1347
foreman_1347_GTCAAGTCACCGGCTA	1993	5299	0.0953010001887148	0	Microglial	PFA1	PFA1	G1	foreman_1347
foreman_1347_GTCAGCGTCAGCACCG	3347	12963	0.0876340353313276	0	Microglial	PFA1	PFA1	G1	foreman_1347
foreman_1347_GTCAGCGTCCTTGACC	2994	9307	0.0732781777156979	0	Microglial	PFA1	PFA1	G1	foreman_1347
foreman_1347_GTCATTTAGAGTTGTA	2335	8389	0.160090594826559	6	DC	PFA1	PFA1	S	foreman_1347
foreman_1347_GTCATTTTCCTGTAAG	3044	10148	0.0586322428064643	0	Microglial	PFA1	PFA1	G1	foreman_1347
foreman_1347_GTCCCATTCCAATCTT	2409	8360	0.0643540669856459	6	DC	PFA1	PFA1	G1	foreman_1347
foreman_1347_GTCGAATCATCGATAC	1341	2900	0.10448275862069	2	Classical M1	PFA1	PFA1	G1	foreman_1347
foreman_1347_GTCGTAAAGGGATCGT	1882	5854	0.0763580457806628	0	Microglial	PFA1	PFA1	G1	foreman_1347
foreman_1347_GTGACGCCAAGTGCTT	3213	12038	0.0941186243562054	7	Alternative M2	PFA1	PFA1	G1	foreman_1347
foreman_1347_GTGACGCGTACTCCGG	1732	4501	0.0628749166851811	0	Microglial	PFA1	PFA1	G1	foreman_1347
foreman_1347_GTGAGTTAGGTCCAGA	4074	17105	0.109324758842444	0	Microglial	PFA1	PFA1	S	foreman_1347
foreman_1347_GTGCTGGAGTCCTGCG	1790	5205	0.143323727185399	0	Microglial	PFA1	PFA1	G1	foreman_1347
foreman_1347_GTGGAAGTCCTTCTAA	685	1665	0.150750750750751	2	Classical M1	PFA1	PFA1	G1	foreman_1347
foreman_1347_GTTACAGCAGCGGATA	3439	11263	0.114445529610228	0	Microglial	PFA1	PFA1	G1	foreman_1347
foreman_1347_GTTACAGGTTGGATCT	3464	11446	0.0737375502358903	0	Microglial	PFA1	PFA1	G1	foreman_1347
foreman_1347_GTTAGACAGACGCCAA	851	2369	0.126635711270578	7	Alternative M2	PFA1	PFA1	G2M	foreman_1347
foreman_1347_GTTAGACTCTCCACTG	2451	8314	0.0617031513110416	0	Microglial	PFA1	PFA1	G1	foreman_1347
foreman_1347_GTTATGGTCGGACTTA	2028	5300	0.0945283018867925	0	Microglial	PFA1	PFA1	S	foreman_1347
foreman_1347_GTTGCTCTCGATTCCC	2175	5953	0.105325046195196	6	DC	PFA1	PFA1	G1	foreman_1347
foreman_1347_TAACTTCTCCATTCGC	3368	11281	0.0911266731672724	0	Microglial	PFA1	PFA1	G1	foreman_1347
foreman_1347_TAAGCGTAGTAAACGT	3523	11299	0.119745110186742	5	Undefined M	PFA1	PFA1	G1	foreman_1347
foreman_1347_TAAGTCGGTTACCTGA	1791	4664	0.0739708404802744	0	Microglial	PFA1	PFA1	S	foreman_1347
foreman_1347_TACGTCCGTGTCTCCT	4451	19915	0.0975144363545067	0	Microglial	PFA1	PFA1	G1	foreman_1347
foreman_1347_TACTTCACAACATACC	3690	12582	0.0810681926561755	0	Microglial	PFA1	PFA1	G1	foreman_1347
foreman_1347_TAGGGTTCATAATGCC	2274	6393	0.126075394963241	0	Microglial	PFA1	PFA1	G1	foreman_1347
foreman_1347_TATCAGGTCTGTACAG	3183	10591	0.0943253705976773	6	DC	PFA1	PFA1	S	foreman_1347
foreman_1347_TCAAGACGTCCACATA	3239	12305	0.0402275497765136	0	Microglial	PFA1	PFA1	G1	foreman_1347
foreman_1347_TCAGCAACACTCTGCT	4322	17124	0.092618547068442	0	Microglial	PFA1	PFA1	G1	foreman_1347
foreman_1347_TCAGTTTTCGTTCTCG	2764	10110	0.0846686449060336	0	Microglial	PFA1	PFA1	G1	foreman_1347
foreman_1347_TCATACTAGAGAAGGT	2411	8398	0.0840676351512265	6	DC	PFA1	PFA1	G1	foreman_1347
foreman_1347_TCATGGAGTACTAGCT	3325	16363	0.0608690337957587	0	Microglial	PFA1	PFA1	G1	foreman_1347
foreman_1347_TCATTCAAGATCACTC	660	994	0	0	Microglial	PFA1	PFA1	G1	foreman_1347
foreman_1347_TCCCATGAGGCAGGTT	2397	10988	0.0813614852566436	6	DC	PFA1	PFA1	G1	foreman_1347
foreman_1347_TCCTTTCGTGTTACTG	1803	5093	0.0528175927743962	6	DC	PFA1	PFA1	G1	foreman_1347
foreman_1347_TCGCACTTCCGCAGTG	4064	17600	0.0923863636363636	6	DC	PFA1	PFA1	S	foreman_1347
foreman_1347_TCGGATACAACCGTAT	2082	6392	0.0550688360450563	6	DC	PFA1	PFA1	G1	foreman_1347
foreman_1347_TCTACATCACCTAAAC	3785	11272	0.0294535131298793	7	Alternative M2	PFA1	PFA1	G1	foreman_1347
foreman_1347_TCTCACGCAGTAACGG	2555	8731	0.0828083839193678	0	Microglial	PFA1	PFA1	G1	foreman_1347
foreman_1347_TCTGTCGAGACGCAGT	2331	7444	0.0769747447608812	0	Microglial	PFA1	PFA1	G1	foreman_1347
foreman_1347_TCTTTGAAGGGAGAAT	1672	4975	0.0719597989949749	0	Microglial	PFA1	PFA1	G2M	foreman_1347
foreman_1347_TCTTTGATCCATACTT	3156	12152	0.158903884134299	7	Alternative M2	PFA1	PFA1	G1	foreman_1347
foreman_1347_TGAATGCTCACTGCTC	1831	5921	0.056916061476102	0	Microglial	PFA1	PFA1	G1	foreman_1347
foreman_1347_TGAGGAGTCTCGGGAC	2343	7916	0.0859019706922688	6	DC	PFA1	PFA1	G1	foreman_1347
foreman_1347_TGATCTTAGGTAAACT	2300	6963	0.161568289530375	5	Undefined M	PFA1	PFA1	G2M	foreman_1347
foreman_1347_TGATTCTGTGAATGAT	2501	9023	0.0688241161476227	0	Microglial	PFA1	PFA1	S	foreman_1347
foreman_1347_TGCAGTACAAGACCGA	4294	21624	0.0950795412504624	0	Microglial	PFA1	PFA1	G1	foreman_1347
foreman_1347_TGCATCCTCGCGGTAC	772	1558	0.0988446726572529	7	Alternative M2	PFA1	PFA1	G1	foreman_1347
foreman_1347_TGCGACGGTTCTCCCA	3405	15152	0.133117740232313	5	Undefined M	PFA1	PFA1	S	foreman_1347
foreman_1347_TGCGGCATCCAACCGG	2761	8964	0.0778670236501562	0	Microglial	PFA1	PFA1	G1	foreman_1347
foreman_1347_TGCTCGTCACTTGGCG	2693	8284	0.0672380492515693	0	Microglial	PFA1	PFA1	G1	foreman_1347
foreman_1347_TGGAACTAGGTTAGTA	1410	3472	0.148617511520737	0	Microglial	PFA1	PFA1	G1	foreman_1347
foreman_1347_TGGCGTGTCGAGAACG	2519	6100	0.0867213114754098	0	Microglial	PFA1	PFA1	G2M	foreman_1347
foreman_1347_TGGGAAGGTTGTAGCT	1499	3606	0.171935662784248	0	Microglial	PFA1	PFA1	G1	foreman_1347
foreman_1347_TGGGATTAGATTGAGT	1811	4550	0.116263736263736	6	DC	PFA1	PFA1	S	foreman_1347
foreman_1347_TGGGCGTAGAAGTGTT	2368	7687	0.099388578118902	0	Microglial	PFA1	PFA1	S	foreman_1347
foreman_1347_TGTCAGATCGTGCTCT	1553	4016	0.0562749003984064	0	Microglial	PFA1	PFA1	G2M	foreman_1347
foreman_1347_TGTTGGAGTTATCTGG	1852	7421	0.0640075461528096	0	Microglial	PFA1	PFA1	G1	foreman_1347
foreman_1347_TTAATCCAGGCACTAG	1669	4655	0.121160042964554	0	Microglial	PFA1	PFA1	G1	foreman_1347
foreman_1347_TTACCATCAAGGCCTC	580	1258	0.135930047694754	2	Classical M1	PFA1	PFA1	G1	foreman_1347
foreman_1347_TTAGGCAAGCGGTAAC	1690	6151	0.17509348073484	0	Microglial	PFA1	PFA1	G1	foreman_1347
foreman_1347_TTAGGCAGTCTCGCGA	1456	4319	0.113683723084047	0	Microglial	PFA1	PFA1	G1	foreman_1347
foreman_1347_TTCCACGGTACCTATG	2824	7697	0.0523580615824347	7	Alternative M2	PFA1	PFA1	G1	foreman_1347
foreman_1347_TTCGGTCAGAGGTGCT	4470	17261	0.160187706390128	5	Undefined M	PFA1	PFA1	S	foreman_1347
foreman_1347_TTGAGTGGTTAAACAG	2058	5649	0.100725792175606	6	DC	PFA1	PFA1	G1	foreman_1347
foreman_1347_TTGATGGAGTTTCAGC	1152	2963	0.268646641916976	2	Classical M1	PFA1	PFA1	S	foreman_1347
foreman_1347_TTGCGTCGTAGGTGCA	1172	3716	0.117868675995694	0	Microglial	PFA1	PFA1	G1	foreman_1347
foreman_1347_TTGTTCATCTCAGAAC	1637	5964	0.132461435278337	0	Microglial	PFA1	PFA1	G1	foreman_1347
foreman_1347_TTGTTGTCAGCAGTAG	3183	17868	0.0885381687933736	0	Microglial	PFA1	PFA1	G1	foreman_1347
foreman_1347_TTGTTTGCAAGAGTGC	2136	5230	0.110707456978968	0	Microglial	PFA1	PFA1	S	foreman_1347
foreman_1347_TTTCACAAGATTCGCT	2827	9198	0.146553598608393	0	Microglial	PFA1	PFA1	G1	foreman_1347
foreman_1347_TTTCCTCGTAGGTGCA	4007	16536	0.0693638122883406	7	Alternative M2	PFA1	PFA1	G1	foreman_1347
foreman_1269_AAACGAACAGTGGGTA	1061	2664	0.258258258258258	2	Classical M1	PFA1	PFA2	G1	foreman_1269
foreman_1269_AAAGGTAAGATAACAC	3080	9579	0.123603716463096	0	Microglial	PFA1	PFA2	G1	foreman_1269
foreman_1269_AAAGTCCTCGTCACCT	1136	3344	0.188098086124402	2	Classical M1	PFA1	PFA2	G1	foreman_1269
foreman_1269_AAAGTGACAACACGTT	1321	2842	0.0731878958479944	0	Microglial	PFA1	PFA2	G1	foreman_1269
foreman_1269_AACAACCAGGCTCAAG	2958	9762	0.140442532267978	0	Microglial	PFA1	PFA2	G1	foreman_1269
foreman_1269_AACAACCAGGTCGCCT	1489	4355	0.291618828932262	2	Classical M1	PFA1	PFA2	G1	foreman_1269
foreman_1269_AACCACAGTCTATGAC	1112	2877	0.261035801181787	2	Classical M1	PFA1	PFA2	G1	foreman_1269
foreman_1269_AACCCAAAGGTTGACG	2797	9171	0.134881692290917	0	Microglial	PFA1	PFA2	S	foreman_1269
foreman_1269_AACCCAACAGCTAACT	1623	3721	0.198602526202634	0	Microglial	PFA1	PFA2	G1	foreman_1269
foreman_1269_AACCTGATCTCTGAGA	3069	10331	0.103378182170167	0	Microglial	PFA1	PFA2	G1	foreman_1269
foreman_1269_AACGAAAGTATGAGGC	1229	3218	0.284648850217526	2	Classical M1	PFA1	PFA2	G2M	foreman_1269
foreman_1269_AAGAACACAGAGTGTG	3111	10472	0.163006111535523	0	Microglial	PFA1	PFA2	G1	foreman_1269
foreman_1269_AAGCGAGTCGGACAAG	1747	5786	0.138783269961977	6	DC	PFA1	PFA2	S	foreman_1269
foreman_1269_AAGGTAACAAATCGTC	738	1681	0.173111243307555	2	Classical M1	PFA1	PFA2	S	foreman_1269
foreman_1269_AAGTTCGGTGTGGTCC	1442	4478	0.296337650736936	2	Classical M1	PFA1	PFA2	S	foreman_1269
foreman_1269_AATAGAGTCTAGGCCG	1378	3879	0.259860788863109	0	Microglial	PFA1	PFA2	G1	foreman_1269
foreman_1269_AATGACCAGCTGACAG	2207	5453	0.0913258756647717	0	Microglial	PFA1	PFA2	G1	foreman_1269
foreman_1269_AATGACCAGTGATAAC	2396	6767	0.162996896704596	0	Microglial	PFA1	PFA2	G2M	foreman_1269
foreman_1269_ACAACCACAGTCAGCC	2578	7765	0.107147456535737	0	Microglial	PFA1	PFA2	S	foreman_1269
foreman_1269_ACACGCGCACGCGTGT	2716	10745	0.113913448115403	0	Microglial	PFA1	PFA2	G1	foreman_1269
foreman_1269_ACAGCCGCATGGAAGC	2548	7455	0.125687458081824	0	Microglial	PFA1	PFA2	G1	foreman_1269
foreman_1269_ACATGCAAGGGAGGAC	2007	4991	0.0853536365457824	0	Microglial	PFA1	PFA2	S	foreman_1269
foreman_1269_ACATGCATCCACTGGG	3310	12450	0.149236947791165	0	Microglial	PFA1	PFA2	S	foreman_1269
foreman_1269_ACATTTCCACGCTGAC	1566	5192	0.288520801232666	2	Classical M1	PFA1	PFA2	G1	foreman_1269
foreman_1269_ACCTACCTCCACCTGT	1107	3827	0.272537235432454	2	Classical M1	PFA1	PFA2	G1	foreman_1269
foreman_1269_ACGCACGCAGCGCTTG	3165	12585	0.139928486293206	0	Microglial	PFA1	PFA2	G1	foreman_1269
foreman_1269_ACGGAAGTCTAGTACG	849	3078	0.286549707602339	2	Classical M1	PFA1	PFA2	S	foreman_1269
foreman_1269_ACGGGTCGTACTGAGG	1635	4691	0.284587507994031	2	Classical M1	PFA1	PFA2	G1	foreman_1269
foreman_1269_ACGTAACAGGAGATAG	2322	6530	0.134150076569678	0	Microglial	PFA1	PFA2	S	foreman_1269
foreman_1269_ACGTAACGTCAAATCC	2519	7758	0.159963908223769	5	Undefined M	PFA1	PFA2	G1	foreman_1269
foreman_1269_ACTATGGTCGGTCACG	2358	7628	0.15325117986366	5	Undefined M	PFA1	PFA2	G1	foreman_1269
foreman_1269_ACTATTCCAGCGGATA	2891	9298	0.146268014626801	0	Microglial	PFA1	PFA2	S	foreman_1269
foreman_1269_ACTGATGTCGCGTGCA	2575	8789	0.149618841733986	0	Microglial	PFA1	PFA2	G1	foreman_1269
foreman_1269_ACTGCAAAGGAGTCTG	1744	4762	0.131457370852583	2	Classical M1	PFA1	PFA2	G1	foreman_1269
foreman_1269_ACTTATCCATGGAAGC	2230	5952	0.160450268817204	0	Microglial	PFA1	PFA2	S	foreman_1269
foreman_1269_ACTTTCAAGATGAAGG	1522	3741	0.121357925688319	0	Microglial	PFA1	PFA2	G1	foreman_1269
foreman_1269_AGACACTTCTTGGAAC	1912	6982	0.280578630764824	5	Undefined M	PFA1	PFA2	G1	foreman_1269
foreman_1269_AGACCCGGTTGCCATA	2185	6891	0.253228849223625	0	Microglial	PFA1	PFA2	G1	foreman_1269
foreman_1269_AGACTCAAGTGCTCAT	1188	2719	0.193085693269584	2	Classical M1	PFA1	PFA2	G1	foreman_1269
foreman_1269_AGAGAATTCAGAGTGG	3063	10999	0.122556596054187	0	Microglial	PFA1	PFA2	G1	foreman_1269
foreman_1269_AGAGCCCCATCCGAAT	3232	10991	0.0815212446547175	6	DC	PFA1	PFA2	G1	foreman_1269
foreman_1269_AGATAGATCTGCTTTA	1761	3303	0.0684226460793218	0	Microglial	PFA1	PFA2	G1	foreman_1269
foreman_1269_AGATCCAAGTTCAACC	1103	2884	0.276352288488211	2	Classical M1	PFA1	PFA2	G1	foreman_1269
foreman_1269_AGATCGTAGGACAAGA	2225	6318	0.130104463437797	0	Microglial	PFA1	PFA2	G1	foreman_1269
foreman_1269_AGATCGTCAGCGAGTA	1354	2646	0.110355253212396	0	Microglial	PFA1	PFA2	G1	foreman_1269
foreman_1269_AGATGAAGTAACAGGC	3077	11371	0.145193914343505	0	Microglial	PFA1	PFA2	G1	foreman_1269
foreman_1269_AGCATCACATCACGGC	1449	4028	0.209533267130089	0	Microglial	PFA1	PFA2	G1	foreman_1269
foreman_1269_AGCATCATCAGCACCG	797	1657	0.258298129149065	2	Classical M1	PFA1	PFA2	G2M	foreman_1269
foreman_1269_AGCCAATGTAGGAGGG	2534	7699	0.137160670216911	0	Microglial	PFA1	PFA2	G1	foreman_1269
foreman_1269_AGCCAGCTCACCGCTT	2585	7911	0.118189862217166	0	Microglial	PFA1	PFA2	G1	foreman_1269
foreman_1269_AGCCAGCTCCACAAGT	1621	4509	0.144377910844977	2	Classical M1	PFA1	PFA2	G1	foreman_1269
foreman_1269_AGCGTATTCACTTTGT	1812	5874	0.247531494722506	2	Classical M1	PFA1	PFA2	G1	foreman_1269
foreman_1269_AGCGTCGCATCAGCTA	1810	4589	0.141643059490085	0	Microglial	PFA1	PFA2	G1	foreman_1269
foreman_1269_AGCTCAAAGGAGAATG	2677	7908	0.0990136570561457	0	Microglial	PFA1	PFA2	S	foreman_1269
foreman_1269_AGGAATACAAAGGATT	2342	7108	0.128024760832864	0	Microglial	PFA1	PFA2	G1	foreman_1269
foreman_1269_AGGACGAAGCACCAGA	992	2484	0.174718196457327	2	Classical M1	PFA1	PFA2	G1	foreman_1269
foreman_1269_AGGAGGTGTCAGTCGC	2561	6953	0.0791025456637423	0	Microglial	PFA1	PFA2	S	foreman_1269
foreman_1269_AGGAGGTGTCGCAGTC	2747	9330	0.153697749196141	0	Microglial	PFA1	PFA2	G1	foreman_1269
foreman_1269_AGGCATTGTAACGTTC	3146	11010	0.137511353315168	0	Microglial	PFA1	PFA2	G1	foreman_1269
foreman_1269_AGGCTGCCACGCGCTA	2168	5772	0.150900900900901	0	Microglial	PFA1	PFA2	G1	foreman_1269
foreman_1269_AGGGAGTCATTCCTCG	2018	5889	0.137204958397011	6	DC	PFA1	PFA2	G1	foreman_1269
foreman_1269_AGGGCCTAGAGCATCG	2889	10751	0.127988094130779	0	Microglial	PFA1	PFA2	G1	foreman_1269
foreman_1269_AGGGCTCCAACTGTGT	2727	7938	0.090199042579995	0	Microglial	PFA1	PFA2	G1	foreman_1269
foreman_1269_AGGGCTCTCCTCTCGA	2685	8404	0.157068062827225	0	Microglial	PFA1	PFA2	S	foreman_1269
foreman_1269_AGGGTCCTCGACATTG	2180	4878	0.214227142271423	0	Microglial	PFA1	PFA2	G1	foreman_1269
foreman_1269_AGGGTGAGTTCTTCAT	3162	11577	0.138377818087587	0	Microglial	PFA1	PFA2	G1	foreman_1269
foreman_1269_AGGTCATGTTCGTTCC	708	1330	0.241353383458647	2	Classical M1	PFA1	PFA2	G1	foreman_1269
foreman_1269_AGGTTACGTGTTGAGG	3276	10289	0.107396248420643	7	Alternative M2	PFA1	PFA2	G1	foreman_1269
foreman_1269_AGTAGCTAGGTTCATC	2061	5623	0.139783033967633	0	Microglial	PFA1	PFA2	G1	foreman_1269
foreman_1269_AGTCACAGTCTTAGTG	3514	15217	0.10277978576592	6	DC	PFA1	PFA2	G1	foreman_1269
foreman_1269_AGTGACTGTTTCGCTC	1645	3864	0.100155279503106	0	Microglial	PFA1	PFA2	G1	foreman_1269
foreman_1269_AGTGTTGAGCAACCAG	2304	8136	0.137413962635202	0	Microglial	PFA1	PFA2	G1	foreman_1269
foreman_1269_AGTGTTGTCGACGACC	1433	3033	0.106824925816024	0	Microglial	PFA1	PFA2	G1	foreman_1269
foreman_1269_AGTTCCCGTTCCTAGA	2828	7107	0.0368650626143239	0	Microglial	PFA1	PFA2	G1	foreman_1269
foreman_1269_ATAGACCCAATGTTGC	3178	11626	0.11818338207466	0	Microglial	PFA1	PFA2	G1	foreman_1269
foreman_1269_ATAGACCTCTCGAGTA	999	2767	0.280086736537767	2	Classical M1	PFA1	PFA2	G1	foreman_1269
foreman_1269_ATAGGCTAGAGCTGCA	2346	7242	0.176332504832919	0	Microglial	PFA1	PFA2	G1	foreman_1269
foreman_1269_ATAGGCTTCGGCTTGG	2825	9152	0.138111888111888	0	Microglial	PFA1	PFA2	S	foreman_1269
foreman_1269_ATATCCTAGGTAGCCA	2688	8585	0.0633663366336634	0	Microglial	PFA1	PFA2	G1	foreman_1269
foreman_1269_ATATCCTCAGTGCGCT	2757	9314	0.117779686493451	0	Microglial	PFA1	PFA2	G1	foreman_1269
foreman_1269_ATCATTCCACCAGCTG	2675	6997	0.104330427325997	0	Microglial	PFA1	PFA2	G1	foreman_1269
foreman_1269_ATCCACCGTATTTCGG	2393	7691	0.198283708230399	0	Microglial	PFA1	PFA2	G1	foreman_1269
foreman_1269_ATCCATTAGAGATCGC	2367	6278	0.0597323988531379	0	Microglial	PFA1	PFA2	S	foreman_1269
foreman_1269_ATCCATTCATTGAAAG	1707	4440	0.207432432432432	0	Microglial	PFA1	PFA2	G1	foreman_1269
foreman_1269_ATCCCTGAGATCCAAA	1897	5757	0.2313705054716	0	Microglial	PFA1	PFA2	G1	foreman_1269
foreman_1269_ATCCTATAGTCACTGT	2168	6094	0.113226124056449	0	Microglial	PFA1	PFA2	S	foreman_1269
foreman_1269_ATCGTAGCACTGTGTA	2393	7268	0.0921849201981288	0	Microglial	PFA1	PFA2	G1	foreman_1269
foreman_1269_ATCTTCAGTTTCTATC	1792	4722	0.211139347734011	0	Microglial	PFA1	PFA2	G1	foreman_1269
foreman_1269_ATGAAAGGTCTCAGAT	2891	10611	0.0948072754688531	6	DC	PFA1	PFA2	G1	foreman_1269
foreman_1269_ATGACCAAGTGATGGC	2731	8068	0.16038671294001	0	Microglial	PFA1	PFA2	G1	foreman_1269
foreman_1269_ATGAGTCCAAATTAGG	2050	5652	0.146319886765747	0	Microglial	PFA1	PFA2	G1	foreman_1269
foreman_1269_ATGATCGTCTCTGGTC	2826	11685	0.121608900299529	6	DC	PFA1	PFA2	G1	foreman_1269
foreman_1269_ATGCGATTCAAAGGAT	2456	7117	0.103835885906983	0	Microglial	PFA1	PFA2	G1	foreman_1269
foreman_1269_ATGGAGGCAATACCCA	1957	4449	0.0683299617891661	7	Alternative M2	PFA1	PFA2	G1	foreman_1269
foreman_1269_ATGGGTTAGGCTAAAT	1211	1970	0.0538071065989848	0	Microglial	PFA1	PFA2	G1	foreman_1269
foreman_1269_ATGGTTGAGTACCATC	3380	12640	0.126582278481013	0	Microglial	PFA1	PFA2	S	foreman_1269
foreman_1269_ATGTCTTAGGCTTAAA	3074	9557	0.0927069163963587	0	Microglial	PFA1	PFA2	G1	foreman_1269
foreman_1269_ATGTCTTTCCAGCACG	2617	6672	0.121402877697842	0	Microglial	PFA1	PFA2	G1	foreman_1269
foreman_1269_ATTCCTACAGTTCCAA	3544	12547	0.0900613692516139	7	Alternative M2	PFA1	PFA2	G1	foreman_1269
foreman_1269_ATTCCTATCATCCTGC	2480	5665	0.0570167696381289	0	Microglial	PFA1	PFA2	G1	foreman_1269
foreman_1269_ATTTCACTCGTTCCTG	1239	2967	0.17458712504213	0	Microglial	PFA1	PFA2	G1	foreman_1269
foreman_1269_CAACCAATCCGCACTT	2372	6555	0.064836003051106	0	Microglial	PFA1	PFA2	G1	foreman_1269
foreman_1269_CAACCTCGTACGATTC	2628	10036	0.193204463929853	0	Microglial	PFA1	PFA2	G1	foreman_1269
foreman_1269_CAACGATAGCCGAACA	3637	13968	0.159077892325315	0	Microglial	PFA1	PFA2	G1	foreman_1269
foreman_1269_CAACGGCCAACACACT	761	1251	0.103117505995204	2	Classical M1	PFA1	PFA2	G1	foreman_1269
foreman_1269_CAAGACTAGCCAGTAG	2536	9753	0.0882805290679791	7	Alternative M2	PFA1	PFA2	G1	foreman_1269
foreman_1269_CAAGACTTCCATTGTT	3582	15883	0.0844928539948372	6	DC	PFA1	PFA2	G1	foreman_1269
foreman_1269_CAATGACTCAGACAAA	2834	8851	0.129702858434075	0	Microglial	PFA1	PFA2	G1	foreman_1269
foreman_1269_CACTAAGTCTTGAACG	2331	5388	0.0835189309576837	0	Microglial	PFA1	PFA2	G1	foreman_1269
foreman_1269_CAGATACGTCGTATGT	3385	12589	0.0903963777901342	7	Alternative M2	PFA1	PFA2	G1	foreman_1269
foreman_1269_CAGATCACAAATCGTC	1930	6346	0.244405924992121	0	Microglial	PFA1	PFA2	S	foreman_1269
foreman_1269_CAGATCATCCTATTGT	2683	8805	0.157183418512209	0	Microglial	PFA1	PFA2	G1	foreman_1269
foreman_1269_CAGATCATCTTCCCGA	848	1819	0.11214953271028	2	Classical M1	PFA1	PFA2	G1	foreman_1269
foreman_1269_CAGCCAGCAGCAATTC	2638	7581	0.0259860176757684	0	Microglial	PFA1	PFA2	G1	foreman_1269
foreman_1269_CAGCGTGAGGCTTAAA	2169	6044	0.0888484447385837	0	Microglial	PFA1	PFA2	G1	foreman_1269
foreman_1269_CAGGGCTGTTAGCTAC	1902	5283	0.216922203293583	7	Alternative M2	PFA1	PFA2	G1	foreman_1269
foreman_1269_CAGTTCCGTAACATGA	2282	6856	0.153733955659277	0	Microglial	PFA1	PFA2	S	foreman_1269
foreman_1269_CATACCCTCGGCAGTC	1025	2406	0.250623441396509	2	Classical M1	PFA1	PFA2	G1	foreman_1269
foreman_1269_CATCCGTAGAGGACTC	1639	5762	0.21676501214856	2	Classical M1	PFA1	PFA2	G1	foreman_1269
foreman_1269_CATCGTCTCATGGATC	1759	5256	0.22355403348554	0	Microglial	PFA1	PFA2	G1	foreman_1269
foreman_1269_CATCGTCTCTATTGTC	1869	5802	0.258186832126853	0	Microglial	PFA1	PFA2	S	foreman_1269
foreman_1269_CATGAGTAGCCATTGT	3630	14048	0.134111617312073	0	Microglial	PFA1	PFA2	G1	foreman_1269
foreman_1269_CATGCCTTCTGGTTGA	2276	4911	0.0490735084504174	0	Microglial	PFA1	PFA2	G1	foreman_1269
foreman_1269_CATTGTTTCAAGCCGC	2587	6981	0.132788998710786	0	Microglial	PFA1	PFA2	G1	foreman_1269
foreman_1269_CCACCATTCCCGAGGT	2596	8788	0.123691397360036	6	DC	PFA1	PFA2	G1	foreman_1269
foreman_1269_CCACGAGGTCCTTAAG	876	2411	0.199502281211116	2	Classical M1	PFA1	PFA2	S	foreman_1269
foreman_1269_CCATCACAGGCATCTT	3153	10318	0.106028300058151	0	Microglial	PFA1	PFA2	G1	foreman_1269
foreman_1269_CCCGAAGTCCTTTAGT	2908	9789	0.157217284707325	0	Microglial	PFA1	PFA2	S	foreman_1269
foreman_1269_CCCTCAAAGTTACGGG	2324	6215	0.182461786001609	0	Microglial	PFA1	PFA2	G1	foreman_1269
foreman_1269_CCCTTAGAGACAACTA	2429	7660	0.172454308093995	0	Microglial	PFA1	PFA2	G1	foreman_1269
foreman_1269_CCGGACAAGCTGGCCT	1795	4877	0.0807873692843961	0	Microglial	PFA1	PFA2	G1	foreman_1269
foreman_1269_CCGGTAGAGCGCCTTG	1839	4756	0.140243902439024	0	Microglial	PFA1	PFA2	G1	foreman_1269
foreman_1269_CCGGTAGAGCTAATGA	2689	8668	0.133825565297647	0	Microglial	PFA1	PFA2	G1	foreman_1269
foreman_1269_CCGGTAGAGCTCAGAG	2970	9368	0.140157984628523	0	Microglial	PFA1	PFA2	S	foreman_1269
foreman_1269_CCTAAGACACTCTAGA	1405	3905	0.241741357234315	0	Microglial	PFA1	PFA2	G1	foreman_1269
foreman_1269_CCTCTAGTCTATCGCC	1591	4846	0.255468427569129	2	Classical M1	PFA1	PFA2	G1	foreman_1269
foreman_1269_CCTCTCCAGTCACTCA	1293	2384	0.108640939597315	0	Microglial	PFA1	PFA2	G1	foreman_1269
foreman_1269_CCTCTCCGTCACTTAG	2254	6645	0.189766741911211	0	Microglial	PFA1	PFA2	G1	foreman_1269
foreman_1269_CGAAGGAGTAGTATAG	1800	4600	0.127173913043478	0	Microglial	PFA1	PFA2	G1	foreman_1269
foreman_1269_CGACAGCGTGACGTCC	2961	10653	0.123251666197315	0	Microglial	PFA1	PFA2	G1	foreman_1269
foreman_1269_CGAGGAAGTCGATGCC	975	2419	0.261678379495659	2	Classical M1	PFA1	PFA2	G1	foreman_1269
foreman_1269_CGCAGGTCAATACGCT	2177	6808	0.214159811985899	0	Microglial	PFA1	PFA2	S	foreman_1269
foreman_1269_CGCCAGAAGTTTGGCT	2363	8335	0.112657468506299	6	DC	PFA1	PFA2	G1	foreman_1269
foreman_1269_CGGAATTGTAAGGTCG	2158	6067	0.196307895170595	0	Microglial	PFA1	PFA2	G1	foreman_1269
foreman_1269_CGGACACTCTGAGGCC	2458	8607	0.14430115022656	6	DC	PFA1	PFA2	G1	foreman_1269
foreman_1269_CGTCAAATCAGTGTTG	3890	12697	0.068047570292195	0	Microglial	PFA1	PFA2	G1	foreman_1269
foreman_1269_CGTGTCTAGACGACTG	1831	6242	0.153476449855815	2	Classical M1	PFA1	PFA2	G1	foreman_1269
foreman_1269_CTAACTTCAGTAACCT	2521	5253	0.0376927470017133	0	Microglial	PFA1	PFA2	G1	foreman_1269
foreman_1269_CTAACTTGTCAGATTC	2484	7224	0.108803986710963	0	Microglial	PFA1	PFA2	G1	foreman_1269
foreman_1269_CTACATTTCTCCCATG	1889	4010	0.0795511221945137	0	Microglial	PFA1	PFA2	G1	foreman_1269
foreman_1269_CTAGACACAAGCTGTT	2779	10382	0.116644191870545	6	DC	PFA1	PFA2	G1	foreman_1269
foreman_1269_CTAGACAGTAGTCTGT	2950	10228	0.13365271802894	0	Microglial	PFA1	PFA2	G1	foreman_1269
foreman_1269_CTATCCGTCATTTGGG	3130	11031	0.143957936723778	0	Microglial	PFA1	PFA2	G1	foreman_1269
foreman_1269_CTATCTATCGAAGCAG	3507	15270	0.107727570399476	0	Microglial	PFA1	PFA2	G1	foreman_1269
foreman_1269_CTCAATTTCTTGGCTC	2992	10678	0.127832927514516	6	DC	PFA1	PFA2	G1	foreman_1269
foreman_1269_CTCAGAATCTATTGTC	1905	5527	0.233580604306134	0	Microglial	PFA1	PFA2	G2M	foreman_1269
foreman_1269_CTCAGGGAGAGGGTAA	1393	3893	0.297970716670948	2	Classical M1	PFA1	PFA2	G1	foreman_1269
foreman_1269_CTCAGGGCACACCAGC	1168	2072	0.177606177606178	11	Contaminating Tumor cells	PFA1	PFA2	G1	foreman_1269
foreman_1269_CTCATCGAGTTTGGCT	1399	2940	0.10578231292517	7	Alternative M2	PFA1	PFA2	G1	foreman_1269
foreman_1269_CTCATTACAATTCTTC	1923	5046	0.170035671819263	2	Classical M1	PFA1	PFA2	G1	foreman_1269
foreman_1269_CTCCATGGTGGTTTGT	2472	7347	0.220634272492174	0	Microglial	PFA1	PFA2	S	foreman_1269
foreman_1269_CTCCGATAGATAGGGA	1183	2875	0.284521739130435	2	Classical M1	PFA1	PFA2	S	foreman_1269
foreman_1269_CTGAATGAGAAAGTCT	3175	10697	0.126297092642797	0	Microglial	PFA1	PFA2	G1	foreman_1269
foreman_1269_CTGGTCTCAATACCCA	2392	8095	0.289684990735022	0	Microglial	PFA1	PFA2	G1	foreman_1269
foreman_1269_CTGTAGACAGAGTCTT	2194	7198	0.169908307863295	0	Microglial	PFA1	PFA2	S	foreman_1269
foreman_1269_CTGTCGTGTGCACATT	2983	9968	0.149578651685393	0	Microglial	PFA1	PFA2	G1	foreman_1269
foreman_1269_CTGTGAAGTACGAGTG	2596	9914	0.12003227758725	6	DC	PFA1	PFA2	G1	foreman_1269
foreman_1269_CTGTGGGAGGCTAGCA	2176	6122	0.107317869977132	0	Microglial	PFA1	PFA2	G1	foreman_1269
foreman_1269_CTTAGGACACACACGC	2982	9437	0.109250821235562	0	Microglial	PFA1	PFA2	G1	foreman_1269
foreman_1269_CTTAGGACATAACCCA	2115	6240	0.136698717948718	0	Microglial	PFA1	PFA2	G1	foreman_1269
foreman_1269_CTTCTAACAATTCGTG	773	2052	0.267543859649123	2	Classical M1	PFA1	PFA2	G1	foreman_1269
foreman_1269_CTTGAGATCTCACCCA	2207	4446	0.0389113810166442	0	Microglial	PFA1	PFA2	G1	foreman_1269
foreman_1269_CTTTCGGTCACCTCGT	2103	6542	0.260623662488536	5	Undefined M	PFA1	PFA2	G1	foreman_1269
foreman_1269_GAAACCTAGGATGGCT	2564	8685	0.0979850316637881	0	Microglial	PFA1	PFA2	S	foreman_1269
foreman_1269_GAAACCTCACGACGCT	3356	11092	0.14217454020916	0	Microglial	PFA1	PFA2	G1	foreman_1269
foreman_1269_GAAACCTGTCTTCTAT	3688	14457	0.0799612644393719	7	Alternative M2	PFA1	PFA2	G1	foreman_1269
foreman_1269_GAACGTTCAATGTTGC	1188	2948	0.172998643147897	2	Classical M1	PFA1	PFA2	S	foreman_1269
foreman_1269_GAAGCCCAGACCCGCT	1516	5317	0.288508557457213	2	Classical M1	PFA1	PFA2	G1	foreman_1269
foreman_1269_GAAGGACAGGCCTGCT	1691	4194	0.0691463996185026	0	Microglial	PFA1	PFA2	G2M	foreman_1269
foreman_1269_GACATCAGTCTGATAC	2797	9778	0.11352014726938	0	Microglial	PFA1	PFA2	S	foreman_1269
foreman_1269_GACTATGTCGACCCAG	2649	8532	0.0784106891701828	0	Microglial	PFA1	PFA2	G1	foreman_1269
foreman_1269_GAGCCTGCAAGAGATT	3154	13069	0.0954931517331089	6	DC	PFA1	PFA2	S	foreman_1269
foreman_1269_GAGCCTGGTCGATTAC	1504	3775	0.210860927152318	2	Classical M1	PFA1	PFA2	G1	foreman_1269
foreman_1269_GAGCCTGTCGTTGCCT	1610	4442	0.238631247185952	0	Microglial	PFA1	PFA2	S	foreman_1269
foreman_1269_GAGGCAACAGACGGAT	1165	3200	0.298125	2	Classical M1	PFA1	PFA2	G1	foreman_1269
foreman_1269_GAGGGATGTGTTTCTT	1389	4195	0.279856972586412	2	Classical M1	PFA1	PFA2	G1	foreman_1269
foreman_1269_GAGTCTAGTAGAGTTA	3353	10997	0.247976720923888	11	Contaminating Tumor cells	PFA1	PFA2	G1	foreman_1269
foreman_1269_GAGTTACGTACGGGAT	1610	4470	0.190604026845638	0	Microglial	PFA1	PFA2	G1	foreman_1269
foreman_1269_GAGTTGTGTGTTTGCA	2054	5338	0.121019108280255	0	Microglial	PFA1	PFA2	S	foreman_1269
foreman_1269_GATCACAGTACAGGTG	1869	4852	0.139117889530091	0	Microglial	PFA1	PFA2	G1	foreman_1269
foreman_1269_GATGATCTCAGTCATG	2669	9217	0.0933058478897689	0	Microglial	PFA1	PFA2	G1	foreman_1269
foreman_1269_GATGTTGAGACGAAGA	3641	13816	0.145845396641575	0	Microglial	PFA1	PFA2	G1	foreman_1269
foreman_1269_GATTGGTCAGGTAGTG	2381	6337	0.132870443427489	0	Microglial	PFA1	PFA2	G1	foreman_1269
foreman_1269_GCAACATTCATCACTT	3620	13643	0.0991717364216081	0	Microglial	PFA1	PFA2	S	foreman_1269
foreman_1269_GCAACCGCAATGAGCG	2267	7601	0.173661360347323	0	Microglial	PFA1	PFA2	S	foreman_1269
foreman_1269_GCAGCTGGTTTACCTT	2284	6445	0.143677269200931	0	Microglial	PFA1	PFA2	G1	foreman_1269
foreman_1269_GCAGTTAAGGGTACGT	2083	5796	0.150448585231194	0	Microglial	PFA1	PFA2	G1	foreman_1269
foreman_1269_GCAGTTACAGGGAGAG	1459	3150	0.132063492063492	0	Microglial	PFA1	PFA2	G1	foreman_1269
foreman_1269_GCATTAGCACTGTCCT	2383	7528	0.200451647183847	0	Microglial	PFA1	PFA2	G1	foreman_1269
foreman_1269_GCCAACGTCCGATGTA	2599	8448	0.135298295454545	0	Microglial	PFA1	PFA2	G1	foreman_1269
foreman_1269_GCCCAGAAGGGTAATT	2146	6912	0.137008101851852	6	DC	PFA1	PFA2	S	foreman_1269
foreman_1269_GCCCGAAGTCGTCATA	2343	8427	0.146434080930343	6	DC	PFA1	PFA2	G1	foreman_1269
foreman_1269_GCGATCGAGGACGCAT	1869	5248	0.20141006097561	0	Microglial	PFA1	PFA2	G1	foreman_1269
foreman_1269_GCGGATCCATACAGGG	3521	12673	0.0946894973565849	0	Microglial	PFA1	PFA2	G1	foreman_1269
foreman_1269_GCTTGGGAGTGCCGAA	2284	7031	0.158298961740862	2	Classical M1	PFA1	PFA2	G1	foreman_1269
foreman_1269_GCTTTCGGTTGAAGTA	1085	3208	0.284600997506234	2	Classical M1	PFA1	PFA2	G2M	foreman_1269
foreman_1269_GGAACCCAGCCTCAGC	3161	10894	0.0733431246557738	0	Microglial	PFA1	PFA2	G1	foreman_1269
foreman_1269_GGAACCCCAATTTCCT	3649	12906	0.099023709902371	0	Microglial	PFA1	PFA2	G2M	foreman_1269
foreman_1269_GGAATCTAGGTTGTTC	3211	13387	0.123627399716143	0	Microglial	PFA1	PFA2	G1	foreman_1269
foreman_1269_GGAATGGTCTATACTC	3807	15904	0.157130281690141	0	Microglial	PFA1	PFA2	G1	foreman_1269
foreman_1269_GGAGAACCATCGGATT	2440	6010	0.0452579034941764	0	Microglial	PFA1	PFA2	G1	foreman_1269
foreman_1269_GGGACCTGTTAAGGAT	2153	5736	0.0739191073919107	0	Microglial	PFA1	PFA2	G1	foreman_1269
foreman_1269_GGGACTCCAAGAGATT	1320	3989	0.0777137127099524	2	Classical M1	PFA1	PFA2	G1	foreman_1269
foreman_1269_GGGCTACTCCAGCCTT	2706	6716	0.0178677784395474	0	Microglial	PFA1	PFA2	G1	foreman_1269
foreman_1269_GGGTATTAGGCGAACT	1161	2868	0.239888423988842	2	Classical M1	PFA1	PFA2	G1	foreman_1269
foreman_1269_GGGTCACTCATTTGGG	2229	5610	0.0547237076648841	0	Microglial	PFA1	PFA2	G1	foreman_1269
foreman_1269_GGGTGTCCAGGTTTAC	2402	6515	0.143821949347659	0	Microglial	PFA1	PFA2	G1	foreman_1269
foreman_1269_GGGTTATTCAGTCTTT	2308	6084	0.112426035502959	0	Microglial	PFA1	PFA2	G1	foreman_1269
foreman_1269_GGTCACGAGGGAGTGG	2079	6045	0.103556658395368	0	Microglial	PFA1	PFA2	G1	foreman_1269
foreman_1269_GGTCACGGTACGACTT	2324	7675	0.248338762214984	0	Microglial	PFA1	PFA2	G1	foreman_1269
foreman_1269_GGTGTCGAGCCACTCG	3034	10208	0.163597178683386	0	Microglial	PFA1	PFA2	G1	foreman_1269
foreman_1269_GGTTAACCAACATACC	1885	4649	0.158313615831362	0	Microglial	PFA1	PFA2	G1	foreman_1269
foreman_1269_GGTTAACCATGGCGCT	3170	10894	0.153203598310997	0	Microglial	PFA1	PFA2	G1	foreman_1269
foreman_1269_GGTTGTATCAAACGTC	2335	6130	0.142414355628059	0	Microglial	PFA1	PFA2	G1	foreman_1269
foreman_1269_GTAACCAAGCGCTTCG	1981	6546	0.275588145432325	0	Microglial	PFA1	PFA2	G1	foreman_1269
foreman_1269_GTACAACGTTGCTCCT	3536	13562	0.112299070933491	0	Microglial	PFA1	PFA2	G1	foreman_1269
foreman_1269_GTAGAAAGTGCCTGAC	2439	7223	0.160459642807698	2	Classical M1	PFA1	PFA2	G1	foreman_1269
foreman_1269_GTAGAGGAGAAATCCA	799	1745	0.241833810888252	2	Classical M1	PFA1	PFA2	G1	foreman_1269
foreman_1269_GTAGGAGCACTTCTCG	1353	3529	0.232927174837064	0	Microglial	PFA1	PFA2	S	foreman_1269
foreman_1269_GTAGTACCACGCTATA	3043	9916	0.126764824526019	0	Microglial	PFA1	PFA2	G1	foreman_1269
foreman_1269_GTAGTACCACTTGTCC	1743	4425	0.153220338983051	0	Microglial	PFA1	PFA2	G1	foreman_1269
foreman_1269_GTAGTACTCGCTCATC	1628	3805	0.133245729303548	7	Alternative M2	PFA1	PFA2	G1	foreman_1269
foreman_1269_GTATTTCAGGTCTACT	1463	4383	0.270134610997034	2	Classical M1	PFA1	PFA2	G1	foreman_1269
foreman_1269_GTATTTCAGTTCCAGT	2144	5196	0.143764434180139	0	Microglial	PFA1	PFA2	G1	foreman_1269
foreman_1269_GTATTTCTCCGGTAGC	1334	3509	0.264462809917355	2	Classical M1	PFA1	PFA2	G1	foreman_1269
foreman_1269_GTATTTCTCGAGTCTA	3946	16769	0.111634563778401	5	Undefined M	PFA1	PFA2	G1	foreman_1269
foreman_1269_GTCAAGTTCTCTTAAC	3304	12364	0.0932546101585248	0	Microglial	PFA1	PFA2	G1	foreman_1269
foreman_1269_GTCAGCGCAGTTGTCA	1467	4093	0.189103347178109	2	Classical M1	PFA1	PFA2	G1	foreman_1269
foreman_1269_GTCATTTGTCGATTAC	1660	4779	0.263653483992467	2	Classical M1	PFA1	PFA2	G1	foreman_1269
foreman_1269_GTCATTTTCTGTCGCT	2885	9250	0.242918918918919	5	Undefined M	PFA1	PFA2	S	foreman_1269
foreman_1269_GTCCCATCAGCACCCA	1608	5662	0.267396679618509	2	Classical M1	PFA1	PFA2	G1	foreman_1269
foreman_1269_GTCGTTCAGAGAGTGA	2161	5224	0.127105666156202	0	Microglial	PFA1	PFA2	G1	foreman_1269
foreman_1269_GTCGTTCCAAGCGAGT	1306	3325	0.198496240601504	2	Classical M1	PFA1	PFA2	G1	foreman_1269
foreman_1269_GTCTACCCAAGCCCAC	1454	3884	0.207260556127703	2	Classical M1	PFA1	PFA2	G1	foreman_1269
foreman_1269_GTCTTTAAGGGATCAC	2873	8543	0.0897811073393422	0	Microglial	PFA1	PFA2	G1	foreman_1269
foreman_1269_GTGACGCAGCATTGAA	2501	7617	0.129709859524747	0	Microglial	PFA1	PFA2	G1	foreman_1269
foreman_1269_GTGCTTCGTATTCCGA	2020	6521	0.291213004140469	5	Undefined M	PFA1	PFA2	S	foreman_1269
foreman_1269_GTGGGAACACCCATAA	769	2001	0.254372813593203	2	Classical M1	PFA1	PFA2	S	foreman_1269
foreman_1269_GTGTTCCGTTAGGGTG	2066	7439	0.17367925796478	0	Microglial	PFA1	PFA2	G1	foreman_1269
foreman_1269_GTTACGAGTGAGCTCC	2588	8480	0.140212264150943	0	Microglial	PFA1	PFA2	G1	foreman_1269
foreman_1269_GTTACGATCCACGTGG	2065	5745	0.151610095735422	0	Microglial	PFA1	PFA2	G1	foreman_1269
foreman_1269_GTTCCGTAGTAATACG	3155	10820	0.111829944547135	0	Microglial	PFA1	PFA2	G1	foreman_1269
foreman_1269_GTTGTAGGTCTAGGTT	3104	10616	0.131405425772419	0	Microglial	PFA1	PFA2	G1	foreman_1269
foreman_1269_TAAGCACAGTTTCGAC	2560	8703	0.129035964609905	6	DC	PFA1	PFA2	G1	foreman_1269
foreman_1269_TAATCTCAGAGCCTGA	2757	9952	0.144694533762058	0	Microglial	PFA1	PFA2	G1	foreman_1269
foreman_1269_TAATTCCCAACAGCCC	3759	13598	0.165244888954258	0	Microglial	PFA1	PFA2	G1	foreman_1269
foreman_1269_TACCCGTTCGGTCGAC	3312	11340	0.118077601410935	0	Microglial	PFA1	PFA2	G1	foreman_1269
foreman_1269_TACCGAAAGCACCTGC	3019	10655	0.10868137024871	0	Microglial	PFA1	PFA2	G1	foreman_1269
foreman_1269_TACCGGGGTGTGTTTG	1804	4951	0.202787315693799	0	Microglial	PFA1	PFA2	G1	foreman_1269
foreman_1269_TACTGCCAGCCAGTAG	2143	5397	0.123957754307949	0	Microglial	PFA1	PFA2	S	foreman_1269
foreman_1269_TAGCACAGTCCATACA	1234	2519	0.162366018261215	0	Microglial	PFA1	PFA2	G1	foreman_1269
foreman_1269_TATATCCCAGAGCGTA	1178	3912	0.253067484662577	2	Classical M1	PFA1	PFA2	G1	foreman_1269
foreman_1269_TATCCTAAGTGAACAT	717	1622	0.291615289765721	2	Classical M1	PFA1	PFA2	G1	foreman_1269
foreman_1269_TATCTGTTCGTGGGAA	2389	7475	0.129632107023411	0	Microglial	PFA1	PFA2	S	foreman_1269
foreman_1269_TATCTTGAGCGTGCTC	2569	7810	0.169526248399488	0	Microglial	PFA1	PFA2	G1	foreman_1269
foreman_1269_TATTTCGAGCAGGCAT	3358	13731	0.0590634331075668	6	DC	PFA1	PFA2	G1	foreman_1269
foreman_1269_TCACATTCACTTGAGT	2863	9833	0.0967151428861995	6	DC	PFA1	PFA2	S	foreman_1269
foreman_1269_TCAGTTTCAGAAACCG	3054	10734	0.096981553940749	0	Microglial	PFA1	PFA2	G1	foreman_1269
foreman_1269_TCATCCGAGGTCCGAA	1463	4318	0.277906438165818	2	Classical M1	PFA1	PFA2	G1	foreman_1269
foreman_1269_TCATGAGAGGCTTCCG	1156	3224	0.255583126550869	2	Classical M1	PFA1	PFA2	G1	foreman_1269
foreman_1269_TCATGCCAGTAACAGT	4431	16834	0.099203991921112	0	Microglial	PFA1	PFA2	G1	foreman_1269
foreman_1269_TCATGCCCAACCTATG	3181	11654	0.107087695211944	6	DC	PFA1	PFA2	G1	foreman_1269
foreman_1269_TCATGCCCAACTCCCT	1728	4981	0.25938566552901	0	Microglial	PFA1	PFA2	G1	foreman_1269
foreman_1269_TCATGCCCAATTCGTG	2660	9224	0.111339982653946	0	Microglial	PFA1	PFA2	G1	foreman_1269
foreman_1269_TCATGCCGTGGACCTC	5081	26495	0.164899037554256	0	Microglial	PFA1	PFA2	G1	foreman_1269
foreman_1269_TCATGGAAGAGTACCG	2325	7271	0.120753678998762	0	Microglial	PFA1	PFA2	G1	foreman_1269
foreman_1269_TCATTCATCATCGTAG	4392	18292	0.0949595451563525	5	Undefined M	PFA1	PFA2	G1	foreman_1269
foreman_1269_TCATTGTGTCCCAAAT	643	1042	0.121880998080614	2	Classical M1	PFA1	PFA2	G1	foreman_1269
foreman_1269_TCCAGAATCTGGGCCA	1655	3826	0.0661265028750653	0	Microglial	PFA1	PFA2	G1	foreman_1269
foreman_1269_TCCCATGAGTTCATGC	2732	7071	0.0371941733842455	0	Microglial	PFA1	PFA2	G1	foreman_1269
foreman_1269_TCCGTGTTCATCGCTC	1738	4623	0.282284231018819	7	Alternative M2	PFA1	PFA2	G1	foreman_1269
foreman_1269_TCCTCGAGTACGGTTT	1584	4675	0.240213903743315	2	Classical M1	PFA1	PFA2	G1	foreman_1269
foreman_1269_TCGCACTAGTTGGACG	2344	6762	0.0872522922212363	0	Microglial	PFA1	PFA2	G1	foreman_1269
foreman_1269_TCGCAGGTCGCCTTGT	2225	6889	0.1191754971694	0	Microglial	PFA1	PFA2	G1	foreman_1269
foreman_1269_TCGCTTGAGCTCCATA	1787	5730	0.147294938917976	0	Microglial	PFA1	PFA2	G1	foreman_1269
foreman_1269_TCGTAGAAGGCACCAA	1742	5952	0.285450268817204	0	Microglial	PFA1	PFA2	G1	foreman_1269
foreman_1269_TCGTGGGCAAACACCT	1471	4253	0.268751469550905	0	Microglial	PFA1	PFA2	G1	foreman_1269
foreman_1269_TCTCCGATCACCTTGC	1464	4560	0.266228070175439	2	Classical M1	PFA1	PFA2	G1	foreman_1269
foreman_1269_TCTTAGTTCACAATGC	2807	9190	0.17442872687704	0	Microglial	PFA1	PFA2	G1	foreman_1269
foreman_1269_TCTTCCTCACTACACA	1664	4642	0.271219302024989	0	Microglial	PFA1	PFA2	S	foreman_1269
foreman_1269_TCTTTGATCTCTGCTG	3581	13950	0.0832974910394265	6	DC	PFA1	PFA2	G1	foreman_1269
foreman_1269_TGAACGTAGATGACAT	2707	7044	0.146223736513345	0	Microglial	PFA1	PFA2	G1	foreman_1269
foreman_1269_TGAACGTTCATCACAG	2264	6853	0.218590398365679	0	Microglial	PFA1	PFA2	G1	foreman_1269
foreman_1269_TGAATGCAGAGGTATT	1482	5135	0.230379746835443	4	Mitotic	PFA1	PFA2	G1	foreman_1269
foreman_1269_TGAGACTCACATTGTG	1877	5141	0.222524800622447	0	Microglial	PFA1	PFA2	S	foreman_1269
foreman_1269_TGAGCATCACTTTATC	3276	14191	0.11070396730322	6	DC	PFA1	PFA2	G1	foreman_1269
foreman_1269_TGAGCGCGTTAGAGAT	2085	6340	0.180914826498423	0	Microglial	PFA1	PFA2	G1	foreman_1269
foreman_1269_TGATCAGAGGGACCAT	3015	10344	0.108565351894818	0	Microglial	PFA1	PFA2	G1	foreman_1269
foreman_1269_TGATCAGTCTATCACT	1994	4738	0.0761924862811313	0	Microglial	PFA1	PFA2	G1	foreman_1269
foreman_1269_TGATTCTTCATTCGGA	1670	4808	0.218801996672213	2	Classical M1	PFA1	PFA2	G1	foreman_1269
foreman_1269_TGATTTCGTCGCATTA	1483	4431	0.295644324080343	2	Classical M1	PFA1	PFA2	G1	foreman_1269
foreman_1269_TGGGAGATCACAATGC	2190	4399	0.0234144123664469	0	Microglial	PFA1	PFA2	G1	foreman_1269
foreman_1269_TGGTACATCGTAACTG	3223	11758	0.156149004932812	0	Microglial	PFA1	PFA2	G1	foreman_1269
foreman_1269_TGTAAGCTCTTGCGCT	2050	6204	0.193101225016119	0	Microglial	PFA1	PFA2	G1	foreman_1269
foreman_1269_TGTCAGAAGACCAACG	1530	3448	0.162703016241299	0	Microglial	PFA1	PFA2	G1	foreman_1269
foreman_1269_TGTCCCATCCTACCGT	1091	2614	0.207727620504973	2	Classical M1	PFA1	PFA2	G1	foreman_1269
foreman_1269_TGTGGCGAGCAACCAG	1712	3721	0.119860252620263	0	Microglial	PFA1	PFA2	G1	foreman_1269
foreman_1269_TGTGGCGCACATTCGA	2781	10146	0.14488468361916	0	Microglial	PFA1	PFA2	G1	foreman_1269
foreman_1269_TTACAGGCAGGACGAT	2634	7844	0.14227434982152	0	Microglial	PFA1	PFA2	G1	foreman_1269
foreman_1269_TTACCGCGTATGCTTG	2151	6636	0.254370102471368	0	Microglial	PFA1	PFA2	G1	foreman_1269
foreman_1269_TTAGTCTTCAAAGGTA	3199	11262	0.117829870360504	0	Microglial	PFA1	PFA2	G1	foreman_1269
foreman_1269_TTATTGCAGGATGAGA	1237	3284	0.292021924482339	2	Classical M1	PFA1	PFA2	G2M	foreman_1269
foreman_1269_TTATTGCGTACAAGCG	1598	4222	0.229512079583136	2	Classical M1	PFA1	PFA2	G1	foreman_1269
foreman_1269_TTATTGCTCGGCTTGG	2467	6437	0.0981823830977163	0	Microglial	PFA1	PFA2	G1	foreman_1269
foreman_1269_TTCAATCCATGGGCAA	3320	13022	0.0866226386115804	6	DC	PFA1	PFA2	G1	foreman_1269
foreman_1269_TTCACCGCACGGTCTG	2815	7894	0.129972130732202	7	Alternative M2	PFA1	PFA2	G1	foreman_1269
foreman_1269_TTCACCGGTGGATGAC	2710	10066	0.0745082455791774	0	Microglial	PFA1	PFA2	G1	foreman_1269
foreman_1269_TTCACCGTCAAGAGGC	2661	7809	0.0998847483672685	0	Microglial	PFA1	PFA2	G1	foreman_1269
foreman_1269_TTCCGTGGTGGTCCGT	2306	6556	0.159701037217816	0	Microglial	PFA1	PFA2	G1	foreman_1269
foreman_1269_TTCTGTAAGGACGCTA	1708	4619	0.262394457674821	0	Microglial	PFA1	PFA2	G1	foreman_1269
foreman_1269_TTGAACGTCCCTCAAC	2591	8326	0.153615181359596	0	Microglial	PFA1	PFA2	G1	foreman_1269
foreman_1269_TTGAGTGAGTCGGGAT	2585	8108	0.134681795757277	0	Microglial	PFA1	PFA2	G1	foreman_1269
foreman_1269_TTGAGTGCACTCTAGA	1662	4893	0.101778050275904	0	Microglial	PFA1	PFA2	G1	foreman_1269
foreman_1269_TTGCGTCTCGTAGAGG	1090	3017	0.253563142194233	2	Classical M1	PFA1	PFA2	G1	foreman_1269
foreman_1269_TTGGTTTTCACCGACG	2510	7833	0.130856632197115	0	Microglial	PFA1	PFA2	G1	foreman_1269
foreman_1269_TTGTGTTTCGTGGAAG	1827	6821	0.197918193813224	2	Classical M1	PFA1	PFA2	G1	foreman_1269
foreman_1269_TTGTTGTAGAAGGTAG	1871	4901	0.216282391348704	5	Undefined M	PFA1	PFA2	S	foreman_1269
foreman_1269_TTGTTGTAGCGTGTCC	2740	9333	0.0940747883852995	0	Microglial	PFA1	PFA2	G1	foreman_1269
foreman_1269_TTTACTGTCGGCTATA	2342	6567	0.142378559463987	0	Microglial	PFA1	PFA2	G1	foreman_1269
foreman_1269_TTTATGCAGCAGGCAT	3219	11638	0.104227530503523	0	Microglial	PFA1	PFA2	G1	foreman_1269
foreman_1269_TTTATGCTCGCATAGT	3136	9016	0.133762200532387	0	Microglial	PFA1	PFA2	S	foreman_1269
foreman_1269_TTTGATCTCCATCTAT	1868	6141	0.28301579547305	0	Microglial	PFA1	PFA2	G1	foreman_1269
foreman_1239_AACCATGGTGACGGTA	2120	7851	0.0476372436632276	7	Alternative M2	PFA1	PFA1	G1	foreman_1239
foreman_1239_AACGTTGCAGGTGGAT	1284	3531	0.0739167374681393	3	Hypoxia	PFA1	PFA1	G1	foreman_1239
foreman_1239_AACTCCCCAATGTAAG	2276	8056	0.0949602780536246	3	Hypoxia	PFA1	PFA1	G1	foreman_1239
foreman_1239_AAGACCTTCGGAATCT	3777	18792	0.0541187739463602	5	Undefined M	PFA1	PFA1	G1	foreman_1239
foreman_1239_ACACTGACAGACTCGC	1904	9793	0.0460533033799653	3	Hypoxia	PFA1	PFA1	G1	foreman_1239
foreman_1239_ACACTGAGTGAAAGAG	952	3275	0.000916030534351145	3	Hypoxia	PFA1	PFA1	G1	foreman_1239
foreman_1239_ACATCAGTCCACGTGG	974	2278	0.0583845478489903	3	Hypoxia	PFA1	PFA1	G1	foreman_1239
foreman_1239_ACCAGTACATGCAACT	675	1900	0.0631578947368421	8	Neutrophil	PFA1	PFA1	G1	foreman_1239
foreman_1239_ACCTTTACACCTATCC	1461	5379	0.0598624279605875	8	Neutrophil	PFA1	PFA1	G1	foreman_1239
foreman_1239_ACCTTTAGTTCGTTGA	2786	11519	0.0230054692247591	5	Undefined M	PFA1	PFA1	G1	foreman_1239
foreman_1239_ACGATACAGGAGCGTT	1998	7033	0.0275842456988483	5	Undefined M	PFA1	PFA1	G1	foreman_1239
foreman_1239_ACGATACCAATCACAC	2244	8976	0.0404411764705882	3	Hypoxia	PFA1	PFA1	G1	foreman_1239
foreman_1239_ACGATGTCAGACGCAA	1130	2942	0.0656016315431679	8	Neutrophil	PFA1	PFA1	S	foreman_1239
foreman_1239_ACGCCAGTCTCTTATG	1394	4823	0.045200082935932	8	Neutrophil	PFA1	PFA1	G1	foreman_1239
foreman_1239_ACGGAGACAAGCCTAT	976	3838	0.00729546638874414	3	Hypoxia	PFA1	PFA1	G1	foreman_1239
foreman_1239_ACTGTCCAGCGTCAAG	958	3556	0.030933633295838	3	Hypoxia	PFA1	PFA1	G1	foreman_1239
foreman_1239_ACTTACTGTCTAGGTT	1269	3958	0.0336028297119757	8	Neutrophil	PFA1	PFA1	G1	foreman_1239
foreman_1239_AGCGGTCGTCATATCG	832	2167	0.0572219658514075	3	Hypoxia	PFA1	PFA1	G1	foreman_1239
foreman_1239_AGCGTCGGTAAACGCG	2408	9865	0.0365940192600101	3	Hypoxia	PFA1	PFA1	G2M	foreman_1239
foreman_1239_AGGGAGTGTCGGCACT	753	2031	0.0408665681930084	3	Hypoxia	PFA1	PFA1	G1	foreman_1239
foreman_1239_AGGTCCGAGTACGTTC	884	1973	0.0511910795742524	3	Hypoxia	PFA1	PFA1	G1	foreman_1239
foreman_1239_AGTGAGGTCTGTGCAA	1102	3751	0.043188483071181	3	Hypoxia	PFA1	PFA1	G1	foreman_1239
foreman_1239_AGTGTCAGTAAAGGAG	968	2172	0.167587476979742	8	Neutrophil	PFA1	PFA1	G1	foreman_1239
foreman_1239_AGTGTCAGTAGCGCTC	1209	3468	0.0594002306805075	7	Alternative M2	PFA1	PFA1	S	foreman_1239
foreman_1239_ATAGACCCACAGGCCT	1752	7378	0.0482515586879913	3	Hypoxia	PFA1	PFA1	G1	foreman_1239
foreman_1239_ATCCACCTCCCAGGTG	519	1221	0.0401310401310401	3	Hypoxia	PFA1	PFA1	G1	foreman_1239
foreman_1239_ATCCGAAAGCTGTTCA	879	3326	0.0544197233914612	3	Hypoxia	PFA1	PFA1	G1	foreman_1239
foreman_1239_ATGCGATAGTAACCCT	2361	8406	0.0246252676659529	5	Undefined M	PFA1	PFA1	G1	foreman_1239
foreman_1239_ATTACTCAGCGATAGC	803	2064	0.0159883720930233	3	Hypoxia	PFA1	PFA1	G1	foreman_1239
foreman_1239_CACCTTGCAAGAGTCG	1316	4041	0.0522147983172482	5	Undefined M	PFA1	PFA1	S	foreman_1239
foreman_1239_CAGCATACATGGGACA	556	1283	0.101325019485581	3	Hypoxia	PFA1	PFA1	G1	foreman_1239
foreman_1239_CAGCGACTCTTGTTTG	1086	5029	0.0165042752038179	3	Hypoxia	PFA1	PFA1	G1	foreman_1239
foreman_1239_CAGTCCTCATCTACGA	3765	21970	0.030587164314975	3	Hypoxia	PFA1	PFA1	G1	foreman_1239
foreman_1239_CATATTCGTTCATGGT	1081	4007	0.0309458447716496	3	Hypoxia	PFA1	PFA1	G1	foreman_1239
foreman_1239_CATATTCTCAGTTCGA	923	2038	0.0431795878312071	3	Hypoxia	PFA1	PFA1	S	foreman_1239
foreman_1239_CATTATCAGAGTCGGT	808	2288	0.0393356643356643	3	Hypoxia	PFA1	PFA1	G1	foreman_1239
foreman_1239_CCATGTCTCGGTGTCG	3400	20403	0.0588148801646817	5	Undefined M	PFA1	PFA1	G1	foreman_1239
foreman_1239_CCTAAAGCAGAGTGTG	2052	7243	0.125776611901146	3	Hypoxia	PFA1	PFA1	G1	foreman_1239
foreman_1239_CCTAAAGGTTACGTCA	3629	22261	0.0602398814069449	5	Undefined M	PFA1	PFA1	G1	foreman_1239
foreman_1239_CCTATTAAGACGCAAC	582	1612	0.0254342431761787	3	Hypoxia	PFA1	PFA1	S	foreman_1239
foreman_1239_CCTATTAAGTTACGGG	829	2475	0.0476767676767677	3	Hypoxia	PFA1	PFA1	G1	foreman_1239
foreman_1239_CCTATTACACGACGAA	2061	7226	0.0478826460005536	3	Hypoxia	PFA1	PFA1	G1	foreman_1239
foreman_1239_CCTTCCCGTTGGTGGA	994	3010	0.0521594684385382	8	Neutrophil	PFA1	PFA1	G1	foreman_1239
foreman_1239_CCTTTCTCAAACGTGG	1722	6039	0.0485179665507534	3	Hypoxia	PFA1	PFA1	G1	foreman_1239
foreman_1239_CGAACATCATAGGATA	558	1524	0.020997375328084	2	Classical M1	PFA1	PFA1	G1	foreman_1239
foreman_1239_CGACCTTTCGCGGATC	1025	3159	0.0981323203545426	3	Hypoxia	PFA1	PFA1	G1	foreman_1239
foreman_1239_CGAGCCAAGAGGTTGC	2028	7375	0.0572203389830508	5	Undefined M	PFA1	PFA1	G1	foreman_1239
foreman_1239_CGATGGCTCGTATCAG	1177	5265	0.0630579297245964	3	Hypoxia	PFA1	PFA1	G1	foreman_1239
foreman_1239_CGATGTATCCTTTACA	1398	5228	0.0478194338179036	3	Hypoxia	PFA1	PFA1	G1	foreman_1239
foreman_1239_CGCTATCTCGTACGGC	1719	5689	0.0490420108982246	5	Undefined M	PFA1	PFA1	S	foreman_1239
foreman_1239_CGGAGTCGTCTTCGTC	1236	3726	0.0617283950617284	3	Hypoxia	PFA1	PFA1	G2M	foreman_1239
foreman_1239_CGTAGCGGTCCGAGTC	899	3949	0.0577361357305647	3	Hypoxia	PFA1	PFA1	G1	foreman_1239
foreman_1239_CGTAGCGTCATAACCG	1192	4811	0.041987112866348	3	Hypoxia	PFA1	PFA1	G1	foreman_1239
foreman_1239_CGTAGCGTCGCCTGAG	2132	8631	0.0177267987486966	3	Hypoxia	PFA1	PFA1	G1	foreman_1239
foreman_1239_CGTGTAACACCTGGTG	1645	6749	0.00429693287894503	3	Hypoxia	PFA1	PFA1	S	foreman_1239
foreman_1239_CGTTGGGTCACGAAGG	2390	9985	0.0587881822734101	3	Hypoxia	PFA1	PFA1	G1	foreman_1239
foreman_1239_CTAAGACCATTTGCCC	581	1569	0.0382409177820268	3	Hypoxia	PFA1	PFA1	G1	foreman_1239
foreman_1239_CTACGTCGTGCCTGTG	1286	3621	0.0276166804750069	3	Hypoxia	PFA1	PFA1	G1	foreman_1239
foreman_1239_CTCACACAGGCAGTCA	1686	6982	0.0273560584359782	3	Hypoxia	PFA1	PFA1	G1	foreman_1239
foreman_1239_CTCTACGCAATGAAAC	2064	8463	0.00957107408720312	5	Undefined M	PFA1	PFA1	G1	foreman_1239
foreman_1239_CTGCCTAGTCTAGGTT	1275	4100	0.0782926829268293	8	Neutrophil	PFA1	PFA1	G1	foreman_1239
foreman_1239_CTGGTCTGTTGTTTGG	1521	4708	0.00169923534409516	3	Hypoxia	PFA1	PFA1	S	foreman_1239
foreman_1239_CTGTGCTTCTCCTATA	1021	2583	0.0747193186217577	8	Neutrophil	PFA1	PFA1	G1	foreman_1239
foreman_1239_CTTACCGAGATCCCAT	2190	11298	0.0123030624889361	3	Hypoxia	PFA1	PFA1	G1	foreman_1239
foreman_1239_CTTACCGGTATGAAAC	869	3248	0.0369458128078818	3	Hypoxia	PFA1	PFA1	G1	foreman_1239
foreman_1239_GAAATGATCTGAAAGA	1331	3141	0.0573065902578797	5	Undefined M	PFA1	PFA1	G1	foreman_1239
foreman_1239_GAACCTACACAGCGTC	973	3225	0.0062015503875969	3	Hypoxia	PFA1	PFA1	S	foreman_1239
foreman_1239_GACACGCAGTAAGTAC	868	2659	0.042121098157202	3	Hypoxia	PFA1	PFA1	G1	foreman_1239
foreman_1239_GATCGCGTCGGCGCAT	1580	5722	0.0394966794826984	8	Neutrophil	PFA1	PFA1	G1	foreman_1239
foreman_1239_GATCGTATCGTAGGTT	1382	5132	0.0457911145752143	3	Hypoxia	PFA1	PFA1	G1	foreman_1239
foreman_1239_GATGCTATCAAACAAG	807	1770	0.031638418079096	3	Hypoxia	PFA1	PFA1	G1	foreman_1239
foreman_1239_GCAGTTAGTGGTCTCG	744	1844	0.00433839479392625	8	Neutrophil	PFA1	PFA1	S	foreman_1239
foreman_1239_GCGAGAAGTTCTGGTA	2699	11850	0.0332489451476793	3	Hypoxia	PFA1	PFA1	G1	foreman_1239
foreman_1239_GCTCCTAAGAATGTTG	595	1932	0.0269151138716356	3	Hypoxia	PFA1	PFA1	G1	foreman_1239
foreman_1239_GCTCCTAAGCAACGGT	1773	5290	0.0712665406427221	3	Hypoxia	PFA1	PFA1	G1	foreman_1239
foreman_1239_GCTGCGAAGCTAAACA	3679	19978	0.0577134848333166	5	Undefined M	PFA1	PFA1	G1	foreman_1239
foreman_1239_GGACAGAAGCGTGTCC	1871	7021	0.0568295114656032	3	Hypoxia	PFA1	PFA1	G1	foreman_1239
foreman_1239_GGCCGATCAGTAACGG	1606	5879	0.0474570505187957	3	Hypoxia	PFA1	PFA1	G1	foreman_1239
foreman_1239_GGCTGGTCAAGAGTCG	855	2988	0.0475234270414993	3	Hypoxia	PFA1	PFA1	G1	foreman_1239
foreman_1239_GGGACCTGTGCAGACA	1793	5951	0.0494034616030919	3	Hypoxia	PFA1	PFA1	G1	foreman_1239
foreman_1239_GGGCATCCACGGCTAC	606	1621	0.0968537939543492	7	Alternative M2	PFA1	PFA1	G1	foreman_1239
foreman_1239_GGGTCTGCACCGGAAA	1053	3862	0.0165717244950803	3	Hypoxia	PFA1	PFA1	G1	foreman_1239
foreman_1239_GGGTTGCCATAGACTC	1075	3278	0.0817571690054912	8	Neutrophil	PFA1	PFA1	G1	foreman_1239
foreman_1239_GGGTTGCGTATAGTAG	1281	3765	0.0387782204515272	8	Neutrophil	PFA1	PFA1	G1	foreman_1239
foreman_1239_GGTGTTATCAAACCAC	986	2564	0.0078003120124805	3	Hypoxia	PFA1	PFA1	G1	foreman_1239
foreman_1239_GGTGTTATCTTCGAGA	1691	4654	0.0691877954447787	5	Undefined M	PFA1	PFA1	G1	foreman_1239
foreman_1239_GTAACGTGTACAGACG	1623	5782	0.0409892770667589	8	Neutrophil	PFA1	PFA1	G1	foreman_1239
foreman_1239_GTCACGGGTCCTAGCG	1198	5152	0.0351319875776398	3	Hypoxia	PFA1	PFA1	G1	foreman_1239
foreman_1239_GTCCTCAGTCGAATCT	1733	6217	0.0345825961074473	3	Hypoxia	PFA1	PFA1	G1	foreman_1239
foreman_1239_GTCGGGTAGCCCAACC	1156	3388	0.0888429752066116	5	Undefined M	PFA1	PFA1	G1	foreman_1239
foreman_1239_GTCGTAATCAAGGTAA	3521	18323	0.0535392675871855	7	Alternative M2	PFA1	PFA1	G1	foreman_1239
foreman_1239_GTGGGTCTCGAACGGA	574	1463	0.0587833219412167	3	Hypoxia	PFA1	PFA1	G2M	foreman_1239
foreman_1239_TAAACCGGTAAGTAGT	1018	5173	0.0218441909916876	3	Hypoxia	PFA1	PFA1	G1	foreman_1239
foreman_1239_TACGGATGTCCCGACA	657	1535	0.132899022801303	8	Neutrophil	PFA1	PFA1	G1	foreman_1239
foreman_1239_TAGCCGGGTTACCAGT	2532	8428	0.056953013763645	5	Undefined M	PFA1	PFA1	G1	foreman_1239
foreman_1239_TAGTGGTGTTGTCTTT	1291	5387	0.0504919250046408	3	Hypoxia	PFA1	PFA1	G1	foreman_1239
foreman_1239_TAGTTGGGTTACCAGT	2972	12134	0.028597329817043	5	Undefined M	PFA1	PFA1	G1	foreman_1239
foreman_1239_TCAACGACAATAACGA	3843	20847	0.0680193792871876	5	Undefined M	PFA1	PFA1	G1	foreman_1239
foreman_1239_TCAATCTTCCACGAAT	1025	3552	0.013795045045045	3	Hypoxia	PFA1	PFA1	S	foreman_1239
foreman_1239_TCAGGTATCGATAGAA	1258	3736	0.0800321199143469	3	Hypoxia	PFA1	PFA1	G1	foreman_1239
foreman_1239_TCATTACCATCGACGC	1415	5059	0.0415101798774461	7	Alternative M2	PFA1	PFA1	G1	foreman_1239
foreman_1239_TCGGTAATCAATCTCT	517	1428	0.00910364145658263	3	Hypoxia	PFA1	PFA1	G2M	foreman_1239
foreman_1239_TCGTACCGTCTAGAGG	843	2594	0.0412490362374711	3	Hypoxia	PFA1	PFA1	G2M	foreman_1239
foreman_1239_TCTCTAACATTACGAC	2197	8086	0.0467474647538956	5	Undefined M	PFA1	PFA1	G1	foreman_1239
foreman_1239_TCTTCGGAGCAGACTG	2467	12331	0.0510096504744141	3	Hypoxia	PFA1	PFA1	G1	foreman_1239
foreman_1239_TGAAAGATCAGAGGTG	1339	4774	0.050062840385421	3	Hypoxia	PFA1	PFA1	G1	foreman_1239
foreman_1239_TGAAAGATCGGCGCTA	2404	12375	0.00751515151515152	3	Hypoxia	PFA1	PFA1	G1	foreman_1239
foreman_1239_TGCCCTAGTTACAGAA	672	2267	0.0202911336568152	3	Hypoxia	PFA1	PFA1	S	foreman_1239
foreman_1239_TGCGTGGAGCGTGAGT	400	728	0.0769230769230769	8	Neutrophil	PFA1	PFA1	G1	foreman_1239
foreman_1239_TGCTACCTCGGAATCT	1868	5961	0.0553598389531958	5	Undefined M	PFA1	PFA1	G1	foreman_1239
foreman_1239_TGGACGCTCTACCAGA	2442	14665	0.0211387657688374	3	Hypoxia	PFA1	PFA1	G1	foreman_1239
foreman_1239_TGGCTGGAGGACTGGT	1794	5413	0.0406428967300942	3	Hypoxia	PFA1	PFA1	G1	foreman_1239
foreman_1239_TGGTTCCCAGTAACGG	1974	9283	0.0536464505009157	5	Undefined M	PFA1	PFA1	G1	foreman_1239
foreman_1239_TGTCCCAAGATCTGCT	317	667	0.133433283358321	2	Classical M1	PFA1	PFA1	G1	foreman_1239
foreman_1239_TGTCCCAGTTAGAACA	1704	8418	0.0349251603706344	3	Hypoxia	PFA1	PFA1	G1	foreman_1239
foreman_1239_TGTGGTAGTAGCTAAA	1670	6209	0.0576582380415526	3	Hypoxia	PFA1	PFA1	G1	foreman_1239
foreman_1239_TGTGGTATCACCCGAG	336	873	0.0721649484536082	2	Classical M1	PFA1	PFA1	G1	foreman_1239
foreman_1239_TGTGTTTAGAGTACCG	1560	6568	0.0232947624847747	3	Hypoxia	PFA1	PFA1	G1	foreman_1239
foreman_1239_TGTGTTTGTATCAGTC	1588	5269	0.0595938508255836	8	Neutrophil	PFA1	PFA1	G1	foreman_1239
foreman_1239_TTCTCAAGTGCACCAC	632	1360	0.00147058823529412	3	Hypoxia	PFA1	PFA1	G1	foreman_1239
foreman_1239_TTGGCAAGTAGCTAAA	1304	3758	0.0463012240553486	8	Neutrophil	PFA1	PFA1	G1	foreman_1239
foreman_1239_TTGTAGGAGTACCGGA	827	2502	0.017585931254996	3	Hypoxia	PFA1	PFA1	G1	foreman_1239
foreman_1239_TTTCCTCAGATCCTGT	1851	6640	0.0524096385542169	3	Hypoxia	PFA1	PFA1	G1	foreman_1239
foreman_1239_TTTGGTTAGGCAGTCA	928	2884	0.0412621359223301	3	Hypoxia	PFA1	PFA1	G1	foreman_1239
foreman_1239_TTTGTCAGTTAGTGGG	770	2377	0.0159865376525032	3	Hypoxia	PFA1	PFA1	G1	foreman_1239
foreman_723_ACGGGCTGTCTCGTTC	1250	3642	0.0911587040087864	3	Hypoxia	PFA1	PFA2	G1	foreman_723
foreman_723_AGCTTGACATTCCTGC	1866	6475	0.0455598455598456	8	Neutrophil	PFA1	PFA2	G1	foreman_723
foreman_723_AGGCCACCATGTTCCC	1308	4288	0.0219216417910448	8	Neutrophil	PFA1	PFA2	G1	foreman_723
foreman_723_CAACTAGGTTAAGTAG	924	2265	0.0322295805739514	8	Neutrophil	PFA1	PFA2	G1	foreman_723
foreman_723_CAAGTTGGTTATGCGT	1188	3527	0.0499007655231075	8	Neutrophil	PFA1	PFA2	G2M	foreman_723
foreman_723_CGAGAAGGTCGGCATC	622	1288	0.0574534161490683	8	Neutrophil	PFA1	PFA2	G2M	foreman_723
foreman_723_CGATGGCCAGCGATCC	682	1103	0.0226654578422484	3	Hypoxia	PFA1	PFA2	G1	foreman_723
foreman_723_CGGACGTGTGTGGCTC	398	759	0.239789196310935	3	Hypoxia	PFA1	PFA2	G1	foreman_723
foreman_723_CGTCACTAGCACAGGT	1489	5410	0.0510166358595194	8	Neutrophil	PFA1	PFA2	G1	foreman_723
foreman_723_GCTGGGTTCGGGAGTA	363	567	0.0687830687830688	8	Neutrophil	PFA1	PFA2	G1	foreman_723
foreman_723_TACCTTAAGCGTAATA	844	1955	0.00664961636828645	3	Hypoxia	PFA1	PFA2	G1	foreman_723
foreman_723_TGACTTTTCGTCTGAA	966	2432	0.015625	8	Neutrophil	PFA1	PFA2	G1	foreman_723
foreman_723_TTAGTTCAGCCGTCGT	2027	8817	0.039128955427016	3	Hypoxia	PFA1	PFA2	S	foreman_723
foreman_727_AATCCAGTCGCATGGC	1667	5113	0.0913358106786622	3	Hypoxia	PFA2	PFA2	G1	foreman_727
foreman_727_ACATCAGCAGCCTATA	2593	9500	0.0225263157894737	5	Undefined M	PFA2	PFA2	G1	foreman_727
foreman_727_ACGTCAATCACTTACT	3892	19405	0.0459160010306622	4	Mitotic	PFA2	PFA2	S	foreman_727
foreman_727_AGCTTGAAGATAGTCA	1184	2077	0.17043813192104	4	Mitotic	PFA2	PFA2	S	foreman_727
foreman_727_ATCTACTAGCACGCCT	1780	4603	0.152509233108842	5	Undefined M	PFA2	PFA2	S	foreman_727
foreman_727_ATTACTCAGAAGGACA	3048	13580	0.0384388807069219	4	Mitotic	PFA2	PFA2	G2M	foreman_727
foreman_727_ATTGGTGCATAACCTG	832	1486	0.0773889636608345	3	Hypoxia	PFA2	PFA2	G1	foreman_727
foreman_727_CAGTAACAGCCTTGAT	1889	6483	0.037482646922721	3	Hypoxia	PFA2	PFA2	G1	foreman_727
foreman_727_CCACCTACATCGGAAG	1838	7649	0.0502026408680873	3	Hypoxia	PFA2	PFA2	G1	foreman_727
foreman_727_CCACTACGTTACTGAC	936	2255	0.286031042128603	3	Hypoxia	PFA2	PFA2	G1	foreman_727
foreman_727_CCATGTCGTGGTTTCA	2021	10400	0.00605769230769231	3	Hypoxia	PFA2	PFA2	G1	foreman_727
foreman_727_CGCGTTTGTGAGTATA	1430	3316	0.12605548854041	4	Mitotic	PFA2	PFA2	S	foreman_727
foreman_727_CGGAGCTAGTCCTCCT	735	1642	0.138246041412911	8	Neutrophil	PFA2	PFA2	G1	foreman_727
foreman_727_CTCGAGGGTGCATCTA	721	1389	0.117350611951044	3	Hypoxia	PFA2	PFA2	G1	foreman_727
foreman_727_CTGTTTAAGAACTGTA	880	2586	0.0348027842227378	3	Hypoxia	PFA2	PFA2	G1	foreman_727
foreman_727_GATCAGTGTGTGACGA	1116	2505	0.227145708582834	3	Hypoxia	PFA2	PFA2	G2M	foreman_727
foreman_727_GGAATAACAATTGCTG	907	2448	0.0608660130718954	3	Hypoxia	PFA2	PFA2	S	foreman_727
foreman_727_GTAGTCATCTACTTAC	1596	5104	0.0873824451410658	3	Hypoxia	PFA2	PFA2	S	foreman_727
foreman_727_TCAGGTAAGAAGCCCA	1007	2548	0.152276295133438	3	Hypoxia	PFA2	PFA2	G1	foreman_727
foreman_727_TCGGTAAGTCGGCTCA	1105	2459	0.221228141520943	5	Undefined M	PFA2	PFA2	G1	foreman_727
foreman_727_TGAGCATTCGCATGAT	1459	4497	0.0687124749833222	3	Hypoxia	PFA2	PFA2	G1	foreman_727
foreman_781_AAACCTGCAGCCTATA	1534	3442	0.073213248111563	3	Hypoxia	PFA1	PFA2	S	foreman_781
foreman_781_AAACGGGCAGCCTTTC	983	2971	0.0730393806799058	8	Neutrophil	PFA1	PFA2	G1	foreman_781
foreman_781_AAGTCTGGTATAGTAG	1367	4793	0.0285833507197997	3	Hypoxia	PFA1	PFA2	G1	foreman_781
foreman_781_ACACCCTAGATCACGG	551	1222	0.187397708674304	3	Hypoxia	PFA1	PFA2	G2M	foreman_781
foreman_781_ACACCCTAGCCACCTG	941	2715	0.00405156537753223	3	Hypoxia	PFA1	PFA2	G1	foreman_781
foreman_781_ACACCGGAGAGAGCTC	987	2556	0.138888888888889	3	Hypoxia	PFA1	PFA2	G1	foreman_781
foreman_781_ACATACGCACCATGTA	979	3400	0.101176470588235	3	Hypoxia	PFA1	PFA2	G1	foreman_781
foreman_781_ACCTTTACACTTCGAA	628	1261	0.114195083267248	3	Hypoxia	PFA1	PFA2	G1	foreman_781
foreman_781_ACGCAGCAGGGCTTGA	1247	3956	0.0748230535894843	3	Hypoxia	PFA1	PFA2	G1	foreman_781
foreman_781_ACGCAGCGTTATGTGC	2654	14524	0.021068576149821	5	Undefined M	PFA1	PFA2	G1	foreman_781
foreman_781_ACGGCCATCAATAAGG	2757	7806	0.0119139123750961	3	Hypoxia	PFA1	PFA2	S	foreman_781
foreman_781_ACGTCAATCACAGGCC	1525	4658	0.0886646629454702	4	Mitotic	PFA1	PFA2	S	foreman_781
foreman_781_ACTGCTCCATTCACTT	1474	5362	0.061544199925401	6	DC	PFA1	PFA2	G1	foreman_781
foreman_781_ACTGTCCGTCTCTTTA	2262	9292	0.0430477830391735	5	Undefined M	PFA1	PFA2	G1	foreman_781
foreman_781_AGACGTTAGTATTGGA	827	1876	0.138592750533049	3	Hypoxia	PFA1	PFA2	G1	foreman_781
foreman_781_AGGTCCGCAGCCTTTC	2458	12047	0.0397609363326969	6	DC	PFA1	PFA2	G1	foreman_781
foreman_781_AGTGAGGCAGTAAGAT	558	1809	0.0751796572692095	3	Hypoxia	PFA1	PFA2	G1	foreman_781
foreman_781_ATCTGCCAGATGCCTT	872	2142	0.0378151260504202	3	Hypoxia	PFA1	PFA2	G1	foreman_781
foreman_781_ATTGGTGCACAGAGGT	1761	8197	0.0294010003659876	3	Hypoxia	PFA1	PFA2	G1	foreman_781
foreman_781_CAACTAGTCCTGCAGG	1829	9005	0.0112159911160466	3	Hypoxia	PFA1	PFA2	G1	foreman_781
foreman_781_CAGCGACAGCTAAGAT	3338	15667	0.0396374545222442	4	Mitotic	PFA1	PFA2	S	foreman_781
foreman_781_CAGCTAAGTAATCGTC	1757	5960	0.0390939597315436	8	Neutrophil	PFA1	PFA2	G1	foreman_781
foreman_781_CAGTAACTCATGTCTT	1021	2699	0.10522415709522	3	Hypoxia	PFA1	PFA2	G1	foreman_781
foreman_781_CAGTCCTGTTCCGTCT	459	1362	0.138766519823789	3	Hypoxia	PFA1	PFA2	G1	foreman_781
foreman_781_CATATTCTCGCTTAGA	1690	4600	0.0306521739130435	3	Hypoxia	PFA1	PFA2	G1	foreman_781
foreman_781_CATGACAGTTTGTGTG	862	2320	0.200431034482759	3	Hypoxia	PFA1	PFA2	G1	foreman_781
foreman_781_CCACTACTCTGCTGTC	1021	2159	0.0778138026864289	3	Hypoxia	PFA1	PFA2	S	foreman_781
foreman_781_CCTATTATCCGTACAA	663	1071	0.0121381886087768	3	Hypoxia	PFA1	PFA2	S	foreman_781
foreman_781_CCTCTGAAGTGGGCTA	1836	5688	0.090365682137834	4	Mitotic	PFA1	PFA2	S	foreman_781
foreman_781_CGACTTCTCCTAGTGA	2157	8493	0.0100082420817144	5	Undefined M	PFA1	PFA2	G1	foreman_781
foreman_781_CGAGCCAGTAGCGATG	1314	4502	0.0810750777432252	3	Hypoxia	PFA1	PFA2	G1	foreman_781
foreman_781_CGAGCCATCTAAGCCA	325	1112	0.0404676258992806	3	Hypoxia	PFA1	PFA2	G2M	foreman_781
foreman_781_CGATGGCCATCCGTGG	821	1884	0.0212314225053079	2	Classical M1	PFA1	PFA2	G2M	foreman_781
foreman_781_CGATGTAGTAAGTGGC	1704	5697	0.0110584518167457	3	Hypoxia	PFA1	PFA2	G1	foreman_781
foreman_781_CGGGTCATCGTGGTCG	2490	10657	0.0244909449188327	3	Hypoxia	PFA1	PFA2	G1	foreman_781
foreman_781_CGTAGCGGTCAGATAA	1878	7962	0.0512434061793519	6	DC	PFA1	PFA2	G1	foreman_781
foreman_781_CGTCAGGGTGACTACT	644	1567	0.105934907466496	7	Alternative M2	PFA1	PFA2	G1	foreman_781
foreman_781_CGTGAGCGTGACAAAT	2724	15130	0.0143423661599471	3	Hypoxia	PFA1	PFA2	S	foreman_781
foreman_781_CGTTAGACACTTACGA	212	706	0.245042492917847	3	Hypoxia	PFA1	PFA2	G1	foreman_781
foreman_781_CGTTGGGAGCCATCGC	2585	12229	0.034998773407474	3	Hypoxia	PFA1	PFA2	G1	foreman_781
foreman_781_CTAACTTCAGACAGGT	3315	16924	0.0257622311510281	4	Mitotic	PFA1	PFA2	S	foreman_781
foreman_781_CTACACCTCTGTCTCG	535	1248	0.100961538461538	3	Hypoxia	PFA1	PFA2	S	foreman_781
foreman_781_CTACATTGTTCCTCCA	816	1802	0.0521642619311876	5	Undefined M	PFA1	PFA2	S	foreman_781
foreman_781_CTAGCCTGTCATCGGC	1193	2436	0.101395730706076	3	Hypoxia	PFA1	PFA2	G1	foreman_781
foreman_781_CTCGTCATCAATCTCT	3110	18676	0.0164917541229385	3	Hypoxia	PFA1	PFA2	G1	foreman_781
foreman_781_CTGAAGTGTTCCATGA	838	2190	0.292694063926941	3	Hypoxia	PFA1	PFA2	G1	foreman_781
foreman_781_CTGATCCAGTGTACCT	1590	4879	0.0385324861651978	7	Alternative M2	PFA1	PFA2	G1	foreman_781
foreman_781_CTTAGGAGTCGCGGTT	1483	5060	0.0628458498023715	8	Neutrophil	PFA1	PFA2	G1	foreman_781
foreman_781_GAAACTCAGCGATATA	764	2360	0.0665254237288136	3	Hypoxia	PFA1	PFA2	G1	foreman_781
foreman_781_GAACGGATCCCTTGTG	478	810	0.0814814814814815	8	Neutrophil	PFA1	PFA2	S	foreman_781
foreman_781_GAGCAGACATCAGTAC	434	909	0.0572057205720572	3	Hypoxia	PFA1	PFA2	S	foreman_781
foreman_781_GATGAGGCATCCGGGT	832	2554	0.0751761942051684	3	Hypoxia	PFA1	PFA2	G1	foreman_781
foreman_781_GCACATAAGTCCGTAT	3801	22830	0.00757774857643452	4	Mitotic	PFA1	PFA2	G2M	foreman_781
foreman_781_GCAGCCAAGTGTTTGC	1032	3203	0.0808616921635966	3	Hypoxia	PFA1	PFA2	G1	foreman_781
foreman_781_GCAGTTATCCAAAGTC	1568	5090	0.0206286836935167	3	Hypoxia	PFA1	PFA2	G1	foreman_781
foreman_781_GCGACCATCAACGGGA	292	505	0.164356435643564	2	Classical M1	PFA1	PFA2	G1	foreman_781
foreman_781_GCGAGAAAGTTGCAGG	936	2449	0.151898734177215	5	Undefined M	PFA1	PFA2	S	foreman_781
foreman_781_GCTTCCAAGCTGGAAC	685	2193	0.0109439124487004	3	Hypoxia	PFA1	PFA2	G1	foreman_781
foreman_781_GGAATAATCAGGCAAG	531	1339	0.112023898431665	3	Hypoxia	PFA1	PFA2	S	foreman_781
foreman_781_GGCAATTGTCAATACC	1048	2781	0.0341603739661992	8	Neutrophil	PFA1	PFA2	G1	foreman_781
foreman_781_GGGAGATCATGGTAGG	2154	7308	0.0714285714285714	5	Undefined M	PFA1	PFA2	G1	foreman_781
foreman_781_GGGATGAGTTCGTGAT	831	2526	0.0799683293745051	3	Hypoxia	PFA1	PFA2	G1	foreman_781
foreman_781_GTAACTGTCTCGGACG	1902	3894	0.0408320493066256	4	Mitotic	PFA1	PFA2	S	foreman_781
foreman_781_GTCCTCAGTTAAAGAC	850	2234	0.122649955237243	3	Hypoxia	PFA1	PFA2	G1	foreman_781
foreman_781_GTCGTAAGTGCTAGCC	1847	6666	0.0487548754875488	6	DC	PFA1	PFA2	G1	foreman_781
foreman_781_GTGCATATCGTCGTTC	691	1905	0.234120734908136	2	Classical M1	PFA1	PFA2	G1	foreman_781
foreman_781_GTGCTTCAGCCGCCTA	587	1034	0.0551257253384913	8	Neutrophil	PFA1	PFA2	G2M	foreman_781
foreman_781_GTGTGCGGTGCAACTT	781	2405	0.0474012474012474	3	Hypoxia	PFA1	PFA2	G1	foreman_781
foreman_781_GTGTGCGTCAGAGACG	2673	15530	0.0102382485511912	3	Hypoxia	PFA1	PFA2	G1	foreman_781
foreman_781_GTTTCTAAGCATCATC	703	2343	0.0990183525394793	8	Neutrophil	PFA1	PFA2	G2M	foreman_781
foreman_781_GTTTCTAAGCCGGTAA	737	1795	0.2	3	Hypoxia	PFA1	PFA2	G1	foreman_781
foreman_781_TAAGAGAAGCTAACAA	546	1374	0.00291120815138282	2	Classical M1	PFA1	PFA2	G1	foreman_781
foreman_781_TACACGACAGCGTCCA	961	2654	0.0455915599095705	3	Hypoxia	PFA1	PFA2	S	foreman_781
foreman_781_TATCAGGTCATTCACT	471	797	0.158092848180678	3	Hypoxia	PFA1	PFA2	G2M	foreman_781
foreman_781_TCATTACCATACTACG	524	1098	0.240437158469945	3	Hypoxia	PFA1	PFA2	G1	foreman_781
foreman_781_TCCACACAGCACCGTC	2917	12434	0.0504262506031848	4	Mitotic	PFA1	PFA2	G2M	foreman_781
foreman_781_TCCACACAGTGTACGG	1918	8576	0.0318330223880597	3	Hypoxia	PFA1	PFA2	G1	foreman_781
foreman_781_TCGGGACTCGTCTGAA	391	556	0.0701438848920863	2	Classical M1	PFA1	PFA2	G1	foreman_781
foreman_781_TCGTACCAGAAACCGC	2069	10225	0.0177017114914425	3	Hypoxia	PFA1	PFA2	G1	foreman_781
foreman_781_TCGTACCAGTCGATAA	1205	6373	0.0065903028401067	3	Hypoxia	PFA1	PFA2	G1	foreman_781
foreman_781_TCTATTGGTTCGGGCT	406	1236	0.188511326860841	3	Hypoxia	PFA1	PFA2	G1	foreman_781
foreman_781_TCTCATACAGTTCATG	812	2309	0.00822867042009528	3	Hypoxia	PFA1	PFA2	G1	foreman_781
foreman_781_TCTTTCCAGGCTAGAC	671	1639	0.00793166564978645	3	Hypoxia	PFA1	PFA2	G1	foreman_781
foreman_781_TGAAAGATCGGCGCTA	2046	9557	0.0510620487600712	6	DC	PFA1	PFA2	G1	foreman_781
foreman_781_TGAGCCGGTGACTCAT	1683	6932	0.0203404500865551	3	Hypoxia	PFA1	PFA2	G1	foreman_781
foreman_781_TGCACCTCACAAGACG	698	2567	0.152317880794702	3	Hypoxia	PFA1	PFA2	G2M	foreman_781
foreman_781_TGCGGGTAGAATAGGG	1375	2835	0.0172839506172839	3	Hypoxia	PFA1	PFA2	S	foreman_781
foreman_781_TGCGGGTAGGCACATG	2330	7987	0.0585952172279955	5	Undefined M	PFA1	PFA2	S	foreman_781
foreman_781_TGGCTGGTCTAGAGTC	1949	9696	0.0208333333333333	3	Hypoxia	PFA1	PFA2	G1	foreman_781
foreman_781_TGGTTAGGTCATATCG	1869	5616	0.147970085470085	5	Undefined M	PFA1	PFA2	S	foreman_781
foreman_781_TGGTTCCTCGTTTATC	620	1541	0.152498377676833	3	Hypoxia	PFA1	PFA2	S	foreman_781
foreman_781_TGTGTTTCAAACCCAT	1703	6085	0.0560394412489729	3	Hypoxia	PFA1	PFA2	G1	foreman_781
foreman_781_TGTGTTTTCCTATGTT	522	776	0.0618556701030928	11	Contaminating Tumor cells	PFA1	PFA2	G1	foreman_781
foreman_781_TGTTCCGCAGACGCAA	502	848	0.027122641509434	3	Hypoxia	PFA1	PFA2	G1	foreman_781
foreman_781_TTAACTCGTAGCGATG	2164	7585	0.110481212920237	3	Hypoxia	PFA1	PFA2	G2M	foreman_781
foreman_781_TTCCCAGTCCAAGCCG	1517	4856	0.00658978583196046	3	Hypoxia	PFA1	PFA2	G1	foreman_781
foreman_781_TTGCCGTTCAAGCCTA	2271	7218	0.170268772513162	3	Hypoxia	PFA1	PFA2	S	foreman_781
foreman_781_TTGCGTCAGCGTTTAC	2023	9938	0.0387401891728718	5	Undefined M	PFA1	PFA2	S	foreman_781
foreman_781_TTGGAACAGCGATCCC	382	866	0.109699769053118	3	Hypoxia	PFA1	PFA2	G1	foreman_781
foreman_781_TTGGCAACAGACGCTC	843	1918	0.0938477580813347	8	Neutrophil	PFA1	PFA2	G1	foreman_781
foreman_781_TTTACTGGTACCCAAT	1409	6457	0.0696918073408704	3	Hypoxia	PFA1	PFA2	G1	foreman_781
foreman_781_TTTGGTTAGAGGTAGA	567	910	0.0659340659340659	8	Neutrophil	PFA1	PFA2	G1	foreman_781
foreman_821_AAACCTGAGCTGAACG	654	1557	0.269107257546564	3	Hypoxia	PFA1	PFA1	G2M	foreman_821
foreman_821_AAACCTGAGGGCTTCC	972	3098	0.158812136862492	3	Hypoxia	PFA1	PFA1	G1	foreman_821
foreman_821_AAACCTGGTAAGTGTA	2965	12413	0.0277934423588174	4	Mitotic	PFA1	PFA1	G2M	foreman_821
foreman_821_AAACGGGAGTGTGAAT	2149	9236	0.0440666955391945	7	Alternative M2	PFA1	PFA1	S	foreman_821
foreman_821_AAAGATGCAATAGCGG	861	3371	0.0350044497181845	3	Hypoxia	PFA1	PFA1	G1	foreman_821
foreman_821_AAATGCCAGCGCTCCA	2960	9997	0.0580174052215665	4	Mitotic	PFA1	PFA1	S	foreman_821
foreman_821_AAATGCCTCCTTGCCA	2444	12179	0.00582970687248543	3	Hypoxia	PFA1	PFA1	G1	foreman_821
foreman_821_AACACGTCAGATGGCA	2194	9857	0.0268844476006899	3	Hypoxia	PFA1	PFA1	G1	foreman_821
foreman_821_AACCGCGGTCTAGAGG	3303	21206	0.0251343959256814	3	Hypoxia	PFA1	PFA1	G1	foreman_821
foreman_821_AACCGCGTCATCTGCC	2339	11773	0.0405164359126816	5	Undefined M	PFA1	PFA1	G1	foreman_821
foreman_821_AACGTTGAGCGATATA	2304	10677	0.0300646248946333	3	Hypoxia	PFA1	PFA1	G1	foreman_821
foreman_821_AACGTTGAGTACGATA	2297	6070	0.0527182866556837	4	Mitotic	PFA1	PFA1	S	foreman_821
foreman_821_AACGTTGGTACATCCA	2478	10730	0.0530288909599254	5	Undefined M	PFA1	PFA1	G1	foreman_821
foreman_821_AACTCAGGTGGTCCGT	2168	7125	0.0844912280701754	5	Undefined M	PFA1	PFA1	G2M	foreman_821
foreman_821_AACTCAGTCCCTTGTG	3141	17163	0.0166054885509526	3	Hypoxia	PFA1	PFA1	G1	foreman_821
foreman_821_AACTCAGTCCTATGTT	1607	5647	0.128563839206658	3	Hypoxia	PFA1	PFA1	G1	foreman_821
foreman_821_AACTCCCTCCAAACAC	1435	6446	0.0125659323611542	3	Hypoxia	PFA1	PFA1	G1	foreman_821
foreman_821_AACTCCCTCGATCCCT	2169	8863	0.0353153559742751	6	DC	PFA1	PFA1	G1	foreman_821
foreman_821_AACTCTTTCTCGAGTA	461	1263	0.0261282660332542	3	Hypoxia	PFA1	PFA1	G2M	foreman_821
foreman_821_AAGCCGCAGTGCCAGA	1812	7884	0.0150938609842719	3	Hypoxia	PFA1	PFA1	G1	foreman_821
foreman_821_AAGGAGCGTCGGGTCT	1002	3561	0.0586913788261724	8	Neutrophil	PFA1	PFA1	G1	foreman_821
foreman_821_AAGTCTGAGCCGTCGT	2697	12832	0.0376402743142145	3	Hypoxia	PFA1	PFA1	G1	foreman_821
foreman_821_AAGTCTGAGGGATACC	1196	3972	0.154833836858006	3	Hypoxia	PFA1	PFA1	S	foreman_821
foreman_821_AAGTCTGCACAGGAGT	1579	4049	0.0597678439120771	3	Hypoxia	PFA1	PFA1	G1	foreman_821
foreman_821_AATCGGTCACACCGAC	1440	3671	0.189594116044674	3	Hypoxia	PFA1	PFA1	G2M	foreman_821
foreman_821_AATCGGTTCTGCTGCT	2541	11235	0.0382732532265243	7	Alternative M2	PFA1	PFA1	G1	foreman_821
foreman_821_ACACCAACACCTTGTC	1960	7265	0.035237439779766	6	DC	PFA1	PFA1	S	foreman_821
foreman_821_ACACCGGAGTGGGATC	1062	2462	0.0942323314378554	3	Hypoxia	PFA1	PFA1	G1	foreman_821
foreman_821_ACACCGGTCTGAAAGA	1702	4983	0.125627132249649	3	Hypoxia	PFA1	PFA1	G1	foreman_821
foreman_821_ACAGCCGAGTTACGGG	391	854	0.0444964871194379	2	Classical M1	PFA1	PFA1	G1	foreman_821
foreman_821_ACATACGGTACACCGC	3067	14144	0.0371182126696833	5	Undefined M	PFA1	PFA1	G1	foreman_821
foreman_821_ACATCAGTCACCTCGT	1076	2649	0.014722536806342	3	Hypoxia	PFA1	PFA1	G1	foreman_821
foreman_821_ACATGGTCAAACGTGG	3131	17827	0.0169966904134179	3	Hypoxia	PFA1	PFA1	G1	foreman_821
foreman_821_ACCAGTAAGAGCCTAG	3544	21204	0.0387191096019619	5	Undefined M	PFA1	PFA1	G1	foreman_821
foreman_821_ACCAGTAAGTATCGAA	1324	3102	0.152159896840748	4	Mitotic	PFA1	PFA1	S	foreman_821
foreman_821_ACCAGTATCATCTGTT	2503	13923	0.019033254327372	3	Hypoxia	PFA1	PFA1	G1	foreman_821
foreman_821_ACCTTTAAGTGACATA	1283	4450	0.0395505617977528	8	Neutrophil	PFA1	PFA1	G2M	foreman_821
foreman_821_ACCTTTACAGATCCAT	3431	16948	0.0371725277318858	4	Mitotic	PFA1	PFA1	S	foreman_821
foreman_821_ACCTTTATCAACGGGA	423	1137	0.0246262093227792	2	Classical M1	PFA1	PFA1	G1	foreman_821
foreman_821_ACGAGCCTCCGAAGAG	2703	10528	0.039798632218845	3	Hypoxia	PFA1	PFA1	G1	foreman_821
foreman_821_ACGAGCCTCGTAGGTT	1192	3353	0.0990158067402326	8	Neutrophil	PFA1	PFA1	G2M	foreman_821
foreman_821_ACGAGGACACGTAAGG	702	2189	0.0630424851530379	3	Hypoxia	PFA1	PFA1	S	foreman_821
foreman_821_ACGAGGATCCTTTACA	484	997	0.0601805416248746	2	Classical M1	PFA1	PFA1	G1	foreman_821
foreman_821_ACGAGGATCGCAGGCT	3080	15212	0.0583749671312122	3	Hypoxia	PFA1	PFA1	G1	foreman_821
foreman_821_ACGATACAGGCAAAGA	2762	12499	0.0387230978478278	6	DC	PFA1	PFA1	G1	foreman_821
foreman_821_ACGCAGCAGCTCTCGG	2851	13599	0.0372821530994926	5	Undefined M	PFA1	PFA1	S	foreman_821
foreman_821_ACGCAGCCACTCTGTC	3084	14879	0.0362927616103233	5	Undefined M	PFA1	PFA1	G1	foreman_821
foreman_821_ACGCCGACAAGAGTCG	1894	8485	0.0581025338833235	3	Hypoxia	PFA1	PFA1	G1	foreman_821
foreman_821_ACGCCGACATTAACCG	1188	3814	0.00891452543261667	3	Hypoxia	PFA1	PFA1	G1	foreman_821
foreman_821_ACGGAGAAGAGACGAA	1903	7561	0.0510514482211348	7	Alternative M2	PFA1	PFA1	G1	foreman_821
foreman_821_ACGGAGACAAGAGTCG	433	701	0.094151212553495	2	Classical M1	PFA1	PFA1	S	foreman_821
foreman_821_ACGGCCAAGCGACGTA	2281	10176	0.0515919811320755	6	DC	PFA1	PFA1	G1	foreman_821
foreman_821_ACGGCCAGTGTGAATA	2218	8974	0.0473590372186316	7	Alternative M2	PFA1	PFA1	G2M	foreman_821
foreman_821_ACGGGCTAGAGTGACC	2912	15351	0.0324408833300762	5	Undefined M	PFA1	PFA1	G1	foreman_821
foreman_821_ACGGGCTGTATGCTTG	3219	14956	0.0603771061781225	4	Mitotic	PFA1	PFA1	S	foreman_821
foreman_821_ACGGGCTTCGGATGGA	2264	9539	0.0507390711814656	5	Undefined M	PFA1	PFA1	G1	foreman_821
foreman_821_ACGTCAATCTGGTTCC	2424	9675	0.0611886304909561	3	Hypoxia	PFA1	PFA1	G1	foreman_821
foreman_821_ACTATCTCAAAGCGGT	585	1352	0.011094674556213	3	Hypoxia	PFA1	PFA1	G1	foreman_821
foreman_821_ACTATCTCAGGACGTA	1384	5970	0.0201005025125628	3	Hypoxia	PFA1	PFA1	G1	foreman_821
foreman_821_ACTGAACAGTCAAGCG	1317	4167	0.0299976001919846	3	Hypoxia	PFA1	PFA1	G1	foreman_821
foreman_821_ACTGAACGTAAGGGAA	3004	15486	0.0326100994446597	3	Hypoxia	PFA1	PFA1	G1	foreman_821
foreman_821_ACTGAACGTCCTGCTT	2609	11984	0.0725133511348465	5	Undefined M	PFA1	PFA1	G1	foreman_821
foreman_821_ACTGAGTAGCTGAACG	537	1153	0.209019947961839	3	Hypoxia	PFA1	PFA1	S	foreman_821
foreman_821_ACTGATGTCTCTAAGG	2647	15272	0.036668412781561	3	Hypoxia	PFA1	PFA1	G1	foreman_821
foreman_821_ACTGTCCGTAGAGGAA	753	2084	0.211132437619962	3	Hypoxia	PFA1	PFA1	G2M	foreman_821
foreman_821_ACTGTCCTCGACAGCC	1020	3966	0.0600100857286939	3	Hypoxia	PFA1	PFA1	G1	foreman_821
foreman_821_ACTTACTCACGTCTCT	881	1996	0.110721442885772	3	Hypoxia	PFA1	PFA1	G1	foreman_821
foreman_821_ACTTGTTCAAGTTCTG	3442	15279	0.0247398389946986	6	DC	PFA1	PFA1	S	foreman_821
foreman_821_ACTTGTTCAATCTACG	1817	6000	0.0471666666666667	8	Neutrophil	PFA1	PFA1	S	foreman_821
foreman_821_ACTTGTTCAGCCTTTC	2057	6953	0.0123687616856033	3	Hypoxia	PFA1	PFA1	S	foreman_821
foreman_821_ACTTGTTCATTCGACA	874	1975	0.162025316455696	3	Hypoxia	PFA1	PFA1	G1	foreman_821
foreman_821_ACTTGTTGTCAAAGAT	2424	11306	0.0121174597558818	3	Hypoxia	PFA1	PFA1	G1	foreman_821
foreman_821_ACTTTCAAGGGATACC	3371	17398	0.0321876077710082	5	Undefined M	PFA1	PFA1	G1	foreman_821
foreman_821_ACTTTCACATGCTGGC	3943	21346	0.0291389487491802	4	Mitotic	PFA1	PFA1	G2M	foreman_821
foreman_821_ACTTTCAGTGATAAGT	2560	11277	0.0332535248736366	6	DC	PFA1	PFA1	G1	foreman_821
foreman_821_ACTTTCAGTTTAGGAA	1790	6482	0.0905584696081456	8	Neutrophil	PFA1	PFA1	G1	foreman_821
foreman_821_ACTTTCATCACGGTTA	3793	18374	0.0581800370088168	5	Undefined M	PFA1	PFA1	G1	foreman_821
foreman_821_ACTTTCATCGCCCTTA	2961	12415	0.0292388240032219	7	Alternative M2	PFA1	PFA1	S	foreman_821
foreman_821_AGAATAGCACTAAGTC	2486	10141	0.0606449068139237	5	Undefined M	PFA1	PFA1	G1	foreman_821
foreman_821_AGAATAGTCGGCGGTT	757	2128	0.269736842105263	3	Hypoxia	PFA1	PFA1	G1	foreman_821
foreman_821_AGACGTTCAGTGGAGT	578	1601	0.28107432854466	3	Hypoxia	PFA1	PFA1	G2M	foreman_821
foreman_821_AGACGTTGTAGTACCT	2777	13223	0.0380397791726537	3	Hypoxia	PFA1	PFA1	G1	foreman_821
foreman_821_AGAGCGATCCCAAGAT	1426	5004	0.0133892885691447	3	Hypoxia	PFA1	PFA1	G2M	foreman_821
foreman_821_AGAGCTTAGCTATGCT	2196	9839	0.0301859945116374	3	Hypoxia	PFA1	PFA1	G1	foreman_821
foreman_821_AGAGCTTGTGCATCTA	2352	9812	0.053607827150428	5	Undefined M	PFA1	PFA1	G1	foreman_821
foreman_821_AGATCTGTCCGTTGCT	2614	12724	0.0345803206538824	3	Hypoxia	PFA1	PFA1	G1	foreman_821
foreman_821_AGATTGCCACCCATGG	1958	8353	0.0205914042858853	3	Hypoxia	PFA1	PFA1	G1	foreman_821
foreman_821_AGATTGCGTGACCAAG	3659	20432	0.0553054032889585	4	Mitotic	PFA1	PFA1	S	foreman_821
foreman_821_AGATTGCTCCCAGGTG	1820	6271	0.0379524796683145	8	Neutrophil	PFA1	PFA1	G1	foreman_821
foreman_821_AGATTGCTCTACTCAT	1392	5252	0.0146610814927647	3	Hypoxia	PFA1	PFA1	G1	foreman_821
foreman_821_AGCCTAAAGCAATCTC	3566	18152	0.0215403261348612	5	Undefined M	PFA1	PFA1	S	foreman_821
foreman_821_AGCGGTCGTGTAACGG	2433	10275	0.118832116788321	5	Undefined M	PFA1	PFA1	G1	foreman_821
foreman_821_AGCTCCTCATTGGCGC	1022	2561	0.127684498242874	3	Hypoxia	PFA1	PFA1	G1	foreman_821
foreman_821_AGCTCCTGTGAGGGAG	1953	8307	0.0335861321776815	3	Hypoxia	PFA1	PFA1	G1	foreman_821
foreman_821_AGCTCCTTCATCTGTT	943	2063	0.0780416868637906	3	Hypoxia	PFA1	PFA1	G2M	foreman_821
foreman_821_AGCTTGACAAGCGCTC	1598	5363	0.0195785940704829	3	Hypoxia	PFA1	PFA1	G2M	foreman_821
foreman_821_AGCTTGATCCATGCTC	935	2507	0.138013562026326	8	Neutrophil	PFA1	PFA1	G1	foreman_821
foreman_821_AGGCCACCAATAGCGG	2530	11267	0.0285790361231916	4	Mitotic	PFA1	PFA1	G2M	foreman_821
foreman_821_AGGCCACCATGCCACG	935	2655	0.0395480225988701	8	Neutrophil	PFA1	PFA1	G2M	foreman_821
foreman_821_AGGCCACGTCCGTTAA	1664	5401	0.0520274023329013	3	Hypoxia	PFA1	PFA1	G1	foreman_821
foreman_821_AGGGAGTAGACCGGAT	1580	4850	0.15319587628866	3	Hypoxia	PFA1	PFA1	G1	foreman_821
foreman_821_AGGGAGTTCAAGATCC	2153	10242	0.0222612770943175	3	Hypoxia	PFA1	PFA1	G1	foreman_821
foreman_821_AGGGAGTTCAGCACAT	2772	14081	0.0274838434770258	3	Hypoxia	PFA1	PFA1	G1	foreman_821
foreman_821_AGGGTGACAGGATTGG	573	1529	0.189666448659254	3	Hypoxia	PFA1	PFA1	S	foreman_821
foreman_821_AGGGTGATCCCTCTTT	3096	13980	0.0273247496423462	5	Undefined M	PFA1	PFA1	G1	foreman_821
foreman_821_AGGTCATTCTTTCCTC	2218	8911	0.0438783525979127	3	Hypoxia	PFA1	PFA1	G1	foreman_821
foreman_821_AGTAGTCCAATGGACG	1262	4794	0.0377555277430121	3	Hypoxia	PFA1	PFA1	G1	foreman_821
foreman_821_AGTGAGGCATAAAGGT	3305	18869	0.0272404472945042	4	Mitotic	PFA1	PFA1	S	foreman_821
foreman_821_AGTGAGGTCAGAGCTT	2252	10799	0.0104639318455413	3	Hypoxia	PFA1	PFA1	G1	foreman_821
foreman_821_AGTGGGATCAGCATGT	743	1854	0.252966558791802	8	Neutrophil	PFA1	PFA1	G1	foreman_821
foreman_821_AGTGGGATCAGTCAGT	2448	11324	0.0438890851289297	3	Hypoxia	PFA1	PFA1	G1	foreman_821
foreman_821_AGTGTCACAACACCTA	1668	4586	0.0654164849542085	3	Hypoxia	PFA1	PFA1	G1	foreman_821
foreman_821_AGTGTCAGTGCCTGGT	2570	11925	0.0319496855345912	5	Undefined M	PFA1	PFA1	S	foreman_821
foreman_821_AGTTGGTTCTTGCATT	2864	13686	0.0236738272687418	3	Hypoxia	PFA1	PFA1	S	foreman_821
foreman_821_ATAACGCAGAGGGCTT	593	1322	0.1732223903177	3	Hypoxia	PFA1	PFA1	G1	foreman_821
foreman_821_ATAAGAGCACCTGGTG	1797	6610	0.024054462934947	3	Hypoxia	PFA1	PFA1	G1	foreman_821
foreman_821_ATAAGAGGTTGGGACA	2940	15411	0.0382194536370125	5	Undefined M	PFA1	PFA1	S	foreman_821
foreman_821_ATAAGAGTCGTTTATC	1417	5753	0.0373718060142534	3	Hypoxia	PFA1	PFA1	G1	foreman_821
foreman_821_ATCATCTCATCGGAAG	2007	7819	0.0374728226115872	5	Undefined M	PFA1	PFA1	G1	foreman_821
foreman_821_ATCATGGAGATCGATA	636	1271	0.209284028324154	3	Hypoxia	PFA1	PFA1	G1	foreman_821
foreman_821_ATCATGGGTTCCACAA	2317	10704	0.0364349775784753	5	Undefined M	PFA1	PFA1	G1	foreman_821
foreman_821_ATCCACCTCAAGATCC	1736	4113	0.109895453440311	5	Undefined M	PFA1	PFA1	G1	foreman_821
foreman_821_ATCCGAATCAACACGT	2472	11362	0.017074458722056	3	Hypoxia	PFA1	PFA1	S	foreman_821
foreman_821_ATCCGAATCAGTACGT	1520	6147	0.0268423621278673	3	Hypoxia	PFA1	PFA1	G1	foreman_821
foreman_821_ATCCGAATCTGTGCAA	2551	12382	0.0459538039089	3	Hypoxia	PFA1	PFA1	G1	foreman_821
foreman_821_ATCGAGTCACCGAAAG	1942	7021	0.0227887765275602	3	Hypoxia	PFA1	PFA1	G1	foreman_821
foreman_821_ATCGAGTTCATGTGGT	401	1265	0.241897233201581	3	Hypoxia	PFA1	PFA1	G1	foreman_821
foreman_821_ATCTGCCAGACTTGAA	3022	15189	0.0502337217723352	3	Hypoxia	PFA1	PFA1	G1	foreman_821
foreman_821_ATGAGGGAGTAGTGCG	712	1179	0.00678541136556404	3	Hypoxia	PFA1	PFA1	G1	foreman_821
foreman_821_ATGGGAGGTTGTGGCC	602	1345	0.104089219330855	8	Neutrophil	PFA1	PFA1	S	foreman_821
foreman_821_ATGGGAGTCTTGGGTA	3558	20601	0.0288335517693316	4	Mitotic	PFA1	PFA1	S	foreman_821
foreman_821_ATTATCCAGAGGGATA	1700	6338	0.0307668034080151	8	Neutrophil	PFA1	PFA1	G1	foreman_821
foreman_821_ATTATCCAGAGTCTGG	1629	7457	0.00536408743462518	3	Hypoxia	PFA1	PFA1	S	foreman_821
foreman_821_ATTATCCAGTTGAGAT	2792	12869	0.0467013753982438	3	Hypoxia	PFA1	PFA1	G1	foreman_821
foreman_821_ATTATCCCACCTATCC	3350	19314	0.0128404266335301	3	Hypoxia	PFA1	PFA1	S	foreman_821
foreman_821_ATTATCCGTTACGACT	2857	12589	0.0362220986575582	5	Undefined M	PFA1	PFA1	G1	foreman_821
foreman_821_ATTCTACGTCCCTACT	2558	11261	0.0407601456353787	6	DC	PFA1	PFA1	G1	foreman_821
foreman_821_ATTGGACGTATGGTTC	2349	9979	0.0359755486521696	3	Hypoxia	PFA1	PFA1	G1	foreman_821
foreman_821_ATTGGACGTCAAAGAT	1311	3709	0.0425990833108655	3	Hypoxia	PFA1	PFA1	G1	foreman_821
foreman_821_ATTTCTGAGAGTCTGG	2963	12339	0.0695356187697544	4	Mitotic	PFA1	PFA1	S	foreman_821
foreman_821_ATTTCTGCAAATACAG	1932	9124	0.011946514686541	3	Hypoxia	PFA1	PFA1	S	foreman_821
foreman_821_ATTTCTGGTGTGACCC	2886	12888	0.0342178770949721	5	Undefined M	PFA1	PFA1	G1	foreman_821
foreman_821_CAACCAACAATAACGA	2429	10037	0.0444355883232041	5	Undefined M	PFA1	PFA1	G1	foreman_821
foreman_821_CAACCAATCTAACTCT	2810	12259	0.0397259156538054	3	Hypoxia	PFA1	PFA1	G1	foreman_821
foreman_821_CAACCTCCACGCATCG	782	2092	0.167304015296367	3	Hypoxia	PFA1	PFA1	G1	foreman_821
foreman_821_CAACTAGAGACAGGCT	2053	9354	0.0373102416078683	3	Hypoxia	PFA1	PFA1	G1	foreman_821
foreman_821_CAACTAGAGATCGATA	2433	10068	0.0311879221295193	6	DC	PFA1	PFA1	G1	foreman_821
foreman_821_CAACTAGAGCATCATC	3061	16419	0.0605396187343931	5	Undefined M	PFA1	PFA1	G1	foreman_821
foreman_821_CAACTAGTCTCAACTT	3474	17725	0.0199717912552891	5	Undefined M	PFA1	PFA1	S	foreman_821
foreman_821_CAAGAAAGTCGCTTCT	845	2188	0.275594149908592	3	Hypoxia	PFA1	PFA1	G2M	foreman_821
foreman_821_CAAGATCAGTTTGCGT	695	1741	0.253877082136703	3	Hypoxia	PFA1	PFA1	G1	foreman_821
foreman_821_CAAGATCGTATTACCG	1962	8401	0.029401261754553	3	Hypoxia	PFA1	PFA1	G1	foreman_821
foreman_821_CAAGGCCAGTACGCGA	2770	14139	0.0405262041162741	3	Hypoxia	PFA1	PFA1	G1	foreman_821
foreman_821_CAAGGCCCAAAGTCAA	2587	14650	0.0037542662116041	3	Hypoxia	PFA1	PFA1	G1	foreman_821
foreman_821_CAAGGCCCAATGTTGC	1624	5898	0.0130552729738895	3	Hypoxia	PFA1	PFA1	G1	foreman_821
foreman_821_CAAGTTGCAGTTAACC	2421	9585	0.0260824204486176	5	Undefined M	PFA1	PFA1	G1	foreman_821
foreman_821_CAAGTTGTCGGCATCG	1044	2540	0.161811023622047	3	Hypoxia	PFA1	PFA1	S	foreman_821
foreman_821_CACAAACGTCCATGAT	1191	4018	0.0559980089596814	8	Neutrophil	PFA1	PFA1	G1	foreman_821
foreman_821_CACACAATCGAGAGCA	2284	8343	0.0215749730312837	3	Hypoxia	PFA1	PFA1	G2M	foreman_821
foreman_821_CACACCTAGACAGACC	2400	10971	0.019232522103728	3	Hypoxia	PFA1	PFA1	G1	foreman_821
foreman_821_CACACCTAGAGACTAT	2128	9044	0.0422379478107032	3	Hypoxia	PFA1	PFA1	G1	foreman_821
foreman_821_CACACTCCAAGGGTCA	822	2398	0.0829858215179316	3	Hypoxia	PFA1	PFA1	G1	foreman_821
foreman_821_CACAGGCCAATAGCGG	1346	4506	0.123834886817577	3	Hypoxia	PFA1	PFA1	G2M	foreman_821
foreman_821_CACAGTAAGGCGCTCT	1428	4826	0.00518027351844177	3	Hypoxia	PFA1	PFA1	S	foreman_821
foreman_821_CACCACTTCACTATTC	438	1068	0.0589887640449438	3	Hypoxia	PFA1	PFA1	G1	foreman_821
foreman_821_CACCAGGGTGTATGGG	1923	5319	0.0250047001316037	4	Mitotic	PFA1	PFA1	S	foreman_821
foreman_821_CACCAGGTCAGGCGAA	2749	12033	0.0380619961771794	5	Undefined M	PFA1	PFA1	S	foreman_821
foreman_821_CACCAGGTCTCATTCA	2207	12119	0.0247545176994802	3	Hypoxia	PFA1	PFA1	G1	foreman_821
foreman_821_CACCTTGAGTCATGCT	2859	10556	0.0479348237968928	11	Contaminating Tumor cells	PFA1	PFA1	G1	foreman_821
foreman_821_CACCTTGGTTCCTCCA	2222	9028	0.0262516614975631	3	Hypoxia	PFA1	PFA1	G1	foreman_821
foreman_821_CACTCCACAGGATTGG	2308	10235	0.0382022471910112	3	Hypoxia	PFA1	PFA1	G1	foreman_821
foreman_821_CAGCAGCGTCTGATCA	2583	11285	0.0395214887018166	3	Hypoxia	PFA1	PFA1	G1	foreman_821
foreman_821_CAGCAGCTCTACCTGC	2443	8230	0.0801944106925881	3	Hypoxia	PFA1	PFA1	G1	foreman_821
foreman_821_CAGCATAGTTGGTGGA	1126	3390	0.117994100294985	3	Hypoxia	PFA1	PFA1	G1	foreman_821
foreman_821_CAGCGACGTCAAACTC	2393	10193	0.0314922005297753	3	Hypoxia	PFA1	PFA1	G1	foreman_821
foreman_821_CAGCTGGAGCGCTTAT	1296	3789	0.0427553444180523	3	Hypoxia	PFA1	PFA1	G1	foreman_821
foreman_821_CAGCTGGAGGCTAGCA	3165	16646	0.0191036885738316	5	Undefined M	PFA1	PFA1	S	foreman_821
foreman_821_CAGCTGGCACAGATTC	822	1940	0.110309278350515	3	Hypoxia	PFA1	PFA1	S	foreman_821
foreman_821_CAGCTGGCACGCGAAA	1644	4450	0.0537078651685393	8	Neutrophil	PFA1	PFA1	G1	foreman_821
foreman_821_CAGTAACTCGCACTCT	374	970	0.123711340206186	2	Classical M1	PFA1	PFA1	G2M	foreman_821
foreman_821_CAGTAACTCGTCACGG	1515	5093	0.206950716669939	3	Hypoxia	PFA1	PFA1	S	foreman_821
foreman_821_CAGTCCTGTGCAGTAG	1634	6206	0.0309378021269739	9	B-cells	PFA1	PFA1	G1	foreman_821
foreman_821_CATATGGGTTATGCGT	1730	6846	0.0112474437627812	3	Hypoxia	PFA1	PFA1	G1	foreman_821
foreman_821_CATCAGAAGACGCTTT	2854	13832	0.0216888374783112	3	Hypoxia	PFA1	PFA1	S	foreman_821
foreman_821_CATCCACTCCGTACAA	1033	2613	0.130884041331803	3	Hypoxia	PFA1	PFA1	G1	foreman_821
foreman_821_CATCGAATCTCGGACG	746	1829	0.129032258064516	3	Hypoxia	PFA1	PFA1	G2M	foreman_821
foreman_821_CATCGGGAGTGTTAGA	2070	9836	0.0381252541683611	3	Hypoxia	PFA1	PFA1	G1	foreman_821
foreman_821_CATCGGGGTCGAGATG	2237	9887	0.0336805906746232	3	Hypoxia	PFA1	PFA1	G1	foreman_821
foreman_821_CATGGCGGTGTGAATA	2822	11260	0.0337477797513321	5	Undefined M	PFA1	PFA1	G1	foreman_821
foreman_821_CATGGCGGTTTAGCTG	1655	5398	0.00592812152649129	3	Hypoxia	PFA1	PFA1	G1	foreman_821
foreman_821_CATTATCTCCGGCACA	388	1027	0.221032132424537	3	Hypoxia	PFA1	PFA1	G1	foreman_821
foreman_821_CCAATCCCACTCTGTC	1286	3072	0.033203125	3	Hypoxia	PFA1	PFA1	G2M	foreman_821
foreman_821_CCACGGACAGACTCGC	1336	3044	0.174113009198423	3	Hypoxia	PFA1	PFA1	G2M	foreman_821
foreman_821_CCACTACAGCGACGTA	1776	7117	0.0209357875509344	3	Hypoxia	PFA1	PFA1	G1	foreman_821
foreman_821_CCACTACCAAGCGAGT	2660	11441	0.0256970544532821	5	Undefined M	PFA1	PFA1	S	foreman_821
foreman_821_CCACTACCATGTCCTC	1311	3228	0.122366790582404	3	Hypoxia	PFA1	PFA1	G1	foreman_821
foreman_821_CCAGCGAAGTGTGAAT	1516	6829	0.0137648264753258	3	Hypoxia	PFA1	PFA1	G1	foreman_821
foreman_821_CCATGTCAGCCTATGT	2379	9386	0.0664819944598338	5	Undefined M	PFA1	PFA1	S	foreman_821
foreman_821_CCATGTCAGTGAATTG	3509	17710	0.0437041219649915	4	Mitotic	PFA1	PFA1	S	foreman_821
foreman_821_CCATGTCCACCCATTC	1948	7532	0.0446096654275093	3	Hypoxia	PFA1	PFA1	G1	foreman_821
foreman_821_CCCAATCCATCGGTTA	1422	5580	0.0681003584229391	3	Hypoxia	PFA1	PFA1	G1	foreman_821
foreman_821_CCCAGTTCACAGCGTC	565	1592	0.154522613065327	2	Classical M1	PFA1	PFA1	G1	foreman_821
foreman_821_CCCAGTTCATATGAGA	2590	12224	0.0526014397905759	3	Hypoxia	PFA1	PFA1	S	foreman_821
foreman_821_CCCTCCTAGACGACGT	1015	2279	0.157964019306713	4	Mitotic	PFA1	PFA1	S	foreman_821
foreman_821_CCCTCCTTCAGCGATT	747	1943	0.289758106021616	3	Hypoxia	PFA1	PFA1	S	foreman_821
foreman_821_CCGGGATTCTGTTGAG	1281	3612	0.0191029900332226	3	Hypoxia	PFA1	PFA1	G1	foreman_821
foreman_821_CCGGTAGCAAGAGTCG	2624	12905	0.0302983339790779	5	Undefined M	PFA1	PFA1	S	foreman_821
foreman_821_CCGGTAGCATTGCGGC	1096	2739	0.262504563709383	5	Undefined M	PFA1	PFA1	G1	foreman_821
foreman_821_CCGTACTGTAGGCTGA	3450	16978	0.046884203086347	4	Mitotic	PFA1	PFA1	G1	foreman_821
foreman_821_CCGTGGAAGCTTCGCG	3335	16758	0.0352667382742571	5	Undefined M	PFA1	PFA1	G1	foreman_821
foreman_821_CCGTTCAAGCATGGCA	2800	14050	0.0236298932384342	5	Undefined M	PFA1	PFA1	G1	foreman_821
foreman_821_CCGTTCATCTCCTATA	2621	10460	0.040057361376673	7	Alternative M2	PFA1	PFA1	S	foreman_821
foreman_821_CCTACACCAGTCTTCC	2042	7167	0.0652992884051905	8	Neutrophil	PFA1	PFA1	G1	foreman_821
foreman_821_CCTAGCTAGAAGGCCT	2036	9535	0.0141583639223912	5	Undefined M	PFA1	PFA1	S	foreman_821
foreman_821_CCTAGCTGTCACACGC	2307	10190	0.00726202158979392	3	Hypoxia	PFA1	PFA1	G2M	foreman_821
foreman_821_CCTATTAGTCACTGGC	1158	3222	0.186219739292365	3	Hypoxia	PFA1	PFA1	S	foreman_821
foreman_821_CCTCAGTGTGCGAAAC	3224	13657	0.0452515193673574	4	Mitotic	PFA1	PFA1	S	foreman_821
foreman_821_CCTCTGAAGAAGGTGA	2125	11687	0.0111234705228031	3	Hypoxia	PFA1	PFA1	G1	foreman_821
foreman_821_CCTCTGACACCAGGCT	1402	3423	0.0969909436167105	3	Hypoxia	PFA1	PFA1	G1	foreman_821
foreman_821_CCTCTGATCCAGAAGG	1674	6556	0.0134228187919463	3	Hypoxia	PFA1	PFA1	G1	foreman_821
foreman_821_CCTTCGAAGATGCGAC	1254	2891	0.142165340712556	3	Hypoxia	PFA1	PFA1	S	foreman_821
foreman_821_CCTTTCTCAAGCCATT	2264	9345	0.0373461744248261	3	Hypoxia	PFA1	PFA1	G1	foreman_821
foreman_821_CGAACATAGATGCCTT	3023	14743	0.0200094960320152	5	Undefined M	PFA1	PFA1	S	foreman_821
foreman_821_CGAACATCATTGTGCA	2079	10581	0.0022682166146867	3	Hypoxia	PFA1	PFA1	G1	foreman_821
foreman_821_CGAATGTAGCTTATCG	867	2633	0.135206988226358	3	Hypoxia	PFA1	PFA1	G1	foreman_821
foreman_821_CGACTTCAGTGTTTGC	2417	11298	0.0206231191361303	5	Undefined M	PFA1	PFA1	S	foreman_821
foreman_821_CGAGAAGAGGGATCTG	1836	6812	0.0331767469172049	3	Hypoxia	PFA1	PFA1	G1	foreman_821
foreman_821_CGAGAAGGTTCATGGT	2196	10018	0.0309443002595328	3	Hypoxia	PFA1	PFA1	G1	foreman_821
foreman_821_CGAGAAGTCTTTAGGG	3107	15903	0.0257812991259511	4	Mitotic	PFA1	PFA1	S	foreman_821
foreman_821_CGAGCACAGATAGCAT	2361	11746	0.0685339690107271	3	Hypoxia	PFA1	PFA1	G1	foreman_821
foreman_821_CGAGCACCATCCCATC	1866	8477	0.0368054736345405	3	Hypoxia	PFA1	PFA1	G1	foreman_821
foreman_821_CGAGCCATCTGAGGGA	650	1389	0.131029517638589	3	Hypoxia	PFA1	PFA1	G1	foreman_821
foreman_821_CGATCGGAGGAGCGAG	1112	3093	0.0788878111865503	8	Neutrophil	PFA1	PFA1	G1	foreman_821
foreman_821_CGATCGGGTGGCCCTA	3076	19865	0.0463629499119054	3	Hypoxia	PFA1	PFA1	G1	foreman_821
foreman_821_CGATCGGTCTCGATGA	896	1924	0.297297297297297	4	Mitotic	PFA1	PFA1	G2M	foreman_821
foreman_821_CGATGGCCACGACTCG	1874	9534	0.0223410950283197	3	Hypoxia	PFA1	PFA1	G1	foreman_821
foreman_821_CGATGGCGTCAAAGCG	2256	9362	0.0358897671437727	5	Undefined M	PFA1	PFA1	S	foreman_821
foreman_821_CGATGTATCAGGTAAA	2788	14482	0.0300372876674492	5	Undefined M	PFA1	PFA1	S	foreman_821
foreman_821_CGCGGTAGTGGGTATG	826	2037	0.0829651448208149	3	Hypoxia	PFA1	PFA1	G1	foreman_821
foreman_821_CGCGGTATCAGGCAAG	366	877	0.0490307867730901	3	Hypoxia	PFA1	PFA1	G1	foreman_821
foreman_821_CGCTATCGTCGTCTTC	3159	17383	0.035667031007306	5	Undefined M	PFA1	PFA1	G1	foreman_821
foreman_821_CGCTATCTCTGATTCT	2060	6207	0.0960206218785242	4	Mitotic	PFA1	PFA1	G2M	foreman_821
foreman_821_CGCTGGATCATATCGG	1767	8527	0.027442242289199	3	Hypoxia	PFA1	PFA1	G1	foreman_821
foreman_821_CGCTTCATCGCCATAA	458	1259	0.297061159650516	3	Hypoxia	PFA1	PFA1	G1	foreman_821
foreman_821_CGGACGTGTGTGCGTC	2548	12492	0.0308997758565482	5	Undefined M	PFA1	PFA1	G1	foreman_821
foreman_821_CGGACTGGTAGCCTCG	2121	7614	0.0288941423693197	5	Undefined M	PFA1	PFA1	S	foreman_821
foreman_821_CGGAGTCAGAAGATTC	2550	13141	0.0368312913781295	3	Hypoxia	PFA1	PFA1	G1	foreman_821
foreman_821_CGGCTAGCATACTCTT	1652	4958	0.147438483259379	8	Neutrophil	PFA1	PFA1	G1	foreman_821
foreman_821_CGGGTCACAAGCCGTC	1793	9012	0.0193075898801598	3	Hypoxia	PFA1	PFA1	G1	foreman_821
foreman_821_CGGGTCACACGCCAGT	1019	3009	0.0285809238949817	3	Hypoxia	PFA1	PFA1	G1	foreman_821
foreman_821_CGGGTCACATTATCTC	2834	13484	0.019504598042124	3	Hypoxia	PFA1	PFA1	G1	foreman_821
foreman_821_CGGTTAAGTAGCTTGT	1762	6108	0.0350360183366077	5	Undefined M	PFA1	PFA1	S	foreman_821
foreman_821_CGTAGCGAGGTCATCT	2221	11373	0.0184647850171459	3	Hypoxia	PFA1	PFA1	G1	foreman_821
foreman_821_CGTAGCGAGTAAGTAC	2960	10933	0.044635507180097	4	Mitotic	PFA1	PFA1	S	foreman_821
foreman_821_CGTAGCGCATGATCCA	2982	14774	0.0198321375389197	3	Hypoxia	PFA1	PFA1	G1	foreman_821
foreman_821_CGTAGGCGTGAAATCA	2726	12974	0.0363033759827347	5	Undefined M	PFA1	PFA1	G1	foreman_821
foreman_821_CGTCACTGTCTCTTAT	1388	3851	0.115554401454168	3	Hypoxia	PFA1	PFA1	G1	foreman_821
foreman_821_CGTCACTTCTGCCAGG	3039	15057	0.0622301919373049	5	Undefined M	PFA1	PFA1	G1	foreman_821
foreman_821_CGTCAGGCAGCCAGAA	2825	11215	0.0650913954525189	3	Hypoxia	PFA1	PFA1	G1	foreman_821
foreman_821_CGTCCATCACCGAATT	2888	13989	0.0316677389377368	3	Hypoxia	PFA1	PFA1	G1	foreman_821
foreman_821_CGTCCATTCGGTGTTA	1337	4756	0.039529015979815	3	Hypoxia	PFA1	PFA1	G1	foreman_821
foreman_821_CGTCTACCAGCGATCC	2945	14448	0.0154346622369878	3	Hypoxia	PFA1	PFA1	G1	foreman_821
foreman_821_CGTGTAACACAACGTT	555	1574	0.0991105463786531	2	Classical M1	PFA1	PFA1	G1	foreman_821
foreman_821_CGTGTAAGTTCGTGAT	2321	13934	0.022534806947036	3	Hypoxia	PFA1	PFA1	G1	foreman_821
foreman_821_CGTGTCTCACATGACT	503	1074	0.235567970204842	3	Hypoxia	PFA1	PFA1	G1	foreman_821
foreman_821_CGTTAGATCGACGGAA	1645	6092	0.0474392646093237	3	Hypoxia	PFA1	PFA1	G1	foreman_821
foreman_821_CGTTCTGCAAGCCTAT	3004	15391	0.0612046000909622	3	Hypoxia	PFA1	PFA1	G1	foreman_821
foreman_821_CGTTCTGTCACCCTCA	663	1909	0.135673127291776	8	Neutrophil	PFA1	PFA1	G1	foreman_821
foreman_821_CGTTGGGCAGATTGCT	2136	9776	0.0393821603927987	3	Hypoxia	PFA1	PFA1	G1	foreman_821
foreman_821_CTAACTTAGAATGTTG	753	1902	0.0977917981072555	3	Hypoxia	PFA1	PFA1	G2M	foreman_821
foreman_821_CTAACTTAGGCATGTG	2672	14210	0.0335679099225897	4	Mitotic	PFA1	PFA1	S	foreman_821
foreman_821_CTAACTTAGGTGCTAG	539	1380	0.0376811594202899	2	Classical M1	PFA1	PFA1	G2M	foreman_821
foreman_821_CTAACTTCAGATCCAT	998	3492	0.0506872852233677	3	Hypoxia	PFA1	PFA1	G1	foreman_821
foreman_821_CTAAGACCAAGTACCT	1061	2909	0.11584737023032	3	Hypoxia	PFA1	PFA1	S	foreman_821
foreman_821_CTAAGACCATCTCGCT	2549	11909	0.0279620455117978	3	Hypoxia	PFA1	PFA1	G1	foreman_821
foreman_821_CTAAGACGTCTACCTC	1072	2313	0.136619109381755	4	Mitotic	PFA1	PFA1	S	foreman_821
foreman_821_CTACACCTCTGTTTGT	3168	17051	0.0221687877543839	3	Hypoxia	PFA1	PFA1	G1	foreman_821
foreman_821_CTACCCACACCGATAT	2972	14613	0.0269622938479436	3	Hypoxia	PFA1	PFA1	G1	foreman_821
foreman_821_CTACGTCAGATCACGG	2899	11697	0.0619817047106096	5	Undefined M	PFA1	PFA1	G2M	foreman_821
foreman_821_CTACGTCGTCGCGGTT	3327	16532	0.046939269295911	5	Undefined M	PFA1	PFA1	G1	foreman_821
foreman_821_CTACGTCTCAGATAAG	1107	2332	0.0934819897084048	3	Hypoxia	PFA1	PFA1	G2M	foreman_821
foreman_821_CTAGAGTAGACTGGGT	1093	3554	0.0486775464265616	3	Hypoxia	PFA1	PFA1	G1	foreman_821
foreman_821_CTAGCCTTCAGGTTCA	2252	10488	0.041952707856598	3	Hypoxia	PFA1	PFA1	G1	foreman_821
foreman_821_CTCACACAGCACCGTC	2573	13375	0.0535327102803738	3	Hypoxia	PFA1	PFA1	G1	foreman_821
foreman_821_CTCAGAAAGCGTGAGT	2312	11361	0.028518616318986	3	Hypoxia	PFA1	PFA1	G1	foreman_821
foreman_821_CTCAGAATCATTGCGA	2486	11687	0.0166852057842047	3	Hypoxia	PFA1	PFA1	G1	foreman_821
foreman_821_CTCATTAAGGTGACCA	1298	4401	0.0515791865485117	8	Neutrophil	PFA1	PFA1	G1	foreman_821
foreman_821_CTCATTACACGTGAGA	585	1266	0.00394944707740916	2	Classical M1	PFA1	PFA1	G1	foreman_821
foreman_821_CTCCTAGAGGCGTACA	2799	10761	0.044698448099619	4	Mitotic	PFA1	PFA1	S	foreman_821
foreman_821_CTCCTAGAGGGTTTCT	1008	2487	0.0060313630880579	3	Hypoxia	PFA1	PFA1	G1	foreman_821
foreman_821_CTCCTAGAGTCATCCA	1964	5972	0.105324849296718	3	Hypoxia	PFA1	PFA1	G1	foreman_821
foreman_821_CTCGAAATCCGCAAGC	609	1412	0.214589235127479	8	Neutrophil	PFA1	PFA1	G1	foreman_821
foreman_821_CTCGAAATCTCGTATT	1339	3210	0.0691588785046729	5	Undefined M	PFA1	PFA1	G1	foreman_821
foreman_821_CTCGAGGAGTATGACA	837	2246	0.00267141585040071	3	Hypoxia	PFA1	PFA1	G1	foreman_821
foreman_821_CTCGTACTCCACTGGG	2555	9914	0.0614282832358281	5	Undefined M	PFA1	PFA1	G1	foreman_821
foreman_821_CTCGTCAAGGTGCTAG	2661	13734	0.00851900393184797	3	Hypoxia	PFA1	PFA1	G1	foreman_821
foreman_821_CTCGTCAGTACTCGCG	3062	17317	0.0296818155569671	5	Undefined M	PFA1	PFA1	G1	foreman_821
foreman_821_CTCTAATAGGAATGGA	2833	16270	0.0140135218192993	3	Hypoxia	PFA1	PFA1	G1	foreman_821
foreman_821_CTCTAATAGTGGACGT	2997	15294	0.0553811952399634	5	Undefined M	PFA1	PFA1	G1	foreman_821
foreman_821_CTGAAACAGCGCTTAT	1855	7807	0.0386832329960292	3	Hypoxia	PFA1	PFA1	G1	foreman_821
foreman_821_CTGAAACCAATCCAAC	2308	10819	0.0463998521120251	3	Hypoxia	PFA1	PFA1	G1	foreman_821
foreman_821_CTGAAGTAGATGTAAC	2625	12763	0.00877536629319126	5	Undefined M	PFA1	PFA1	S	foreman_821
foreman_821_CTGATAGAGATAGTCA	2870	13077	0.0245469144299151	6	DC	PFA1	PFA1	S	foreman_821
foreman_821_CTGCCTACAGTCACTA	4337	26177	0.0205141918478053	3	Hypoxia	PFA1	PFA1	S	foreman_821
foreman_821_CTGCCTACATACTACG	2755	12266	0.0645687265612262	4	Mitotic	PFA1	PFA1	S	foreman_821
foreman_821_CTGCCTAGTCCGAAGA	2192	10105	0.0452251360712519	3	Hypoxia	PFA1	PFA1	S	foreman_821
foreman_821_CTGCGGAAGGCGTACA	2645	12129	0.0114601368620661	3	Hypoxia	PFA1	PFA1	G1	foreman_821
foreman_821_CTGCGGACAGCTCGAC	3007	17579	0.0171227032254394	3	Hypoxia	PFA1	PFA1	G1	foreman_821
foreman_821_CTGCGGAGTAAGGGCT	2913	18581	0.0172757117485604	3	Hypoxia	PFA1	PFA1	G1	foreman_821
foreman_821_CTGCGGAGTTCGAATC	700	1728	0.118055555555556	8	Neutrophil	PFA1	PFA1	G1	foreman_821
foreman_821_CTGGTCTGTTCAGGCC	3230	15988	0.044283212409307	5	Undefined M	PFA1	PFA1	G1	foreman_821
foreman_821_CTGTGCTCATTTCACT	2392	10715	0.0329444703686421	3	Hypoxia	PFA1	PFA1	G1	foreman_821
foreman_821_CTGTGCTTCATCACCC	2042	9597	0.0403251015942482	7	Alternative M2	PFA1	PFA1	S	foreman_821
foreman_821_CTGTTTAAGGGTTTCT	1701	6644	0.0574954846478025	7	Alternative M2	PFA1	PFA1	G1	foreman_821
foreman_821_CTTAACTAGATAGCAT	3903	20086	0.0325599920342527	4	Mitotic	PFA1	PFA1	S	foreman_821
foreman_821_CTTACCGAGTGTACCT	1344	5017	0.0187362965915886	3	Hypoxia	PFA1	PFA1	G1	foreman_821
foreman_821_CTTACCGCAAGCGTAG	2264	10169	0.0277313403481168	3	Hypoxia	PFA1	PFA1	G1	foreman_821
foreman_821_CTTACCGCAGGTCCAC	1971	9489	0.0206554958372853	3	Hypoxia	PFA1	PFA1	G1	foreman_821
foreman_821_CTTACCGCATACTACG	1815	9412	0.0127496812579686	3	Hypoxia	PFA1	PFA1	G1	foreman_821
foreman_821_CTTAGGAAGTTAGCGG	2270	8345	0.0364289994008388	4	Mitotic	PFA1	PFA1	G2M	foreman_821
foreman_821_CTTAGGAGTTCCATGA	2834	13161	0.0335840741584986	3	Hypoxia	PFA1	PFA1	S	foreman_821
foreman_821_CTTTGCGCACGGTGTC	1381	4285	0.129054842473746	3	Hypoxia	PFA1	PFA1	G1	foreman_821
foreman_821_GAACATCTCATTCACT	2255	8522	0.0401314245482281	5	Undefined M	PFA1	PFA1	G1	foreman_821
foreman_821_GAACATCTCCAAATGC	3332	21644	0.0199131399002033	3	Hypoxia	PFA1	PFA1	G1	foreman_821
foreman_821_GAACCTAAGTAGCGGT	1591	8096	0.00790513833992095	3	Hypoxia	PFA1	PFA1	G1	foreman_821
foreman_821_GAATGAAGTCATTAGC	2915	11928	0.0687458081824279	4	Mitotic	PFA1	PFA1	G2M	foreman_821
foreman_821_GAATGAATCAACGAAA	2745	12297	0.040822964950801	3	Hypoxia	PFA1	PFA1	G1	foreman_821
foreman_821_GAATGAATCAGCACAT	3684	21113	0.0429593141666272	5	Undefined M	PFA1	PFA1	S	foreman_821
foreman_821_GACACGCTCTATCGCC	3404	18413	0.00320425786129365	3	Hypoxia	PFA1	PFA1	S	foreman_821
foreman_821_GACAGAGAGAACTGTA	1595	6791	0.00927698424385216	3	Hypoxia	PFA1	PFA1	G1	foreman_821
foreman_821_GACAGAGAGCGTTCCG	2149	8529	0.0422089342244108	3	Hypoxia	PFA1	PFA1	G1	foreman_821
foreman_821_GACAGAGTCACGAAGG	2974	15498	0.0471673764356691	5	Undefined M	PFA1	PFA1	G1	foreman_821
foreman_821_GACAGAGTCTTTACAC	1002	1927	0.164504411001557	3	Hypoxia	PFA1	PFA1	S	foreman_821
foreman_821_GACCAATGTCTAAAGA	2348	9437	0.0291406167214157	3	Hypoxia	PFA1	PFA1	G1	foreman_821
foreman_821_GACCAATGTTCATGGT	3059	13762	0.0450515913384682	3	Hypoxia	PFA1	PFA1	G1	foreman_821
foreman_821_GACCTGGCACATGACT	2380	9330	0.0517684887459807	5	Undefined M	PFA1	PFA1	G1	foreman_821
foreman_821_GACCTGGGTACTTAGC	3777	18634	0.0334871739830418	4	Mitotic	PFA1	PFA1	S	foreman_821
foreman_821_GACGCGTGTATCTGCA	402	879	0.241183162684869	3	Hypoxia	PFA1	PFA1	G1	foreman_821
foreman_821_GACGCGTGTGGGTCAA	2693	11230	0.0468388245770258	5	Undefined M	PFA1	PFA1	G1	foreman_821
foreman_821_GACGCGTTCAGTGCAT	2530	11740	0.0342419080068143	7	Alternative M2	PFA1	PFA1	G1	foreman_821
foreman_821_GACGGCTCAGCGAACA	839	1899	0.0963665086887836	3	Hypoxia	PFA1	PFA1	G2M	foreman_821
foreman_821_GAGCAGACAACACCCG	1844	6257	0.0529007511587023	8	Neutrophil	PFA1	PFA1	G1	foreman_821
foreman_821_GAGCAGATCTCTAAGG	2229	11176	0.0136005726556908	3	Hypoxia	PFA1	PFA1	G1	foreman_821
foreman_821_GAGTCCGGTCCATCCT	1864	7819	0.0191840388796521	3	Hypoxia	PFA1	PFA1	G1	foreman_821
foreman_821_GATCAGTCAGTGGGAT	834	2106	0.0674264007597341	3	Hypoxia	PFA1	PFA1	G1	foreman_821
foreman_821_GATCGCGAGGCAGGTT	2426	11724	0.0344592289321051	3	Hypoxia	PFA1	PFA1	G1	foreman_821
foreman_821_GATCGCGAGGGAACGG	1887	7966	0.0515942756716043	7	Alternative M2	PFA1	PFA1	G1	foreman_821
foreman_821_GATCTAGAGGACAGAA	2989	11494	0.053506177135897	5	Undefined M	PFA1	PFA1	S	foreman_821
foreman_821_GATCTAGCAACACCCG	3778	20729	0.0394616238120507	4	Mitotic	PFA1	PFA1	S	foreman_821
foreman_821_GATCTAGTCATTGCGA	2433	13537	0.032577380512669	3	Hypoxia	PFA1	PFA1	G1	foreman_821
foreman_821_GATGAGGGTAAGTGTA	947	2769	0.0624774286746118	3	Hypoxia	PFA1	PFA1	G1	foreman_821
foreman_821_GATTCAGGTATAAACG	2023	6939	0.0733535091511745	5	Undefined M	PFA1	PFA1	S	foreman_821
foreman_821_GCAAACTCAACACGCC	1725	7144	0.0461926091825308	3	Hypoxia	PFA1	PFA1	G1	foreman_821
foreman_821_GCACATAGTAGGACAC	2589	13277	0.0337425623258266	3	Hypoxia	PFA1	PFA1	G1	foreman_821
foreman_821_GCACATAGTGGGTCAA	1189	4889	0.07915729187973	3	Hypoxia	PFA1	PFA1	G1	foreman_821
foreman_821_GCAGCCAAGTGCGATG	3318	15721	0.0454805673939317	4	Mitotic	PFA1	PFA1	S	foreman_821
foreman_821_GCAGCCACACATAACC	410	904	0.273230088495575	2	Classical M1	PFA1	PFA1	S	foreman_821
foreman_821_GCAGCCAGTGTCTGAT	309	691	0.29232995658466	3	Hypoxia	PFA1	PFA1	G1	foreman_821
foreman_821_GCAGCCAGTTAGATGA	2505	11953	0.023592403580691	3	Hypoxia	PFA1	PFA1	G1	foreman_821
foreman_821_GCAGTTACATACGCCG	1347	3891	0.0771010023130301	7	Alternative M2	PFA1	PFA1	G1	foreman_821
foreman_821_GCAGTTAGTCCTGCTT	1833	6049	0.0624896677136717	8	Neutrophil	PFA1	PFA1	S	foreman_821
foreman_821_GCATGCGCATCAGTCA	2331	11302	0.0150415855600779	3	Hypoxia	PFA1	PFA1	G1	foreman_821
foreman_821_GCATGTACAGAGTGTG	693	1507	0.168546781685468	3	Hypoxia	PFA1	PFA1	S	foreman_821
foreman_821_GCGACCACATCGATGT	1057	2869	0.0467061693970024	3	Hypoxia	PFA1	PFA1	G1	foreman_821
foreman_821_GCGCAACAGACACGAC	3169	16945	0.0297432871053408	5	Undefined M	PFA1	PFA1	G1	foreman_821
foreman_821_GCGCAGTAGACGCAAC	3950	21889	0.0363652976380831	4	Mitotic	PFA1	PFA1	S	foreman_821
foreman_821_GCGCAGTCAACCGCCA	863	2059	0.22243807673628	2	Classical M1	PFA1	PFA1	G1	foreman_821
foreman_821_GCGCAGTCAAGCTGAG	3937	24034	0.0269201963884497	5	Undefined M	PFA1	PFA1	G1	foreman_821
foreman_821_GCGCCAACAAACGCGA	2149	9379	0.0501119522337136	3	Hypoxia	PFA1	PFA1	G1	foreman_821
foreman_821_GCGCGATCAAGAGGCT	3093	14583	0.0456696153054927	4	Mitotic	PFA1	PFA1	S	foreman_821
foreman_821_GCGGGTTTCTTACCGC	1475	3428	0.0691365227537923	4	Mitotic	PFA1	PFA1	S	foreman_821
foreman_821_GCTCTGTCACCAGTTA	2026	8581	0.0334459853163967	6	DC	PFA1	PFA1	G1	foreman_821
foreman_821_GCTGCAGCAAGCCATT	3262	17463	0.0311515776212564	3	Hypoxia	PFA1	PFA1	S	foreman_821
foreman_821_GCTGCGAAGTGTGAAT	2906	14338	0.0119263495606082	3	Hypoxia	PFA1	PFA1	G1	foreman_821
foreman_821_GCTGCTTCACGTAAGG	969	2853	0.046267087276551	3	Hypoxia	PFA1	PFA1	G1	foreman_821
foreman_821_GCTTGAACAACACCTA	2162	9799	0.0456168996836412	3	Hypoxia	PFA1	PFA1	G1	foreman_821
foreman_821_GGAAAGCAGCCCTAAT	2169	10253	0.0316005071686336	3	Hypoxia	PFA1	PFA1	G1	foreman_821
foreman_821_GGAACTTGTCATGCAT	2080	7730	0.0305304010349289	5	Undefined M	PFA1	PFA1	G1	foreman_821
foreman_821_GGAACTTGTCGGCTCA	567	1553	0.0289761751448809	3	Hypoxia	PFA1	PFA1	G1	foreman_821
foreman_821_GGAATAAGTGAGTATA	383	754	0.0450928381962865	3	Hypoxia	PFA1	PFA1	G2M	foreman_821
foreman_821_GGAATAATCGGTCCGA	1030	2740	0.264963503649635	3	Hypoxia	PFA1	PFA1	G1	foreman_821
foreman_821_GGACAAGCAGTAAGCG	1023	2407	0.0714582467802243	3	Hypoxia	PFA1	PFA1	G2M	foreman_821
foreman_821_GGACATTGTAGCCTCG	1300	4955	0.012108980827447	3	Hypoxia	PFA1	PFA1	S	foreman_821
foreman_821_GGACGTCTCGAATGCT	2226	11053	0.0150185470008143	3	Hypoxia	PFA1	PFA1	G1	foreman_821
foreman_821_GGAGCAAGTTAGTGGG	2298	11775	0.00976645435244161	3	Hypoxia	PFA1	PFA1	G1	foreman_821
foreman_821_GGATTACCAAACAACA	1147	2684	0.119225037257824	3	Hypoxia	PFA1	PFA1	S	foreman_821
foreman_821_GGATTACTCGGACAAG	856	2089	0.133556725706079	3	Hypoxia	PFA1	PFA1	S	foreman_821
foreman_821_GGCAATTAGCTTCGCG	804	1683	0.18716577540107	3	Hypoxia	PFA1	PFA1	G1	foreman_821
foreman_821_GGCAATTTCACAGGCC	2412	13814	0.0126683075141161	3	Hypoxia	PFA1	PFA1	G1	foreman_821
foreman_821_GGCGACTAGACACGAC	708	2045	0.0621026894865526	3	Hypoxia	PFA1	PFA1	G1	foreman_821
foreman_821_GGCGTGTTCGCGCCAA	1050	2506	0.196328810853951	3	Hypoxia	PFA1	PFA1	G2M	foreman_821
foreman_821_GGCTGGTAGTCGATAA	2478	10037	0.0576865597290027	5	Undefined M	PFA1	PFA1	G1	foreman_821
foreman_821_GGCTGGTTCACCACCT	1688	6083	0.0478382377116554	8	Neutrophil	PFA1	PFA1	G1	foreman_821
foreman_821_GGGAATGCATTACCTT	2028	7739	0.00348882284532885	3	Hypoxia	PFA1	PFA1	G1	foreman_821
foreman_821_GGGAATGTCAGAGGTG	2344	10212	0.0160595377986682	3	Hypoxia	PFA1	PFA1	G1	foreman_821
foreman_821_GGGAGATCATTTGCCC	2419	11759	0.015222382855685	3	Hypoxia	PFA1	PFA1	G1	foreman_821
foreman_821_GGGAGATGTCCTGCTT	2128	10423	0.00546867504557229	5	Undefined M	PFA1	PFA1	S	foreman_821
foreman_821_GGGAGATGTGCATCTA	1026	2990	0.173244147157191	3	Hypoxia	PFA1	PFA1	G1	foreman_821
foreman_821_GGGATGAAGCTATGCT	1230	3863	0.0929329536629563	8	Neutrophil	PFA1	PFA1	G1	foreman_821
foreman_821_GGGATGAGTGGGTCAA	1196	2991	0.00334336342360415	3	Hypoxia	PFA1	PFA1	G1	foreman_821
foreman_821_GGGCATCCATGCAACT	2985	12587	0.0434575355525542	4	Mitotic	PFA1	PFA1	S	foreman_821
foreman_821_GGGTCTGTCTTGGGTA	294	878	0.0159453302961276	2	Classical M1	PFA1	PFA1	G1	foreman_821
foreman_821_GGGTTGCGTGCTGTAT	2371	10491	0.0515680106758174	6	DC	PFA1	PFA1	G1	foreman_821
foreman_821_GGTGAAGAGTACGTTC	618	1683	0.0089126559714795	3	Hypoxia	PFA1	PFA1	G1	foreman_821
foreman_821_GGTGAAGTCGTGGACC	3238	15945	0.0487300094073377	11	Contaminating Tumor cells	PFA1	PFA1	G1	foreman_821
foreman_821_GGTGCGTCAGCCTTGG	1406	3339	0.0554058101227913	8	Neutrophil	PFA1	PFA1	G2M	foreman_821
foreman_821_GGTGCGTGTAGCTAAA	2269	9884	0.0354107648725212	6	DC	PFA1	PFA1	G1	foreman_821
foreman_821_GGTGTTAGTGCTAGCC	1091	3152	0.109454314720812	7	Alternative M2	PFA1	PFA1	G1	foreman_821
foreman_821_GTAACGTAGTAGTGCG	2637	12261	0.0069325503629394	5	Undefined M	PFA1	PFA1	S	foreman_821
foreman_821_GTAACGTGTGACTACT	2919	14273	0.0297064387304701	3	Hypoxia	PFA1	PFA1	G1	foreman_821
foreman_821_GTAACTGCATTAGGCT	923	2354	0.172897196261682	3	Hypoxia	PFA1	PFA1	G1	foreman_821
foreman_821_GTAACTGGTCTCCACT	1589	5389	0.0443496010391538	3	Hypoxia	PFA1	PFA1	G1	foreman_821
foreman_821_GTACGTAGTACTCAAC	1246	4279	0.0401963075484926	8	Neutrophil	PFA1	PFA1	G1	foreman_821
foreman_821_GTACTTTAGTGTTTGC	1530	4859	0.029841531179255	3	Hypoxia	PFA1	PFA1	G1	foreman_821
foreman_821_GTACTTTCATAAGACA	1311	5967	0.0130718954248366	3	Hypoxia	PFA1	PFA1	S	foreman_821
foreman_821_GTACTTTCATCTACGA	1937	6424	0.0468555417185554	3	Hypoxia	PFA1	PFA1	G1	foreman_821
foreman_821_GTACTTTGTTCCCTTG	308	713	0.0743338008415147	2	Classical M1	PFA1	PFA1	G2M	foreman_821
foreman_821_GTACTTTTCCGCATAA	2882	16357	0.0117380937824784	3	Hypoxia	PFA1	PFA1	G1	foreman_821
foreman_821_GTAGGCCGTTCCCGAG	1889	7041	0.0701604885669649	3	Hypoxia	PFA1	PFA1	G1	foreman_821
foreman_821_GTAGTCAGTCATGCAT	2589	10999	0.0306391490135467	6	DC	PFA1	PFA1	S	foreman_821
foreman_821_GTATCTTCACATTAGC	3279	20951	0.0298315116223569	3	Hypoxia	PFA1	PFA1	G1	foreman_821
foreman_821_GTCACAAGTACTCAAC	2451	9996	0.039015606242497	3	Hypoxia	PFA1	PFA1	G1	foreman_821
foreman_821_GTCACGGGTGTGAAAT	2692	12897	0.0295417538962549	3	Hypoxia	PFA1	PFA1	G1	foreman_821
foreman_821_GTCACGGTCAATAAGG	3581	19958	0.0200921936065738	4	Mitotic	PFA1	PFA1	S	foreman_821
foreman_821_GTCATTTGTGTGGTTT	1772	5838	0.1034600890716	3	Hypoxia	PFA1	PFA1	G1	foreman_821
foreman_821_GTCCTCAGTACATGTC	993	2841	0.167546638507568	3	Hypoxia	PFA1	PFA1	G1	foreman_821
foreman_821_GTCGTAAAGGGTTTCT	866	2171	0.0861354214647628	8	Neutrophil	PFA1	PFA1	G1	foreman_821
foreman_821_GTCTCGTCAGCTTAAC	397	1129	0.213463241806909	3	Hypoxia	PFA1	PFA1	G1	foreman_821
foreman_821_GTCTCGTTCACCAGGC	650	1459	0.139136394790953	3	Hypoxia	PFA1	PFA1	G2M	foreman_821
foreman_821_GTGAAGGTCCTATGTT	3461	18399	0.022772976792217	3	Hypoxia	PFA1	PFA1	G1	foreman_821
foreman_821_GTGCAGCAGGTGCTTT	1761	7376	0.0671095444685466	3	Hypoxia	PFA1	PFA1	S	foreman_821
foreman_821_GTGCAGCCAGCGTCCA	1888	6264	0.0493295019157088	5	Undefined M	PFA1	PFA1	G1	foreman_821
foreman_821_GTGCGGTAGTCATCCA	1990	8899	0.0193280143836386	3	Hypoxia	PFA1	PFA1	G1	foreman_821
foreman_821_GTGCGGTCAATAGAGT	2102	10232	0.0354769351055512	3	Hypoxia	PFA1	PFA1	G1	foreman_821
foreman_821_GTGCTTCCAGGAACGT	2387	11837	0.0203598884852581	3	Hypoxia	PFA1	PFA1	S	foreman_821
foreman_821_GTGTGCGAGTACCGGA	1544	5756	0.0132036136205698	8	Neutrophil	PFA1	PFA1	G1	foreman_821
foreman_821_GTGTGCGCACAAGCCC	1618	7223	0.0236743735290046	3	Hypoxia	PFA1	PFA1	G1	foreman_821
foreman_821_GTTACAGGTTATGCGT	766	1793	0.064138315672058	3	Hypoxia	PFA1	PFA1	S	foreman_821
foreman_821_GTTCATTGTTGGTAAA	1995	5101	0.115467555381298	11	Contaminating Tumor cells	PFA1	PFA1	G2M	foreman_821
foreman_821_GTTCATTTCCTACAGA	2332	9973	0.0427153313947659	3	Hypoxia	PFA1	PFA1	G1	foreman_821
foreman_821_GTTCGGGCAATAGCGG	2896	13044	0.0133394664213431	4	Mitotic	PFA1	PFA1	S	foreman_821
foreman_821_GTTCGGGTCAACGGGA	2544	14365	0.0395405499477898	5	Undefined M	PFA1	PFA1	G1	foreman_821
foreman_821_GTTCTCGAGCCTATGT	1693	7259	0.0281030444964871	3	Hypoxia	PFA1	PFA1	G1	foreman_821
foreman_821_GTTCTCGCAGGGTTAG	2342	10710	0.0359477124183007	3	Hypoxia	PFA1	PFA1	G1	foreman_821
foreman_821_GTTCTCGCATGAAGTA	2181	8310	0.0163658243080626	8	Neutrophil	PFA1	PFA1	G1	foreman_821
foreman_821_GTTTCTAAGACTTGAA	1643	4977	0.0588708057062487	8	Neutrophil	PFA1	PFA1	S	foreman_821
foreman_821_TAAACCGCAGGTGGAT	3076	13216	0.0438105326876513	4	Mitotic	PFA1	PFA1	S	foreman_821
foreman_821_TAAACCGGTCAATGTC	2991	13509	0.0173217854763491	3	Hypoxia	PFA1	PFA1	G1	foreman_821
foreman_821_TAAGAGAAGCGATGAC	893	1932	0.158902691511387	3	Hypoxia	PFA1	PFA1	G1	foreman_821
foreman_821_TAAGAGACACAAGCCC	574	1408	0.0674715909090909	3	Hypoxia	PFA1	PFA1	G1	foreman_821
foreman_821_TAAGCGTTCTACTTAC	3680	19140	0.0409090909090909	4	Mitotic	PFA1	PFA1	G2M	foreman_821
foreman_821_TACAGTGCACGGTAGA	3249	16962	0.048756042919467	4	Mitotic	PFA1	PFA1	G1	foreman_821
foreman_821_TACCTATAGTCCCACG	750	1952	0.184938524590164	3	Hypoxia	PFA1	PFA1	S	foreman_821
foreman_821_TACCTTAAGCGTCAAG	1150	2883	0.0516822754075616	3	Hypoxia	PFA1	PFA1	S	foreman_821
foreman_821_TACCTTAAGGAGCGTT	2356	10121	0.0208477423179528	3	Hypoxia	PFA1	PFA1	G1	foreman_821
foreman_821_TACCTTATCTGGAGCC	2433	10033	0.0520283065882587	5	Undefined M	PFA1	PFA1	G1	foreman_821
foreman_821_TACGGGCAGAGCTGCA	2251	9602	0.0458237867111019	3	Hypoxia	PFA1	PFA1	G1	foreman_821
foreman_821_TACGGGCGTATATGGA	2506	11768	0.0382392929979606	6	DC	PFA1	PFA1	G1	foreman_821
foreman_821_TACGGTAGTGGGTCAA	1284	4490	0.065924276169265	3	Hypoxia	PFA1	PFA1	G1	foreman_821
foreman_821_TACTTACAGATAGGAG	2201	8634	0.0565207319898077	3	Hypoxia	PFA1	PFA1	G1	foreman_821
foreman_821_TACTTACGTAGAAAGG	2702	11561	0.0287172389931667	6	DC	PFA1	PFA1	G1	foreman_821
foreman_821_TACTTACTCGCCAAAT	1728	4955	0.0906155398587286	9	B-cells	PFA1	PFA1	G1	foreman_821
foreman_821_TACTTGTAGCTAGCCC	2340	9666	0.053382991930478	8	Neutrophil	PFA1	PFA1	G1	foreman_821
foreman_821_TACTTGTAGGCATTGG	574	1139	0.0930640913081651	3	Hypoxia	PFA1	PFA1	S	foreman_821
foreman_821_TACTTGTGTTCTGGTA	660	2006	0.0274177467597208	3	Hypoxia	PFA1	PFA1	G1	foreman_821
foreman_821_TAGACCATCGGAAATA	458	1109	0.0577096483318305	2	Classical M1	PFA1	PFA1	S	foreman_821
foreman_821_TAGAGCTCAAGACGTG	2002	9332	0.00492927561080154	3	Hypoxia	PFA1	PFA1	G1	foreman_821
foreman_821_TAGAGCTCATCCAACA	2620	10432	0.0410276073619632	4	Mitotic	PFA1	PFA1	S	foreman_821
foreman_821_TAGAGCTTCACCCGAG	2462	10910	0.0552703941338222	3	Hypoxia	PFA1	PFA1	G1	foreman_821
foreman_821_TAGCCGGTCAACGGCC	2128	7644	0.0137362637362637	6	DC	PFA1	PFA1	G1	foreman_821
foreman_821_TAGTGGTAGCTGCAAG	891	2850	0.0242105263157895	3	Hypoxia	PFA1	PFA1	S	foreman_821
foreman_821_TAGTGGTTCCCGACTT	2911	9159	0.062888961677039	11	Contaminating Tumor cells	PFA1	PFA1	S	foreman_821
foreman_821_TAGTTGGAGAGTCGGT	2157	12183	0.0184683575474021	5	Undefined M	PFA1	PFA1	S	foreman_821
foreman_821_TAGTTGGGTAAACACA	1835	5436	0.0785504047093451	5	Undefined M	PFA1	PFA1	G1	foreman_821
foreman_821_TAGTTGGTCGCATGAT	1767	6030	0.0356550580431177	3	Hypoxia	PFA1	PFA1	G1	foreman_821
foreman_821_TATGCCCGTCTAGGTT	3437	19094	0.0349848119828218	5	Undefined M	PFA1	PFA1	S	foreman_821
foreman_821_TATTACCAGCAGACTG	612	1429	0.104968509447166	3	Hypoxia	PFA1	PFA1	G1	foreman_821
foreman_821_TATTACCTCCAAATGC	1471	4362	0.0758826226501605	3	Hypoxia	PFA1	PFA1	G1	foreman_821
foreman_821_TCAATCTCATGAAGTA	3266	15395	0.0391036050665801	4	Mitotic	PFA1	PFA1	S	foreman_821
foreman_821_TCACAAGGTCAGAATA	1143	3350	0.0626865671641791	3	Hypoxia	PFA1	PFA1	G1	foreman_821
foreman_821_TCACAAGTCCCTCAGT	960	2642	0.101438304314913	7	Alternative M2	PFA1	PFA1	G1	foreman_821
foreman_821_TCACGAAGTAAATGAC	2028	7100	0.0474647887323944	5	Undefined M	PFA1	PFA1	G1	foreman_821
foreman_821_TCACGAATCCGCAGTG	2456	12045	0.0482357824823578	5	Undefined M	PFA1	PFA1	G1	foreman_821
foreman_821_TCAGATGAGAAGATTC	1544	4002	0.0677161419290355	5	Undefined M	PFA1	PFA1	S	foreman_821
foreman_821_TCAGATGGTAATAGCA	3008	17536	0.0105497262773723	3	Hypoxia	PFA1	PFA1	G1	foreman_821
foreman_821_TCAGGATGTAGCTAAA	3237	16827	0.0294170083793903	5	Undefined M	PFA1	PFA1	G1	foreman_821
foreman_821_TCAGGTACAATGAAAC	2835	13656	0.0175746924428823	3	Hypoxia	PFA1	PFA1	S	foreman_821
foreman_821_TCATTACCATTAGCCA	824	2616	0.0355504587155963	3	Hypoxia	PFA1	PFA1	G2M	foreman_821
foreman_821_TCATTTGAGAACTCGG	3295	20546	0.0221941010415653	5	Undefined M	PFA1	PFA1	S	foreman_821
foreman_821_TCATTTGAGTAGCCGA	1480	4689	0.035828534868842	5	Undefined M	PFA1	PFA1	G1	foreman_821
foreman_821_TCCACACAGTGACTCT	1097	2772	0.145021645021645	3	Hypoxia	PFA1	PFA1	S	foreman_821
foreman_821_TCGAGGCAGATGGGTC	4008	24664	0.0384771326629906	4	Mitotic	PFA1	PFA1	S	foreman_821
foreman_821_TCGAGGCGTTCGAATC	1469	4952	0.032108239095315	8	Neutrophil	PFA1	PFA1	S	foreman_821
foreman_821_TCGCGAGAGCTCCTTC	2465	16502	0.0261786450127257	3	Hypoxia	PFA1	PFA1	G1	foreman_821
foreman_821_TCGCGAGAGGGCTTGA	2430	10997	0.0562880785668819	5	Undefined M	PFA1	PFA1	G1	foreman_821
foreman_821_TCGCGAGGTTACGTCA	2457	13314	0.0229082169145261	3	Hypoxia	PFA1	PFA1	G1	foreman_821
foreman_821_TCGGTAAAGGGAAACA	1650	5473	0.0734514891284487	4	Mitotic	PFA1	PFA1	S	foreman_821
foreman_821_TCGGTAAGTCCCGACA	1245	2999	0.15838612870957	3	Hypoxia	PFA1	PFA1	G1	foreman_821
foreman_821_TCGGTAATCCGCATCT	1064	2905	0.0746987951807229	3	Hypoxia	PFA1	PFA1	G2M	foreman_821
foreman_821_TCGTACCCATTACCTT	1965	8435	0.0292827504445762	3	Hypoxia	PFA1	PFA1	G1	foreman_821
foreman_821_TCGTAGAGTCTCTCGT	4143	23993	0.033384737215021	5	Undefined M	PFA1	PFA1	G1	foreman_821
foreman_821_TCTATTGTCTGGCGTG	2311	10917	0.0287624805349455	3	Hypoxia	PFA1	PFA1	G1	foreman_821
foreman_821_TCTCTAAAGAAACCTA	420	873	0.0698739977090493	2	Classical M1	PFA1	PFA1	S	foreman_821
foreman_821_TCTGAGAGTCTCGTTC	1167	2231	0.109367996414164	3	Hypoxia	PFA1	PFA1	G1	foreman_821
foreman_821_TCTGAGATCCAGAAGG	563	1349	0.208302446256486	3	Hypoxia	PFA1	PFA1	G2M	foreman_821
foreman_821_TCTGGAAAGTGACATA	2029	9790	0.0277834525025536	3	Hypoxia	PFA1	PFA1	G1	foreman_821
foreman_821_TCTGGAACACGGTAGA	1033	2787	0.080373161105131	3	Hypoxia	PFA1	PFA1	G2M	foreman_821
foreman_821_TCTGGAAGTCAAACTC	2595	12544	0.0386639030612245	6	DC	PFA1	PFA1	G1	foreman_821
foreman_821_TCTTCGGTCCAAGTAC	808	1592	0.0540201005025126	3	Hypoxia	PFA1	PFA1	G1	foreman_821
foreman_821_TCTTTCCCAGTAGAGC	1065	2855	0.169527145359019	3	Hypoxia	PFA1	PFA1	G1	foreman_821
foreman_821_TGACAACGTGAGTGAC	2290	11059	0.027398498960123	3	Hypoxia	PFA1	PFA1	G1	foreman_821
foreman_821_TGACAACGTGGTCCGT	1690	4613	0.0678517233904184	6	DC	PFA1	PFA1	G1	foreman_821
foreman_821_TGACGGCGTTGGTAAA	2018	8073	0.0413724761550849	5	Undefined M	PFA1	PFA1	G1	foreman_821
foreman_821_TGACTTTCAATCCGAT	2965	14623	0.0307050536825549	3	Hypoxia	PFA1	PFA1	G1	foreman_821
foreman_821_TGACTTTGTTTGGCGC	2206	9841	0.0174778985875419	3	Hypoxia	PFA1	PFA1	G1	foreman_821
foreman_821_TGACTTTTCTCGATGA	1378	4027	0.0700273156195679	7	Alternative M2	PFA1	PFA1	G1	foreman_821
foreman_821_TGAGAGGTCGAACGGA	1572	4709	0.0751751964323636	3	Hypoxia	PFA1	PFA1	G1	foreman_821
foreman_821_TGAGAGGTCGTAGATC	2426	10313	0.0305439736255212	5	Undefined M	PFA1	PFA1	G1	foreman_821
foreman_821_TGAGCCGAGCAGCCTC	2463	10499	0.0220973426040575	3	Hypoxia	PFA1	PFA1	G1	foreman_821
foreman_821_TGAGCCGCAACTGCGC	3107	13009	0.0173725882081636	3	Hypoxia	PFA1	PFA1	S	foreman_821
foreman_821_TGAGGGAGTAGCTCCG	1576	5541	0.0505323948745714	8	Neutrophil	PFA1	PFA1	G1	foreman_821
foreman_821_TGATTTCAGACTAGGC	1926	9480	0.0467299578059072	3	Hypoxia	PFA1	PFA1	G1	foreman_821
foreman_821_TGCACCTAGAGTCGGT	1731	6689	0.0464942442816565	3	Hypoxia	PFA1	PFA1	G1	foreman_821
foreman_821_TGCACCTCATGATCCA	2537	10485	0.0408202193609919	3	Hypoxia	PFA1	PFA1	G1	foreman_821
foreman_821_TGCACCTGTTGTGGAG	1240	4399	0.06865196635599	8	Neutrophil	PFA1	PFA1	G1	foreman_821
foreman_821_TGCGCAGGTCGCCATG	2476	11756	0.042021095610752	3	Hypoxia	PFA1	PFA1	G1	foreman_821
foreman_821_TGCGCAGTCAATCACG	2948	12710	0.054366640440598	6	DC	PFA1	PFA1	G1	foreman_821
foreman_821_TGCGTGGTCACTTATC	1467	4392	0.107468123861566	3	Hypoxia	PFA1	PFA1	G1	foreman_821
foreman_821_TGCTACCCAATGAATG	2925	13100	0.0332824427480916	5	Undefined M	PFA1	PFA1	G1	foreman_821
foreman_821_TGCTGCTGTATGCTTG	2621	11779	0.0517870786993803	7	Alternative M2	PFA1	PFA1	G1	foreman_821
foreman_821_TGCTGCTTCAACGAAA	945	2830	0.24982332155477	4	Mitotic	PFA1	PFA1	S	foreman_821
foreman_821_TGGCCAGTCCGAACGC	1830	7371	0.00922534255867589	3	Hypoxia	PFA1	PFA1	G1	foreman_821
foreman_821_TGGCTGGAGGCTACGA	2333	9759	0.0403729890357619	3	Hypoxia	PFA1	PFA1	G1	foreman_821
foreman_821_TGGCTGGTCAGTCCCT	400	738	0.111111111111111	8	Neutrophil	PFA1	PFA1	S	foreman_821
foreman_821_TGGGAAGGTCAAGCGA	1333	4547	0.0387068396745107	3	Hypoxia	PFA1	PFA1	S	foreman_821
foreman_821_TGGGAAGTCAGCAACT	2107	8598	0.0377994882530821	3	Hypoxia	PFA1	PFA1	G1	foreman_821
foreman_821_TGGTTAGTCAGTCAGT	860	1948	0.12217659137577	3	Hypoxia	PFA1	PFA1	G1	foreman_821
foreman_821_TGGTTCCAGACTAGGC	3025	12811	0.0372336273514948	5	Undefined M	PFA1	PFA1	G1	foreman_821
foreman_821_TGGTTCCCATTTGCCC	3418	19100	0.0142408376963351	3	Hypoxia	PFA1	PFA1	G1	foreman_821
foreman_821_TGGTTCCTCACGCATA	772	2105	0.19144893111639	3	Hypoxia	PFA1	PFA1	G1	foreman_821
foreman_821_TGGTTCCTCGTGACAT	2035	8523	0.0337909186906019	6	DC	PFA1	PFA1	G1	foreman_821
foreman_821_TGTATTCCAGGAATCG	1116	3809	0.122604358099239	3	Hypoxia	PFA1	PFA1	G1	foreman_821
foreman_821_TGTGGTACACATGACT	806	2258	0.0690876882196634	3	Hypoxia	PFA1	PFA1	G1	foreman_821
foreman_821_TGTGGTACATGACATC	2087	7903	0.0450461849930406	3	Hypoxia	PFA1	PFA1	G1	foreman_821
foreman_821_TGTGGTAGTGACTACT	2308	9336	0.0276349614395887	3	Hypoxia	PFA1	PFA1	G1	foreman_821
foreman_821_TGTGGTAGTTCGCTAA	2377	9329	0.0644227677135813	6	DC	PFA1	PFA1	G2M	foreman_821
foreman_821_TGTGTTTAGTTGAGAT	2463	10770	0.0234911792014856	5	Undefined M	PFA1	PFA1	G1	foreman_821
foreman_821_TGTGTTTTCAGTCAGT	3573	19590	0.0387442572741194	5	Undefined M	PFA1	PFA1	G1	foreman_821
foreman_821_TGTTCCGAGCTAGCCC	619	1629	0.0245549416820135	3	Hypoxia	PFA1	PFA1	G1	foreman_821
foreman_821_TGTTCCGTCGCATGGC	2613	11379	0.0348888303014325	5	Undefined M	PFA1	PFA1	G1	foreman_821
foreman_821_TTAACTCAGAACAACT	746	2895	0.00932642487046632	3	Hypoxia	PFA1	PFA1	G2M	foreman_821
foreman_821_TTAACTCCACACTGCG	2642	14664	0.0270731042007638	3	Hypoxia	PFA1	PFA1	G1	foreman_821
foreman_821_TTAACTCGTAGTAGTA	2412	10555	0.0341070582662245	3	Hypoxia	PFA1	PFA1	G1	foreman_821
foreman_821_TTAGGACAGTTGTCGT	1881	7413	0.0290031026574936	3	Hypoxia	PFA1	PFA1	G1	foreman_821
foreman_821_TTAGGACCACGAAGCA	2306	10808	0.0374722427831236	5	Undefined M	PFA1	PFA1	G1	foreman_821
foreman_821_TTAGGACGTCGCGAAA	2235	7597	0.0798999605107279	4	Mitotic	PFA1	PFA1	G2M	foreman_821
foreman_821_TTAGGCAAGCATGGCA	3840	23040	0.0381510416666667	4	Mitotic	PFA1	PFA1	G1	foreman_821
foreman_821_TTATGCTAGAGGTTGC	2786	10625	0.0383058823529412	4	Mitotic	PFA1	PFA1	G2M	foreman_821
foreman_821_TTCCCAGTCCTTCAAT	1851	7564	0.0309360126916975	3	Hypoxia	PFA1	PFA1	G1	foreman_821
foreman_821_TTCCCAGTCGCCAAAT	2920	16292	0.0203780996808249	3	Hypoxia	PFA1	PFA1	G1	foreman_821
foreman_821_TTCGGTCAGAGAACAG	1943	7397	0.0421792618629174	3	Hypoxia	PFA1	PFA1	G1	foreman_821
foreman_821_TTCTACAAGAATAGGG	2613	10053	0.0239729433999801	5	Undefined M	PFA1	PFA1	S	foreman_821
foreman_821_TTCTACACAAGGTTCT	684	1892	0.204016913319239	8	Neutrophil	PFA1	PFA1	G2M	foreman_821
foreman_821_TTCTCAATCTATCGCC	1874	7840	0.0182397959183673	3	Hypoxia	PFA1	PFA1	G1	foreman_821
foreman_821_TTCTCCTAGACCTTTG	807	1986	0.0931520644511581	8	Neutrophil	PFA1	PFA1	G1	foreman_821
foreman_821_TTCTCCTTCCTCCTAG	2408	8962	0.0614818120955144	5	Undefined M	PFA1	PFA1	G1	foreman_821
foreman_821_TTGACTTGTAGAGCTG	889	2756	0.0460812772133527	3	Hypoxia	PFA1	PFA1	G2M	foreman_821
foreman_821_TTGACTTGTAGCAAAT	1089	2987	0.133578841647138	7	Alternative M2	PFA1	PFA1	S	foreman_821
foreman_821_TTGACTTGTCTGATCA	2860	15234	0.0338716029933045	3	Hypoxia	PFA1	PFA1	S	foreman_821
foreman_821_TTGCCGTCAGATCCAT	3209	16246	0.0600147728671673	5	Undefined M	PFA1	PFA1	G1	foreman_821
foreman_821_TTGCCGTTCTTGAGAC	633	1400	0.168571428571429	3	Hypoxia	PFA1	PFA1	G1	foreman_821
foreman_821_TTGGAACTCCGAACGC	578	1497	0.280561122244489	3	Hypoxia	PFA1	PFA1	S	foreman_821
foreman_821_TTGTAGGCAACTGGCC	3191	17492	0.0487079807912188	3	Hypoxia	PFA1	PFA1	G1	foreman_821
foreman_821_TTGTAGGCACATGGGA	3308	16540	0.0352478839177751	4	Mitotic	PFA1	PFA1	G2M	foreman_821
foreman_821_TTGTAGGGTGCGCTTG	767	3035	0.0787479406919275	3	Hypoxia	PFA1	PFA1	S	foreman_821
foreman_821_TTTACTGAGACTACAA	1517	3990	0.0829573934837093	5	Undefined M	PFA1	PFA1	S	foreman_821
foreman_821_TTTACTGAGATATACG	2431	13325	0.0170356472795497	3	Hypoxia	PFA1	PFA1	G1	foreman_821
foreman_821_TTTACTGCATCTGGTA	449	776	0.0373711340206186	8	Neutrophil	PFA1	PFA1	S	foreman_821
foreman_821_TTTACTGGTGTAATGA	2471	8711	0.0542991619791069	4	Mitotic	PFA1	PFA1	G2M	foreman_821
foreman_821_TTTCCTCGTGTTTGTG	2020	8321	0.0260785963225574	3	Hypoxia	PFA1	PFA1	G1	foreman_821
foreman_821_TTTGCGCGTGCTTCTC	2641	10743	0.0834031462347575	5	Undefined M	PFA1	PFA1	G1	foreman_821
foreman_821_TTTGGTTTCACAGTAC	1939	7648	0.0300732217573222	3	Hypoxia	PFA1	PFA1	G1	foreman_821
foreman_821_TTTGTCAGTTCCATGA	946	3310	0.0202416918429003	3	Hypoxia	PFA1	PFA1	G2M	foreman_821
foreman_821_TTTGTCATCTCGATGA	1439	5724	0.023759608665269	3	Hypoxia	PFA1	PFA1	G1	foreman_821
foreman_839_AGTGAGGCATTACGAC	268	476	0.0399159663865546	2	Classical M1	PFA1	PFA1	G1	foreman_839
foreman_839_CAAGTTGCACTAAGTC	872	2788	0.0347919655667145	3	Hypoxia	PFA1	PFA1	G1	foreman_839
foreman_839_TTTGTCACAATGGACG	1497	5101	0.0854734365810625	3	Hypoxia	PFA1	PFA1	G1	foreman_839
foreman_848_AGGTCATGTCAAACTC	381	972	0.0308641975308642	3	Hypoxia	PFA1	PFA1	G1	foreman_848
foreman_848_CGAGCACAGATGCCTT	545	1112	0.154676258992806	3	Hypoxia	PFA1	PFA1	G1	foreman_848
foreman_848_CGCCAAGAGGCATTGG	952	2376	0.0774410774410774	8	Neutrophil	PFA1	PFA1	G1	foreman_848
foreman_848_CTAGCCTCACAACGCC	402	914	0.0339168490153173	3	Hypoxia	PFA1	PFA1	G1	foreman_848
foreman_848_CTCATTAAGATGTGTA	1287	3116	0.14987163029525	3	Hypoxia	PFA1	PFA1	G1	foreman_848
foreman_848_GGAGCAATCGCGTTTC	370	904	0.038716814159292	3	Hypoxia	PFA1	PFA1	G2M	foreman_848
foreman_848_GGATGTTGTCTGGTCG	800	1906	0.0876180482686254	3	Hypoxia	PFA1	PFA1	G1	foreman_848
foreman_848_GGTATTGGTCTTCAAG	791	2070	0.0468599033816425	3	Hypoxia	PFA1	PFA1	G2M	foreman_848
foreman_848_GTGTGCGCATGCGCAC	439	1221	0.27027027027027	3	Hypoxia	PFA1	PFA1	G1	foreman_848
foreman_848_TATCAGGAGGTTACCT	1168	3374	0.10284528749259	3	Hypoxia	PFA1	PFA1	G1	foreman_848
foreman_859_AGCGTCGAGAGCTATA	485	986	0.00101419878296146	3	Hypoxia	PFA1	PFA1	G2M	foreman_859
foreman_859_AGGTCATGTCAAACTC	487	1199	0.0216847372810676	3	Hypoxia	PFA1	PFA1	G1	foreman_859
foreman_859_AGGTCCGTCCCGGATG	273	424	0.0613207547169811	8	Neutrophil	PFA1	PFA1	G1	foreman_859
foreman_859_CAGCATAGTGGGTATG	1363	4486	0.0624164065983058	8	Neutrophil	PFA1	PFA1	G1	foreman_859
foreman_859_CGAGAAGTCAGTCAGT	1332	3630	0.0360881542699725	3	Hypoxia	PFA1	PFA1	G1	foreman_859
foreman_859_CGTTCTGAGTCATCCA	383	658	0.0653495440729483	2	Classical M1	PFA1	PFA1	G1	foreman_859
foreman_859_CTACACCAGTAGATGT	462	748	0.191176470588235	3	Hypoxia	PFA1	PFA1	G1	foreman_859
foreman_859_GACGTTAAGCGTGAAC	673	1360	0.261764705882353	3	Hypoxia	PFA1	PFA1	G1	foreman_859
foreman_859_GGAGCAATCGCGTTTC	381	1087	0.0303587856485741	3	Hypoxia	PFA1	PFA1	G1	foreman_859
foreman_859_TCGCGAGGTCCAGTAT	743	1527	0.292730844793713	2	Classical M1	PFA1	PFA1	G2M	foreman_859
foreman_859_TTAGGCAGTACAAGTA	382	925	0.00324324324324324	3	Hypoxia	PFA1	PFA1	G1	foreman_859
foreman_871_AACACGTGTCTCGTTC	714	1957	0.0710270822687787	8	Neutrophil	PFA1	PFA1	G2M	foreman_871
foreman_871_AGGTCATGTCAAACTC	1679	9021	0.0202859993348853	3	Hypoxia	PFA1	PFA1	G1	foreman_871
foreman_871_AGGTCCGTCCCGGATG	1226	3310	0.0619335347432024	3	Hypoxia	PFA1	PFA1	G1	foreman_871
foreman_871_CAGCCGACACAGACTT	333	627	0.00637958532695375	2	Classical M1	PFA1	PFA1	G1	foreman_871
foreman_871_CAGTCCTCATCTACGA	316	480	0.025	3	Hypoxia	PFA1	PFA1	G1	foreman_871
foreman_871_CGTTCTGAGTCATCCA	767	1621	0.0666255397902529	5	Undefined M	PFA1	PFA1	G1	foreman_871
foreman_871_GGAGCAATCGCGTTTC	1426	7913	0.0324782004296727	3	Hypoxia	PFA1	PFA1	G1	foreman_871
foreman_871_GTGCAGCTCTTGTCAT	2296	6685	0.099925205684368	5	Undefined M	PFA1	PFA1	G1	foreman_871
foreman_871_TGGTTCCCAAGCGCTC	230	314	0.127388535031847	2	Classical M1	PFA1	PFA1	G2M	foreman_871
foreman_871_TTGCCGTGTATGAAAC	337	855	0.205847953216374	3	Hypoxia	PFA1	PFA1	G2M	foreman_871
foreman_897_AGTGAGGCATTACGAC	439	871	0.0218140068886338	2	Classical M1	PFA2	PFA2	S	foreman_897
foreman_911_AGTGAGGCATTACGAC	342	618	0.0469255663430421	2	Classical M1	PFA2	PFA2	G1	foreman_911
foreman_911_ATCCACCCAGCGTTCG	667	1582	0.194690265486726	8	Neutrophil	PFA2	PFA2	G1	foreman_911
foreman_928_AAGACCTCACAAGTAA	992	2372	0.16610455311973	6	DC	PFA1	PFA1	G1	foreman_928
foreman_928_AATCGGTGTACTTGAC	1005	2579	0.0186118650639783	3	Hypoxia	PFA1	PFA1	G1	foreman_928
foreman_928_AGTGAGGCATTACGAC	2275	9986	0.0360504706589225	3	Hypoxia	PFA1	PFA1	G1	foreman_928
foreman_928_CGGACGTCACCTCGTT	1299	3856	0.0625	3	Hypoxia	PFA1	PFA1	G1	foreman_928
foreman_928_TTTGCGCGTCTCCATC	242	335	0.128358208955224	3	Hypoxia	PFA1	PFA1	G2M	foreman_928
foreman_930_ACCAGTAAGAAGGACA	1693	4755	0.058254468980021	3	Hypoxia	PFA2	PFA2	G1	foreman_930
foreman_930_AGTGAGGCATTACGAC	299	547	0.0274223034734918	2	Classical M1	PFA2	PFA2	G1	foreman_930
foreman_930_GCATGCGGTGTTGGGA	552	1173	0.138959931798806	3	Hypoxia	PFA2	PFA2	G1	foreman_930
foreman_965_AAGACCTTCCCGACTT	1560	5167	0.0609638087865299	8	Neutrophil	PFA2	PFA2	G1	foreman_965
foreman_965_ACCGTAAAGCAATCTC	1409	4796	0.0715179316096747	8	Neutrophil	PFA2	PFA2	G1	foreman_965
foreman_965_AGACGTTGTGAGTGAC	1482	4143	0.0403089548636254	8	Neutrophil	PFA2	PFA2	G1	foreman_965
foreman_965_AGAGCGACATCGTCGG	1818	6923	0.0447782753141702	8	Neutrophil	PFA2	PFA2	G1	foreman_965
foreman_965_AGCTTGACACCGAAAG	1029	2693	0.107686594875603	8	Neutrophil	PFA2	PFA2	G1	foreman_965
foreman_965_AGGCCGTCAATGAAAC	1423	4035	0.0666666666666667	8	Neutrophil	PFA2	PFA2	G1	foreman_965
foreman_965_CAGCTAAAGCCGTCGT	1572	4853	0.0455388419534309	8	Neutrophil	PFA2	PFA2	G1	foreman_965
foreman_965_CATCCACTCATATCGG	364	1117	0.285586392121755	3	Hypoxia	PFA2	PFA2	S	foreman_965
foreman_965_CCTCAGTCAACACCCG	412	954	0.163522012578616	2	Classical M1	PFA2	PFA2	G1	foreman_965
foreman_965_CCTTTCTAGCGCCTTG	494	903	0.0387596899224806	8	Neutrophil	PFA2	PFA2	G1	foreman_965
foreman_965_CGCTTCATCAGGTTCA	1705	5408	0.0501109467455621	8	Neutrophil	PFA2	PFA2	G1	foreman_965
foreman_965_CGGACACTCTTGACGA	1702	5554	0.0183651422398272	2	Classical M1	PFA2	PFA2	G1	foreman_965
foreman_965_CGGCTAGTCAACGCTA	1663	6430	0.0258164852255054	6	DC	PFA2	PFA2	G1	foreman_965
foreman_965_CTCAGAAAGTGCAAGC	605	1408	0.0738636363636364	2	Classical M1	PFA2	PFA2	G1	foreman_965
foreman_965_CTCCTAGAGCCCAGCT	2031	7811	0.0500576110613238	8	Neutrophil	PFA2	PFA2	S	foreman_965
foreman_965_GACTAACGTGGACGAT	544	1043	0.205177372962608	2	Classical M1	PFA2	PFA2	G1	foreman_965
foreman_965_GCATACATCTAGCACA	519	981	0.220183486238532	2	Classical M1	PFA2	PFA2	S	foreman_965
foreman_965_GCGCGATGTCGATTGT	631	1243	0.128720836685438	2	Classical M1	PFA2	PFA2	G1	foreman_965
foreman_965_GGAACTTTCCAGAGGA	817	1961	0.0479347271800102	2	Classical M1	PFA2	PFA2	G1	foreman_965
foreman_965_GTACGTAAGGGTCTCC	539	1268	0.230283911671924	2	Classical M1	PFA2	PFA2	G1	foreman_965
foreman_965_GTACGTAGTGGTACAG	1624	4909	0.03401914850275	0	Microglial	PFA2	PFA2	G1	foreman_965
foreman_965_GTCGTAAGTTAAAGTG	459	869	0.253164556962025	2	Classical M1	PFA2	PFA2	G1	foreman_965
foreman_965_TACCTATCACGGATAG	458	796	0.0891959798994975	2	Classical M1	PFA2	PFA2	G1	foreman_965
foreman_965_TACCTATCAGGGATTG	2269	8957	0.0169699676230881	6	DC	PFA2	PFA2	S	foreman_965
foreman_965_TACGGATAGAGAGCTC	797	1568	0.138392857142857	6	DC	PFA2	PFA2	G1	foreman_965
foreman_965_TACTCATCACGTTGGC	560	1258	0.127186009538951	2	Classical M1	PFA2	PFA2	G2M	foreman_965
foreman_965_TAGTTGGGTCGAGTTT	1870	6371	0.0277821378119604	6	DC	PFA2	PFA2	S	foreman_965
foreman_965_TCAACGAGTACGCTGC	1216	4103	0.0329027540823787	2	Classical M1	PFA2	PFA2	G1	foreman_965
foreman_965_TCTATTGAGAAACCTA	290	578	0.273356401384083	2	Classical M1	PFA2	PFA2	G1	foreman_965
foreman_965_TCTGGAAGTGACGCCT	1047	2890	0.0612456747404844	2	Classical M1	PFA2	PFA2	G1	foreman_965
foreman_965_TGCCAAAAGAGCCCAA	1308	3395	0.218556701030928	11	Contaminating Tumor cells	PFA2	PFA2	G1	foreman_965
foreman_965_TGCTGCTAGAGGACGG	742	1405	0.122419928825623	2	Classical M1	PFA2	PFA2	G1	foreman_965
foreman_965_TGGCGCAGTCGCTTTC	378	1070	0.136448598130841	2	Classical M1	PFA2	PFA2	G1	foreman_965
foreman_965_TGGGCGTCATCGTCGG	731	1670	0.189820359281437	2	Classical M1	PFA2	PFA2	G1	foreman_965
foreman_965_TGTGGTAAGGCTACGA	1588	4948	0.0525464834276475	8	Neutrophil	PFA2	PFA2	G1	foreman_965
foreman_965_TTATGCTTCGTAGATC	432	655	0.0977099236641221	2	Classical M1	PFA2	PFA2	S	foreman_965
foreman_987_ACTATTCAGCCTCGTG	751	1464	0.244535519125683	2	Classical M1	PFA2	PFA2	G1	foreman_987
foreman_987_CATTCCGGTACAAAGT	1786	4230	0.0560283687943262	8	Neutrophil	PFA2	PFA2	G2M	foreman_987
foreman_1010_AAATGGAGTCCTGTCT	1231	2781	0.22581805106077	3	Hypoxia	PFA1	PFA1	G2M	foreman_1010
foreman_1010_AAGCGAGGTCGAGCAA	2805	14142	0.0546598783764673	3	Hypoxia	PFA1	PFA1	G1	foreman_1010
foreman_1010_ACATCGAGTTCTCACC	3961	19845	0.0353741496598639	4	Mitotic	PFA1	PFA1	G2M	foreman_1010
foreman_1010_ACGTCCTGTTCGTGCG	3977	17214	0.183048681305914	3	Hypoxia	PFA1	PFA1	G1	foreman_1010
foreman_1010_AGTTCCCCAAGTTCGT	688	1372	0.021865889212828	3	Hypoxia	PFA1	PFA1	G1	foreman_1010
foreman_1010_ATCACAGAGGAAGAAC	4377	23067	0.112585078250314	3	Hypoxia	PFA1	PFA1	S	foreman_1010
foreman_1010_ATCCCTGAGTGCTAGG	2542	10141	0.141208953752095	3	Hypoxia	PFA1	PFA1	G1	foreman_1010
foreman_1010_CCACACTGTCGGTGAA	4640	19490	0.296357106208312	4	Mitotic	PFA1	PFA1	S	foreman_1010
foreman_1010_CGATGGCTCAAGGCTT	3404	13420	0.0524590163934426	3	Hypoxia	PFA1	PFA1	G2M	foreman_1010
foreman_1010_CTACATTTCTGCGGCA	4542	31965	0.00613170655404349	3	Hypoxia	PFA1	PFA1	G1	foreman_1010
foreman_1010_CTCCTTTCATCAGCTA	4889	25633	0.0849685951702883	4	Mitotic	PFA1	PFA1	G1	foreman_1010
foreman_1010_GACAGCCGTTAAGTCC	3711	15249	0.273067086366319	3	Hypoxia	PFA1	PFA1	G1	foreman_1010
foreman_1010_GACTATGCAACAAGTA	927	1428	0.0469187675070028	2	Classical M1	PFA1	PFA1	G1	foreman_1010
foreman_1010_GGCAGTCGTTCGGCGT	2971	7393	0.0129852563235493	3	Hypoxia	PFA1	PFA1	G1	foreman_1010
foreman_1010_GTAGTACCAATTGCGT	869	1812	0.07560706401766	3	Hypoxia	PFA1	PFA1	G1	foreman_1010
foreman_1010_GTGGTTAAGCTATCTG	3474	20168	0.0416005553351845	3	Hypoxia	PFA1	PFA1	G1	foreman_1010
foreman_1010_GTTAGACCAATGACCT	4867	28997	0.0875952684760492	5	Undefined M	PFA1	PFA1	G2M	foreman_1010
foreman_1010_TACCGGGGTTACAGCT	5780	30737	0.143475290366659	5	Undefined M	PFA1	PFA1	G1	foreman_1010
foreman_1010_TAGTGCAGTGGACTGA	3118	10301	0.263760799922338	3	Hypoxia	PFA1	PFA1	G1	foreman_1010
foreman_1010_TGAGACTGTTCAGGTT	876	3052	0.0337483617300131	3	Hypoxia	PFA1	PFA1	G1	foreman_1010
foreman_1010_TGGCGTGAGTGATAGT	4062	16986	0.129577298952078	5	Undefined M	PFA1	PFA1	G1	foreman_1010
foreman_1010_TGGGAGAGTACTCGTA	2682	8934	0.159950749944034	8	Neutrophil	PFA1	PFA1	G1	foreman_1010
foreman_1010_TGTTACTAGTAGGCCA	1948	7075	0.27660777385159	3	Hypoxia	PFA1	PFA1	G1	foreman_1010
foreman_1010_TTGCTGCGTTCTTGTT	1054	2316	0.053972366148532	3	Hypoxia	PFA1	PFA1	G2M	foreman_1010
foreman_1048_AACAAAGCAATGGCCC	1517	3838	0.169359041167275	3	Hypoxia	PFA1	PFA1	G2M	foreman_1048
foreman_1048_AACAAAGTCACCATCC	3855	17430	0.124440619621343	5	Undefined M	PFA1	PFA1	G1	foreman_1048
foreman_1048_AACAACCAGGGATCGT	5001	27829	0.117682992561716	5	Undefined M	PFA1	PFA1	S	foreman_1048
foreman_1048_AACAACCGTATCGATC	3801	15342	0.0636162169208708	8	Neutrophil	PFA1	PFA1	G1	foreman_1048
foreman_1048_AACCCAAAGTGATTCC	4134	17617	0.0761196571493444	3	Hypoxia	PFA1	PFA1	G1	foreman_1048
foreman_1048_AACCTGAAGTGCTAGG	330	532	0.0451127819548872	2	Classical M1	PFA1	PFA1	G1	foreman_1048
foreman_1048_AACCTTTCACACGTGC	5062	29554	0.102862556675915	5	Undefined M	PFA1	PFA1	G1	foreman_1048
foreman_1048_AACCTTTTCTGCTTAT	2874	11430	0.268066491688539	3	Hypoxia	PFA1	PFA1	G1	foreman_1048
foreman_1048_AACTTCTTCTTGCAGA	2230	7566	0.110229976209358	8	Neutrophil	PFA1	PFA1	G1	foreman_1048
foreman_1048_AAGGTAAGTCCCGCAA	2650	12745	0.0181247548058062	3	Hypoxia	PFA1	PFA1	G1	foreman_1048
foreman_1048_AATGACCGTGGTGATG	1583	4568	0.273423817863398	3	Hypoxia	PFA1	PFA1	G1	foreman_1048
foreman_1048_ACACCAACAGGTGAGT	1450	4338	0.107653296449977	3	Hypoxia	PFA1	PFA1	G2M	foreman_1048
foreman_1048_ACATGCAGTCACTACA	274	511	0.0234833659491194	2	Classical M1	PFA1	PFA1	G1	foreman_1048
foreman_1048_ACGATGTGTATTGACC	4250	23564	0.10677304362587	5	Undefined M	PFA1	PFA1	G1	foreman_1048
foreman_1048_ACGATGTGTCATTGCA	2755	7436	0.113098440021517	3	Hypoxia	PFA1	PFA1	S	foreman_1048
foreman_1048_ACGGTTAGTATTGGCT	5445	37514	0.0606440262302074	6	DC	PFA1	PFA1	G1	foreman_1048
foreman_1048_ACGTAACCATGAAAGT	3616	13427	0.094883443807254	7	Alternative M2	PFA1	PFA1	G1	foreman_1048
foreman_1048_ACGTCCTCATACACCA	4458	25119	0.0852342848043314	3	Hypoxia	PFA1	PFA1	G1	foreman_1048
foreman_1048_ACTATCTAGACATCCT	3699	20535	0.0357438519600682	3	Hypoxia	PFA1	PFA1	G1	foreman_1048
foreman_1048_ACTGTCCCAACCCGCA	4931	28272	0.0543647425014148	3	Hypoxia	PFA1	PFA1	G1	foreman_1048
foreman_1048_ACTTAGGCATCACCAA	296	529	0.0586011342155009	2	Classical M1	PFA1	PFA1	G1	foreman_1048
foreman_1048_ACTTTGTTCGATCCCT	260	532	0.133458646616541	2	Classical M1	PFA1	PFA1	G1	foreman_1048
foreman_1048_AGACTCACAGACAAGC	4056	21591	0.0474271687277106	3	Hypoxia	PFA1	PFA1	G1	foreman_1048
foreman_1048_AGAGCAGCAGGATCTT	2563	10662	0.0583380228850122	5	Undefined M	PFA1	PFA1	G1	foreman_1048
foreman_1048_AGATGCTCAACGGCCT	2030	7262	0.0691269622693473	3	Hypoxia	PFA1	PFA1	S	foreman_1048
foreman_1048_AGCCACGCATCTGGGC	1939	5431	0.111581660835942	3	Hypoxia	PFA1	PFA1	G1	foreman_1048
foreman_1048_AGCGTATCAGACCCGT	3098	9606	0.0923381220070789	3	Hypoxia	PFA1	PFA1	G2M	foreman_1048
foreman_1048_AGGAAATCATGAGAAT	4133	16686	0.207479323984178	3	Hypoxia	PFA1	PFA1	G1	foreman_1048
foreman_1048_AGGACGAGTAAGTCAA	258	544	0.262867647058824	2	Classical M1	PFA1	PFA1	G1	foreman_1048
foreman_1048_AGGATCTTCCCAGGAC	2304	4607	0.0481875406989364	3	Hypoxia	PFA1	PFA1	G2M	foreman_1048
foreman_1048_AGGGTTTAGGTATCTC	4896	24185	0.103245813520777	5	Undefined M	PFA1	PFA1	G1	foreman_1048
foreman_1048_AGTAACCTCGGCTGGT	5560	28856	0.116960077626837	5	Undefined M	PFA1	PFA1	S	foreman_1048
foreman_1048_AGTAGCTTCCTAGCCT	939	2221	0.0396217919855921	3	Hypoxia	PFA1	PFA1	S	foreman_1048
foreman_1048_AGTTAGCGTGTAAACA	4397	20635	0.146450205960746	5	Undefined M	PFA1	PFA1	S	foreman_1048
foreman_1048_ATCCACCGTACCTGTA	2195	6588	0.0396174863387978	3	Hypoxia	PFA1	PFA1	S	foreman_1048
foreman_1048_ATCCCTGCACGTAACT	2045	5712	0.120448179271709	3	Hypoxia	PFA1	PFA1	G1	foreman_1048
foreman_1048_ATCGGATTCTGTCCCA	2597	12666	0.00931627980420022	3	Hypoxia	PFA1	PFA1	G2M	foreman_1048
foreman_1048_ATGCCTCAGGGAGGTG	3916	18267	0.114578201127717	3	Hypoxia	PFA1	PFA1	G1	foreman_1048
foreman_1048_ATGGGAGGTTACGGAG	2087	4688	0.125853242320819	3	Hypoxia	PFA1	PFA1	S	foreman_1048
foreman_1048_ATGGTTGCAGCGAGTA	5230	36883	0.130873302063281	5	Undefined M	PFA1	PFA1	S	foreman_1048
foreman_1048_ATTACTCAGTAAACAC	2377	10242	0.0500878734622144	3	Hypoxia	PFA1	PFA1	G1	foreman_1048
foreman_1048_ATTCATCCAGATTCGT	5209	31650	0.0409478672985782	3	Hypoxia	PFA1	PFA1	G1	foreman_1048
foreman_1048_ATTCTTGCAAAGCAAT	3909	17348	0.110041503343325	3	Hypoxia	PFA1	PFA1	G1	foreman_1048
foreman_1048_ATTTACCAGCGATGCA	4144	20573	0.0942497448111603	5	Undefined M	PFA1	PFA1	G1	foreman_1048
foreman_1048_CAAGGGAGTCATGACT	4432	27654	0.10884501337962	5	Undefined M	PFA1	PFA1	S	foreman_1048
foreman_1048_CACCGTTCAGGCTCTG	5793	39051	0.0531356431333385	4	Mitotic	PFA1	PFA1	S	foreman_1048
foreman_1048_CACGAATCAGGTCAGA	1888	5552	0.24621757925072	3	Hypoxia	PFA1	PFA1	S	foreman_1048
foreman_1048_CACTTCGCAGGACTTT	5002	29380	0.0919673247106875	5	Undefined M	PFA1	PFA1	G1	foreman_1048
foreman_1048_CAGAGCCCATGACACT	3869	13113	0.0837336993822924	7	Alternative M2	PFA1	PFA1	G1	foreman_1048
foreman_1048_CAGGTATTCTCCTACG	5358	33460	0.0874476987447699	4	Mitotic	PFA1	PFA1	S	foreman_1048
foreman_1048_CATTCTACACCTATCC	2046	6742	0.0952239691486206	8	Neutrophil	PFA1	PFA1	G1	foreman_1048
foreman_1048_CATTGAGCACTGCGAC	3170	15511	0.114821739410741	6	DC	PFA1	PFA1	G1	foreman_1048
foreman_1048_CCCTCTCGTTTCGATG	2392	5649	0.0676225880686847	3	Hypoxia	PFA1	PFA1	S	foreman_1048
foreman_1048_CCGGTAGCACATGAAA	261	689	0.011611030478955	2	Classical M1	PFA1	PFA1	G1	foreman_1048
foreman_1048_CCGGTAGTCCGATCTC	3924	22604	0.0366749247920722	3	Hypoxia	PFA1	PFA1	G1	foreman_1048
foreman_1048_CCGTGAGGTCGTCGGT	5322	29674	0.096077374132237	5	Undefined M	PFA1	PFA1	S	foreman_1048
foreman_1048_CCTCAGTCATCAGCGC	2812	11346	0.137493389740878	3	Hypoxia	PFA1	PFA1	G1	foreman_1048
foreman_1048_CCTTGTGCATTGACTG	2020	10222	0.0267071023283115	3	Hypoxia	PFA1	PFA1	G1	foreman_1048
foreman_1048_CGAAGGATCTGGGAGA	4812	23100	0.10030303030303	5	Undefined M	PFA1	PFA1	G2M	foreman_1048
foreman_1048_CGATGGCTCCACTAGA	2519	9147	0.078605007106155	3	Hypoxia	PFA1	PFA1	G1	foreman_1048
foreman_1048_CGCATGGGTTCAACGT	4396	26180	0.0453781512605042	3	Hypoxia	PFA1	PFA1	G1	foreman_1048
foreman_1048_CGGCAGTTCACCATAG	1521	3777	0.0706910246227164	3	Hypoxia	PFA1	PFA1	S	foreman_1048
foreman_1048_CGGGTGTCAATTCACG	322	705	0.0851063829787234	2	Classical M1	PFA1	PFA1	G1	foreman_1048
foreman_1048_CGGTCAGTCTAGATCG	1246	3722	0.113111230521225	3	Hypoxia	PFA1	PFA1	G1	foreman_1048
foreman_1048_CTCAGTCGTACGTAGG	3927	22356	0.1394256575416	3	Hypoxia	PFA1	PFA1	G1	foreman_1048
foreman_1048_CTGAATGAGTGGACGT	2658	11244	0.0667022411953042	6	DC	PFA1	PFA1	S	foreman_1048
foreman_1048_CTGTCGTCATTGGGAG	1879	5100	0.0862745098039216	3	Hypoxia	PFA1	PFA1	G1	foreman_1048
foreman_1048_CTTACCGGTCCAAGAG	4594	21515	0.0702765512433186	4	Mitotic	PFA1	PFA1	G2M	foreman_1048
foreman_1048_CTTCAATTCATCTATC	2681	11304	0.0495399858457183	3	Hypoxia	PFA1	PFA1	G1	foreman_1048
foreman_1048_CTTCTAATCTTAGCAG	3233	9838	0.0138239479569018	3	Hypoxia	PFA1	PFA1	S	foreman_1048
foreman_1048_CTTCTCTTCAGTGTCA	1213	4068	0.240167158308751	3	Hypoxia	PFA1	PFA1	S	foreman_1048
foreman_1048_CTTGATTAGGTCGCCT	4967	27821	0.0746917795909565	5	Undefined M	PFA1	PFA1	G1	foreman_1048
foreman_1048_GACATCATCCTGTTAT	3201	15333	0.0513272027652775	3	Hypoxia	PFA1	PFA1	G1	foreman_1048
foreman_1048_GACCAATTCGCAATGT	5249	25230	0.112802219579865	4	Mitotic	PFA1	PFA1	S	foreman_1048
foreman_1048_GAGGCAAAGGTAGACC	3406	17137	0.072124642586217	3	Hypoxia	PFA1	PFA1	G1	foreman_1048
foreman_1048_GAGTTTGTCAAGAGTA	1253	3386	0.181039574719433	3	Hypoxia	PFA1	PFA1	S	foreman_1048
foreman_1048_GATAGCTCAAGGGCAT	4366	25197	0.032146684129063	3	Hypoxia	PFA1	PFA1	G1	foreman_1048
foreman_1048_GATGACTGTCCGTTTC	5369	36269	0.0944608343213212	5	Undefined M	PFA1	PFA1	S	foreman_1048
foreman_1048_GATGCTATCCGTTGGG	706	1156	0.0614186851211073	3	Hypoxia	PFA1	PFA1	G1	foreman_1048
foreman_1048_GATTCTTTCCACAGGC	247	519	0.0809248554913295	2	Classical M1	PFA1	PFA1	G2M	foreman_1048
foreman_1048_GCATCGGCATGTGTCA	4145	21232	0.114732479276564	5	Undefined M	PFA1	PFA1	G1	foreman_1048
foreman_1048_GCATGATGTCCCGCAA	3700	18869	0.0320101754200011	4	Mitotic	PFA1	PFA1	S	foreman_1048
foreman_1048_GCATTAGAGTCATTGC	5149	32213	0.120075745816906	5	Undefined M	PFA1	PFA1	G1	foreman_1048
foreman_1048_GCCAGTGGTAACATCC	3365	14770	0.0955991875423155	5	Undefined M	PFA1	PFA1	G1	foreman_1048
foreman_1048_GCCCGAAAGTAGTCAA	1522	4814	0.0932696302451184	3	Hypoxia	PFA1	PFA1	S	foreman_1048
foreman_1048_GCTACCTCATTGACCA	3677	14507	0.166678155373268	3	Hypoxia	PFA1	PFA1	G1	foreman_1048
foreman_1048_GCTGCAGTCTACGCGG	2930	11505	0.0875271621034333	8	Neutrophil	PFA1	PFA1	G1	foreman_1048
foreman_1048_GCTGGGTTCTCAGGCG	3350	13226	0.0892938152124603	8	Neutrophil	PFA1	PFA1	G1	foreman_1048
foreman_1048_GCTTGGGTCGTTCTCG	1025	2255	0.0465631929046563	3	Hypoxia	PFA1	PFA1	G1	foreman_1048
foreman_1048_GCTTTCGTCCTAAACG	1985	6390	0.0763693270735524	8	Neutrophil	PFA1	PFA1	G1	foreman_1048
foreman_1048_GGAATCTTCTACCCAC	4684	23196	0.0876013105707881	5	Undefined M	PFA1	PFA1	G1	foreman_1048
foreman_1048_GGAATGGGTCACTTCC	2201	5423	0.189931772081874	3	Hypoxia	PFA1	PFA1	G1	foreman_1048
foreman_1048_GGCGTCACAAGGAGTC	2015	9631	0.0502543868757138	6	DC	PFA1	PFA1	G1	foreman_1048
foreman_1048_GGCGTCATCAAACGTC	5406	29102	0.092880214418253	11	Contaminating Tumor cells	PFA1	PFA1	G1	foreman_1048
foreman_1048_GGCTGTGTCTCAATCT	2056	5372	0.295606850335071	3	Hypoxia	PFA1	PFA1	S	foreman_1048
foreman_1048_GGGACTCGTTCAGTAC	2928	10233	0.0901983777973224	3	Hypoxia	PFA1	PFA1	G1	foreman_1048
foreman_1048_GGGATCCCAAATTAGG	3164	9687	0.117064106534531	5	Undefined M	PFA1	PFA1	G2M	foreman_1048
foreman_1048_GGTGTTACACGGTCTG	3664	17301	0.120166464366222	3	Hypoxia	PFA1	PFA1	G1	foreman_1048
foreman_1048_GGTTGTAGTTACCCAA	1766	4329	0.0688380688380688	4	Mitotic	PFA1	PFA1	S	foreman_1048
foreman_1048_GTACAACCAATCCTAG	2178	6967	0.298550308597675	3	Hypoxia	PFA1	PFA1	G2M	foreman_1048
foreman_1048_GTCGCGAGTCTTCAAG	1734	4354	0.148369315571888	3	Hypoxia	PFA1	PFA1	G2M	foreman_1048
foreman_1048_GTGAGCCGTATTGAGA	3680	22016	0.0561864098837209	3	Hypoxia	PFA1	PFA1	G1	foreman_1048
foreman_1048_GTGAGCCTCGAACGCC	5234	31212	0.108868383954889	3	Hypoxia	PFA1	PFA1	G1	foreman_1048
foreman_1048_GTGATGTAGTCGTCTA	6042	32497	0.108871588146598	5	Undefined M	PFA1	PFA1	G1	foreman_1048
foreman_1048_GTGCACGTCCGATCTC	1799	5641	0.133664243928381	3	Hypoxia	PFA1	PFA1	G1	foreman_1048
foreman_1048_GTGCACGTCTACCACC	3659	17549	0.0894068038064847	3	Hypoxia	PFA1	PFA1	G1	foreman_1048
foreman_1048_GTGGAAGAGTTCAACC	4781	21140	0.0802743614001892	5	Undefined M	PFA1	PFA1	G1	foreman_1048
foreman_1048_GTGGAAGCATACGCAT	278	530	0.0528301886792453	2	Classical M1	PFA1	PFA1	G2M	foreman_1048
foreman_1048_GTTATGGAGCTTCGTA	2815	12249	0.0732304677932892	4	Mitotic	PFA1	PFA1	S	foreman_1048
foreman_1048_GTTCGCTCAGAGGACT	287	513	0.10916179337232	2	Classical M1	PFA1	PFA1	G1	foreman_1048
foreman_1048_GTTGTGAAGGGTAGCT	3678	13196	0.0854804486207942	5	Undefined M	PFA1	PFA1	G1	foreman_1048
foreman_1048_GTTTGGACAATAGAGT	6003	35174	0.109967589696935	4	Mitotic	PFA1	PFA1	S	foreman_1048
foreman_1048_TAACCAGCACATACTG	3286	13783	0.11289269389828	3	Hypoxia	PFA1	PFA1	G1	foreman_1048
foreman_1048_TAACGACAGAGGATGA	541	1026	0.00487329434697856	3	Hypoxia	PFA1	PFA1	G1	foreman_1048
foreman_1048_TAACGACGTTTGGGAG	6004	33983	0.101874466645087	5	Undefined M	PFA1	PFA1	G1	foreman_1048
foreman_1048_TAAGCACCAGTCAACT	271	576	0.0416666666666667	2	Classical M1	PFA1	PFA1	G1	foreman_1048
foreman_1048_TACCCGTCAAATAGCA	4807	19508	0.197406192331351	5	Undefined M	PFA1	PFA1	G2M	foreman_1048
foreman_1048_TACCGAAGTCTGCCTT	2235	6106	0.0895840157222404	8	Neutrophil	PFA1	PFA1	G2M	foreman_1048
foreman_1048_TAGGGTTTCTGTCGCT	2118	7121	0.140148855497823	8	Neutrophil	PFA1	PFA1	G1	foreman_1048
foreman_1048_TATTGCTTCATCCTGC	418	1193	0.209555741827326	3	Hypoxia	PFA1	PFA1	G2M	foreman_1048
foreman_1048_TCAATCTCACCCTTAC	360	797	0.0777917189460477	2	Classical M1	PFA1	PFA1	G1	foreman_1048
foreman_1048_TCAATTCAGAAACTGT	1864	7971	0.0145527537322795	3	Hypoxia	PFA1	PFA1	G1	foreman_1048
foreman_1048_TCACAAGAGCATCAGG	3621	17321	0.0923734195485249	3	Hypoxia	PFA1	PFA1	S	foreman_1048
foreman_1048_TCACGCTCACCGGAAA	2748	9931	0.125969187393012	5	Undefined M	PFA1	PFA1	S	foreman_1048
foreman_1048_TCACGCTGTCTGTAGT	4570	21609	0.0944513859965755	3	Hypoxia	PFA1	PFA1	G1	foreman_1048
foreman_1048_TCATACTAGGCGTTAG	1061	3355	0.19344262295082	3	Hypoxia	PFA1	PFA1	S	foreman_1048
foreman_1048_TCATCATTCTGGAGAG	4263	24706	0.123735125070833	4	Mitotic	PFA1	PFA1	G2M	foreman_1048
foreman_1048_TCCACGTCATGCAGGA	2579	10411	0.0727115550859668	8	Neutrophil	PFA1	PFA1	G1	foreman_1048
foreman_1048_TCCGGGATCCATTTAC	3012	12570	0.220286396181384	4	Mitotic	PFA1	PFA1	G2M	foreman_1048
foreman_1048_TCGAACAAGGATCATA	4503	25080	0.0879186602870813	3	Hypoxia	PFA1	PFA1	G1	foreman_1048
foreman_1048_TCGGGTGCAGATGCGA	4346	20062	0.12112451400658	3	Hypoxia	PFA1	PFA1	G1	foreman_1048
foreman_1048_TCTCCGACACTCTCGT	3380	12056	0.0878400796284008	8	Neutrophil	PFA1	PFA1	G1	foreman_1048
foreman_1048_TCTGCCAAGTACGTCT	2830	11754	0.100051046452272	3	Hypoxia	PFA1	PFA1	G1	foreman_1048
foreman_1048_TGACCCTAGCTCAGAG	1727	3954	0.0495700556398584	3	Hypoxia	PFA1	PFA1	G1	foreman_1048
foreman_1048_TGACCCTCAGTCACGC	2878	14624	0.0402078774617068	5	Undefined M	PFA1	PFA1	G1	foreman_1048
foreman_1048_TGAGGGACACGACGAA	3922	18870	0.132379438261791	5	Undefined M	PFA1	PFA1	S	foreman_1048
foreman_1048_TGAGGTTCACACAGCC	2815	12914	0.0776676475143255	3	Hypoxia	PFA1	PFA1	G1	foreman_1048
foreman_1048_TGCACGGCAGATTCGT	3696	18745	0.0226193651640437	5	Undefined M	PFA1	PFA1	G1	foreman_1048
foreman_1048_TGCAGATTCAGACCGC	3173	16391	0.0366054542126777	3	Hypoxia	PFA1	PFA1	G1	foreman_1048
foreman_1048_TGCAGTACAAATCAAG	2056	7314	0.183893902105551	3	Hypoxia	PFA1	PFA1	G1	foreman_1048
foreman_1048_TGCGATAAGCAGGGAG	3422	13895	0.0826196473551637	3	Hypoxia	PFA1	PFA1	G1	foreman_1048
foreman_1048_TGCTTGCGTCAATGGG	1955	6422	0.202429149797571	3	Hypoxia	PFA1	PFA1	G1	foreman_1048
foreman_1048_TGGAGAGTCGGTGAAG	2493	10770	0.0895078922934076	3	Hypoxia	PFA1	PFA1	G1	foreman_1048
foreman_1048_TGGGAGAAGCTAGAAT	3938	21462	0.117836175566117	5	Undefined M	PFA1	PFA1	G2M	foreman_1048
foreman_1048_TGGGCTGAGGTGCAGT	3443	17238	0.145028425571412	5	Undefined M	PFA1	PFA1	G1	foreman_1048
foreman_1048_TGGGTTATCACACCCT	1182	3240	0.105864197530864	3	Hypoxia	PFA1	PFA1	G1	foreman_1048
foreman_1048_TGGTAGTAGACTACCT	2033	5972	0.047722705961152	3	Hypoxia	PFA1	PFA1	G1	foreman_1048
foreman_1048_TGTAGACAGTACGTCT	5508	30456	0.0920344102968216	4	Mitotic	PFA1	PFA1	S	foreman_1048
foreman_1048_TGTCCACCAAGAATAC	3457	16930	0.0676314235085647	3	Hypoxia	PFA1	PFA1	G1	foreman_1048
foreman_1048_TGTGATGAGTAGAATC	2379	9404	0.0762441514249256	8	Neutrophil	PFA1	PFA1	G1	foreman_1048
foreman_1048_TGTGCGGCAACCGATT	2996	10929	0.149876475432336	3	Hypoxia	PFA1	PFA1	G1	foreman_1048
foreman_1048_TGTGCGGCAAGTTCCA	3438	12009	0.121575485052877	3	Hypoxia	PFA1	PFA1	G1	foreman_1048
foreman_1048_TTACCGCCATGTCGTA	4224	23330	0.0320617231033005	3	Hypoxia	PFA1	PFA1	G1	foreman_1048
foreman_1048_TTCAATCTCCCAGGAC	4304	24929	0.0581651891371495	5	Undefined M	PFA1	PFA1	G1	foreman_1048
foreman_1048_TTCAATCTCCTTACCG	3699	18820	0.0875132837407014	3	Hypoxia	PFA1	PFA1	G1	foreman_1048
foreman_1048_TTCCTTCGTCTTCCGT	6721	43975	0.0840932347924957	4	Mitotic	PFA1	PFA1	S	foreman_1048
foreman_1048_TTCTAACAGGGCAGTT	4833	27785	0.107360086377542	3	Hypoxia	PFA1	PFA1	G1	foreman_1048
foreman_1048_TTCTAGTGTCTTACAG	3381	13251	0.0541091238397102	3	Hypoxia	PFA1	PFA1	S	foreman_1048
foreman_1048_TTGACCCTCATTGCTT	6049	34032	0.0909438175834509	5	Undefined M	PFA1	PFA1	S	foreman_1048
foreman_1048_TTGTGGAAGCGCCCAT	742	2157	0.0704682429299954	3	Hypoxia	PFA1	PFA1	G1	foreman_1048
foreman_1048_TTGTTGTAGCTCCATA	2492	10985	0.0584433318161129	3	Hypoxia	PFA1	PFA1	G1	foreman_1048
foreman_1048_TTGTTGTAGGCTCAAG	4662	20722	0.0851269182511341	5	Undefined M	PFA1	PFA1	G1	foreman_1048
foreman_1048_TTTACGTAGACATCAA	1643	5865	0.156521739130435	3	Hypoxia	PFA1	PFA1	S	foreman_1048
foreman_1048_TTTGACTTCTGTACAG	5087	27775	0.0708910891089109	3	Hypoxia	PFA1	PFA1	G1	foreman_1048
foreman_1067_AACTTCTTCGTTCTCG	1570	3410	0.0906158357771261	8	Neutrophil	PFB	PFA2	G2M	foreman_1067
foreman_1067_AAGAACATCACTGATG	2447	9164	0.0991924923614142	8	Neutrophil	PFB	PFA2	S	foreman_1067
foreman_1067_AAGATAGAGGGATCAC	2131	5761	0.0932129838569693	8	Neutrophil	PFB	PFA2	G1	foreman_1067
foreman_1067_AAGTGAATCACACCCT	2404	6515	0.088871834228703	8	Neutrophil	PFB	PFA2	G1	foreman_1067
foreman_1067_AATCGACGTAGCTGAG	2082	5312	0.106362951807229	8	Neutrophil	PFB	PFA2	G1	foreman_1067
foreman_1067_ACCCTTGGTGGCTGAA	1770	5490	0.257741347905282	3	Hypoxia	PFB	PFA2	G1	foreman_1067
foreman_1067_ACGTTCCAGTCATGGG	2229	6735	0.141945063103192	8	Neutrophil	PFB	PFA2	G1	foreman_1067
foreman_1067_AGAGCAGAGAGTGGCT	1073	1989	0.0849673202614379	3	Hypoxia	PFB	PFA2	G1	foreman_1067
foreman_1067_AGCGTCGAGTCAACAA	451	672	0.068452380952381	8	Neutrophil	PFB	PFA2	S	foreman_1067
foreman_1067_AGGCTGCCAGAATCGG	964	2050	0.166829268292683	3	Hypoxia	PFB	PFA2	S	foreman_1067
foreman_1067_ATGCCTCCAGTTTCAG	1863	4943	0.114909973700182	3	Hypoxia	PFB	PFA2	G1	foreman_1067
foreman_1067_ATTACTCTCCAAATGC	1979	5048	0.119849445324881	3	Hypoxia	PFB	PFA2	G1	foreman_1067
foreman_1067_ATTCCATTCCAGTACA	1866	4861	0.11643694713022	8	Neutrophil	PFB	PFA2	G1	foreman_1067
foreman_1067_ATTTCACTCTGTAAGC	1582	3575	0.108531468531469	8	Neutrophil	PFB	PFA2	G1	foreman_1067
foreman_1067_CAATGACGTCCAGCAC	1669	4192	0.156965648854962	8	Neutrophil	PFB	PFA2	G2M	foreman_1067
foreman_1067_CAGTGCGCATGAAGCG	913	2097	0.198378636146876	3	Hypoxia	PFB	PFA2	G1	foreman_1067
foreman_1067_CAGTGCGGTACGACAG	2278	6446	0.0971144896059572	8	Neutrophil	PFB	PFA2	G1	foreman_1067
foreman_1067_CATCGCTTCTCATGGA	1869	6115	0.103025347506132	3	Hypoxia	PFB	PFA2	S	foreman_1067
foreman_1067_CATGGTACAAAGGGTC	1561	3525	0.0780141843971631	8	Neutrophil	PFB	PFA2	S	foreman_1067
foreman_1067_CCAAGCGGTGCATCTA	1112	2668	0.035232383808096	3	Hypoxia	PFB	PFA2	G1	foreman_1067
foreman_1067_CCGAACGTCTTGGCTC	1598	4223	0.130475964953824	3	Hypoxia	PFB	PFA2	G2M	foreman_1067
foreman_1067_CCGATGGTCCCTGGTT	2110	5665	0.120741394527802	8	Neutrophil	PFB	PFA2	G1	foreman_1067
foreman_1067_CCGGGTACATCGTGGC	2079	7239	0.0218262190910347	3	Hypoxia	PFB	PFA2	G1	foreman_1067
foreman_1067_CCGGGTAGTTACGGAG	1890	5734	0.11056853854203	8	Neutrophil	PFB	PFA2	G1	foreman_1067
foreman_1067_CCGTTCAAGCTCTTCC	3100	10411	0.0909614830467775	5	Undefined M	PFB	PFA2	G1	foreman_1067
foreman_1067_CCTCCTCGTTCGTTCC	1972	5535	0.0233062330623306	3	Hypoxia	PFB	PFA2	G1	foreman_1067
foreman_1067_CGATCGGTCGAACGGA	2037	7016	0.0900798175598632	3	Hypoxia	PFB	PFA2	G1	foreman_1067
foreman_1067_CGGAACCTCAAGAAAC	1599	4397	0.246531726176939	3	Hypoxia	PFB	PFA2	G1	foreman_1067
foreman_1067_CGGACACAGCCTCGTG	1773	4701	0.0980642416507126	8	Neutrophil	PFB	PFA2	G1	foreman_1067
foreman_1067_CGGACACGTATCGCGC	2072	5850	0.13982905982906	8	Neutrophil	PFB	PFA2	G2M	foreman_1067
foreman_1067_CGGAGAACATGACGGA	2337	7146	0.0846627483907081	8	Neutrophil	PFB	PFA2	G1	foreman_1067
foreman_1067_CGTAGTACAGACCAGA	2049	6498	0.114804555247769	5	Undefined M	PFB	PFA2	G1	foreman_1067
foreman_1067_CTACTATGTGGTTTAC	1693	5486	0.202515493984688	3	Hypoxia	PFB	PFA2	G1	foreman_1067
foreman_1067_CTAGGTAGTCTCTCAC	1995	6290	0.100158982511924	3	Hypoxia	PFB	PFA2	G1	foreman_1067
foreman_1067_CTATCTACACACCTGG	2271	6055	0.10074318744839	8	Neutrophil	PFB	PFA2	G1	foreman_1067
foreman_1067_CTCAATTTCATTTGCT	1919	4571	0.199956245898053	3	Hypoxia	PFB	PFA2	G1	foreman_1067
foreman_1067_CTCAGTCCATCCTGTC	2515	7045	0.0821859474804826	8	Neutrophil	PFB	PFA2	G1	foreman_1067
foreman_1067_CTCATCGGTTGGCCGT	1858	4945	0.11587462082912	5	Undefined M	PFB	PFA2	S	foreman_1067
foreman_1067_CTCATTACAATAGAGT	1308	3110	0.232797427652733	8	Neutrophil	PFB	PFA2	G1	foreman_1067
foreman_1067_CTCTCGAGTGAAGCGT	2276	7078	0.123057360836394	3	Hypoxia	PFB	PFA2	G1	foreman_1067
foreman_1067_CTGCAGGGTCGAACAG	1384	3341	0.246632744687219	8	Neutrophil	PFB	PFA2	G1	foreman_1067
foreman_1067_CTGTAGAGTGAACGGT	2473	8110	0.098766954377312	3	Hypoxia	PFB	PFA2	G1	foreman_1067
foreman_1067_CTGTCGTAGATTGAGT	1174	2763	0.221860296778864	3	Hypoxia	PFB	PFA2	G1	foreman_1067
foreman_1067_CTTTCAAGTCTACGTA	2226	6775	0.137564575645756	3	Hypoxia	PFB	PFA2	G1	foreman_1067
foreman_1067_GAAGCGATCGTTGTAG	1754	4251	0.145848035756293	3	Hypoxia	PFB	PFA2	G1	foreman_1067
foreman_1067_GACCTTCCAACGGTAG	2271	7002	0.107540702656384	8	Neutrophil	PFB	PFA2	G1	foreman_1067
foreman_1067_GATCACAGTCTACATG	2222	6117	0.0854994278240968	8	Neutrophil	PFB	PFA2	G1	foreman_1067
foreman_1067_GATCATGGTACTCAAC	1596	4413	0.25039655563109	3	Hypoxia	PFB	PFA2	G1	foreman_1067
foreman_1067_GATGATCCACCGGCTA	1897	4684	0.0809137489325363	3	Hypoxia	PFB	PFA2	S	foreman_1067
foreman_1067_GATTCGACATCGCCTT	2268	5679	0.161648177496038	3	Hypoxia	PFB	PFA2	S	foreman_1067
foreman_1067_GCACTAAAGGTTATAG	2383	7177	0.0762156890065487	5	Undefined M	PFB	PFA2	G1	foreman_1067
foreman_1067_GCATGATCAAGTTGGG	2667	9111	0.145318845351773	4	Mitotic	PFB	PFA2	S	foreman_1067
foreman_1067_GCCATGGGTCGTACAT	2155	5471	0.136355328093584	8	Neutrophil	PFB	PFA2	G1	foreman_1067
foreman_1067_GCCCAGAGTTCCACGG	2277	6799	0.128989557287836	8	Neutrophil	PFB	PFA2	G1	foreman_1067
foreman_1067_GCCGTGACAATTTCCT	2740	9436	0.123145400593472	5	Undefined M	PFB	PFA2	G1	foreman_1067
foreman_1067_GCGTTTCAGCACTCAT	2198	6518	0.0946609389383246	3	Hypoxia	PFB	PFA2	G1	foreman_1067
foreman_1067_GCGTTTCCAAGACGAC	2090	6384	0.167919799498747	3	Hypoxia	PFB	PFA2	S	foreman_1067
foreman_1067_GGAACCCGTTTGAACC	1581	4807	0.147285209070106	3	Hypoxia	PFB	PFA2	G1	foreman_1067
foreman_1067_GGAAGTGAGATTGTGA	1968	5570	0.0628366247755835	3	Hypoxia	PFB	PFA2	S	foreman_1067
foreman_1067_GGAATGGTCGTCAGAT	1951	5041	0.167427097798056	8	Neutrophil	PFB	PFA2	G1	foreman_1067
foreman_1067_GGCGTCATCTACACAG	1590	3910	0.146291560102302	8	Neutrophil	PFB	PFA2	G1	foreman_1067
foreman_1067_GGGTTATTCCATCACC	1835	4904	0.0970636215334421	3	Hypoxia	PFB	PFA2	G1	foreman_1067
foreman_1067_GGTGGCTGTTCCAGGC	2037	5616	0.131410256410256	7	Alternative M2	PFB	PFA2	G1	foreman_1067
foreman_1067_GGTGTTACAAAGACGC	2125	6399	0.129551492420691	3	Hypoxia	PFB	PFA2	G1	foreman_1067
foreman_1067_GTAAGTCGTGATCGTT	805	1385	0.114801444043321	8	Neutrophil	PFB	PFA2	G1	foreman_1067
foreman_1067_GTAGATCAGATTGATG	2191	7571	0.123233390569278	3	Hypoxia	PFB	PFA2	G1	foreman_1067
foreman_1067_GTAGGAGGTACGAGCA	2458	9672	0.201923076923077	3	Hypoxia	PFB	PFA2	G1	foreman_1067
foreman_1067_GTAGTACAGACAAGCC	1789	6385	0.283946750195771	4	Mitotic	PFB	PFA2	G2M	foreman_1067
foreman_1067_GTAGTACAGCGTGTTT	2671	8749	0.16184706823637	5	Undefined M	PFB	PFA2	G1	foreman_1067
foreman_1067_GTCCACTGTTAAGAAC	3904	16167	0.116719242902208	5	Undefined M	PFB	PFA2	S	foreman_1067
foreman_1067_GTCTACCGTCAAGGCA	2124	6410	0.120748829953198	4	Mitotic	PFB	PFA2	S	foreman_1067
foreman_1067_GTCTACCTCCGCTGTT	3078	10728	0.0820283370618941	5	Undefined M	PFB	PFA2	G1	foreman_1067
foreman_1067_GTGGAGACATGCTGCG	2368	7118	0.089491430177016	8	Neutrophil	PFB	PFA2	G1	foreman_1067
foreman_1067_GTGGTTAAGCGTACAG	2063	5693	0.121728438433164	7	Alternative M2	PFB	PFA2	G1	foreman_1067
foreman_1067_GTGGTTATCTTAGCAG	2023	5231	0.120053527050277	8	Neutrophil	PFB	PFA2	G1	foreman_1067
foreman_1067_GTTACAGGTATGACAA	2163	6108	0.10347085789129	8	Neutrophil	PFB	PFA2	G1	foreman_1067
foreman_1067_GTTAGTGGTGTTGATC	1975	5379	0.0888641011340398	5	Undefined M	PFB	PFA2	G1	foreman_1067
foreman_1067_TAACACGGTGAATTGA	1524	3709	0.216770018873012	7	Alternative M2	PFB	PFA2	G1	foreman_1067
foreman_1067_TAACTTCCAAAGGGCT	1028	2300	0.257391304347826	8	Neutrophil	PFB	PFA2	G2M	foreman_1067
foreman_1067_TAAGCCACACTATCGA	2607	8024	0.0869890329012961	8	Neutrophil	PFB	PFA2	G1	foreman_1067
foreman_1067_TACATTCGTGGTAACG	2412	7091	0.149344239176421	5	Undefined M	PFB	PFA2	G2M	foreman_1067
foreman_1067_TACGGTAAGACATCCT	1328	3367	0.232254232254232	8	Neutrophil	PFB	PFA2	G1	foreman_1067
foreman_1067_TAGTGCATCCTCCACA	1723	4274	0.138511932615817	8	Neutrophil	PFB	PFA2	G1	foreman_1067
foreman_1067_TATCTGTGTCGGTACC	2717	9403	0.131234712325853	5	Undefined M	PFB	PFA2	G1	foreman_1067
foreman_1067_TATTGGGTCGCAGATT	2370	9266	0.260954025469458	5	Undefined M	PFB	PFA2	S	foreman_1067
foreman_1067_TCAAGCATCCCGAACG	2518	8330	0.198919567827131	3	Hypoxia	PFB	PFA2	G1	foreman_1067
foreman_1067_TCAATCTAGGCACGAT	2000	5270	0.0755218216318786	8	Neutrophil	PFB	PFA2	G1	foreman_1067
foreman_1067_TCACACCAGACATAGT	2038	5185	0.109161041465767	8	Neutrophil	PFB	PFA2	S	foreman_1067
foreman_1067_TCATGCCTCGTTCGCT	3797	13810	0.145257060101376	5	Undefined M	PFB	PFA2	S	foreman_1067
foreman_1067_TCCATCGGTCATGGCC	2469	8221	0.115436078335969	5	Undefined M	PFB	PFA2	G1	foreman_1067
foreman_1067_TCCGTGTCACCAGCTG	902	2130	0.265727699530516	8	Neutrophil	PFB	PFA2	G1	foreman_1067
foreman_1067_TCCTCCCAGCGCTTCG	1971	6252	0.174984005118362	3	Hypoxia	PFB	PFA2	G1	foreman_1067
foreman_1067_TCGCACTAGGATGCGT	2111	6441	0.108834031982611	3	Hypoxia	PFB	PFA2	G1	foreman_1067
foreman_1067_TCGCAGGAGTCAGGGT	1068	2699	0.134864764727677	8	Neutrophil	PFB	PFA2	G1	foreman_1067
foreman_1067_TCGGGACTCAGAGTGG	1973	6549	0.0853565429836616	6	DC	PFB	PFA2	G1	foreman_1067
foreman_1067_TCGGGTGGTCTTTCTA	2013	6093	0.0989660265878877	3	Hypoxia	PFB	PFA2	G1	foreman_1067
foreman_1067_TCGTGGGCAACCGACC	2169	6210	0.110466988727858	3	Hypoxia	PFB	PFA2	G1	foreman_1067
foreman_1067_TCGTGGGGTCCAAATC	2320	7289	0.14240636575662	3	Hypoxia	PFB	PFA2	G1	foreman_1067
foreman_1067_TCTATCAGTTTAGACC	998	2280	0.142543859649123	3	Hypoxia	PFB	PFA2	G1	foreman_1067
foreman_1067_TCTGGCTAGGTCATCT	2069	6034	0.103579714948624	3	Hypoxia	PFB	PFA2	G1	foreman_1067
foreman_1067_TCTTAGTTCTTAGCAG	428	656	0.0899390243902439	2	Classical M1	PFB	PFA2	G2M	foreman_1067
foreman_1067_TCTTGCGTCTTTGGAG	344	635	0.289763779527559	3	Hypoxia	PFB	PFA2	G2M	foreman_1067
foreman_1067_TCTTTGATCTTGGTGA	2441	7374	0.115269867100624	3	Hypoxia	PFB	PFA2	G1	foreman_1067
foreman_1067_TGAGCATAGTATGATG	1670	5430	0.0716390423572744	3	Hypoxia	PFB	PFA2	S	foreman_1067
foreman_1067_TGAGCGCTCCCTCAAC	2166	6270	0.114992025518341	8	Neutrophil	PFB	PFA2	G1	foreman_1067
foreman_1067_TGATCAGGTCATCAGT	1505	4119	0.286962855061908	3	Hypoxia	PFB	PFA2	G1	foreman_1067
foreman_1067_TGATCTTTCGGACAAG	2150	5773	0.101333795253768	8	Neutrophil	PFB	PFA2	G1	foreman_1067
foreman_1067_TGCATGACAGAGATGC	2058	5696	0.0916432584269663	3	Hypoxia	PFB	PFA2	G1	foreman_1067
foreman_1067_TGCGACGCAGGCAATG	2656	9349	0.148892929725104	3	Hypoxia	PFB	PFA2	S	foreman_1067
foreman_1067_TGCTCCAAGATAACAC	3008	10498	0.118308249190322	3	Hypoxia	PFB	PFA2	G1	foreman_1067
foreman_1067_TGGTTAGCAGCTAACT	2089	5508	0.081517792302106	8	Neutrophil	PFB	PFA2	G1	foreman_1067
foreman_1067_TGTAAGCAGGTTGGTG	3851	16213	0.125269845185962	5	Undefined M	PFB	PFA2	G1	foreman_1067
foreman_1067_TGTTACTCACTACCGG	2287	6374	0.0820520866018199	8	Neutrophil	PFB	PFA2	G1	foreman_1067
foreman_1067_TGTTTGTCATGACCCG	1323	4452	0.00965858041329739	3	Hypoxia	PFB	PFA2	G1	foreman_1067
foreman_1067_TTACGCCGTGAGGAAA	2518	8119	0.133513979554132	5	Undefined M	PFB	PFA2	S	foreman_1067
foreman_1067_TTAGGGTCAGAACGCA	2330	7505	0.152831445702865	3	Hypoxia	PFB	PFA2	G1	foreman_1067
foreman_1067_TTCTTCCGTTTACACG	1947	5578	0.12621011115095	8	Neutrophil	PFB	PFA2	G1	foreman_1067
foreman_1067_TTCTTGAAGCCGCTTG	1878	5903	0.207691004573945	3	Hypoxia	PFB	PFA2	G1	foreman_1067
foreman_1067_TTCTTGAGTAGCTAAA	2255	7252	0.162437948152234	3	Hypoxia	PFB	PFA2	G1	foreman_1067
foreman_1067_TTCTTGAGTGGTATGG	2245	7109	0.0528907019271346	3	Hypoxia	PFB	PFA2	G1	foreman_1067
foreman_1067_TTGACCCTCCGAAATC	1369	3175	0.294803149606299	4	Mitotic	PFB	PFA2	S	foreman_1067
foreman_1067_TTGTGGATCGTCTACC	2147	5716	0.10776766969909	7	Alternative M2	PFB	PFA2	G1	foreman_1067
foreman_1067_TTGTGTTCAGTGTACT	1414	3847	0.106576553158305	3	Hypoxia	PFB	PFA2	S	foreman_1067
foreman_1101_CCATGTCTCGTCGTTC	404	797	0.268506900878294	2	Classical M1	PFA2	PFA1	G1	foreman_1101
foreman_1101_CTGTTTAGTTATCCGA	545	1122	0.254901960784314	2	Classical M1	PFA2	PFA1	G1	foreman_1101
foreman_1101_GCCAAATCAGGTGCCT	1635	5635	0.0553682342502218	8	Neutrophil	PFA2	PFA1	G1	foreman_1101
foreman_1101_GGGAGATGTTAAGATG	1741	5544	0.0423881673881674	8	Neutrophil	PFA2	PFA1	G1	foreman_1101
foreman_1101_TAGTGGTCAAGCGTAG	965	2074	0.161041465766635	3	Hypoxia	PFA2	PFA1	G1	foreman_1101
foreman_1185_AAAGTGATCGTCCTCA	3121	12144	0.0996376811594203	8	Neutrophil	YAP	YAP	G1	foreman_1185
foreman_1185_AACCATGAGCGTATGG	2295	8072	0.0593409316154609	3	Hypoxia	YAP	YAP	G1	foreman_1185
foreman_1185_AACGAAAAGGGTGGGA	3987	19312	0.0415285832642916	3	Hypoxia	YAP	YAP	G1	foreman_1185
foreman_1185_AAGAACAAGGCATCAG	3100	14360	0.00821727019498607	3	Hypoxia	YAP	YAP	G1	foreman_1185
foreman_1185_AAGCGTTCAATGCTCA	4668	29517	0.00870684690178541	4	Mitotic	YAP	YAP	G2M	foreman_1185
foreman_1185_AAGTGAAAGCGATGCA	4044	15807	0.044916809008667	5	Undefined M	YAP	YAP	G1	foreman_1185
foreman_1185_AATCACGGTGTTAAAG	1159	2331	0.145431145431145	3	Hypoxia	YAP	YAP	G1	foreman_1185
foreman_1185_AATGAAGAGCAGGTCA	3594	16941	0.0985774157369695	6	DC	YAP	YAP	G1	foreman_1185
foreman_1185_AATGGCTCACAACGCC	2587	10449	0.0854627237056178	8	Neutrophil	YAP	YAP	G1	foreman_1185
foreman_1185_AATTCCTTCGACGATT	2345	7305	0.0123203285420945	5	Undefined M	YAP	YAP	G1	foreman_1185
foreman_1185_ACAAAGACACTGTTCC	5271	26701	0.00404479232987529	5	Undefined M	YAP	YAP	G1	foreman_1185
foreman_1185_ACAACCACACCAGCCA	2485	10123	0.00740887088807666	3	Hypoxia	YAP	YAP	G1	foreman_1185
foreman_1185_ACACCAAAGTATTCCG	506	988	0.229757085020243	3	Hypoxia	YAP	YAP	G1	foreman_1185
foreman_1185_ACAGCCGGTACAGTAA	4774	22650	0.00565121412803532	3	Hypoxia	YAP	YAP	G1	foreman_1185
foreman_1185_ACAGCCGGTATTCTCT	342	568	0.188380281690141	2	Classical M1	YAP	YAP	G1	foreman_1185
foreman_1185_ACGATGTCATGAGTAA	3428	11130	0.0123989218328841	3	Hypoxia	YAP	YAP	G1	foreman_1185
foreman_1185_ACGGTTACAGTCGGTC	2491	6996	0.00786163522012579	3	Hypoxia	YAP	YAP	G1	foreman_1185
foreman_1185_ACGTAACCACGGTGTC	833	1791	0.0067001675041876	3	Hypoxia	YAP	YAP	G1	foreman_1185
foreman_1185_ACGTACACAGCTACAT	3577	17987	0.0964585533996775	8	Neutrophil	YAP	YAP	G1	foreman_1185
foreman_1185_ACGTCCTCATCTCGTC	798	1598	0.155819774718398	3	Hypoxia	YAP	YAP	G1	foreman_1185
foreman_1185_ACTGATGAGAGCCATG	4587	24748	0.0197591724583805	4	Mitotic	YAP	YAP	S	foreman_1185
foreman_1185_ACTTCCGTCAAGCGTT	2163	7369	0.0975709051431673	8	Neutrophil	YAP	YAP	G1	foreman_1185
foreman_1185_ACTTTGTCACGGAAGT	3842	16101	0.0546549903732687	5	Undefined M	YAP	YAP	G1	foreman_1185
foreman_1185_AGAAGTAGTAGGTGCA	2074	6514	0.0819772797052502	8	Neutrophil	YAP	YAP	G1	foreman_1185
foreman_1185_AGAGCAGCACACAGCC	1203	4041	0.175699084385053	3	Hypoxia	YAP	YAP	G1	foreman_1185
foreman_1185_AGATCGTCACGACTAT	4145	27079	0.0117434174083238	3	Hypoxia	YAP	YAP	G1	foreman_1185
foreman_1185_AGCATCAAGCTCAGAG	1247	3451	0.0191248913358447	3	Hypoxia	YAP	YAP	G1	foreman_1185
foreman_1185_AGCATCACAGCGGTCT	3343	18076	0.0792210666076566	3	Hypoxia	YAP	YAP	G1	foreman_1185
foreman_1185_AGCGTATAGGTTAGTA	1550	6695	0.0328603435399552	3	Hypoxia	YAP	YAP	G1	foreman_1185
foreman_1185_AGGAATATCGACACCG	3512	10806	0.00499722376457524	3	Hypoxia	YAP	YAP	G1	foreman_1185
foreman_1185_AGGTTGTTCACGATAC	1769	7849	0.0104471907249331	3	Hypoxia	YAP	YAP	G1	foreman_1185
foreman_1185_AGTACTGGTTAGAAGT	4631	21056	0.0665843465045593	4	Mitotic	YAP	YAP	S	foreman_1185
foreman_1185_AGTCACACAGCTACTA	2943	14623	0.0187376051425836	5	Undefined M	YAP	YAP	G1	foreman_1185
foreman_1185_AGTTAGCCAGGAGGAG	3887	13677	0.0106017401476932	5	Undefined M	YAP	YAP	G1	foreman_1185
foreman_1185_ATCAGGTAGACGAGCT	1030	2161	0.184636742248959	3	Hypoxia	YAP	YAP	G1	foreman_1185
foreman_1185_ATCGGCGTCAGCAGAG	403	646	0.0773993808049536	2	Classical M1	YAP	YAP	G1	foreman_1185
foreman_1185_ATCTCTATCACGATAC	4144	14771	0.0125245413309864	3	Hypoxia	YAP	YAP	G1	foreman_1185
foreman_1185_ATGCCTCTCGTACACA	5267	28503	0.00670104901238466	3	Hypoxia	YAP	YAP	S	foreman_1185
foreman_1185_ATGGAGGCACAGACGA	2383	8982	0.132041861500779	8	Neutrophil	YAP	YAP	G1	foreman_1185
foreman_1185_ATGGATCCATCCGGTG	2429	6644	0.0078266104756171	3	Hypoxia	YAP	YAP	S	foreman_1185
foreman_1185_ATGGGTTTCCATCACC	1574	3669	0.0618697192695557	3	Hypoxia	YAP	YAP	G1	foreman_1185
foreman_1185_ATGTCCCAGACCAGCA	3244	13891	0.0971852278453675	8	Neutrophil	YAP	YAP	G1	foreman_1185
foreman_1185_ATTACTCCAATCGTCA	1155	2962	0.00911546252532073	3	Hypoxia	YAP	YAP	G2M	foreman_1185
foreman_1185_ATTCCATTCCATCTAT	3469	20249	0.00207417650254334	3	Hypoxia	YAP	YAP	S	foreman_1185
foreman_1185_CAACAACCATAACAGA	849	1893	0.000528262017960909	3	Hypoxia	YAP	YAP	G1	foreman_1185
foreman_1185_CAACCTCGTAGGAGTC	1902	5706	0.0380301437083771	3	Hypoxia	YAP	YAP	G1	foreman_1185
foreman_1185_CAACGGCGTCGAATTC	1892	6521	0.0138015641772734	3	Hypoxia	YAP	YAP	G1	foreman_1185
foreman_1185_CAACGGCTCTAAGCGT	5235	26148	0.0346106776808934	4	Mitotic	YAP	YAP	S	foreman_1185
foreman_1185_CAATTTCAGGCCTTCG	3091	10862	0.0241207880684957	3	Hypoxia	YAP	YAP	G1	foreman_1185
foreman_1185_CACGGGTGTGAGACCA	2687	8521	0.0895434808121112	8	Neutrophil	YAP	YAP	G1	foreman_1185
foreman_1185_CACTGAATCTACCAGA	1145	4166	0.00600096015362458	3	Hypoxia	YAP	YAP	S	foreman_1185
foreman_1185_CACTGTCCAATGCAGG	2053	4659	0.229877656149388	3	Hypoxia	YAP	YAP	S	foreman_1185
foreman_1185_CAGCAGCGTCGCATTA	2999	13524	0.105885832593907	3	Hypoxia	YAP	YAP	G1	foreman_1185
foreman_1185_CAGCCAGAGGACCCAA	4048	16881	0.0449025531662816	5	Undefined M	YAP	YAP	G1	foreman_1185
foreman_1185_CAGCCAGTCCTAACAG	335	558	0.0268817204301075	2	Classical M1	YAP	YAP	G2M	foreman_1185
foreman_1185_CAGCGTGGTGTAGGAC	3755	15496	0.0331053175012907	4	Mitotic	YAP	YAP	S	foreman_1185
foreman_1185_CAGGTATTCGATACAC	2335	7497	0.027077497665733	8	Neutrophil	YAP	YAP	G1	foreman_1185
foreman_1185_CATACTTTCGTTTACT	1640	4544	0.14612676056338	3	Hypoxia	YAP	YAP	G1	foreman_1185
foreman_1185_CATCCCATCGGCACTG	1830	5532	0.00542299349240781	3	Hypoxia	YAP	YAP	G1	foreman_1185
foreman_1185_CATCGCTGTCAATCTG	2116	6506	0.0262834306793729	3	Hypoxia	YAP	YAP	G1	foreman_1185
foreman_1185_CATTCATTCCACTTTA	3982	16348	0.00825789087350135	3	Hypoxia	YAP	YAP	G1	foreman_1185
foreman_1185_CATTCTATCTGGTGGC	4641	16547	0.0126306883422977	5	Undefined M	YAP	YAP	G1	foreman_1185
foreman_1185_CATTGTTTCTCGTCAC	2717	12211	0.0335762836786504	3	Hypoxia	YAP	YAP	G1	foreman_1185
foreman_1185_CCAAGCGGTCCATACA	2630	5742	0.0388366422849181	5	Undefined M	YAP	YAP	S	foreman_1185
foreman_1185_CCAAGCGGTTACGCCG	3697	10230	0.0156402737047898	3	Hypoxia	YAP	YAP	S	foreman_1185
foreman_1185_CCACCATAGTTCAACC	5109	26724	0.0443421643466547	4	Mitotic	YAP	YAP	G2M	foreman_1185
foreman_1185_CCACGTTTCACAACCA	1235	3367	0.0210870210870211	3	Hypoxia	YAP	YAP	G1	foreman_1185
foreman_1185_CCACGTTTCTCGGCTT	531	1118	0.23345259391771	2	Classical M1	YAP	YAP	S	foreman_1185
foreman_1185_CCACTTGGTTCTCTAT	2092	7381	0.128031432055277	8	Neutrophil	YAP	YAP	G1	foreman_1185
foreman_1185_CCACTTGTCATGTCAG	2710	13164	0.00387420237010027	3	Hypoxia	YAP	YAP	G1	foreman_1185
foreman_1185_CCCGGAAAGCCTCCAG	477	800	0.14	3	Hypoxia	YAP	YAP	G1	foreman_1185
foreman_1185_CCCGGAACACATGACT	2903	10652	0.129459256477657	3	Hypoxia	YAP	YAP	G1	foreman_1185
foreman_1185_CCGGACATCATAGCAC	4594	28230	0.0319872476089267	5	Undefined M	YAP	YAP	G1	foreman_1185
foreman_1185_CCGGTAGTCTTTCGAT	5865	42003	0.0620193795681261	5	Undefined M	YAP	YAP	G1	foreman_1185
foreman_1185_CCTAACCTCGGCTTCT	950	1819	0.136888400219901	3	Hypoxia	YAP	YAP	G1	foreman_1185
foreman_1185_CCTCATGCAAGAGTTA	3281	17790	0.0675098369870714	3	Hypoxia	YAP	YAP	G1	foreman_1185
foreman_1185_CCTTCAGGTCTCGACG	4648	27443	0.0065226105017673	5	Undefined M	YAP	YAP	S	foreman_1185
foreman_1185_CGAAGGACAGATTCGT	1079	3551	0.0306955787102225	3	Hypoxia	YAP	YAP	G1	foreman_1185
foreman_1185_CGAAGTTAGGTCTGGA	3046	12613	0.00792832791564259	3	Hypoxia	YAP	YAP	G1	foreman_1185
foreman_1185_CGACAGCGTGGCCTCA	3006	12694	0.0240270994170474	3	Hypoxia	YAP	YAP	G1	foreman_1185
foreman_1185_CGAGTTACACTGCATA	2852	12007	0.00199883401349213	3	Hypoxia	YAP	YAP	G1	foreman_1185
foreman_1185_CGATGCGGTCACTCTC	1589	4561	0.209822407366806	4	Mitotic	YAP	YAP	G1	foreman_1185
foreman_1185_CGCATAAAGGGCGAAG	1986	7777	0.00385752861000386	3	Hypoxia	YAP	YAP	G1	foreman_1185
foreman_1185_CGCGTGATCCCACAGG	3037	10305	0.0914119359534207	3	Hypoxia	YAP	YAP	G1	foreman_1185
foreman_1185_CGGAATTGTTTATGCG	2540	8086	0.0793964877566164	3	Hypoxia	YAP	YAP	G1	foreman_1185
foreman_1185_CGGCAGTAGTCAATCC	1764	4846	0.0321914981427982	3	Hypoxia	YAP	YAP	G1	foreman_1185
foreman_1185_CGTGATACACAAGTGG	4923	25617	0.0124917047273295	3	Hypoxia	YAP	YAP	G1	foreman_1185
foreman_1185_CGTGTCTTCTTCGTGC	3617	15762	0.00272808019286893	4	Mitotic	YAP	YAP	S	foreman_1185
foreman_1185_CGTTCTGTCCATTTAC	3013	12267	0.0106790576343034	3	Hypoxia	YAP	YAP	G1	foreman_1185
foreman_1185_CTACAGAAGTAACGAT	4023	21335	0.0453245840168737	3	Hypoxia	YAP	YAP	G1	foreman_1185
foreman_1185_CTACATTGTCTGCAAT	2379	7868	0.0809608540925267	3	Hypoxia	YAP	YAP	G1	foreman_1185
foreman_1185_CTATAGGTCATCGGGC	2119	7959	0.0919713531850735	5	Undefined M	YAP	YAP	G1	foreman_1185
foreman_1185_CTCACTGAGCCACAAG	505	1015	0.155665024630542	3	Hypoxia	YAP	YAP	G2M	foreman_1185
foreman_1185_CTCAGAAAGCACTCCG	4777	22237	0.00436209920402932	3	Hypoxia	YAP	YAP	G1	foreman_1185
foreman_1185_CTCATTAGTTATCCAG	2085	5569	0.0499191955467768	3	Hypoxia	YAP	YAP	G1	foreman_1185
foreman_1185_CTCCAACCACAATCTG	3044	11202	0.0839135868594894	3	Hypoxia	YAP	YAP	G1	foreman_1185
foreman_1185_CTCCAACTCATGTCTT	1580	3671	0.128030509397984	3	Hypoxia	YAP	YAP	G1	foreman_1185
foreman_1185_CTCCCTCTCCGATGTA	3036	12031	0.130163743662206	8	Neutrophil	YAP	YAP	G1	foreman_1185
foreman_1185_CTGAATGAGGTAAAGG	4810	28863	0.0146207947891765	5	Undefined M	YAP	YAP	G1	foreman_1185
foreman_1185_CTGCTCAAGTTGGAGC	4706	25604	0.089751601312295	5	Undefined M	YAP	YAP	G1	foreman_1185
foreman_1185_CTGTGGGCATGGAACG	3684	17507	0.0153652824584452	3	Hypoxia	YAP	YAP	G1	foreman_1185
foreman_1185_CTTAGGAAGGGAGAAT	4736	22929	0.0331457978978586	3	Hypoxia	YAP	YAP	G1	foreman_1185
foreman_1185_CTTCTCTTCACACCGG	3422	15429	0.0162680666277789	3	Hypoxia	YAP	YAP	G1	foreman_1185
foreman_1185_GAAATGAAGAAGTCAT	3619	17809	0.0731091021393677	4	Mitotic	YAP	YAP	G2M	foreman_1185
foreman_1185_GAAGGGTTCCGTATAG	3068	14891	0.0271304814988919	3	Hypoxia	YAP	YAP	G1	foreman_1185
foreman_1185_GAAGTAACACGCCACA	1672	3678	0.0348015225666123	3	Hypoxia	YAP	YAP	G2M	foreman_1185
foreman_1185_GAATCGTGTGCTCCGA	887	3426	0.00262697022767075	3	Hypoxia	YAP	YAP	G1	foreman_1185
foreman_1185_GAATCGTGTGTAGCAG	2912	12272	0.142193611473273	8	Neutrophil	YAP	YAP	G1	foreman_1185
foreman_1185_GACGCTGAGGCCGCTT	367	789	0.00380228136882129	3	Hypoxia	YAP	YAP	S	foreman_1185
foreman_1185_GACTGATAGTACTGTC	2465	7503	0.0647740903638545	8	Neutrophil	YAP	YAP	G1	foreman_1185
foreman_1185_GAGATGGTCATACGAC	2687	11226	0.0396401211473365	3	Hypoxia	YAP	YAP	G1	foreman_1185
foreman_1185_GAGGGTACACGGTGAA	872	2747	0.186021113942483	3	Hypoxia	YAP	YAP	G1	foreman_1185
foreman_1185_GAGTCATTCCAACCGG	606	1139	0.168568920105356	3	Hypoxia	YAP	YAP	G1	foreman_1185
foreman_1185_GAGTGAGAGGTCACAG	3118	12742	0.0893109401977712	8	Neutrophil	YAP	YAP	G1	foreman_1185
foreman_1185_GATAGCTTCGGAACTT	1771	10412	0.00931617364579332	3	Hypoxia	YAP	YAP	G1	foreman_1185
foreman_1185_GATCGTATCCGTACGG	2702	14627	0.0100499077049292	3	Hypoxia	YAP	YAP	G1	foreman_1185
foreman_1185_GATGACTAGCGTGCCT	3530	17767	0.00714808352563742	3	Hypoxia	YAP	YAP	G1	foreman_1185
foreman_1185_GATGACTGTTTCTTAC	1688	5074	0.243397713835238	3	Hypoxia	YAP	YAP	G1	foreman_1185
foreman_1185_GATTTCTGTTCGGTTA	4035	15535	0.0482780817508851	5	Undefined M	YAP	YAP	G1	foreman_1185
foreman_1185_GCAACATGTCCCAAAT	1858	4257	0.0251350716466996	3	Hypoxia	YAP	YAP	G1	foreman_1185
foreman_1185_GCACGTGCAAGCGCAA	5792	34767	0.0415336382201513	5	Undefined M	YAP	YAP	G1	foreman_1185
foreman_1185_GCACGTGTCCTCTCTT	4525	29134	0.0587286332120546	5	Undefined M	YAP	YAP	G1	foreman_1185
foreman_1185_GCCAGGTCATGTTTGG	3181	10909	0.103125859382162	8	Neutrophil	YAP	YAP	G1	foreman_1185
foreman_1185_GCCGTGATCATCGACA	3581	15840	0.0474747474747475	5	Undefined M	YAP	YAP	G1	foreman_1185
foreman_1185_GCGAGAACACCCTGTT	542	944	0.0233050847457627	3	Hypoxia	YAP	YAP	G1	foreman_1185
foreman_1185_GCGATCGTCCAGTTCC	2177	6862	0.155056834742058	3	Hypoxia	YAP	YAP	G1	foreman_1185
foreman_1185_GCGTTTCGTGGTCTGC	1860	5973	0.150343211116692	8	Neutrophil	YAP	YAP	G1	foreman_1185
foreman_1185_GGAGGTAGTGTTCCAA	1680	4919	0.133563732465948	3	Hypoxia	YAP	YAP	G1	foreman_1185
foreman_1185_GGCAGTCAGGTGAGCT	3516	14086	0.0305267641629987	3	Hypoxia	YAP	YAP	G1	foreman_1185
foreman_1185_GGCTGTGAGATTAGTG	2637	10282	0.0301497763081113	3	Hypoxia	YAP	YAP	G1	foreman_1185
foreman_1185_GGGATCCAGCATCAGG	3332	14712	0.0037384448069603	3	Hypoxia	YAP	YAP	G1	foreman_1185
foreman_1185_GGGCTCAAGTCACTCA	5384	29045	0.0546393527285247	5	Undefined M	YAP	YAP	G1	foreman_1185
foreman_1185_GGGCTCAGTCAGCGTC	2593	10052	0.0199960206923995	5	Undefined M	YAP	YAP	G1	foreman_1185
foreman_1185_GGTAATCCAAGTAGTA	1748	4772	0.0917854149203688	3	Hypoxia	YAP	YAP	G1	foreman_1185
foreman_1185_GGTTAACAGTGAGCCA	1267	5544	0.00234487734487734	3	Hypoxia	YAP	YAP	G1	foreman_1185
foreman_1185_GGTTAACTCGGTCACG	350	632	0.0158227848101266	3	Hypoxia	YAP	YAP	G2M	foreman_1185
foreman_1185_GTACAACAGAAACTCA	1875	5299	0.0494432911870164	3	Hypoxia	YAP	YAP	G1	foreman_1185
foreman_1185_GTATTGGCACGAAGAC	2525	9915	0.00423600605143722	3	Hypoxia	YAP	YAP	G1	foreman_1185
foreman_1185_GTCCACTTCATGGTAC	579	1099	0.140127388535032	3	Hypoxia	YAP	YAP	G1	foreman_1185
foreman_1185_GTCTAGACATGGCACC	2329	8432	0.132352941176471	3	Hypoxia	YAP	YAP	G1	foreman_1185
foreman_1185_GTCTTTAGTGCAACAG	2674	11220	0.0540998217468806	3	Hypoxia	YAP	YAP	G1	foreman_1185
foreman_1185_GTGAGGAGTATGTGTC	4216	22662	0.0841055511428824	3	Hypoxia	YAP	YAP	S	foreman_1185
foreman_1185_GTGGAGACACGGCTAC	3522	13686	0.00299576209264942	5	Undefined M	YAP	YAP	G1	foreman_1185
foreman_1185_GTGGCGTTCGATACAC	4767	32157	0.0523369717324377	3	Hypoxia	YAP	YAP	S	foreman_1185
foreman_1185_GTTACAGGTATGGTTC	4332	29132	0.0133186873541123	3	Hypoxia	YAP	YAP	G1	foreman_1185
foreman_1185_GTTACGAAGTTACTCG	3452	11976	0.115063460253841	3	Hypoxia	YAP	YAP	G1	foreman_1185
foreman_1185_GTTCGCTTCGCAATGT	3082	10566	0.0623698656066629	3	Hypoxia	YAP	YAP	G1	foreman_1185
foreman_1185_GTTGAACAGGCTCCCA	1500	2743	0.00947867298578199	3	Hypoxia	YAP	YAP	G1	foreman_1185
foreman_1185_GTTGCGGCATGGCCCA	888	3088	0.000323834196891192	3	Hypoxia	YAP	YAP	G1	foreman_1185
foreman_1185_GTTGCTCTCTTCGTAT	571	1093	0.182067703568161	3	Hypoxia	YAP	YAP	G1	foreman_1185
foreman_1185_GTTGTCCGTATCGAAA	1319	3093	0.00161655350792111	3	Hypoxia	YAP	YAP	G1	foreman_1185
foreman_1185_TAACTTCTCTTCTAAC	3959	14663	0.0268703539521244	3	Hypoxia	YAP	YAP	S	foreman_1185
foreman_1185_TAATTCCAGGAGTCTG	1901	7487	0.0228395886202751	5	Undefined M	YAP	YAP	G1	foreman_1185
foreman_1185_TACAGGTTCGGAGCAA	2181	7103	0.0211178375334366	3	Hypoxia	YAP	YAP	G1	foreman_1185
foreman_1185_TACCCACCAACAGCCC	456	881	0.242905788876277	3	Hypoxia	YAP	YAP	G2M	foreman_1185
foreman_1185_TACCTGCGTGTTGAGG	4713	29030	0.128522218394764	5	Undefined M	YAP	YAP	G1	foreman_1185
foreman_1185_TACGCTCCAATTTCGG	449	765	0.198692810457516	3	Hypoxia	YAP	YAP	S	foreman_1185
foreman_1185_TAGACCAGTGCATCTA	1931	6877	0.054820415879017	3	Hypoxia	YAP	YAP	G1	foreman_1185
foreman_1185_TAGACTGGTAAGACCG	3740	18933	0.157027412454445	5	Undefined M	YAP	YAP	G1	foreman_1185
foreman_1185_TATACCTCATGGCCCA	3261	14838	0.0506806847284001	8	Neutrophil	YAP	YAP	G1	foreman_1185
foreman_1185_TATCCTATCGGTAGGA	3623	12911	0.0979784679730462	3	Hypoxia	YAP	YAP	G1	foreman_1185
foreman_1185_TATCGCCCAACAGCTT	4671	26667	0.0289871376607792	5	Undefined M	YAP	YAP	G1	foreman_1185
foreman_1185_TCAAGCACAGGCATGA	1049	2477	0.0302785627775535	3	Hypoxia	YAP	YAP	G1	foreman_1185
foreman_1185_TCAAGTGTCGTAGTGT	1966	6265	0.168555466879489	8	Neutrophil	YAP	YAP	G1	foreman_1185
foreman_1185_TCACGGGAGGCGAACT	5420	32393	0.0612786713178773	5	Undefined M	YAP	YAP	G1	foreman_1185
foreman_1185_TCAGGTAGTCGCTTAA	1162	1969	0.0685627221940071	3	Hypoxia	YAP	YAP	G2M	foreman_1185
foreman_1185_TCAGTCCGTCATGCAT	4940	27853	0.00484687466341148	5	Undefined M	YAP	YAP	G1	foreman_1185
foreman_1185_TCATACTAGACTTCAC	4440	19233	0.00530338480736235	3	Hypoxia	YAP	YAP	S	foreman_1185
foreman_1185_TCATCATGTCTCCTGT	2702	10067	0.0597000099334459	3	Hypoxia	YAP	YAP	G1	foreman_1185
foreman_1185_TCCACGTGTTTGGCTA	4297	25123	0.010667515822155	3	Hypoxia	YAP	YAP	G1	foreman_1185
foreman_1185_TCCAGAAAGTGATGGC	2815	10098	0.0190136660724896	3	Hypoxia	YAP	YAP	G1	foreman_1185
foreman_1185_TCCATCGCACTACAGT	2531	8946	0.0147551978537894	3	Hypoxia	YAP	YAP	G1	foreman_1185
foreman_1185_TCCCATGAGGTCTACT	3267	15461	0.0853761076256387	8	Neutrophil	YAP	YAP	G1	foreman_1185
foreman_1185_TCGGGTGTCATGGCCG	3941	15983	0.0553713320402928	5	Undefined M	YAP	YAP	G1	foreman_1185
foreman_1185_TCTACATAGAGTTGCG	5759	35445	0.0674284102130061	5	Undefined M	YAP	YAP	G1	foreman_1185
foreman_1185_TCTCCGAGTCACCGAC	2473	10957	0.133887012868486	8	Neutrophil	YAP	YAP	G1	foreman_1185
foreman_1185_TGAGACTCAATTCTCT	837	2830	0.000706713780918728	3	Hypoxia	YAP	YAP	G1	foreman_1185
foreman_1185_TGATGCAGTCGCGGTT	2663	10403	0.121118908007306	8	Neutrophil	YAP	YAP	G1	foreman_1185
foreman_1185_TGCAGGCTCGCGTTTC	2815	11784	0.129497623896809	3	Hypoxia	YAP	YAP	G1	foreman_1185
foreman_1185_TGCATGACAGGCTATT	1944	6636	0.0714285714285714	3	Hypoxia	YAP	YAP	G2M	foreman_1185
foreman_1185_TGCGATAAGAATCCCT	5104	30076	0.075940949594361	5	Undefined M	YAP	YAP	G1	foreman_1185
foreman_1185_TGCGGCAAGCTAAGTA	2070	6796	0.171718658034138	8	Neutrophil	YAP	YAP	G1	foreman_1185
foreman_1185_TGGCGTGTCCTATTGT	3683	17238	0.0853347256062188	8	Neutrophil	YAP	YAP	G1	foreman_1185
foreman_1185_TGGGATTCAGCTGAGA	3088	12248	0.0829523187459177	3	Hypoxia	YAP	YAP	G1	foreman_1185
foreman_1185_TGTGAGTGTCCCGTGA	1831	3838	0.0174570088587806	3	Hypoxia	YAP	YAP	G1	foreman_1185
foreman_1185_TGTGCGGAGCGCCGTT	4953	33055	0.0468915443957041	5	Undefined M	YAP	YAP	G1	foreman_1185
foreman_1185_TGTTGGAGTGTGACCC	4091	21411	0.0283032086310775	4	Mitotic	YAP	YAP	S	foreman_1185
foreman_1185_TTACCGCGTAGTGATA	4182	21294	0.0143232835540528	3	Hypoxia	YAP	YAP	G1	foreman_1185
foreman_1185_TTCCACGGTCAGTCTA	3772	21624	0.00804661487236404	3	Hypoxia	YAP	YAP	G2M	foreman_1185
foreman_1185_TTCCACGGTTACCCAA	1279	2079	0.0418470418470418	3	Hypoxia	YAP	YAP	G2M	foreman_1185
foreman_1185_TTCCGTGAGACGGAAA	1844	5387	0.0467792834601819	8	Neutrophil	YAP	YAP	G2M	foreman_1185
foreman_1185_TTCCTAACAGTACTAC	3583	11118	0.0106134196797985	3	Hypoxia	YAP	YAP	G2M	foreman_1185
foreman_1185_TTCCTTCAGTGCGCTC	3880	28669	0.00474379992326206	3	Hypoxia	YAP	YAP	G1	foreman_1185
foreman_1185_TTCCTTCGTATCATGC	1238	2034	0.120452310717797	3	Hypoxia	YAP	YAP	G1	foreman_1185
foreman_1185_TTGCTGCCACCGGAAA	1323	3108	0.00868725868725869	3	Hypoxia	YAP	YAP	G1	foreman_1185
foreman_1185_TTTCACAGTTAAGAAC	5138	33460	0.0821279139270771	5	Undefined M	YAP	YAP	G1	foreman_1185
foreman_1185_TTTCACAGTTCCGCTT	2354	4457	0.044873233116446	7	Alternative M2	YAP	YAP	G1	foreman_1185
foreman_1185_TTTCCTCAGTATAGGT	3118	20251	0.00533306997185324	3	Hypoxia	YAP	YAP	G1	foreman_1185
foreman_1185_TTTCCTCTCTACACTT	313	585	0.0598290598290598	8	Neutrophil	YAP	YAP	G1	foreman_1185
foreman_1386_AAACGGGGTACCATCA	1146	4021	0.0387963193235514	3	Hypoxia	RELA	RELA	G1	foreman_1386
foreman_1386_AAACGGGGTTACGGAG	1641	5865	0.0361466325660699	5	Undefined M	RELA	RELA	G1	foreman_1386
foreman_1386_AAAGCAAGTCATCCCT	900	2850	0.0642105263157895	3	Hypoxia	RELA	RELA	G2M	foreman_1386
foreman_1386_AACGTTGCAGGGATTG	2297	9274	0.0513262885486306	5	Undefined M	RELA	RELA	G1	foreman_1386
foreman_1386_AAGGAGCAGATAGGAG	1425	5575	0.0263677130044843	3	Hypoxia	RELA	RELA	S	foreman_1386
foreman_1386_AATCCAGGTATGGTTC	1842	5555	0.0522052205220522	5	Undefined M	RELA	RELA	G1	foreman_1386
foreman_1386_AATCGGTAGACACTAA	903	3046	0.0659881812212738	3	Hypoxia	RELA	RELA	G1	foreman_1386
foreman_1386_ACAGCCGCAGCCTTTC	887	1729	0.0584152689415847	3	Hypoxia	RELA	RELA	G1	foreman_1386
foreman_1386_ACAGCCGTCGATAGAA	1232	3979	0.0500125659713496	8	Neutrophil	RELA	RELA	G1	foreman_1386
foreman_1386_ACATACGCACATGACT	1424	4984	0.018860353130016	3	Hypoxia	RELA	RELA	G1	foreman_1386
foreman_1386_ACGAGCCTCGAGAACG	961	3350	0.0319402985074627	3	Hypoxia	RELA	RELA	G1	foreman_1386
foreman_1386_ACGAGGACATGTCCTC	1223	4379	0.0326558575017127	3	Hypoxia	RELA	RELA	G1	foreman_1386
foreman_1386_ACGATACTCAGTCAGT	1135	3946	0.0595539787126204	3	Hypoxia	RELA	RELA	G1	foreman_1386
foreman_1386_ACGGCCATCATATCGG	972	3084	0.0376134889753567	3	Hypoxia	RELA	RELA	G1	foreman_1386
foreman_1386_ACGGGTCGTGGGTCAA	2935	12954	0.0484020379805465	5	Undefined M	RELA	RELA	G1	foreman_1386
foreman_1386_ACTGCTCAGATGTGTA	1979	8617	0.0145062086573053	3	Hypoxia	RELA	RELA	G1	foreman_1386
foreman_1386_ACTTGTTAGATGAGAG	997	3910	0.0191815856777494	3	Hypoxia	RELA	RELA	G1	foreman_1386
foreman_1386_AGAATAGAGCAGACTG	839	2487	0.0506634499396864	3	Hypoxia	RELA	RELA	G1	foreman_1386
foreman_1386_AGATCTGTCTGGGCCA	1433	6039	0.0480211955621792	3	Hypoxia	RELA	RELA	S	foreman_1386
foreman_1386_AGGCCACGTCTAGTCA	876	3966	0.010590015128593	3	Hypoxia	RELA	RELA	G1	foreman_1386
foreman_1386_AGGGAGTGTAATCGTC	1438	4887	0.0362185389809699	8	Neutrophil	RELA	RELA	G1	foreman_1386
foreman_1386_ATCATCTGTCTGATTG	1642	4940	0.045748987854251	5	Undefined M	RELA	RELA	G1	foreman_1386
foreman_1386_ATCATGGTCACGCGGT	1282	5369	0.0277519091078413	3	Hypoxia	RELA	RELA	G1	foreman_1386
foreman_1386_ATCCGAAAGGACATTA	2755	14333	0.0351636084560106	5	Undefined M	RELA	RELA	G1	foreman_1386
foreman_1386_ATCTGCCAGCTTATCG	834	3095	0.0158319870759289	3	Hypoxia	RELA	RELA	G1	foreman_1386
foreman_1386_ATTACTCCACAGTCGC	823	2428	0.0741350906095552	3	Hypoxia	RELA	RELA	G1	foreman_1386
foreman_1386_ATTTCTGGTTCCACTC	552	1183	0.0464919695688926	3	Hypoxia	RELA	RELA	G1	foreman_1386
foreman_1386_CACCTTGCAGATAATG	1375	4516	0.0571302037201063	8	Neutrophil	RELA	RELA	G1	foreman_1386
foreman_1386_CACCTTGTCTCCAACC	1183	4263	0.0483227773868168	3	Hypoxia	RELA	RELA	G1	foreman_1386
foreman_1386_CAGCTAATCCTAGTGA	1841	7093	0.0451149020160722	3	Hypoxia	RELA	RELA	G1	foreman_1386
foreman_1386_CAGCTGGCACCAACCG	830	2472	0.0618932038834951	3	Hypoxia	RELA	RELA	G1	foreman_1386
foreman_1386_CAGTAACCATGCCCGA	1769	7555	0.0495036399735275	3	Hypoxia	RELA	RELA	G1	foreman_1386
foreman_1386_CATATGGTCTCGCTTG	1284	3953	0.0516063749051353	8	Neutrophil	RELA	RELA	G1	foreman_1386
foreman_1386_CATATTCCATTTCAGG	1078	2771	0.0660411403825334	7	Alternative M2	RELA	RELA	G1	foreman_1386
foreman_1386_CATCGGGTCCTTTCTC	534	1412	0.0113314447592068	3	Hypoxia	RELA	RELA	G1	foreman_1386
foreman_1386_CCAGCGATCCAAATGC	1733	5473	0.0655947378037639	5	Undefined M	RELA	RELA	G1	foreman_1386
foreman_1386_CCCATACCATTGAGCT	1030	2950	0.0389830508474576	8	Neutrophil	RELA	RELA	G1	foreman_1386
foreman_1386_CCCTCCTGTATCAGTC	1432	5233	0.0364991400726161	3	Hypoxia	RELA	RELA	G1	foreman_1386
foreman_1386_CCGTTCAGTATGGTTC	973	3758	0.00452368281000532	3	Hypoxia	RELA	RELA	G1	foreman_1386
foreman_1386_CCTAGCTCACATCCGG	807	2204	0.0607985480943739	3	Hypoxia	RELA	RELA	G1	foreman_1386
foreman_1386_CCTTTCTCAAAGCAAT	3953	18469	0.0363852942768964	4	Mitotic	RELA	RELA	S	foreman_1386
foreman_1386_CGAGAAGTCCACTCCA	1910	6374	0.0476937558832758	5	Undefined M	RELA	RELA	G1	foreman_1386
foreman_1386_CGATGGCCATGCCACG	2107	9727	0.0358795106404852	3	Hypoxia	RELA	RELA	S	foreman_1386
foreman_1386_CGATGTATCATGTCCC	1072	3418	0.0435927442949093	3	Hypoxia	RELA	RELA	G1	foreman_1386
foreman_1386_CGCTGGACAACGATGG	1295	4086	0.0066079295154185	3	Hypoxia	RELA	RELA	G1	foreman_1386
foreman_1386_CGGACACCACCTATCC	612	1282	0.0920436817472699	8	Neutrophil	RELA	RELA	S	foreman_1386
foreman_1386_CGGACACTCACAGGCC	689	1741	0.0281447443997702	3	Hypoxia	RELA	RELA	G1	foreman_1386
foreman_1386_CGGCTAGAGTACATGA	1000	2346	0.0264279624893436	7	Alternative M2	RELA	RELA	S	foreman_1386
foreman_1386_CGGCTAGCAAAGGCGT	1317	5183	0.0218020451475979	3	Hypoxia	RELA	RELA	G1	foreman_1386
foreman_1386_CGGCTAGGTCTTGATG	732	2036	0.0343811394891945	3	Hypoxia	RELA	RELA	G1	foreman_1386
foreman_1386_CGGTTAAGTCTCTCTG	711	1815	0.0837465564738292	8	Neutrophil	RELA	RELA	G2M	foreman_1386
foreman_1386_CGTGTAACAAGGCTCC	955	3835	0.0349413298565841	3	Hypoxia	RELA	RELA	G1	foreman_1386
foreman_1386_CTAAGACGTGTGGTTT	1838	6845	0.0366691015339664	5	Undefined M	RELA	RELA	G1	foreman_1386
foreman_1386_CTACACCGTAGCGTCC	928	2387	0.0599078341013825	8	Neutrophil	RELA	RELA	G1	foreman_1386
foreman_1386_CTACACCGTCCGTTAA	869	3091	0.0155289550307344	3	Hypoxia	RELA	RELA	G2M	foreman_1386
foreman_1386_CTAGCCTCAAGTTAAG	1129	4356	0.0562442607897153	3	Hypoxia	RELA	RELA	G1	foreman_1386
foreman_1386_CTAGCCTCATGGAATA	893	3017	0.00828637719588996	3	Hypoxia	RELA	RELA	S	foreman_1386
foreman_1386_CTCGAAAAGACTTGAA	730	2324	0.0365748709122203	3	Hypoxia	RELA	RELA	G1	foreman_1386
foreman_1386_CTGAAGTTCCTATTCA	1361	3825	0.0512418300653595	8	Neutrophil	RELA	RELA	G1	foreman_1386
foreman_1386_CTGATCCCATCTCCCA	1778	5303	0.0528003017160098	3	Hypoxia	RELA	RELA	G1	foreman_1386
foreman_1386_CTGCCTAAGCTAAACA	813	3347	0.0340603525545264	3	Hypoxia	RELA	RELA	G1	foreman_1386
foreman_1386_CTTCTCTGTCAGTGGA	670	1647	0.0376442015786278	3	Hypoxia	RELA	RELA	G1	foreman_1386
foreman_1386_GAACATCGTGAAATCA	1129	3024	0.021494708994709	3	Hypoxia	RELA	RELA	G1	foreman_1386
foreman_1386_GAACCTATCTGCGGCA	870	2823	0.0141693234148069	3	Hypoxia	RELA	RELA	G1	foreman_1386
foreman_1386_GAGGTGACACGGTGTC	1355	4493	0.0572000890273759	8	Neutrophil	RELA	RELA	G1	foreman_1386
foreman_1386_GAGTCCGAGCCTATGT	842	1895	0.0617414248021108	8	Neutrophil	RELA	RELA	G1	foreman_1386
foreman_1386_GATGAGGTCAATACCG	784	4230	0.0160756501182033	3	Hypoxia	RELA	RELA	G1	foreman_1386
foreman_1386_GATGCTACATCCTAGA	852	2253	0.0612516644474035	8	Neutrophil	RELA	RELA	G1	foreman_1386
foreman_1386_GCAGTTACAGAGCCAA	985	3603	0.0249791840133222	3	Hypoxia	RELA	RELA	G1	foreman_1386
foreman_1386_GCATACAAGGCAAAGA	268	685	0.197080291970803	8	Neutrophil	RELA	RELA	G1	foreman_1386
foreman_1386_GCATGATCATTCACTT	1245	4031	0.0575539568345324	3	Hypoxia	RELA	RELA	G1	foreman_1386
foreman_1386_GCCAAATTCTGTTGAG	804	3499	0.0274364104029723	3	Hypoxia	RELA	RELA	G1	foreman_1386
foreman_1386_GCGCCAATCGGATGTT	950	2475	0.0626262626262626	8	Neutrophil	RELA	RELA	G1	foreman_1386
foreman_1386_GCGCGATTCACCAGGC	727	2237	0.0259275815824765	3	Hypoxia	RELA	RELA	S	foreman_1386
foreman_1386_GCTGCGAGTCCTCTTG	943	2507	0.0606302353410451	8	Neutrophil	RELA	RELA	G1	foreman_1386
foreman_1386_GCTGCTTTCCAGATCA	1707	5842	0.0489558370421089	3	Hypoxia	RELA	RELA	S	foreman_1386
foreman_1386_GGAACTTCAGTGGAGT	2662	11577	0.0443983760905243	5	Undefined M	RELA	RELA	G1	foreman_1386
foreman_1386_GGACAGACATTATCTC	668	2015	0.0595533498759305	3	Hypoxia	RELA	RELA	G1	foreman_1386
foreman_1386_GGACATTAGAGTAATC	1722	8267	0.00423370025402202	3	Hypoxia	RELA	RELA	S	foreman_1386
foreman_1386_GGATTACTCCAGATCA	3225	18712	0.0241021804189825	3	Hypoxia	RELA	RELA	G1	foreman_1386
foreman_1386_GGCCGATGTTGAACTC	2928	13234	0.039368293788726	5	Undefined M	RELA	RELA	G1	foreman_1386
foreman_1386_GGGTTGCAGATCGGGT	1199	3632	0.0470814977973568	8	Neutrophil	RELA	RELA	G1	foreman_1386
foreman_1386_GGGTTGCTCTCGATGA	1051	3121	0.0195450176225569	3	Hypoxia	RELA	RELA	G1	foreman_1386
foreman_1386_GGTATTGGTACGAAAT	1167	5086	0.0174990169091624	3	Hypoxia	RELA	RELA	G1	foreman_1386
foreman_1386_GGTGTTAAGGTGATTA	992	2274	0.0892700087950748	8	Neutrophil	RELA	RELA	G2M	foreman_1386
foreman_1386_GTACGTATCCAAGCCG	398	994	0.173038229376258	2	Classical M1	RELA	RELA	G1	foreman_1386
foreman_1386_GTATTCTAGGCTCTTA	2138	7908	0.0485584218512898	5	Undefined M	RELA	RELA	G1	foreman_1386
foreman_1386_GTATTCTGTTGATTCG	1241	3534	0.0472552348613469	8	Neutrophil	RELA	RELA	S	foreman_1386
foreman_1386_GTCACGGCAAGTAATG	448	1076	0.0817843866171004	3	Hypoxia	RELA	RELA	G1	foreman_1386
foreman_1386_GTCCTCATCTAACCGA	1533	4475	0.0603351955307263	3	Hypoxia	RELA	RELA	G1	foreman_1386
foreman_1386_GTGCGGTAGACAGAGA	824	3683	0.0266087428726582	3	Hypoxia	RELA	RELA	G1	foreman_1386
foreman_1386_GTGCTTCTCTGAGTGT	727	2114	0.0406811731315043	3	Hypoxia	RELA	RELA	G1	foreman_1386
foreman_1386_GTGTGCGAGTGTACTC	668	2055	0.0257907542579075	3	Hypoxia	RELA	RELA	G1	foreman_1386
foreman_1386_GTTCATTGTGTAACGG	796	1790	0.0698324022346369	8	Neutrophil	RELA	RELA	G1	foreman_1386
foreman_1386_TAAGCGTAGAGGGCTT	939	4253	0.0369151187397131	3	Hypoxia	RELA	RELA	G1	foreman_1386
foreman_1386_TACACGACATACGCTA	909	3288	0.0291970802919708	3	Hypoxia	RELA	RELA	G1	foreman_1386
foreman_1386_TACACGAGTCACAAGG	1119	3449	0.0542186140910409	8	Neutrophil	RELA	RELA	G1	foreman_1386
foreman_1386_TACGGGCGTAAGTGTA	528	1189	0.0496215306980656	8	Neutrophil	RELA	RELA	G2M	foreman_1386
foreman_1386_TACTCATAGACTCGGA	1210	4712	0.0384125636672326	3	Hypoxia	RELA	RELA	G1	foreman_1386
foreman_1386_TAGAGCTTCCGGCACA	1404	5205	0.0178674351585014	3	Hypoxia	RELA	RELA	G1	foreman_1386
foreman_1386_TAGTTGGAGTGGAGAA	1505	6621	0.0321703670140462	3	Hypoxia	RELA	RELA	G1	foreman_1386
foreman_1386_TATCTCAAGCAATATG	654	2887	0.0235538621406304	3	Hypoxia	RELA	RELA	G2M	foreman_1386
foreman_1386_TATCTCACAGCATACT	570	1944	0.0262345679012346	3	Hypoxia	RELA	RELA	G1	foreman_1386
foreman_1386_TCAGGTACAAGGCTCC	1263	4383	0.0442619210586356	3	Hypoxia	RELA	RELA	G1	foreman_1386
foreman_1386_TCCCGATTCGTAGGAG	958	3246	0.0468268638324091	3	Hypoxia	RELA	RELA	G1	foreman_1386
foreman_1386_TCGCGAGCAAACGTGG	1362	4852	0.0645094806265458	8	Neutrophil	RELA	RELA	G2M	foreman_1386
foreman_1386_TCGCGAGCATGTTGAC	991	3201	0.00905966885348329	3	Hypoxia	RELA	RELA	G1	foreman_1386
foreman_1386_TCTCTAAGTTTGTGTG	1260	4310	0.0146171693735499	5	Undefined M	RELA	RELA	G1	foreman_1386
foreman_1386_TCTGGAACAGAGCCAA	1052	3934	0.0488052872394509	3	Hypoxia	RELA	RELA	G1	foreman_1386
foreman_1386_TGAAAGAAGGTGATAT	545	1252	0.0750798722044728	3	Hypoxia	RELA	RELA	G1	foreman_1386
foreman_1386_TGAGCCGCATGGAATA	712	2319	0.0422595946528676	3	Hypoxia	RELA	RELA	G1	foreman_1386
foreman_1386_TGAGGGATCGCCGTGA	1887	7442	0.0292932007524859	5	Undefined M	RELA	RELA	G1	foreman_1386
foreman_1386_TGCGGGTCAGCTGGCT	1192	5105	0.0229187071498531	3	Hypoxia	RELA	RELA	G1	foreman_1386
foreman_1386_TGCGGGTGTAGCGCTC	4110	24264	0.00300857237059017	4	Mitotic	RELA	RELA	S	foreman_1386
foreman_1386_TGCGTGGGTGGTACAG	636	2113	0.0231897775674397	3	Hypoxia	RELA	RELA	S	foreman_1386
foreman_1386_TGGACGCGTACCGGCT	3097	14706	0.0562355501155991	5	Undefined M	RELA	RELA	G1	foreman_1386
foreman_1386_TGGCTGGGTAGGGACT	3904	13034	0.0411232162037747	11	Contaminating Tumor cells	RELA	RELA	G1	foreman_1386
foreman_1386_TTCCCAGCAGTTCCCT	923	3109	0.0311997426825346	3	Hypoxia	RELA	RELA	S	foreman_1386
foreman_1386_TTCGAAGCAGTTCATG	1494	7432	0.0450753498385361	3	Hypoxia	RELA	RELA	G1	foreman_1386
foreman_1386_TTCGAAGTCTGCAAGT	569	1451	0.0489317711922812	3	Hypoxia	RELA	RELA	G1	foreman_1386
foreman_1386_TTCGGTCCATGGAATA	1112	3012	0.0537848605577689	8	Neutrophil	RELA	RELA	G1	foreman_1386
foreman_1386_TTCTTAGCAGTACACT	1661	5231	0.0800994073790862	3	Hypoxia	RELA	RELA	G1	foreman_1386
foreman_1386_TTTCCTCGTGCTAGCC	660	1830	0.0251366120218579	3	Hypoxia	RELA	RELA	G1	foreman_1386
foreman_1386_TTTGTCACAATGCCAT	1383	5126	0.0316035895435037	3	Hypoxia	RELA	RELA	G1	foreman_1386
foreman_1386_TTTGTCATCCTGCCAT	2432	9823	0.0462180596559096	5	Undefined M	RELA	RELA	G1	foreman_1386
foreman_1329_ACACCGGGTCCCTTGT	1264	4164	0.0573967339097022	3	Hypoxia	RELA	RELA	S	foreman_1329
foreman_1329_AGGGATGCATGAAGTA	631	1274	0.0784929356357928	8	Neutrophil	RELA	RELA	G1	foreman_1329
foreman_1329_CCTAAAGGTGTGTGCC	1072	2983	0.0797854508883674	8	Neutrophil	RELA	RELA	G1	foreman_1329
foreman_1329_CGCTGGAGTACCTACA	1353	3645	0.0688614540466392	7	Alternative M2	RELA	RELA	G1	foreman_1329
foreman_1329_CGTCCATAGTCATGCT	402	623	0.150882825040128	11	Contaminating Tumor cells	RELA	RELA	G1	foreman_1329
foreman_1329_GAAACTCGTACTTCTT	667	1721	0.163277164439279	11	Contaminating Tumor cells	RELA	RELA	G2M	foreman_1329
foreman_1329_GACCAATTCTTTCCTC	1707	5592	0.0359442060085837	8	Neutrophil	RELA	RELA	G1	foreman_1329
foreman_1329_GACGGCTAGTCGTACT	466	964	0.180497925311203	11	Contaminating Tumor cells	RELA	RELA	G1	foreman_1329
foreman_1329_GCACTCTTCTACGAGT	742	1837	0.199237887860642	11	Contaminating Tumor cells	RELA	RELA	S	foreman_1329
foreman_1329_GCATGCGGTATAGTAG	2456	10751	0.0341363594084271	6	DC	RELA	RELA	G1	foreman_1329
foreman_1329_GCATGTAAGAAGATTC	1562	5242	0.0318580694391454	8	Neutrophil	RELA	RELA	G1	foreman_1329
foreman_1329_GCGCCAAGTTGAGGTG	1504	5197	0.0411776024629594	8	Neutrophil	RELA	RELA	G1	foreman_1329
foreman_1329_GCTGCTTTCTCTTGAT	548	1192	0.171979865771812	11	Contaminating Tumor cells	RELA	RELA	G2M	foreman_1329
foreman_1329_GCTTGAACACACGCTG	1792	6649	0.034591667919988	0	Microglial	RELA	RELA	G1	foreman_1329
foreman_1329_GTAACGTCATGCAATC	723	2397	0.268251981643721	11	Contaminating Tumor cells	RELA	RELA	G2M	foreman_1329
foreman_1329_GTATTCTCAGCTGCTG	332	608	0.123355263157895	11	Contaminating Tumor cells	RELA	RELA	G2M	foreman_1329
foreman_1329_GTGTTAGTCACTCTTA	2112	8644	0.036094400740398	7	Alternative M2	RELA	RELA	G1	foreman_1329
foreman_1329_TACTTACCAATCGGTT	1501	5506	0.042862332001453	8	Neutrophil	RELA	RELA	G1	foreman_1329
foreman_1329_TAGAGCTAGTGCCAGA	1771	6138	0.0526230042359075	5	Undefined M	RELA	RELA	G1	foreman_1329
foreman_1329_TAGCCGGGTCGCTTTC	542	1040	0.125	11	Contaminating Tumor cells	RELA	RELA	S	foreman_1329
foreman_1329_TGCGCAGGTTGAGTTC	785	1742	0.0987370838117107	8	Neutrophil	RELA	RELA	G2M	foreman_1329
foreman_1329_TTTACTGCAGACGCAA	918	2373	0.0644753476611884	8	Neutrophil	RELA	RELA	G2M	foreman_1329
foreman_1329_TTTGCGCGTGTGACCC	1940	7936	0.0422127016129032	6	DC	RELA	RELA	G1	foreman_1329
foreman_909_ACGGAGAGTCCATCCT	424	814	0.137592137592138	3	Hypoxia	RELA	RELA	G1	foreman_909
foreman_909_AGGTCATGTCAAACTC	595	1760	0.0215909090909091	3	Hypoxia	RELA	RELA	G1	foreman_909
foreman_909_AGGTCCGTCCCGGATG	327	564	0.0425531914893617	3	Hypoxia	RELA	RELA	G1	foreman_909
foreman_909_CACAGGCCACAGCGTC	215	411	0.272506082725061	2	Classical M1	RELA	RELA	G2M	foreman_909
foreman_909_CATGCCTAGTACATGA	207	246	0.0650406504065041	2	Classical M1	RELA	RELA	G1	foreman_909
foreman_909_CCGGTAGAGACAGGCT	305	540	0.0203703703703704	2	Classical M1	RELA	RELA	G2M	foreman_909
foreman_909_CCGGTAGTCACGATGT	604	1073	0.196644920782852	3	Hypoxia	RELA	RELA	G1	foreman_909
foreman_909_CGTTCTGAGTCATCCA	3033	11938	0.0593901826101525	5	Undefined M	RELA	RELA	G1	foreman_909
foreman_909_GGAGCAATCGCGTTTC	485	1567	0.0331844288449266	3	Hypoxia	RELA	RELA	G1	foreman_909
foreman_870_AGGTCATGTCAAACTC	434	1062	0.0244821092278719	3	Hypoxia	RELA	RELA	G1	foreman_870
foreman_870_ATCACGATCGAGAACG	578	1241	0.165995165189363	8	Neutrophil	RELA	RELA	G2M	foreman_870
foreman_870_ATTGGTGAGAACAATC	1887	6786	0.0576186265841438	6	DC	RELA	RELA	G1	foreman_870
foreman_870_CAACCTCTCCGCGTTT	643	1482	0.172064777327935	8	Neutrophil	RELA	RELA	G1	foreman_870
foreman_870_CACAGGCTCAACTCTT	1353	3910	0.0774936061381074	8	Neutrophil	RELA	RELA	S	foreman_870
foreman_870_CCGGGATGTCCGACGT	900	2117	0.0812470477090222	8	Neutrophil	RELA	RELA	S	foreman_870
foreman_870_CCTATTATCACGCATA	780	1892	0.0940803382663848	8	Neutrophil	RELA	RELA	G1	foreman_870
foreman_870_CGTGAGCTCCGAAGAG	229	579	0.291882556131261	2	Classical M1	RELA	RELA	G2M	foreman_870
foreman_870_CGTTCTGAGTCATCCA	376	606	0.0742574257425743	2	Classical M1	RELA	RELA	G1	foreman_870
foreman_870_CTACATTGTCCTAGCG	576	1184	0.0599662162162162	8	Neutrophil	RELA	RELA	G1	foreman_870
foreman_870_GATCGTATCCGATATG	614	1480	0.152702702702703	2	Classical M1	RELA	RELA	G1	foreman_870
foreman_870_GATCGTATCTTCGAGA	429	731	0.0136798905608755	2	Classical M1	RELA	RELA	G1	foreman_870
foreman_870_GGACGTCAGGAATCGC	1415	4383	0.120921743098334	8	Neutrophil	RELA	RELA	G1	foreman_870
foreman_870_GGAGCAATCGCGTTTC	380	951	0.035751840168244	3	Hypoxia	RELA	RELA	G1	foreman_870
foreman_870_GTGCAGCTCTTGTCAT	319	507	0.112426035502959	2	Classical M1	RELA	RELA	G1	foreman_870
foreman_870_TACTCATCAAGTCTGT	1388	4113	0.0848529054218332	8	Neutrophil	RELA	RELA	G1	foreman_870
foreman_870_TACTTGTGTCAATGTC	917	2108	0.0872865275142315	8	Neutrophil	RELA	RELA	G1	foreman_870
foreman_870_TATCAGGTCGGACAAG	528	1157	0.0872947277441659	8	Neutrophil	RELA	RELA	G1	foreman_870
foreman_1158_2_AACAGGGGTCACTACA	2978	9205	0.0874524714828897	3	Hypoxia	RELA	RELA	G1	foreman_1158
foreman_1158_2_AAGCGAGTCATCTACT	1837	4345	0.136478711162255	8	Neutrophil	RELA	RELA	G1	foreman_1158
foreman_1158_2_ACATTTCGTTTGTGGT	1690	3781	0.097064268711981	8	Neutrophil	RELA	RELA	G1	foreman_1158
foreman_1158_2_ACCCAAATCTTCCACG	2501	7288	0.102222832052689	8	Neutrophil	RELA	RELA	G1	foreman_1158
foreman_1158_2_ACGGAAGAGGATAATC	2364	7045	0.0942512420156139	8	Neutrophil	RELA	RELA	G1	foreman_1158
foreman_1158_2_ACGGGTCAGCTTGTTG	518	1391	0.294033069734004	2	Classical M1	RELA	RELA	G1	foreman_1158
foreman_1158_2_ACTACGATCATCGACA	2392	7238	0.121856866537718	8	Neutrophil	RELA	RELA	S	foreman_1158
foreman_1158_2_AGCGTCGAGTTAGAAC	643	888	0.0867117117117117	2	Classical M1	RELA	RELA	G1	foreman_1158
foreman_1158_2_AGGTCTACATAGACTC	1057	2160	0.268055555555556	2	Classical M1	RELA	RELA	S	foreman_1158
foreman_1158_2_AGTTCGACAATCCAGT	1114	2332	0.145368782161235	8	Neutrophil	RELA	RELA	G2M	foreman_1158
foreman_1158_2_ATCGATGAGACATCCT	1206	2419	0.255890863993386	11	Contaminating Tumor cells	RELA	RELA	G1	foreman_1158
foreman_1158_2_CACGGGTAGAGAGGTA	899	2314	0.166810717372515	2	Classical M1	RELA	RELA	G1	foreman_1158
foreman_1158_2_CATAGACTCATTGCCC	1188	2945	0.293718166383701	11	Contaminating Tumor cells	RELA	RELA	S	foreman_1158
foreman_1158_2_CATCGCTGTAGACACG	1680	3948	0.101823708206687	8	Neutrophil	RELA	RELA	G1	foreman_1158
foreman_1158_2_CCTAAGAAGTACGTCT	1648	3210	0.189408099688474	11	Contaminating Tumor cells	RELA	RELA	G2M	foreman_1158
foreman_1158_2_CTCTCAGGTAGGACCA	3256	7999	0.138642330291286	11	Contaminating Tumor cells	RELA	RELA	G2M	foreman_1158
foreman_1158_2_CTTCAATGTATTGAGA	733	1480	0.273648648648649	2	Classical M1	RELA	RELA	G1	foreman_1158
foreman_1158_2_GAGTGTTAGGATCATA	1233	2497	0.28394072887465	11	Contaminating Tumor cells	RELA	RELA	G1	foreman_1158
foreman_1158_2_GCACTAATCTGTTCAT	2173	5436	0.0848050036791759	8	Neutrophil	RELA	RELA	G1	foreman_1158
foreman_1158_2_GCCAGCACATACCATG	1405	2637	0.151687523701176	11	Contaminating Tumor cells	RELA	RELA	S	foreman_1158
foreman_1158_2_GCCAGTGAGTTCGGTT	2388	6760	0.0637573964497041	11	Contaminating Tumor cells	RELA	RELA	G1	foreman_1158
foreman_1158_2_GCGGATCAGAGGGTGG	457	580	0.101724137931034	2	Classical M1	RELA	RELA	G1	foreman_1158
foreman_1158_2_GGAGATGGTGGGTCAA	2548	8841	0.104399954756249	7	Alternative M2	RELA	RELA	S	foreman_1158
foreman_1158_2_GGTGTCGGTACGCTAT	2537	7631	0.0902896081771721	8	Neutrophil	RELA	RELA	G1	foreman_1158
foreman_1158_2_GTCAAACTCCTACCAC	2233	6010	0.0687188019966722	8	Neutrophil	RELA	RELA	G1	foreman_1158
foreman_1158_2_GTGACGCCATATCTCT	2923	9035	0.0861095738793581	3	Hypoxia	RELA	RELA	G1	foreman_1158
foreman_1158_2_GTGGTTAGTATCTCGA	2915	9260	0.0757019438444924	5	Undefined M	RELA	RELA	G1	foreman_1158
foreman_1158_2_GTGGTTAGTGATACTC	2540	7694	0.118014036911879	8	Neutrophil	RELA	RELA	G1	foreman_1158
foreman_1158_2_GTTTACTTCTTTCTAG	622	1125	0.204444444444444	8	Neutrophil	RELA	RELA	S	foreman_1158
foreman_1158_2_TAAGCCACAACAGTGG	2291	6989	0.0864215195306911	8	Neutrophil	RELA	RELA	G1	foreman_1158
foreman_1158_2_TAAGCGTGTGCAATGG	2907	6645	0.128216704288939	11	Contaminating Tumor cells	RELA	RELA	G2M	foreman_1158
foreman_1158_2_TAGGTTGTCTGCGGAC	1058	2124	0.199152542372881	11	Contaminating Tumor cells	RELA	RELA	S	foreman_1158
foreman_1158_2_TATCAGGAGCCTCACG	2207	6062	0.124711316397229	8	Neutrophil	RELA	RELA	G1	foreman_1158
foreman_1158_2_TATTGCTTCCTTGGAA	1930	5074	0.112140323216397	8	Neutrophil	RELA	RELA	G1	foreman_1158
foreman_1158_2_TCGGTCTCAACAGAGC	2608	7787	0.116733016566072	8	Neutrophil	RELA	RELA	G1	foreman_1158
foreman_1158_2_TCGTGGGTCTTCACGC	1915	4205	0.187633769322235	11	Contaminating Tumor cells	RELA	RELA	G2M	foreman_1158
foreman_1158_2_TCTCAGCTCCCTTTGG	1955	4511	0.147860784748393	11	Contaminating Tumor cells	RELA	RELA	G2M	foreman_1158
foreman_1158_2_TGACAGTGTAGCTAAA	992	1882	0.277895855472901	11	Contaminating Tumor cells	RELA	RELA	S	foreman_1158
foreman_1158_2_TTTCACACAGCAGTGA	2172	5500	0.106181818181818	8	Neutrophil	RELA	RELA	G1	foreman_1158
foreman_1347_AAAGGATCATAAGCGG	2766	8268	0.0650701499758104	8	Neutrophil	PFA1	PFA1	G1	foreman_1347
foreman_1347_AACACACAGATGTAGT	3070	9931	0.0526633773033934	8	Neutrophil	PFA1	PFA1	G1	foreman_1347
foreman_1347_AACGAAACAAAGTATG	2295	7349	0.107905837528915	8	Neutrophil	PFA1	PFA1	G1	foreman_1347
foreman_1347_AAGCATCTCATCTCTA	3195	12221	0.0526143523443253	8	Neutrophil	PFA1	PFA1	G1	foreman_1347
foreman_1347_AAGCCATTCTTTCGAT	3977	15897	0.0427753664213374	3	Hypoxia	PFA1	PFA1	G1	foreman_1347
foreman_1347_AAGTTCGAGAATCGCG	1578	6337	0.0168849613381726	3	Hypoxia	PFA1	PFA1	G1	foreman_1347
foreman_1347_AATTCCTGTTGCTAGT	3100	12206	0.0287563493363919	3	Hypoxia	PFA1	PFA1	G1	foreman_1347
foreman_1347_ACGTAGTCAAGCCATT	4585	26566	0.095234510276293	5	Undefined M	PFA1	PFA1	G1	foreman_1347
foreman_1347_ACTCTCGGTTATCTGG	5868	33839	0.12441265994858	5	Undefined M	PFA1	PFA1	G1	foreman_1347
foreman_1347_ACTTCCGAGTGTAGAT	3135	11537	0.0570338909595215	3	Hypoxia	PFA1	PFA1	G1	foreman_1347
foreman_1347_AGATAGACATTGAGGG	1978	7840	0.0489795918367347	3	Hypoxia	PFA1	PFA1	G1	foreman_1347
foreman_1347_AGATAGAGTAGGAGTC	2653	8037	0.0431753141719547	8	Neutrophil	PFA1	PFA1	G1	foreman_1347
foreman_1347_AGCCAATGTTTGAAAG	1952	6007	0.0291326785417013	3	Hypoxia	PFA1	PFA1	G1	foreman_1347
foreman_1347_AGCCAGCAGTATAACG	2920	9502	0.096821721742791	8	Neutrophil	PFA1	PFA1	G1	foreman_1347
foreman_1347_AGCGTATAGACCATGG	2336	7043	0.0793695868237967	8	Neutrophil	PFA1	PFA1	G1	foreman_1347
foreman_1347_AGCTACAAGAACGCGT	1181	2327	0.0747743876235496	8	Neutrophil	PFA1	PFA1	S	foreman_1347
foreman_1347_AGGAAATGTCCCACGA	3174	11481	0.0750805678947827	8	Neutrophil	PFA1	PFA1	G1	foreman_1347
foreman_1347_AGGAATAGTTTGACAC	1394	2776	0.0763688760806916	8	Neutrophil	PFA1	PFA1	G1	foreman_1347
foreman_1347_ATCATTCGTGGTTCTA	2020	5253	0.0557776508661717	3	Hypoxia	PFA1	PFA1	G1	foreman_1347
foreman_1347_ATCGTGAAGATCGCCC	1286	2802	0.0456816559600286	8	Neutrophil	PFA1	PFA1	G1	foreman_1347
foreman_1347_ATCTTCATCGGTGTTA	1067	2339	0.192389910218042	8	Neutrophil	PFA1	PFA1	G1	foreman_1347
foreman_1347_ATGCATGCAAGCGCAA	4638	26141	0.105849049386022	3	Hypoxia	PFA1	PFA1	G1	foreman_1347
foreman_1347_ATTCATCGTTGGTAGG	1928	6602	0.0368070281732808	3	Hypoxia	PFA1	PFA1	G1	foreman_1347
foreman_1347_CAAAGAAAGAGGTGCT	2821	9387	0.0733993821242143	3	Hypoxia	PFA1	PFA1	G1	foreman_1347
foreman_1347_CAACGGCCACATAACC	3551	13212	0.069936421435059	8	Neutrophil	PFA1	PFA1	G1	foreman_1347
foreman_1347_CAAGAGGAGGTTGTTC	1656	5581	0.031177208385594	3	Hypoxia	PFA1	PFA1	G1	foreman_1347
foreman_1347_CACGAATAGGGTACGT	3161	11831	0.0876510861296594	8	Neutrophil	PFA1	PFA1	G1	foreman_1347
foreman_1347_CACGGGTAGCCTTTGA	2398	6169	0.0977467985086724	8	Neutrophil	PFA1	PFA1	G1	foreman_1347
foreman_1347_CACTGTCCACAGCTGC	3384	14256	0.0863496071829405	8	Neutrophil	PFA1	PFA1	G1	foreman_1347
foreman_1347_CAGCCAGGTAGAGTTA	2105	6737	0.136707733412498	8	Neutrophil	PFA1	PFA1	G1	foreman_1347
foreman_1347_CAGGCCAAGCAGCCTC	5242	23522	0.169160785647479	4	Mitotic	PFA1	PFA1	S	foreman_1347
foreman_1347_CAGGGCTCAAGAGGTC	1800	5978	0.00585480093676815	3	Hypoxia	PFA1	PFA1	G1	foreman_1347
foreman_1347_CATGCGGCAGTTAGGG	4906	24699	0.100530385845581	5	Undefined M	PFA1	PFA1	G1	foreman_1347
foreman_1347_CCAATGACAACCGGAA	1698	4114	0.0600388915896937	8	Neutrophil	PFA1	PFA1	G1	foreman_1347
foreman_1347_CCACACTCAAGGAGTC	998	2593	0.087157732356344	3	Hypoxia	PFA1	PFA1	G1	foreman_1347
foreman_1347_CCATCACCACATCATG	3274	11430	0.0616797900262467	8	Neutrophil	PFA1	PFA1	G1	foreman_1347
foreman_1347_CCATCACTCCATTTAC	3670	14162	0.0718825024714023	8	Neutrophil	PFA1	PFA1	G1	foreman_1347
foreman_1347_CCCTAACAGCCTGACC	1428	5845	0.0954662104362703	3	Hypoxia	PFA1	PFA1	G1	foreman_1347
foreman_1347_CCCTTAGAGTGCACCC	2372	6897	0.0980136291141076	8	Neutrophil	PFA1	PFA1	G1	foreman_1347
foreman_1347_CCGGTAGAGGACAACC	4242	17374	0.0866812478416024	5	Undefined M	PFA1	PFA1	G1	foreman_1347
foreman_1347_CCGGTAGCAAGCAATA	1673	6055	0.0606110652353427	3	Hypoxia	PFA1	PFA1	G1	foreman_1347
foreman_1347_CCGTGAGAGGGTACGT	493	1207	0.0695940347970174	3	Hypoxia	PFA1	PFA1	S	foreman_1347
foreman_1347_CGAAGGAGTTGCTCCT	2927	9829	0.0653169193203785	8	Neutrophil	PFA1	PFA1	G1	foreman_1347
foreman_1347_CGAAGTTGTCAACACT	2980	11178	0.0869565217391304	5	Undefined M	PFA1	PFA1	G1	foreman_1347
foreman_1347_CGAAGTTGTTCTCAGA	2045	6108	0.0884086444007859	8	Neutrophil	PFA1	PFA1	G1	foreman_1347
foreman_1347_CGAGGAACACTGCGAC	2745	8939	0.0722675914531827	8	Neutrophil	PFA1	PFA1	G1	foreman_1347
foreman_1347_CGCAGGTAGGTCGAGT	1938	6846	0.0509786736780602	3	Hypoxia	PFA1	PFA1	G1	foreman_1347
foreman_1347_CGCATGGGTACGGCAA	2861	12215	0.0852230863692182	3	Hypoxia	PFA1	PFA1	G1	foreman_1347
foreman_1347_CGCCAGAGTAACGGTG	3977	16183	0.0739665080640178	5	Undefined M	PFA1	PFA1	G1	foreman_1347
foreman_1347_CGGTCAGGTTACCCTC	3251	11726	0.0797373358348968	8	Neutrophil	PFA1	PFA1	G1	foreman_1347
foreman_1347_CTATCCGCACGCGCAT	545	816	0.0269607843137255	8	Neutrophil	PFA1	PFA1	G2M	foreman_1347
foreman_1347_CTCAAGAAGAGTTGAT	6116	31189	0.138029433454102	4	Mitotic	PFA1	PFA1	S	foreman_1347
foreman_1347_CTGCAGGTCAAGTCGT	2067	5703	0.0641767490794319	3	Hypoxia	PFA1	PFA1	G1	foreman_1347
foreman_1347_CTTCAATGTAGGCTGA	2539	10243	0.0662891730938202	3	Hypoxia	PFA1	PFA1	G2M	foreman_1347
foreman_1347_CTTCGGTCACCATAAC	905	2138	0.0266604303086997	3	Hypoxia	PFA1	PFA1	G1	foreman_1347
foreman_1347_GAAGAATGTTTCGTGA	2321	7692	0.0897035881435257	8	Neutrophil	PFA1	PFA1	G1	foreman_1347
foreman_1347_GACACGCAGTCGCCAC	2964	10104	0.066409342834521	3	Hypoxia	PFA1	PFA1	G1	foreman_1347
foreman_1347_GAGGCAATCGAGTGAG	2016	5433	0.0121479845389288	3	Hypoxia	PFA1	PFA1	G1	foreman_1347
foreman_1347_GAGTTGTTCAGAGTTC	4103	19429	0.0410726233980133	3	Hypoxia	PFA1	PFA1	G1	foreman_1347
foreman_1347_GCAACATCATGTGCTA	1932	8155	0.0328632740649908	3	Hypoxia	PFA1	PFA1	G1	foreman_1347
foreman_1347_GCCAGCAAGAATAGTC	3903	19027	0.0555000788353393	3	Hypoxia	PFA1	PFA1	G1	foreman_1347
foreman_1347_GCCATGGCAGCTTTGA	1736	4615	0.206717226435536	3	Hypoxia	PFA1	PFA1	G1	foreman_1347
foreman_1347_GCTACCTGTACTCCCT	5774	42126	0.0575891373498552	5	Undefined M	PFA1	PFA1	S	foreman_1347
foreman_1347_GCTTCACCAATCTGCA	2236	8424	0.0516381766381766	3	Hypoxia	PFA1	PFA1	G1	foreman_1347
foreman_1347_GGAGAACAGACCAAGC	1613	4120	0.0286407766990291	8	Neutrophil	PFA1	PFA1	G1	foreman_1347
foreman_1347_GGATGTTCAAGCGCAA	6963	47212	0.10406252647632	4	Mitotic	PFA1	PFA1	S	foreman_1347
foreman_1347_GGATGTTTCAGGTGTT	3350	11700	0.0762393162393162	8	Neutrophil	PFA1	PFA1	G1	foreman_1347
foreman_1347_GGCTGTGGTAGACGGT	2643	8469	0.0935175345377258	8	Neutrophil	PFA1	PFA1	G1	foreman_1347
foreman_1347_GGGATCCGTTACCCAA	3055	9899	0.073239721183958	8	Neutrophil	PFA1	PFA1	G1	foreman_1347
foreman_1347_GGGCTCAAGTGTCATC	2177	7002	0.0494144530134247	3	Hypoxia	PFA1	PFA1	G1	foreman_1347
foreman_1347_GGGTTTATCTAGGCCG	5255	30545	0.0954657063349157	3	Hypoxia	PFA1	PFA1	G1	foreman_1347
foreman_1347_GGTCTGGGTTACAGCT	1838	4882	0.105284719377304	8	Neutrophil	PFA1	PFA1	G1	foreman_1347
foreman_1347_GGTGTCGGTGGCTAGA	1298	3524	0.0275255391600454	3	Hypoxia	PFA1	PFA1	G1	foreman_1347
foreman_1347_GTAATGCGTAGGTCAG	751	2008	0.11105577689243	3	Hypoxia	PFA1	PFA1	S	foreman_1347
foreman_1347_GTAGATCCACCAGACC	2398	11550	0.0683116883116883	3	Hypoxia	PFA1	PFA1	G1	foreman_1347
foreman_1347_GTCGCGAAGGGATCTG	1477	3994	0.0866299449173761	8	Neutrophil	PFA1	PFA1	G1	foreman_1347
foreman_1347_GTCTGTCTCCTCTAAT	1316	7222	0.0144004430905566	3	Hypoxia	PFA1	PFA1	G1	foreman_1347
foreman_1347_GTCTTTAGTTCTCGTC	3596	14512	0.109082138919515	5	Undefined M	PFA1	PFA1	G2M	foreman_1347
foreman_1347_GTTATGGAGACATCCT	4777	18925	0.108639365918098	5	Undefined M	PFA1	PFA1	S	foreman_1347
foreman_1347_GTTTACTGTTGGACCC	1939	4688	0.072098976109215	8	Neutrophil	PFA1	PFA1	G1	foreman_1347
foreman_1347_TAATCTCCAGCTACTA	901	1621	0.0592227020357804	8	Neutrophil	PFA1	PFA1	G1	foreman_1347
foreman_1347_TACGGGCTCCAACTGA	2834	11436	0.0748513466246939	8	Neutrophil	PFA1	PFA1	G1	foreman_1347
foreman_1347_TACGGGCTCGGTTCAA	2746	9078	0.0823970037453183	8	Neutrophil	PFA1	PFA1	G1	foreman_1347
foreman_1347_TCAAGACGTATCACCA	3570	15695	0.0841032175852182	3	Hypoxia	PFA1	PFA1	G1	foreman_1347
foreman_1347_TCAAGTGCACCAGCCA	2358	10499	0.0542908848461758	3	Hypoxia	PFA1	PFA1	G1	foreman_1347
foreman_1347_TCACAAGTCGACGATT	1786	7585	0.024390243902439	3	Hypoxia	PFA1	PFA1	G1	foreman_1347
foreman_1347_TCAGGGCCACCCAACG	1584	4000	0.05425	8	Neutrophil	PFA1	PFA1	G1	foreman_1347
foreman_1347_TCAGGTACACGCTGCA	2182	7926	0.0349482715114812	3	Hypoxia	PFA1	PFA1	S	foreman_1347
foreman_1347_TCATACTCAACCCTAA	2938	11864	0.0253708698583951	3	Hypoxia	PFA1	PFA1	G1	foreman_1347
foreman_1347_TCATTACTCGCCGATG	2344	7130	0.0683029453015428	8	Neutrophil	PFA1	PFA1	G1	foreman_1347
foreman_1347_TCCATCGTCACTTCTA	3223	11931	0.0883412957840919	8	Neutrophil	PFA1	PFA1	G1	foreman_1347
foreman_1347_TCCCACATCTTACTGT	3571	13832	0.060294968189705	8	Neutrophil	PFA1	PFA1	G2M	foreman_1347
foreman_1347_TCGACGGAGCACCAGA	2246	7631	0.0314506617743415	3	Hypoxia	PFA1	PFA1	G1	foreman_1347
foreman_1347_TCGGGACAGGGTGAGG	1281	4845	0.0249742002063983	3	Hypoxia	PFA1	PFA1	G1	foreman_1347
foreman_1347_TCTACCGAGAATTTGG	3206	10958	0.102299689724402	8	Neutrophil	PFA1	PFA1	G1	foreman_1347
foreman_1347_TCTGTCGCAGTGACCC	4914	25564	0.0762009075262087	5	Undefined M	PFA1	PFA1	G1	foreman_1347
foreman_1347_TGACGCGGTGGCAACA	3084	10471	0.0808900773565085	8	Neutrophil	PFA1	PFA1	G1	foreman_1347
foreman_1347_TGAGCATCAGGACTAG	1804	4345	0.0789413118527043	8	Neutrophil	PFA1	PFA1	G1	foreman_1347
foreman_1347_TGAGTCATCAGTGATC	2860	10354	0.114351941278733	3	Hypoxia	PFA1	PFA1	G1	foreman_1347
foreman_1347_TGGGCGTTCGGACTTA	3749	18256	0.0405346187554777	3	Hypoxia	PFA1	PFA1	G1	foreman_1347
foreman_1347_TGTCCACCAAGCGGAT	3014	11633	0.08338347803662	8	Neutrophil	PFA1	PFA1	G1	foreman_1347
foreman_1347_TGTTCATCAATCAAGA	1861	9144	0.0355424321959755	3	Hypoxia	PFA1	PFA1	G1	foreman_1347
foreman_1347_TGTTCCGAGTAGAGTT	3191	11123	0.0911624561718961	8	Neutrophil	PFA1	PFA1	G1	foreman_1347
foreman_1347_TTCCTAATCAATGTCG	2405	8211	0.0986481549141396	8	Neutrophil	PFA1	PFA1	G1	foreman_1347
foreman_1347_TTCTAGTAGACAGCGT	4252	21768	0.0499816244027931	5	Undefined M	PFA1	PFA1	G1	foreman_1347
foreman_1347_TTCTAGTAGGTCATTC	2492	8525	0.0846920821114369	8	Neutrophil	PFA1	PFA1	G1	foreman_1347
foreman_1347_TTTCCTCAGTATGACA	516	896	0.0200892857142857	3	Hypoxia	PFA1	PFA1	G1	foreman_1347
foreman_1347_TTTGACTCAATTGCAC	4185	19956	0.10893966726799	3	Hypoxia	PFA1	PFA1	G1	foreman_1347
foreman_1347_TTTGGAGTCAGGAAAT	1152	3028	0.233487450462351	3	Hypoxia	PFA1	PFA1	G1	foreman_1347
foreman_1269_AGAGAGCCAAATGGCG	3413	11278	0.0956729916651889	8	Neutrophil	PFA1	PFA2	S	foreman_1269
foreman_1269_ATTACCTGTTTCGATG	2549	6850	0.146131386861314	8	Neutrophil	PFA1	PFA2	G1	foreman_1269
foreman_1269_CAGCCAGCAATTTCGG	1483	3716	0.180570505920344	8	Neutrophil	PFA1	PFA2	G1	foreman_1269
foreman_1269_CCTAAGAAGGCGCTCT	3654	13481	0.0903493806097471	8	Neutrophil	PFA1	PFA2	G1	foreman_1269
foreman_1269_CGCCAGAGTCTGCCTT	2465	7488	0.101362179487179	8	Neutrophil	PFA1	PFA2	G1	foreman_1269
foreman_1269_CTACCTGAGTGGACGT	2262	6252	0.0898912348048624	8	Neutrophil	PFA1	PFA2	G1	foreman_1269
foreman_1269_CTCAAGAAGTTCAACC	3559	12574	0.0984571337680929	8	Neutrophil	PFA1	PFA2	G1	foreman_1269
foreman_1269_CTCCTTTAGCGAACTG	3521	12219	0.115230378918078	8	Neutrophil	PFA1	PFA2	G1	foreman_1269
foreman_1269_GAGTTGTTCCCTGTTG	813	1946	0.00102774922918808	8	Neutrophil	PFA1	PFA2	G1	foreman_1269
foreman_1269_GCATCTCTCGCTAATG	2166	6274	0.132132610774625	8	Neutrophil	PFA1	PFA2	G1	foreman_1269
foreman_1269_GTAATCGAGCCAGAGT	3084	10929	0.0706377527678653	7	Alternative M2	PFA1	PFA2	G1	foreman_1269
foreman_1269_GTGCTTCTCTGCTCTG	2818	8361	0.091376629589762	8	Neutrophil	PFA1	PFA2	G1	foreman_1269
foreman_1269_TAATCTCCACATACTG	4517	20458	0.0689216932251442	5	Undefined M	PFA1	PFA2	G1	foreman_1269
foreman_1269_TATTGGGTCTTCTTCC	1815	4561	0.133523350142513	8	Neutrophil	PFA1	PFA2	G1	foreman_1269
foreman_1269_TCCCATGAGGACTTCT	903	1768	0.131221719457014	8	Neutrophil	PFA1	PFA2	G1	foreman_1269
foreman_1269_TCTGGCTAGTACCCTA	2761	8487	0.105455402380111	8	Neutrophil	PFA1	PFA2	G2M	foreman_1269
foreman_1269_TCTTGCGGTCTGTAGT	668	1142	0.100700525394046	8	Neutrophil	PFA1	PFA2	G1	foreman_1269
foreman_1269_TGAGACTAGTCTCGTA	3699	13617	0.10266578541529	8	Neutrophil	PFA1	PFA2	G1	foreman_1269
foreman_1269_TGATCAGAGCAGAAAG	1014	1592	0.0628140703517588	8	Neutrophil	PFA1	PFA2	S	foreman_1269
foreman_1269_TGCTCGTAGGGTGGGA	4208	14869	0.0884390342322954	7	Alternative M2	PFA1	PFA2	G1	foreman_1269
foreman_1269_TGGTGATAGAATTCAG	3660	12606	0.084404251943519	8	Neutrophil	PFA1	PFA2	G1	foreman_1269
foreman_1269_TTGTTCAGTAACCCGC	1912	4474	0.121814930710773	8	Neutrophil	PFA1	PFA2	G1	foreman_1269
foreman_1269_TTTACCACAATGCAGG	2969	9912	0.109765940274415	8	Neutrophil	PFA1	PFA2	G1	foreman_1269
foreman_1269_TTTCATGGTTGTCATG	3694	11855	0.0704344158582876	3	Hypoxia	PFA1	PFA2	G1	foreman_1269
foreman_1269_TTTGGAGTCAATCTCT	2198	6132	0.100293542074364	8	Neutrophil	PFA1	PFA2	G2M	foreman_1269
foreman_1239_AACACGTTCTGGTGTA	1473	3452	0.0240440324449594	1	Lymphocytes	PFA1	PFA1	G1	foreman_1239
foreman_1239_AACTCCCAGCCGATTT	1019	2433	0.0172626387176326	1	Lymphocytes	PFA1	PFA1	G1	foreman_1239
foreman_1239_AACTCTTCACCAGGTC	601	1411	0.0531537916371368	1	Lymphocytes	PFA1	PFA1	S	foreman_1239
foreman_1239_ACACCAATCGTGACAT	900	2435	0.0279260780287474	1	Lymphocytes	PFA1	PFA1	S	foreman_1239
foreman_1239_ACACTGAAGCCAACAG	2744	9012	0.02762982689747	4	Mitotic	PFA1	PFA1	G2M	foreman_1239
foreman_1239_ACCTTTAAGGGCTCTC	1615	4394	0.025944469731452	1	Lymphocytes	PFA1	PFA1	S	foreman_1239
foreman_1239_ACGATACGTGCCTGCA	623	1360	0.0235294117647059	1	Lymphocytes	PFA1	PFA1	G1	foreman_1239
foreman_1239_ACGGGTCGTAGCTTGT	882	2282	0.0319894829097283	1	Lymphocytes	PFA1	PFA1	G1	foreman_1239
foreman_1239_AGGTCATGTTGTCGCG	2288	7166	0.0207926318727323	4	Mitotic	PFA1	PFA1	G2M	foreman_1239
foreman_1239_AGTTGGTCAAGGACAC	1300	3147	0.0562440419447092	1	Lymphocytes	PFA1	PFA1	G1	foreman_1239
foreman_1239_ATAAGAGAGCGATGAC	1355	2946	0.0261371350984386	1	Lymphocytes	PFA1	PFA1	G1	foreman_1239
foreman_1239_ATAAGAGCAAACAACA	2216	7421	0.0253335130036383	1	Lymphocytes	PFA1	PFA1	S	foreman_1239
foreman_1239_ATCATGGTCGGCGGTT	840	2146	0.0400745573159366	1	Lymphocytes	PFA1	PFA1	G1	foreman_1239
foreman_1239_ATGCGATAGCGTGTCC	680	1644	0.0298053527980535	1	Lymphocytes	PFA1	PFA1	G1	foreman_1239
foreman_1239_ATTACTCTCGCCTGTT	1117	2882	0.0194309507286607	1	Lymphocytes	PFA1	PFA1	G1	foreman_1239
foreman_1239_CAAGTTGGTAAGAGGA	572	1115	0.0439461883408072	1	Lymphocytes	PFA1	PFA1	G1	foreman_1239
foreman_1239_CAGCCGAGTGTGACCC	842	2552	0.0407523510971787	1	Lymphocytes	PFA1	PFA1	G1	foreman_1239
foreman_1239_CAGCTGGCAGGCTGAA	1621	6049	0.0234749545379402	1	Lymphocytes	PFA1	PFA1	S	foreman_1239
foreman_1239_CATCAGATCTGGCGAC	1395	3508	0.0661345496009122	1	Lymphocytes	PFA1	PFA1	S	foreman_1239
foreman_1239_CATCCACCAGGTTTCA	1358	3623	0.0237372343361855	1	Lymphocytes	PFA1	PFA1	G1	foreman_1239
foreman_1239_CCGGGATTCAGCTCGG	1525	4335	0.0129181084198385	1	Lymphocytes	PFA1	PFA1	G1	foreman_1239
foreman_1239_CGCGGTAGTTCGCGAC	967	2042	0.0200783545543585	1	Lymphocytes	PFA1	PFA1	S	foreman_1239
foreman_1239_CGGACTGGTCGAATCT	1560	4890	0.0388548057259714	1	Lymphocytes	PFA1	PFA1	S	foreman_1239
foreman_1239_CGTCAGGGTGCACGAA	1321	3824	0.0321652719665272	1	Lymphocytes	PFA1	PFA1	G1	foreman_1239
foreman_1239_CGTGAGCTCGTCCAGG	841	1914	0.03239289446186	1	Lymphocytes	PFA1	PFA1	G1	foreman_1239
foreman_1239_CTAACTTCATTACCTT	1628	4208	0.0259030418250951	1	Lymphocytes	PFA1	PFA1	G1	foreman_1239
foreman_1239_CTAGCCTGTACCCAAT	1062	2215	0.0266365688487585	1	Lymphocytes	PFA1	PFA1	G2M	foreman_1239
foreman_1239_CTCCTAGTCTTCTGGC	1202	2931	0.0440122824974411	1	Lymphocytes	PFA1	PFA1	G1	foreman_1239
foreman_1239_CTCTACGAGATGAGAG	2464	8174	0.020063616344507	1	Lymphocytes	PFA1	PFA1	S	foreman_1239
foreman_1239_CTCTGGTGTTTAGGAA	2455	7441	0.0322537293374546	4	Mitotic	PFA1	PFA1	G2M	foreman_1239
foreman_1239_CTGATCCCAAAGGCGT	1622	5894	0.0217170003393281	1	Lymphocytes	PFA1	PFA1	G1	foreman_1239
foreman_1239_CTGCGGAGTAGCGTAG	1142	2371	0.0383804301982286	1	Lymphocytes	PFA1	PFA1	G1	foreman_1239
foreman_1239_CTTACCGAGTCTCGGC	982	2728	0.0289589442815249	1	Lymphocytes	PFA1	PFA1	G1	foreman_1239
foreman_1239_GAACCTAGTAAGTTCC	1351	3293	0.0154873975098694	1	Lymphocytes	PFA1	PFA1	G1	foreman_1239
foreman_1239_GACGTTACACCGCTAG	421	836	0.0227272727272727	1	Lymphocytes	PFA1	PFA1	G2M	foreman_1239
foreman_1239_GACTAACAGGGTTCCC	1403	3328	0.0243389423076923	1	Lymphocytes	PFA1	PFA1	S	foreman_1239
foreman_1239_GATGCTAAGTCATCCA	865	2007	0.0274040857000498	1	Lymphocytes	PFA1	PFA1	S	foreman_1239
foreman_1239_GGGAGATTCTGGCGAC	1407	4952	0.0234248788368336	1	Lymphocytes	PFA1	PFA1	S	foreman_1239
foreman_1239_GGTATTGAGATGCGAC	571	1075	0.0223255813953488	1	Lymphocytes	PFA1	PFA1	S	foreman_1239
foreman_1239_GTGCAGCAGGCTAGGT	1966	5913	0.02164721799425	1	Lymphocytes	PFA1	PFA1	G1	foreman_1239
foreman_1239_GTGCGGTCACACATGT	549	1047	0.0420248328557784	1	Lymphocytes	PFA1	PFA1	G1	foreman_1239
foreman_1239_TAAGCGTCACCATCCT	1080	2828	0.028995756718529	1	Lymphocytes	PFA1	PFA1	S	foreman_1239
foreman_1239_TATCAGGAGGGATCTG	382	686	0.0568513119533528	1	Lymphocytes	PFA1	PFA1	G1	foreman_1239
foreman_1239_TCACGAAGTCCTGCTT	1297	3474	0.0215889464594128	1	Lymphocytes	PFA1	PFA1	G2M	foreman_1239
foreman_1239_TCACGAATCGCCAAAT	4518	25200	0.0246428571428571	4	Mitotic	PFA1	PFA1	G2M	foreman_1239
foreman_1239_TCGAGGCTCCGTAGTA	1083	2184	0	1	Lymphocytes	PFA1	PFA1	S	foreman_1239
foreman_1239_TCGTAGACAATTGCTG	441	850	0.0364705882352941	1	Lymphocytes	PFA1	PFA1	S	foreman_1239
foreman_1239_TCGTAGACAGCATACT	1107	2564	0.0292511700468019	1	Lymphocytes	PFA1	PFA1	G2M	foreman_1239
foreman_1239_TCTGAGATCTTGTTTG	1049	2628	0.0220700152207002	1	Lymphocytes	PFA1	PFA1	G1	foreman_1239
foreman_1239_TGAGCATGTTCAGACT	1985	5489	0.00327928584441611	1	Lymphocytes	PFA1	PFA1	S	foreman_1239
foreman_1239_TTAGGACTCTGGTGTA	1046	2762	0.0184648805213613	1	Lymphocytes	PFA1	PFA1	G1	foreman_1239
foreman_1239_TTATGCTGTATAATGG	485	889	0.0607424071991001	1	Lymphocytes	PFA1	PFA1	G2M	foreman_1239
foreman_1239_TTTGGTTTCTGGAGCC	898	2123	0.0254357041921809	1	Lymphocytes	PFA1	PFA1	G1	foreman_1239
foreman_723_AAACGGGGTCGCGGTT	269	485	0.105154639175258	1	Lymphocytes	PFA1	PFA2	G1	foreman_723
foreman_723_ACTATCTAGGTGATAT	338	674	0.142433234421365	1	Lymphocytes	PFA1	PFA2	S	foreman_723
foreman_723_ACTTACTGTTAAGTAG	513	828	0.0615942028985507	1	Lymphocytes	PFA1	PFA2	G1	foreman_723
foreman_723_AGCAGCCAGTTCGCGC	292	604	0.157284768211921	1	Lymphocytes	PFA1	PFA2	G2M	foreman_723
foreman_723_AGTGAGGAGCGTGAGT	369	771	0.102464332036316	1	Lymphocytes	PFA1	PFA2	G2M	foreman_723
foreman_723_ATAAGAGCAAGTACCT	1106	2991	0.0287529254429957	1	Lymphocytes	PFA1	PFA2	S	foreman_723
foreman_723_ATCTGCCAGTATTGGA	532	920	0.0532608695652174	1	Lymphocytes	PFA1	PFA2	S	foreman_723
foreman_723_ATTTCTGGTGTGACGA	1081	3363	0.0315194766577461	1	Lymphocytes	PFA1	PFA2	G1	foreman_723
foreman_723_CACACAACATTAACCG	377	763	0.121887287024902	1	Lymphocytes	PFA1	PFA2	G1	foreman_723
foreman_723_CATATTCAGACAAAGG	708	1624	0.0166256157635468	1	Lymphocytes	PFA1	PFA2	G2M	foreman_723
foreman_723_CATCAGACATGTCTCC	285	549	0.154826958105647	1	Lymphocytes	PFA1	PFA2	S	foreman_723
foreman_723_CATCGAATCGTCGTTC	1214	4919	0.0367960967676357	1	Lymphocytes	PFA1	PFA2	G1	foreman_723
foreman_723_CCCAATCTCAAGGCTT	501	999	0.147147147147147	1	Lymphocytes	PFA1	PFA2	G2M	foreman_723
foreman_723_CCGGGATTCCTGCCAT	502	1029	0.210884353741497	1	Lymphocytes	PFA1	PFA2	G1	foreman_723
foreman_723_CCTACACGTTAGATGA	570	1245	0.0248995983935743	1	Lymphocytes	PFA1	PFA2	G2M	foreman_723
foreman_723_CCTAGCTTCTGTCTCG	781	1980	0.0136363636363636	1	Lymphocytes	PFA1	PFA2	S	foreman_723
foreman_723_CCTTCGACAAGTAATG	539	1498	0.00467289719626168	1	Lymphocytes	PFA1	PFA2	G1	foreman_723
foreman_723_CGAATGTTCAAGAAGT	280	577	0.202772963604853	1	Lymphocytes	PFA1	PFA2	G1	foreman_723
foreman_723_CGCGGTACACCGAAAG	244	506	0.24703557312253	1	Lymphocytes	PFA1	PFA2	G1	foreman_723
foreman_723_CGCTGGACAGCTTCGG	420	1096	0.0218978102189781	1	Lymphocytes	PFA1	PFA2	G1	foreman_723
foreman_723_CGTGAGCTCATGTCCC	816	2045	0.0415647921760391	1	Lymphocytes	PFA1	PFA2	G2M	foreman_723
foreman_723_CTCACACAGCGTAGTG	962	2349	0.0468284376330353	1	Lymphocytes	PFA1	PFA2	S	foreman_723
foreman_723_CTCAGAACAGATAATG	999	3622	0.0231916068470458	1	Lymphocytes	PFA1	PFA2	G1	foreman_723
foreman_723_CTCGAAAGTTTGACTG	1020	3562	0.0252667040988209	1	Lymphocytes	PFA1	PFA2	S	foreman_723
foreman_723_CTCTAATAGGGCTTCC	517	882	0.0566893424036281	1	Lymphocytes	PFA1	PFA2	S	foreman_723
foreman_723_CTCTACGAGGTGGGTT	532	906	0.0860927152317881	1	Lymphocytes	PFA1	PFA2	G1	foreman_723
foreman_723_CTGCCTAGTGTTCGAT	761	3011	0.0338757887744935	1	Lymphocytes	PFA1	PFA2	G1	foreman_723
foreman_723_CTGCCTAGTTGTACAC	1143	4262	0.0464570624120131	1	Lymphocytes	PFA1	PFA2	G1	foreman_723
foreman_723_GAACCTAGTTCGCGAC	272	486	0.0802469135802469	1	Lymphocytes	PFA1	PFA2	G2M	foreman_723
foreman_723_GAGGTGAAGGCTAGCA	1065	3138	0.024219247928617	1	Lymphocytes	PFA1	PFA2	G1	foreman_723
foreman_723_GATCGATTCCCGGATG	616	1128	0.160460992907801	1	Lymphocytes	PFA1	PFA2	G1	foreman_723
foreman_723_GCATACACAGCAGTTT	365	567	0.0423280423280423	1	Lymphocytes	PFA1	PFA2	G1	foreman_723
foreman_723_GCGAGAACAAGGACTG	270	540	0.198148148148148	1	Lymphocytes	PFA1	PFA2	G1	foreman_723
foreman_723_GCGCCAAAGAGTCTGG	765	2447	0.0314671025745811	1	Lymphocytes	PFA1	PFA2	G1	foreman_723
foreman_723_GCTTGAAGTTCAGCGC	985	2857	0.0217010850542527	1	Lymphocytes	PFA1	PFA2	G1	foreman_723
foreman_723_GGATGTTGTTACGACT	575	964	0.0321576763485477	1	Lymphocytes	PFA1	PFA2	G2M	foreman_723
foreman_723_GGTATTGTCGAATCCA	300	503	0.149105367793241	1	Lymphocytes	PFA1	PFA2	G1	foreman_723
foreman_723_GGTATTGTCTAACTCT	2445	8136	0.020771878072763	1	Lymphocytes	PFA1	PFA2	G1	foreman_723
foreman_723_GTACTCCTCAAGAAGT	811	2913	0.00789564023343632	1	Lymphocytes	PFA1	PFA2	G1	foreman_723
foreman_723_GTAGTCACAATCGGTT	683	1448	0.225828729281768	4	Mitotic	PFA1	PFA2	G2M	foreman_723
foreman_723_GTAGTCACATGCGCAC	457	730	0.123287671232877	1	Lymphocytes	PFA1	PFA2	G1	foreman_723
foreman_723_GTATTCTTCGGCATCG	932	2411	0.0319369556200747	1	Lymphocytes	PFA1	PFA2	S	foreman_723
foreman_723_TAAGCGTAGTACGTTC	750	1831	0.0595303113052977	1	Lymphocytes	PFA1	PFA2	G2M	foreman_723
foreman_723_TACAGTGGTTTAAGCC	1070	4616	0.0320623916811092	1	Lymphocytes	PFA1	PFA2	G1	foreman_723
foreman_723_TACCTATAGTGGTCCC	259	552	0.197463768115942	1	Lymphocytes	PFA1	PFA2	G2M	foreman_723
foreman_723_TATCTCATCAACACGT	269	597	0.177554438860972	1	Lymphocytes	PFA1	PFA2	G1	foreman_723
foreman_723_TCACAAGGTTTGTTTC	571	759	0.0395256916996047	1	Lymphocytes	PFA1	PFA2	S	foreman_723
foreman_723_TCAGCAAGTCTAGTCA	1729	5249	0.0339112211849876	1	Lymphocytes	PFA1	PFA2	S	foreman_723
foreman_723_TCCCGATAGACTCGGA	537	904	0.0298672566371681	1	Lymphocytes	PFA1	PFA2	G2M	foreman_723
foreman_723_TCGAGGCAGAAGAAGC	305	577	0.121317157712305	1	Lymphocytes	PFA1	PFA2	G2M	foreman_723
foreman_723_TCGAGGCAGATGGCGT	1033	3062	0.0267798824297845	1	Lymphocytes	PFA1	PFA2	G1	foreman_723
foreman_723_TCTATTGGTTCTGGTA	316	735	0.129251700680272	1	Lymphocytes	PFA1	PFA2	G1	foreman_723
foreman_723_TGAAAGACATGCCTAA	332	683	0.125915080527086	1	Lymphocytes	PFA1	PFA2	G1	foreman_723
foreman_723_TGACTAGTCACCAGGC	492	696	0.0416666666666667	1	Lymphocytes	PFA1	PFA2	G1	foreman_723
foreman_723_TTCGAAGAGTCACGCC	672	1336	0.0733532934131736	1	Lymphocytes	PFA1	PFA2	G1	foreman_723
foreman_723_TTTACTGAGCGTCTAT	392	691	0.0434153400868307	1	Lymphocytes	PFA1	PFA2	G1	foreman_723
foreman_723_TTTCCTCAGACTGGGT	872	3118	0.0394483643361129	1	Lymphocytes	PFA1	PFA2	G2M	foreman_723
foreman_727_AAACGGGTCATACGGT	2543	7474	0.0271608241905272	4	Mitotic	PFA2	PFA2	G2M	foreman_727
foreman_727_AACTCCCCATGCCCGA	382	757	0.191545574636724	2	Classical M1	PFA2	PFA2	G2M	foreman_727
foreman_727_AACTCTTGTTGAGTTC	1115	2490	0.0232931726907631	1	Lymphocytes	PFA2	PFA2	G1	foreman_727
foreman_727_AATCGGTCAGTCGTGC	477	821	0.00243605359317905	1	Lymphocytes	PFA2	PFA2	G2M	foreman_727
foreman_727_ACATCAGCACAGAGGT	1184	2602	0.0415065334358186	1	Lymphocytes	PFA2	PFA2	G1	foreman_727
foreman_727_ACCGTAAGTCGGCTCA	1156	3023	0.0244789943764472	1	Lymphocytes	PFA2	PFA2	G1	foreman_727
foreman_727_ACGCCAGCATTCCTCG	499	1137	0.0861917326297273	1	Lymphocytes	PFA2	PFA2	S	foreman_727
foreman_727_ACGGAGAGTACCGCTG	1259	3689	0.0398481973434535	1	Lymphocytes	PFA2	PFA2	G1	foreman_727
foreman_727_ACGGCCAAGGTTCCTA	1038	2544	0.0349842767295597	1	Lymphocytes	PFA2	PFA2	G1	foreman_727
foreman_727_ACTATCTCACCCATTC	1114	3506	0.0370792926411865	1	Lymphocytes	PFA2	PFA2	S	foreman_727
foreman_727_ACTGATGTCTCTTGAT	570	1169	0.0513259195893926	1	Lymphocytes	PFA2	PFA2	S	foreman_727
foreman_727_ACTTACTAGACCTAGG	699	1622	0.0474722564734895	1	Lymphocytes	PFA2	PFA2	G2M	foreman_727
foreman_727_ACTTGTTTCTATCCCG	317	511	0.125244618395303	1	Lymphocytes	PFA2	PFA2	G1	foreman_727
foreman_727_AGAGTGGTCTTCGGTC	998	2448	0.0355392156862745	1	Lymphocytes	PFA2	PFA2	G1	foreman_727
foreman_727_AGCTTGATCTGCCCTA	398	665	0.0165413533834586	1	Lymphocytes	PFA2	PFA2	G1	foreman_727
foreman_727_AGGTCATGTCCGTTAA	911	1942	0.00875386199794027	1	Lymphocytes	PFA2	PFA2	S	foreman_727
foreman_727_CAAGTTGTCCTAGAAC	759	1635	0.0305810397553517	1	Lymphocytes	PFA2	PFA2	S	foreman_727
foreman_727_CACACAACATCCCACT	1101	2854	0.0343377715487036	1	Lymphocytes	PFA2	PFA2	G2M	foreman_727
foreman_727_CACAGGCGTCTGATCA	990	2482	0.0265914585012087	1	Lymphocytes	PFA2	PFA2	S	foreman_727
foreman_727_CACTCCAGTCCATCCT	371	774	0.0852713178294574	1	Lymphocytes	PFA2	PFA2	G2M	foreman_727
foreman_727_CATGGCGTCGGTTAAC	829	1683	0.0516934046345811	1	Lymphocytes	PFA2	PFA2	G1	foreman_727
foreman_727_CCACGGACACAACGTT	790	1669	0.0449370880766926	1	Lymphocytes	PFA2	PFA2	G1	foreman_727
foreman_727_CCCATACAGCAACGGT	763	1688	0.0497630331753555	1	Lymphocytes	PFA2	PFA2	G1	foreman_727
foreman_727_CCCATACCACCCTATC	955	2204	0.0362976406533575	1	Lymphocytes	PFA2	PFA2	G1	foreman_727
foreman_727_CCGGGATAGTGGTCCC	709	1755	0.0153846153846154	1	Lymphocytes	PFA2	PFA2	G1	foreman_727
foreman_727_CCTAGCTTCTCCAACC	1190	2804	0.0310271041369472	1	Lymphocytes	PFA2	PFA2	S	foreman_727
foreman_727_CGAACATAGAGTAAGG	759	1783	0.0375771172181716	1	Lymphocytes	PFA2	PFA2	G1	foreman_727
foreman_727_CGCGGTAAGGATGCGT	796	1738	0.134062140391254	1	Lymphocytes	PFA2	PFA2	S	foreman_727
foreman_727_CGGACGTTCCCAACGG	1063	2657	0.0316146029356417	1	Lymphocytes	PFA2	PFA2	G1	foreman_727
foreman_727_CGTAGGCTCTACTTAC	889	2125	0.0305882352941176	1	Lymphocytes	PFA2	PFA2	G1	foreman_727
foreman_727_CGTAGGCTCTTCATGT	710	1670	0.0682634730538922	1	Lymphocytes	PFA2	PFA2	G2M	foreman_727
foreman_727_CGTCCATAGCGAGAAA	1428	5193	0.0358174465626805	1	Lymphocytes	PFA2	PFA2	G1	foreman_727
foreman_727_CTAATGGTCAACTCTT	697	1664	0.0534855769230769	1	Lymphocytes	PFA2	PFA2	G2M	foreman_727
foreman_727_CTACCCATCTATCCTA	926	2673	0.0295548073325851	1	Lymphocytes	PFA2	PFA2	G1	foreman_727
foreman_727_CTACGTCCATCAGTCA	807	1417	0.0486944248412138	1	Lymphocytes	PFA2	PFA2	S	foreman_727
foreman_727_CTAGAGTAGGCGCTCT	1515	3668	0.0605234460196292	1	Lymphocytes	PFA2	PFA2	G1	foreman_727
foreman_727_CTAGCCTTCCATGCTC	363	807	0.122676579925651	1	Lymphocytes	PFA2	PFA2	G1	foreman_727
foreman_727_CTCAGAAAGACCACGA	460	844	0.0627962085308057	1	Lymphocytes	PFA2	PFA2	G1	foreman_727
foreman_727_CTCTAATTCCAGAGGA	578	913	0.0339539978094195	1	Lymphocytes	PFA2	PFA2	G1	foreman_727
foreman_727_CTTAACTCAGTATAAG	1248	4191	0.0283941780004772	1	Lymphocytes	PFA2	PFA2	G1	foreman_727
foreman_727_CTTACCGTCTGGTTCC	242	604	0.097682119205298	1	Lymphocytes	PFA2	PFA2	S	foreman_727
foreman_727_GAAACTCAGTAGGTGC	1204	3353	0.0167014613778706	1	Lymphocytes	PFA2	PFA2	G1	foreman_727
foreman_727_GAACATCAGGGCTTCC	410	854	0.0936768149882904	1	Lymphocytes	PFA2	PFA2	S	foreman_727
foreman_727_GAACCTATCACTATTC	310	756	0.130952380952381	1	Lymphocytes	PFA2	PFA2	S	foreman_727
foreman_727_GAATAAGAGAAACGCC	255	643	0.0855365474339036	2	Classical M1	PFA2	PFA2	G1	foreman_727
foreman_727_GACTAACGTCGGATCC	1121	2438	0.0467596390484003	1	Lymphocytes	PFA2	PFA2	S	foreman_727
foreman_727_GATCGATGTTTCGCTC	1920	5543	0.0514162006133863	9	B-cells	PFA2	PFA2	S	foreman_727
foreman_727_GATCGTAAGGCTATCT	266	506	0.158102766798419	1	Lymphocytes	PFA2	PFA2	G1	foreman_727
foreman_727_GCACTCTTCCCATTAT	457	824	0.125	1	Lymphocytes	PFA2	PFA2	G1	foreman_727
foreman_727_GCATGCGAGTCCGTAT	772	1780	0.0837078651685393	1	Lymphocytes	PFA2	PFA2	G1	foreman_727
foreman_727_GCGACCAGTCAATGTC	749	1399	0.108649035025018	1	Lymphocytes	PFA2	PFA2	S	foreman_727
foreman_727_GGAAAGCCAAGACACG	1051	2615	0.0286806883365201	1	Lymphocytes	PFA2	PFA2	S	foreman_727
foreman_727_GGCGTGTGTGCAGACA	1530	5607	0.0340645621544498	1	Lymphocytes	PFA2	PFA2	G1	foreman_727
foreman_727_GGGAATGTCCGCATAA	881	2010	0.0442786069651741	1	Lymphocytes	PFA2	PFA2	G1	foreman_727
foreman_727_GGGACCTTCATCTGCC	912	1778	0.0714285714285714	1	Lymphocytes	PFA2	PFA2	G1	foreman_727
foreman_727_GGGATGAGTGGTCCGT	362	615	0.105691056910569	1	Lymphocytes	PFA2	PFA2	G1	foreman_727
foreman_727_GGGCATCCAGCTATTG	1174	2870	0.0292682926829268	1	Lymphocytes	PFA2	PFA2	G1	foreman_727
foreman_727_GGTATTGCATGCTGGC	407	601	0.0582362728785358	1	Lymphocytes	PFA2	PFA2	G2M	foreman_727
foreman_727_GTACGTAGTGACGGTA	849	1780	0.0280898876404494	1	Lymphocytes	PFA2	PFA2	G1	foreman_727
foreman_727_GTCCTCAGTTATGCGT	423	788	0.0951776649746193	1	Lymphocytes	PFA2	PFA2	S	foreman_727
foreman_727_GTCTCGTAGGTAAACT	1013	2300	0.0165217391304348	1	Lymphocytes	PFA2	PFA2	G1	foreman_727
foreman_727_GTGTGCGTCGGTTCGG	941	2276	0.0496485061511424	1	Lymphocytes	PFA2	PFA2	G1	foreman_727
foreman_727_GTTAAGCGTGGTAACG	534	873	0.0916380297823597	1	Lymphocytes	PFA2	PFA2	S	foreman_727
foreman_727_GTTCATTTCACGATGT	1653	5011	0.029335461983636	1	Lymphocytes	PFA2	PFA2	G1	foreman_727
foreman_727_GTTCGGGGTTCCACTC	1109	2504	0.0151757188498403	1	Lymphocytes	PFA2	PFA2	G1	foreman_727
foreman_727_TAAGAGAAGTTAAGTG	341	675	0.191111111111111	9	B-cells	PFA2	PFA2	S	foreman_727
foreman_727_TACTCGCCACGACTCG	881	2434	0.0225965488907149	1	Lymphocytes	PFA2	PFA2	G1	foreman_727
foreman_727_TACTTGTTCTTGTATC	303	574	0.0522648083623693	1	Lymphocytes	PFA2	PFA2	S	foreman_727
foreman_727_TAGAGCTCAGTCACTA	1038	2267	0.0216144684605205	1	Lymphocytes	PFA2	PFA2	S	foreman_727
foreman_727_TAGCCGGCACACCGCA	1124	3391	0.0238867590681215	1	Lymphocytes	PFA2	PFA2	G1	foreman_727
foreman_727_TCAACGATCTCACATT	1540	4536	0.0240299823633157	1	Lymphocytes	PFA2	PFA2	G1	foreman_727
foreman_727_TCATTACGTCCATGAT	1321	3367	0.0255420255420255	1	Lymphocytes	PFA2	PFA2	G1	foreman_727
foreman_727_TCGGTAAGTTGTGGAG	295	589	0.066213921901528	1	Lymphocytes	PFA2	PFA2	G1	foreman_727
foreman_727_TCTGGAAGTCTGCGGT	739	1576	0.0215736040609137	1	Lymphocytes	PFA2	PFA2	S	foreman_727
foreman_727_TCTTCGGTCCGCATCT	953	2365	0.0228329809725159	1	Lymphocytes	PFA2	PFA2	S	foreman_727
foreman_727_TGACGGCAGGAGTACC	506	781	0.0460947503201024	1	Lymphocytes	PFA2	PFA2	G2M	foreman_727
foreman_727_TGACGGCCAAAGTGCG	396	750	0.126666666666667	1	Lymphocytes	PFA2	PFA2	G1	foreman_727
foreman_727_TGAGGGAAGTACGCCC	1648	4926	0.0251725537961835	1	Lymphocytes	PFA2	PFA2	G1	foreman_727
foreman_727_TGGTTCCGTTAGGGTG	562	1035	0.0869565217391304	1	Lymphocytes	PFA2	PFA2	G2M	foreman_727
foreman_727_TGTTCCGTCTTGACGA	1063	2727	0.0198019801980198	1	Lymphocytes	PFA2	PFA2	G1	foreman_727
foreman_727_TTATGCTAGATCTGCT	1415	3762	0.0425305688463583	1	Lymphocytes	PFA2	PFA2	G1	foreman_727
foreman_727_TTATGCTAGCGTAATA	455	978	0.0531697341513292	1	Lymphocytes	PFA2	PFA2	G1	foreman_727
foreman_727_TTGCGTCTCGACCAGC	568	1213	0.0717230008244023	1	Lymphocytes	PFA2	PFA2	S	foreman_727
foreman_727_TTGGCAACAGTTCATG	1019	2747	0.0382235165635238	1	Lymphocytes	PFA2	PFA2	S	foreman_727
foreman_727_TTTGCGCGTTAGGGTG	396	599	0.0834724540901502	1	Lymphocytes	PFA2	PFA2	S	foreman_727
foreman_727_TTTGTCACATGCCCGA	889	2488	0.0152733118971061	1	Lymphocytes	PFA2	PFA2	G2M	foreman_727
foreman_781_AACCGCGGTCGCGTGT	292	642	0.172897196261682	1	Lymphocytes	PFA1	PFA2	G2M	foreman_781
foreman_781_ACTGAGTGTCGGCACT	443	785	0.114649681528662	1	Lymphocytes	PFA1	PFA2	G1	foreman_781
foreman_781_AGAATAGTCAAGAAGT	1060	3355	0.0309985096870343	1	Lymphocytes	PFA1	PFA2	G1	foreman_781
foreman_781_AGCAGCCAGGGTATCG	290	620	0.137096774193548	1	Lymphocytes	PFA1	PFA2	S	foreman_781
foreman_781_AGCAGCCCAGCTGTTA	938	4021	0.0385476249689132	1	Lymphocytes	PFA1	PFA2	G1	foreman_781
foreman_781_AGCTTGAGTCAACATC	262	540	0.166666666666667	1	Lymphocytes	PFA1	PFA2	G1	foreman_781
foreman_781_AGCTTGAGTTGCGTTA	692	1599	0.0293933708567855	1	Lymphocytes	PFA1	PFA2	G1	foreman_781
foreman_781_AGTGTCAAGGCATTGG	303	654	0.159021406727829	1	Lymphocytes	PFA1	PFA2	S	foreman_781
foreman_781_ATGGGAGAGTCGTACT	370	689	0.105950653120464	1	Lymphocytes	PFA1	PFA2	G1	foreman_781
foreman_781_ATGTGTGCAGACGCAA	882	2319	0.0340664079344545	1	Lymphocytes	PFA1	PFA2	G1	foreman_781
foreman_781_CACACCTCAATGGAAT	847	2176	0.0271139705882353	1	Lymphocytes	PFA1	PFA2	S	foreman_781
foreman_781_CAGTAACAGATACACA	507	955	0.0942408376963351	1	Lymphocytes	PFA1	PFA2	G1	foreman_781
foreman_781_CAGTAACGTTATCGGT	409	746	0.117962466487936	1	Lymphocytes	PFA1	PFA2	G1	foreman_781
foreman_781_CCTAGCTGTCGTCTTC	1116	2826	0.0184005661712668	1	Lymphocytes	PFA1	PFA2	S	foreman_781
foreman_781_CCTATTACAGCAGTTT	800	1823	0.0405924300603401	1	Lymphocytes	PFA1	PFA2	G1	foreman_781
foreman_781_CCTTACGTCTGGAGCC	869	2533	0.0402684563758389	1	Lymphocytes	PFA1	PFA2	G1	foreman_781
foreman_781_CGACTTCAGCCACCTG	946	2595	0.0473988439306358	1	Lymphocytes	PFA1	PFA2	G1	foreman_781
foreman_781_CGAGCACTCGTGGACC	236	526	0.254752851711027	1	Lymphocytes	PFA1	PFA2	G1	foreman_781
foreman_781_CGAGCCACAGCGTTCG	1003	4102	0.00804485616772306	1	Lymphocytes	PFA1	PFA2	G1	foreman_781
foreman_781_CGTAGGCTCTGTCTAT	1746	4996	0.0226180944755805	1	Lymphocytes	PFA1	PFA2	G1	foreman_781
foreman_781_CGTCACTCAGCTCCGA	954	2567	0.0420724581223218	1	Lymphocytes	PFA1	PFA2	S	foreman_781
foreman_781_CGTCTACTCAACGGGA	1098	3150	0.0380952380952381	1	Lymphocytes	PFA1	PFA2	G1	foreman_781
foreman_781_CTAGCCTAGAGACTTA	304	643	0.186625194401244	1	Lymphocytes	PFA1	PFA2	G2M	foreman_781
foreman_781_CTCTAATTCCGAATGT	297	574	0.132404181184669	1	Lymphocytes	PFA1	PFA2	S	foreman_781
foreman_781_GAATGAATCTGCAAGT	926	2475	0.0545454545454545	1	Lymphocytes	PFA1	PFA2	G1	foreman_781
foreman_781_GAATGAATCTGCGACG	1001	2295	0.0291938997821351	1	Lymphocytes	PFA1	PFA2	G1	foreman_781
foreman_781_GACAGAGAGCTCAACT	705	1313	0.0274181264280274	1	Lymphocytes	PFA1	PFA2	S	foreman_781
foreman_781_GACGTTATCCTTGGTC	660	1396	0.0472779369627507	1	Lymphocytes	PFA1	PFA2	G2M	foreman_781
foreman_781_GACTAACAGAATTGTG	639	1389	0.074154067674586	1	Lymphocytes	PFA1	PFA2	S	foreman_781
foreman_781_GCATGATCACTCAGGC	1140	4416	0.0280797101449275	1	Lymphocytes	PFA1	PFA2	G1	foreman_781
foreman_781_GCGCCAATCGCTAGCG	278	637	0.185243328100471	1	Lymphocytes	PFA1	PFA2	G1	foreman_781
foreman_781_GGGAGATGTCAGATAA	300	544	0.224264705882353	1	Lymphocytes	PFA1	PFA2	G1	foreman_781
foreman_781_GGTGAAGTCCCTCTTT	993	2618	0.0110771581359817	1	Lymphocytes	PFA1	PFA2	G1	foreman_781
foreman_781_GTCGGGTGTAGTAGTA	249	544	0.132352941176471	1	Lymphocytes	PFA1	PFA2	G1	foreman_781
foreman_781_GTGCAGCGTCCTGCTT	275	602	0.235880398671096	1	Lymphocytes	PFA1	PFA2	G1	foreman_781
foreman_781_GTGCATATCTGCCCTA	1328	3871	0.0612244897959184	1	Lymphocytes	PFA1	PFA2	G1	foreman_781
foreman_781_TACTTACCATCAGTAC	306	632	0.0759493670886076	1	Lymphocytes	PFA1	PFA2	G2M	foreman_781
foreman_781_TAGAGCTTCTACCAGA	2464	8121	0.0525797315601527	4	Mitotic	PFA1	PFA2	G2M	foreman_781
foreman_781_TCTATTGTCTAAGCCA	318	620	0.145161290322581	1	Lymphocytes	PFA1	PFA2	G1	foreman_781
foreman_781_TGAAAGAGTGGTAACG	1064	3094	0.0187459599224305	1	Lymphocytes	PFA1	PFA2	G1	foreman_781
foreman_781_TGCGGGTTCCTTTACA	1069	2359	0.046206019499788	1	Lymphocytes	PFA1	PFA2	S	foreman_781
foreman_781_TGGCGCATCGTTGCCT	951	3175	0.038740157480315	1	Lymphocytes	PFA1	PFA2	G1	foreman_781
foreman_781_TGGTTCCCATGTAAGA	851	2113	0.0198769522006626	1	Lymphocytes	PFA1	PFA2	G1	foreman_781
foreman_781_TGTATTCTCAAGGCTT	796	1661	0.0662251655629139	1	Lymphocytes	PFA1	PFA2	G1	foreman_781
foreman_781_TTGAACGAGCGTAATA	360	518	0.0810810810810811	1	Lymphocytes	PFA1	PFA2	G1	foreman_781
foreman_781_TTTGCGCCATCTCCCA	366	849	0.204946996466431	1	Lymphocytes	PFA1	PFA2	G1	foreman_781
foreman_821_AAAGATGCAGTCAGAG	903	2266	0.0538393645189762	1	Lymphocytes	PFA1	PFA1	G1	foreman_821
foreman_821_AACACGTGTATGAAAC	334	562	0.131672597864769	1	Lymphocytes	PFA1	PFA1	G1	foreman_821
foreman_821_AACCGCGGTGGAAAGA	1018	2435	0.0480492813141684	1	Lymphocytes	PFA1	PFA1	G1	foreman_821
foreman_821_AACGTTGGTCAGCTAT	2019	6242	0.0350849086831144	1	Lymphocytes	PFA1	PFA1	G1	foreman_821
foreman_821_AACGTTGTCACGAAGG	779	1433	0.0425680390788555	1	Lymphocytes	PFA1	PFA1	G2M	foreman_821
foreman_821_AACGTTGTCCTCAACC	311	595	0.163025210084034	1	Lymphocytes	PFA1	PFA1	S	foreman_821
foreman_821_AACTGGTCAATAGCGG	1046	2691	0.0286138981791156	1	Lymphocytes	PFA1	PFA1	G2M	foreman_821
foreman_821_AAGACCTTCAACCAAC	2170	7816	0.0543756397134084	1	Lymphocytes	PFA1	PFA1	G1	foreman_821
foreman_821_AAGGCAGGTGAACCTT	420	757	0.104359313077939	1	Lymphocytes	PFA1	PFA1	G1	foreman_821
foreman_821_AATCCAGAGATGTAAC	393	719	0.164116828929068	1	Lymphocytes	PFA1	PFA1	G1	foreman_821
foreman_821_AATCCAGTCTAACTTC	1273	3022	0.0334215751158173	1	Lymphocytes	PFA1	PFA1	G2M	foreman_821
foreman_821_ACACCCTCAGCTGTGC	1417	3143	0.0324530703149857	1	Lymphocytes	PFA1	PFA1	G2M	foreman_821
foreman_821_ACACTGACAAAGGCGT	1240	3086	0.0379131561892417	1	Lymphocytes	PFA1	PFA1	S	foreman_821
foreman_821_ACAGCCGAGATCTGAA	851	2116	0.0477315689981096	1	Lymphocytes	PFA1	PFA1	G2M	foreman_821
foreman_821_ACAGCCGAGCAATCTC	852	3326	0.0177390258568851	1	Lymphocytes	PFA1	PFA1	G1	foreman_821
foreman_821_ACAGCCGCACGGTGTC	289	503	0.099403578528827	1	Lymphocytes	PFA1	PFA1	G1	foreman_821
foreman_821_ACGAGCCCAGCGAACA	1097	1880	0.049468085106383	1	Lymphocytes	PFA1	PFA1	S	foreman_821
foreman_821_ACGAGGAAGTGTCCCG	991	2469	0.0307816929931146	1	Lymphocytes	PFA1	PFA1	S	foreman_821
foreman_821_ACGCAGCAGCCGTCGT	1022	2344	0.0405290102389078	1	Lymphocytes	PFA1	PFA1	G1	foreman_821
foreman_821_ACGCAGCGTCTCTTAT	1363	3691	0.0344080195069087	1	Lymphocytes	PFA1	PFA1	G1	foreman_821
foreman_821_ACGCCGACAAACGCGA	486	1105	0.152941176470588	1	Lymphocytes	PFA1	PFA1	G2M	foreman_821
foreman_821_ACTGAGTCAGACGCCT	1705	4804	0.0235220649458784	1	Lymphocytes	PFA1	PFA1	G2M	foreman_821
foreman_821_AGAGCTTAGCCTCGTG	1440	3934	0.0175394001016777	1	Lymphocytes	PFA1	PFA1	G1	foreman_821
foreman_821_AGAGCTTAGGCTAGAC	344	601	0.0815307820299501	1	Lymphocytes	PFA1	PFA1	G2M	foreman_821
foreman_821_AGATCTGTCTGAGGGA	611	1316	0.0638297872340425	1	Lymphocytes	PFA1	PFA1	G1	foreman_821
foreman_821_AGCGGTCAGTTAGCGG	895	1861	0.0360021493820527	1	Lymphocytes	PFA1	PFA1	G1	foreman_821
foreman_821_AGCGGTCTCAAGGTAA	989	2024	0.0538537549407115	1	Lymphocytes	PFA1	PFA1	S	foreman_821
foreman_821_AGCTTGACATTCTTAC	883	2069	0.0260995650072499	1	Lymphocytes	PFA1	PFA1	G1	foreman_821
foreman_821_AGGCCGTCAGGGTACA	949	3640	0.0228021978021978	1	Lymphocytes	PFA1	PFA1	G1	foreman_821
foreman_821_AGGTCATTCAGTCAGT	985	2270	0.0475770925110132	1	Lymphocytes	PFA1	PFA1	G1	foreman_821
foreman_821_AGGTCCGCAGGTCGTC	812	2057	0.0388915896937287	1	Lymphocytes	PFA1	PFA1	G1	foreman_821
foreman_821_AGGTCCGGTCGCATCG	905	2140	0.0294392523364486	1	Lymphocytes	PFA1	PFA1	G2M	foreman_821
foreman_821_AGTGGGATCAATAAGG	1173	2602	0.0234435049961568	1	Lymphocytes	PFA1	PFA1	S	foreman_821
foreman_821_ATAAGAGAGGATGCGT	334	571	0.106830122591944	1	Lymphocytes	PFA1	PFA1	S	foreman_821
foreman_821_ATCATGGCACCACCAG	862	2183	0.0421438387540082	1	Lymphocytes	PFA1	PFA1	G2M	foreman_821
foreman_821_ATCATGGTCAGCCTAA	1908	5422	0.0217631870158613	1	Lymphocytes	PFA1	PFA1	G1	foreman_821
foreman_821_ATCCACCGTTCCACAA	1513	4560	0.0388157894736842	1	Lymphocytes	PFA1	PFA1	G1	foreman_821
foreman_821_ATCCACCTCGCCATAA	696	1300	0.0715384615384615	1	Lymphocytes	PFA1	PFA1	G1	foreman_821
foreman_821_ATCGAGTGTAGTAGTA	644	1263	0.0688836104513064	1	Lymphocytes	PFA1	PFA1	G1	foreman_821
foreman_821_ATCTACTTCCATGCTC	322	639	0.05320813771518	1	Lymphocytes	PFA1	PFA1	G2M	foreman_821
foreman_821_ATGGGAGCACGGACAA	681	1537	0.0364346128822381	1	Lymphocytes	PFA1	PFA1	G1	foreman_821
foreman_821_ATTATCCAGGGTCTCC	1069	3052	0.022608125819135	1	Lymphocytes	PFA1	PFA1	G1	foreman_821
foreman_821_ATTATCCCAGTTCCCT	1197	2748	0.037117903930131	1	Lymphocytes	PFA1	PFA1	G2M	foreman_821
foreman_821_ATTGGTGAGTCGATAA	902	1661	0.053582179409994	1	Lymphocytes	PFA1	PFA1	G2M	foreman_821
foreman_821_ATTTCTGCATTACGAC	1093	2650	0.0381132075471698	1	Lymphocytes	PFA1	PFA1	G2M	foreman_821
foreman_821_CAACCAATCGTACCGG	864	2034	0.0167158308751229	1	Lymphocytes	PFA1	PFA1	G1	foreman_821
foreman_821_CAACCTCAGACACTAA	1528	3860	0.0406735751295337	1	Lymphocytes	PFA1	PFA1	S	foreman_821
foreman_821_CACAAACAGCTGAAAT	1629	5566	0.0659360402443406	1	Lymphocytes	PFA1	PFA1	S	foreman_821
foreman_821_CACACCTGTGTGCGTC	620	1295	0.0671814671814672	1	Lymphocytes	PFA1	PFA1	G1	foreman_821
foreman_821_CACACTCCAACTTGAC	762	1604	0.036783042394015	1	Lymphocytes	PFA1	PFA1	G1	foreman_821
foreman_821_CACACTCTCTGTCTCG	891	2552	0.0254702194357367	1	Lymphocytes	PFA1	PFA1	G1	foreman_821
foreman_821_CACAGTAGTCCGACGT	907	1916	0.022964509394572	1	Lymphocytes	PFA1	PFA1	G1	foreman_821
foreman_821_CACTCCACACCACCAG	1155	2895	0.0400690846286701	1	Lymphocytes	PFA1	PFA1	G1	foreman_821
foreman_821_CAGAGAGCAAGGACTG	789	1954	0.0368474923234391	1	Lymphocytes	PFA1	PFA1	G1	foreman_821
foreman_821_CAGAGAGGTTGTTTGG	1057	2370	0.0531645569620253	1	Lymphocytes	PFA1	PFA1	S	foreman_821
foreman_821_CAGCGACAGGACTGGT	725	1482	0.0472334682860999	1	Lymphocytes	PFA1	PFA1	G1	foreman_821
foreman_821_CAGTAACTCAATAAGG	942	1990	0.0512562814070352	1	Lymphocytes	PFA1	PFA1	S	foreman_821
foreman_821_CAGTAACTCCCATTAT	995	2037	0.0677466863033873	4	Mitotic	PFA1	PFA1	G2M	foreman_821
foreman_821_CAGTCCTCATTAGCCA	695	1221	0.0786240786240786	1	Lymphocytes	PFA1	PFA1	G1	foreman_821
foreman_821_CAGTCCTGTACGAAAT	785	1759	0.0204661739624787	1	Lymphocytes	PFA1	PFA1	G1	foreman_821
foreman_821_CATATGGCAGTACACT	1328	3687	0.0211554109031733	1	Lymphocytes	PFA1	PFA1	G1	foreman_821
foreman_821_CATCCACCAAACCCAT	2499	7736	0.061918304033092	4	Mitotic	PFA1	PFA1	G2M	foreman_821
foreman_821_CCAATCCCAATAGCAA	981	3562	0.0244244806288602	1	Lymphocytes	PFA1	PFA1	S	foreman_821
foreman_821_CCACCTACAGGATTGG	853	2890	0.0217993079584775	1	Lymphocytes	PFA1	PFA1	G2M	foreman_821
foreman_821_CCACGGAAGGGAACGG	558	1363	0.0418195157740279	1	Lymphocytes	PFA1	PFA1	G2M	foreman_821
foreman_821_CCACGGATCTGGGCCA	1053	2284	0.0271453590192644	1	Lymphocytes	PFA1	PFA1	S	foreman_821
foreman_821_CCATGTCCAGTAAGAT	443	720	0.134722222222222	1	Lymphocytes	PFA1	PFA1	G1	foreman_821
foreman_821_CCATGTCTCCGCATAA	877	2030	0.0423645320197044	1	Lymphocytes	PFA1	PFA1	S	foreman_821
foreman_821_CCATTCGTCCTTGGTC	1172	2404	0.0112312811980033	1	Lymphocytes	PFA1	PFA1	G1	foreman_821
foreman_821_CCCTCCTGTACAAGTA	498	911	0.113062568605928	1	Lymphocytes	PFA1	PFA1	S	foreman_821
foreman_821_CCCTCCTTCGTTGCCT	1037	2552	0.0274294670846395	1	Lymphocytes	PFA1	PFA1	G1	foreman_821
foreman_821_CCGGGATCAAGTACCT	5077	34004	0.0370250558757793	4	Mitotic	PFA1	PFA1	G2M	foreman_821
foreman_821_CCGTACTCAAGTTGTC	451	863	0.0753186558516802	1	Lymphocytes	PFA1	PFA1	S	foreman_821
foreman_821_CCTACCATCAGCTGGC	960	2266	0.029126213592233	1	Lymphocytes	PFA1	PFA1	G1	foreman_821
foreman_821_CCTATTAGTCTCCATC	973	1929	0.0347330222913427	1	Lymphocytes	PFA1	PFA1	G1	foreman_821
foreman_821_CCTCTGACAGGAATCG	689	1231	0.0625507717303006	1	Lymphocytes	PFA1	PFA1	S	foreman_821
foreman_821_CCTTCGAGTCCGAAGA	1260	3214	0.037025513378967	1	Lymphocytes	PFA1	PFA1	G2M	foreman_821
foreman_821_CCTTTCTGTTTAGCTG	482	888	0.138513513513514	1	Lymphocytes	PFA1	PFA1	G1	foreman_821
foreman_821_CCTTTCTTCCCGACTT	1813	4565	0.0519167579408543	1	Lymphocytes	PFA1	PFA1	G2M	foreman_821
foreman_821_CGAATGTCAAGTAATG	352	619	0.0597738287560582	1	Lymphocytes	PFA1	PFA1	G2M	foreman_821
foreman_821_CGACTTCAGGATATAC	1119	3354	0.0429338103756708	1	Lymphocytes	PFA1	PFA1	S	foreman_821
foreman_821_CGACTTCTCGCGGATC	838	1818	0.0511551155115512	1	Lymphocytes	PFA1	PFA1	G1	foreman_821
foreman_821_CGATTGAAGTACACCT	1126	3722	0.0365394948952176	1	Lymphocytes	PFA1	PFA1	G1	foreman_821
foreman_821_CGCCAAGGTGCTTCTC	2158	5732	0.0509420795533845	4	Mitotic	PFA1	PFA1	G2M	foreman_821
foreman_821_CGCGGTATCAGGTTCA	690	1729	0.0410641989589358	1	Lymphocytes	PFA1	PFA1	G1	foreman_821
foreman_821_CGCGTTTAGCTAGTCT	902	2633	0.0353209266995822	1	Lymphocytes	PFA1	PFA1	G1	foreman_821
foreman_821_CGCTATCAGCGATATA	529	987	0.112462006079027	1	Lymphocytes	PFA1	PFA1	G1	foreman_821
foreman_821_CGGAGTCTCAAACCAC	1030	2902	0.0444521019986216	1	Lymphocytes	PFA1	PFA1	G1	foreman_821
foreman_821_CGGCTAGGTCGCTTCT	1259	3071	0.0247476392054705	1	Lymphocytes	PFA1	PFA1	G1	foreman_821
foreman_821_CGTCACTTCGCGTAGC	859	1959	0.0260336906584992	1	Lymphocytes	PFA1	PFA1	G2M	foreman_821
foreman_821_CGTCAGGGTCGTTGTA	1047	2354	0.0208156329651657	1	Lymphocytes	PFA1	PFA1	G1	foreman_821
foreman_821_CGTCCATTCCTGCTTG	605	1464	0.040983606557377	1	Lymphocytes	PFA1	PFA1	G1	foreman_821
foreman_821_CGTTAGAGTCATGCCG	308	550	0.136363636363636	1	Lymphocytes	PFA1	PFA1	S	foreman_821
foreman_821_CTAAGACCAAGTTAAG	1337	3162	0.0173940543959519	1	Lymphocytes	PFA1	PFA1	G1	foreman_821
foreman_821_CTACCCAGTCTACCTC	1013	2963	0.0401619979750253	1	Lymphocytes	PFA1	PFA1	S	foreman_821
foreman_821_CTACCCAGTTGGTTTG	2392	6988	0.0214653692043503	4	Mitotic	PFA1	PFA1	G2M	foreman_821
foreman_821_CTAGTGATCCTTCAAT	1368	3274	0.017104459376909	1	Lymphocytes	PFA1	PFA1	G1	foreman_821
foreman_821_CTCGAAAGTTGCGCAC	1248	4715	0.0492046659597031	1	Lymphocytes	PFA1	PFA1	G1	foreman_821
foreman_821_CTCGAGGGTTCCACAA	277	531	0.103578154425612	1	Lymphocytes	PFA1	PFA1	G2M	foreman_821
foreman_821_CTCGGAGGTCTAGCGC	373	767	0.21251629726206	1	Lymphocytes	PFA1	PFA1	G2M	foreman_821
foreman_821_CTCGTACCATCCTAGA	753	1264	0.0640822784810127	1	Lymphocytes	PFA1	PFA1	G1	foreman_821
foreman_821_CTCTACGAGTAAGTAC	630	1118	0.12701252236136	1	Lymphocytes	PFA1	PFA1	G1	foreman_821
foreman_821_CTGAAACCAAGCCCAC	753	1488	0.0860215053763441	1	Lymphocytes	PFA1	PFA1	G1	foreman_821
foreman_821_CTGCCTAGTTCCACGG	1203	2897	0.0296858819468416	1	Lymphocytes	PFA1	PFA1	G1	foreman_821
foreman_821_CTGGTCTCATTGCGGC	603	1061	0.058435438265787	1	Lymphocytes	PFA1	PFA1	G1	foreman_821
foreman_821_CTGTGCTAGTCAAGGC	941	2054	0.0340798442064265	1	Lymphocytes	PFA1	PFA1	G1	foreman_821
foreman_821_CTGTTTATCGCCTGTT	1617	4560	0.0333333333333333	1	Lymphocytes	PFA1	PFA1	G1	foreman_821
foreman_821_CTTAACTCAGCAGTTT	1712	4644	0.026916451335056	1	Lymphocytes	PFA1	PFA1	G1	foreman_821
foreman_821_GAAACTCGTGAAATCA	440	706	0.0694050991501416	1	Lymphocytes	PFA1	PFA1	G1	foreman_821
foreman_821_GAACATCCAACACCCG	1236	3334	0.026994601079784	1	Lymphocytes	PFA1	PFA1	G1	foreman_821
foreman_821_GAAGCAGGTCGCTTTC	1011	2229	0.015702108568865	1	Lymphocytes	PFA1	PFA1	G1	foreman_821
foreman_821_GACCTGGAGTCACGCC	685	1289	0.0830100853374709	1	Lymphocytes	PFA1	PFA1	G1	foreman_821
foreman_821_GACGTGCAGCGATGAC	853	1829	0.0311645708037179	1	Lymphocytes	PFA1	PFA1	G1	foreman_821
foreman_821_GACGTGCTCTTCAACT	362	698	0.111747851002865	1	Lymphocytes	PFA1	PFA1	G1	foreman_821
foreman_821_GACTGCGTCCAGAAGG	338	535	0.085981308411215	1	Lymphocytes	PFA1	PFA1	G1	foreman_821
foreman_821_GAGGTGAAGATCCCAT	1208	3054	0.0311067452521284	1	Lymphocytes	PFA1	PFA1	G2M	foreman_821
foreman_821_GAGTCCGAGATCGATA	1360	3154	0.023145212428662	1	Lymphocytes	PFA1	PFA1	G1	foreman_821
foreman_821_GAGTCCGTCACTGGGC	1855	6354	0.0217186024551464	1	Lymphocytes	PFA1	PFA1	G1	foreman_821
foreman_821_GATCGCGGTAGCGCTC	1004	2325	0.0524731182795699	1	Lymphocytes	PFA1	PFA1	G1	foreman_821
foreman_821_GCAGCCAGTATCACCA	1299	3475	0.0397122302158273	1	Lymphocytes	PFA1	PFA1	G1	foreman_821
foreman_821_GCGACCATCGCCAGCA	482	879	0.133105802047782	1	Lymphocytes	PFA1	PFA1	S	foreman_821
foreman_821_GCGAGAAAGTCGATAA	840	1683	0.05941770647653	1	Lymphocytes	PFA1	PFA1	G1	foreman_821
foreman_821_GCGGGTTGTGACGCCT	1351	3444	0.037746806039489	1	Lymphocytes	PFA1	PFA1	S	foreman_821
foreman_821_GCTGCAGTCTCACATT	779	1853	0.0313005936319482	1	Lymphocytes	PFA1	PFA1	G2M	foreman_821
foreman_821_GCTTGAACAGCCTGTG	959	2412	0.0530679933665008	2	Classical M1	PFA1	PFA1	G1	foreman_821
foreman_821_GCTTGAAGTTAGAACA	924	2484	0.0483091787439614	1	Lymphocytes	PFA1	PFA1	G1	foreman_821
foreman_821_GGAAAGCCAGTGGGAT	782	1535	0.0260586319218241	1	Lymphocytes	PFA1	PFA1	S	foreman_821
foreman_821_GGAAAGCCATTGGTAC	371	639	0.145539906103286	1	Lymphocytes	PFA1	PFA1	G2M	foreman_821
foreman_821_GGAACTTCAGCTCGCA	857	1833	0.027823240589198	1	Lymphocytes	PFA1	PFA1	G1	foreman_821
foreman_821_GGAATAACAGGGAGAG	960	2951	0.0454083361572348	1	Lymphocytes	PFA1	PFA1	G1	foreman_821
foreman_821_GGAATAAGTAAAGTCA	2416	8565	0.0349095154699358	1	Lymphocytes	PFA1	PFA1	S	foreman_821
foreman_821_GGACATTAGCTTATCG	681	1317	0.0379650721336371	1	Lymphocytes	PFA1	PFA1	S	foreman_821
foreman_821_GGCGTGTTCGTCTGCT	2033	5971	0.19594707754145	1	Lymphocytes	PFA1	PFA1	G2M	foreman_821
foreman_821_GGGAATGCAGCGAACA	716	1445	0.0519031141868512	1	Lymphocytes	PFA1	PFA1	G2M	foreman_821
foreman_821_GGGAATGGTTACCAGT	1710	4777	0.0397739166841114	1	Lymphocytes	PFA1	PFA1	S	foreman_821
foreman_821_GGGACCTTCGCTTGTC	1829	5107	0.0481691795574701	1	Lymphocytes	PFA1	PFA1	G2M	foreman_821
foreman_821_GGGAGATAGCGCTTAT	954	2287	0.0581547879317884	1	Lymphocytes	PFA1	PFA1	G1	foreman_821
foreman_821_GGGTCTGCAGATCGGA	1091	2788	0.0269010043041607	1	Lymphocytes	PFA1	PFA1	S	foreman_821
foreman_821_GGTGTTACAAAGTCAA	925	2010	0.0283582089552239	1	Lymphocytes	PFA1	PFA1	G2M	foreman_821
foreman_821_GTAGGCCCAGGCTCAC	505	949	0.152792413066386	1	Lymphocytes	PFA1	PFA1	G2M	foreman_821
foreman_821_GTAGTCAGTGATGTCT	1453	3221	0.055883266066439	4	Mitotic	PFA1	PFA1	G2M	foreman_821
foreman_821_GTATTCTTCCTACAGA	1027	2231	0.0331689825190498	1	Lymphocytes	PFA1	PFA1	G2M	foreman_821
foreman_821_GTCACAACAAGTCTAC	901	1842	0.0293159609120521	1	Lymphocytes	PFA1	PFA1	G1	foreman_821
foreman_821_GTCACGGTCAGTTTGG	417	742	0.144204851752022	1	Lymphocytes	PFA1	PFA1	G2M	foreman_821
foreman_821_GTCACGGTCCAAACAC	881	1920	0.0510416666666667	1	Lymphocytes	PFA1	PFA1	S	foreman_821
foreman_821_GTCCTCAGTATCGCAT	356	632	0.213607594936709	1	Lymphocytes	PFA1	PFA1	G1	foreman_821
foreman_821_GTCGGGTGTGTTTGTG	666	1292	0.0417956656346749	1	Lymphocytes	PFA1	PFA1	S	foreman_821
foreman_821_GTCGTAAGTAAATGAC	987	2492	0.0325040128410915	1	Lymphocytes	PFA1	PFA1	S	foreman_821
foreman_821_GTCTCGTGTCTTGTCC	1367	4268	0.0215557638238051	1	Lymphocytes	PFA1	PFA1	S	foreman_821
foreman_821_GTGCAGCTCAACGCTA	783	1494	0.0542168674698795	1	Lymphocytes	PFA1	PFA1	G2M	foreman_821
foreman_821_GTGCAGCTCGCCAGCA	1526	4453	0.0235796092521895	1	Lymphocytes	PFA1	PFA1	G1	foreman_821
foreman_821_GTGCATAGTTCGTGAT	714	1574	0.00571791613722999	1	Lymphocytes	PFA1	PFA1	G1	foreman_821
foreman_821_GTGGGTCCAGTATGCT	1290	3855	0.0230869001297017	1	Lymphocytes	PFA1	PFA1	G1	foreman_821
foreman_821_GTGTTAGGTTCCACAA	1079	2561	0.0183522061694651	1	Lymphocytes	PFA1	PFA1	G2M	foreman_821
foreman_821_GTTAAGCCAGTTCATG	890	2258	0.0287865367581931	1	Lymphocytes	PFA1	PFA1	G1	foreman_821
foreman_821_GTTCATTCAGTAAGAT	1330	3120	0.0288461538461538	1	Lymphocytes	PFA1	PFA1	G1	foreman_821
foreman_821_GTTCTCGCAGTTTACG	303	607	0.153212520593081	1	Lymphocytes	PFA1	PFA1	S	foreman_821
foreman_821_TAAGCGTGTGCAGACA	337	623	0.20545746388443	1	Lymphocytes	PFA1	PFA1	G1	foreman_821
foreman_821_TACAGTGGTTCTGGTA	1160	2682	0.124533929903057	1	Lymphocytes	PFA1	PFA1	G1	foreman_821
foreman_821_TACTCATTCTTTACGT	1237	3364	0.0478596908442331	1	Lymphocytes	PFA1	PFA1	G1	foreman_821
foreman_821_TAGGCATCATGGATGG	864	1822	0.0186608122941822	1	Lymphocytes	PFA1	PFA1	G2M	foreman_821
foreman_821_TAGGCATGTGAGCGAT	1052	2304	0.0234375	1	Lymphocytes	PFA1	PFA1	G1	foreman_821
foreman_821_TAGTGGTAGTCCATAC	882	1808	0.023783185840708	1	Lymphocytes	PFA1	PFA1	G1	foreman_821
foreman_821_TATCAGGCAGACTCGC	1097	2948	0.0251017639077341	1	Lymphocytes	PFA1	PFA1	S	foreman_821
foreman_821_TATCAGGTCGGCTACG	401	637	0.0863422291993721	1	Lymphocytes	PFA1	PFA1	G2M	foreman_821
foreman_821_TATCTCACAGGAACGT	917	2277	0.0210803689064559	1	Lymphocytes	PFA1	PFA1	G1	foreman_821
foreman_821_TATCTCAGTACAAGTA	1297	3414	0.0360281195079086	1	Lymphocytes	PFA1	PFA1	G1	foreman_821
foreman_821_TATTACCGTAGGGACT	1339	3754	0.0839104954714971	1	Lymphocytes	PFA1	PFA1	G1	foreman_821
foreman_821_TCACGAAGTATATGGA	1358	3462	0.0415944540727903	1	Lymphocytes	PFA1	PFA1	S	foreman_821
foreman_821_TCAGCTCAGACACTAA	1139	3499	0.0288653901114604	1	Lymphocytes	PFA1	PFA1	G1	foreman_821
foreman_821_TCAGGTACAAGGTTCT	727	1658	0.0319662243667069	1	Lymphocytes	PFA1	PFA1	S	foreman_821
foreman_821_TCATTTGAGATGTGTA	1373	3305	0.0293494704992436	1	Lymphocytes	PFA1	PFA1	G2M	foreman_821
foreman_821_TCTCATAGTTTCGCTC	2595	7847	0.0272715687523894	4	Mitotic	PFA1	PFA1	G2M	foreman_821
foreman_821_TCTTTCCCATGTTGAC	2602	9835	0.0495170310116929	1	Lymphocytes	PFA1	PFA1	S	foreman_821
foreman_821_TGAAAGAAGACACGAC	1061	2828	0.0254596888260255	1	Lymphocytes	PFA1	PFA1	S	foreman_821
foreman_821_TGACAACCAAGTTAAG	2505	7872	0.0245172764227642	4	Mitotic	PFA1	PFA1	G2M	foreman_821
foreman_821_TGACTAGTCTAACGGT	1641	4850	0.0222680412371134	1	Lymphocytes	PFA1	PFA1	S	foreman_821
foreman_821_TGACTTTTCATGCATG	2001	5532	0.027114967462039	4	Mitotic	PFA1	PFA1	G2M	foreman_821
foreman_821_TGAGCCGTCAAGCCTA	332	619	0.0597738287560582	1	Lymphocytes	PFA1	PFA1	G1	foreman_821
foreman_821_TGATTTCCACGAAAGC	457	895	0.131843575418994	1	Lymphocytes	PFA1	PFA1	G2M	foreman_821
foreman_821_TGCCAAAAGGTGGGTT	263	543	0.228360957642726	1	Lymphocytes	PFA1	PFA1	G1	foreman_821
foreman_821_TGCCAAAAGTAAGTAC	1320	3127	0.0345378957467221	1	Lymphocytes	PFA1	PFA1	G1	foreman_821
foreman_821_TGCTACCTCTAACTCT	893	1923	0.0514820592823713	1	Lymphocytes	PFA1	PFA1	G2M	foreman_821
foreman_821_TGCTGCTTCACTTCAT	895	2180	0.0371559633027523	1	Lymphocytes	PFA1	PFA1	G1	foreman_821
foreman_821_TGTGGTAAGAGTGACC	701	1511	0.0397088021178028	1	Lymphocytes	PFA1	PFA1	S	foreman_821
foreman_821_TGTGGTAAGTAGGTGC	401	762	0.110236220472441	1	Lymphocytes	PFA1	PFA1	S	foreman_821
foreman_821_TGTGTTTGTGCGAAAC	1664	5554	0.0430320489737126	1	Lymphocytes	PFA1	PFA1	S	foreman_821
foreman_821_TGTTCCGGTGAAATCA	326	655	0.106870229007634	1	Lymphocytes	PFA1	PFA1	S	foreman_821
foreman_821_TTAGTTCGTGGCGAAT	1554	4291	0.0139827546026567	1	Lymphocytes	PFA1	PFA1	G1	foreman_821
foreman_821_TTCCCAGAGATAGCAT	1253	3147	0.0197013028280902	1	Lymphocytes	PFA1	PFA1	S	foreman_821
foreman_821_TTCTCCTAGATGCCTT	1246	3264	0.014093137254902	1	Lymphocytes	PFA1	PFA1	S	foreman_821
foreman_821_TTCTCCTCAAGCGCTC	308	564	0.115248226950355	1	Lymphocytes	PFA1	PFA1	G1	foreman_821
foreman_821_TTCTTAGCAGCGTAAG	1282	3154	0.0218769816106531	1	Lymphocytes	PFA1	PFA1	S	foreman_821
foreman_821_TTCTTAGGTCTAGCCG	786	1560	0.0237179487179487	1	Lymphocytes	PFA1	PFA1	S	foreman_821
foreman_821_TTGACTTGTTGGTGGA	1023	2220	0.0301801801801802	1	Lymphocytes	PFA1	PFA1	G1	foreman_821
foreman_821_TTGGCAATCTGCCCTA	938	1952	0.0343237704918033	1	Lymphocytes	PFA1	PFA1	G1	foreman_821
foreman_821_TTGTAGGCAGCTGCTG	1124	5050	0.0241584158415842	1	Lymphocytes	PFA1	PFA1	S	foreman_821
foreman_821_TTGTAGGCATGGTCTA	389	666	0.193693693693694	1	Lymphocytes	PFA1	PFA1	G2M	foreman_821
foreman_821_TTTGCGCAGAGGGATA	826	2046	0.0635386119257087	1	Lymphocytes	PFA1	PFA1	G1	foreman_821
foreman_821_TTTGGTTCAGCGTCCA	975	2575	0.0357281553398058	1	Lymphocytes	PFA1	PFA1	G2M	foreman_821
foreman_839_AGAGTGGGTTGTCGCG	844	2417	0.0347538270583368	1	Lymphocytes	PFA1	PFA1	S	foreman_839
foreman_839_AGCGTATCATAAAGGT	222	295	0.023728813559322	1	Lymphocytes	PFA1	PFA1	S	foreman_839
foreman_839_CGGGTCAGTTGACGTT	222	402	0.104477611940299	1	Lymphocytes	PFA1	PFA1	G2M	foreman_839
foreman_839_CTCGAAAGTGATAAAC	1208	2850	0.0512280701754386	1	Lymphocytes	PFA1	PFA1	G1	foreman_839
foreman_848_AGGCCACAGCGATAGC	928	2840	0.0528169014084507	1	Lymphocytes	PFA1	PFA1	S	foreman_848
foreman_848_CCACCTAGTCCGTTAA	1251	3750	0.0493333333333333	1	Lymphocytes	PFA1	PFA1	G1	foreman_848
foreman_848_CCTAGCTAGAATTCCC	1056	2265	0.0384105960264901	1	Lymphocytes	PFA1	PFA1	G2M	foreman_848
foreman_848_CGATGTACAGGTTTCA	583	1372	0.139941690962099	1	Lymphocytes	PFA1	PFA1	S	foreman_848
foreman_848_CTCATTAAGACGCACA	1151	3471	0.0371650821089023	1	Lymphocytes	PFA1	PFA1	G1	foreman_848
foreman_848_CTTAACTGTCTAGTCA	768	1510	0.0317880794701987	1	Lymphocytes	PFA1	PFA1	G1	foreman_848
foreman_848_CTTACCGAGTGGGCTA	352	564	0.122340425531915	1	Lymphocytes	PFA1	PFA1	G1	foreman_848
foreman_848_GTCTCGTTCCGGGTGT	1010	2248	0.047153024911032	1	Lymphocytes	PFA1	PFA1	S	foreman_848
foreman_848_TACTCATTCAAACAAG	808	3420	0.0423976608187134	1	Lymphocytes	PFA1	PFA1	G1	foreman_848
foreman_859_ACACCGGTCCTACAGA	1017	2270	0.0572687224669604	1	Lymphocytes	PFA1	PFA1	G1	foreman_859
foreman_859_CAACTAGGTGTGGTTT	1204	4244	0.0336946277097078	1	Lymphocytes	PFA1	PFA1	G1	foreman_859
foreman_859_CCCAATCCACAAGACG	1130	3243	0.0521122417514647	1	Lymphocytes	PFA1	PFA1	G1	foreman_859
foreman_859_CTCGTCAAGGCGATAC	1202	4093	0.0188126068898119	1	Lymphocytes	PFA1	PFA1	G1	foreman_859
foreman_859_GATGCTAAGCCCTAAT	914	2745	0.0367941712204007	1	Lymphocytes	PFA1	PFA1	S	foreman_859
foreman_859_GGCGACTAGCCACTAT	1854	5619	0.0190425342587649	1	Lymphocytes	PFA1	PFA1	G1	foreman_859
foreman_859_GTGTGCGAGCACGCCT	1394	3902	0.0404920553562276	1	Lymphocytes	PFA1	PFA1	G1	foreman_859
foreman_859_TACTCATTCAAACCGT	830	1660	0.0578313253012048	1	Lymphocytes	PFA1	PFA1	G1	foreman_859
foreman_859_TCTATTGCAGGTCGTC	870	2662	0.0405709992486852	1	Lymphocytes	PFA1	PFA1	G2M	foreman_859
foreman_871_AATCCAGCATCGGGTC	225	321	0	1	Lymphocytes	PFA1	PFA1	S	foreman_871
foreman_871_ACACCCTTCGTTGACA	270	393	0.0101781170483461	1	Lymphocytes	PFA1	PFA1	G1	foreman_871
foreman_871_ATCATGGCAAGAAGAG	286	446	0.00448430493273543	1	Lymphocytes	PFA1	PFA1	S	foreman_871
foreman_871_CATCCACCATGTCGAT	349	547	0.0127970749542962	1	Lymphocytes	PFA1	PFA1	G1	foreman_871
foreman_871_CTACGTCAGACAAAGG	294	436	0.0229357798165138	1	Lymphocytes	PFA1	PFA1	G1	foreman_871
foreman_871_GAACATCGTCCAAGTT	1384	5194	0.0400462071621101	1	Lymphocytes	PFA1	PFA1	G1	foreman_871
foreman_871_GTACTTTCACCGATAT	205	327	0.00611620795107034	1	Lymphocytes	PFA1	PFA1	G1	foreman_871
foreman_871_GTACTTTTCTCGATGA	286	474	0.0210970464135021	1	Lymphocytes	PFA1	PFA1	G1	foreman_871
foreman_871_GTCATTTCAACGATCT	284	486	0.00411522633744856	1	Lymphocytes	PFA1	PFA1	G1	foreman_871
foreman_871_TACGGATTCTCTGTCG	210	353	0.0226628895184136	1	Lymphocytes	PFA1	PFA1	G1	foreman_871
foreman_871_TCACGAATCGCCAAAT	383	592	0.0219594594594595	4	Mitotic	PFA1	PFA1	S	foreman_871
foreman_871_TGCTGCTGTCCATCCT	282	408	0.0245098039215686	1	Lymphocytes	PFA1	PFA1	G1	foreman_871
foreman_897_CGTGAGCAGCTAGTCT	1127	3104	0.0470360824742268	1	Lymphocytes	PFA2	PFA2	S	foreman_897
foreman_897_GCGCGATAGTCAATAG	1706	5373	0.0215894286246045	1	Lymphocytes	PFA2	PFA2	S	foreman_897
foreman_897_GGTGTTACAGGCTCAC	548	1186	0.0387858347386172	1	Lymphocytes	PFA2	PFA2	G2M	foreman_897
foreman_911_AAACGGGAGGCTATCT	647	1262	0.0618066561014263	1	Lymphocytes	PFA2	PFA2	G1	foreman_911
foreman_911_AACCATGGTGTTGGGA	276	556	0.201438848920863	1	Lymphocytes	PFA2	PFA2	G1	foreman_911
foreman_911_AACTCCCCACGGCTAC	208	491	0.10183299389002	1	Lymphocytes	PFA2	PFA2	G1	foreman_911
foreman_911_ACACCCTAGATGTCGG	491	847	0.103896103896104	1	Lymphocytes	PFA2	PFA2	S	foreman_911
foreman_911_AGCGTATCATAAAGGT	252	356	0.0112359550561798	1	Lymphocytes	PFA2	PFA2	G2M	foreman_911
foreman_911_AGCGTCGTCAGGATCT	487	973	0.110996916752312	1	Lymphocytes	PFA2	PFA2	G1	foreman_911
foreman_911_CAAGAAACAGGAATCG	401	675	0.0577777777777778	1	Lymphocytes	PFA2	PFA2	G1	foreman_911
foreman_911_CAAGAAACAGTAAGCG	277	476	0.0819327731092437	1	Lymphocytes	PFA2	PFA2	G1	foreman_911
foreman_911_CAAGAAATCACTATTC	813	1748	0.0818077803203661	1	Lymphocytes	PFA2	PFA2	S	foreman_911
foreman_911_CCTCAGTCAAGCTGAG	267	436	0.227064220183486	1	Lymphocytes	PFA2	PFA2	G1	foreman_911
foreman_911_CCTCAGTTCCAGTAGT	272	485	0.101030927835052	1	Lymphocytes	PFA2	PFA2	S	foreman_911
foreman_911_CCTTTCTAGACCTAGG	1943	4598	0.0339277946933449	4	Mitotic	PFA2	PFA2	G2M	foreman_911
foreman_911_CGTCACTTCCACTGGG	643	1322	0.0937972768532526	1	Lymphocytes	PFA2	PFA2	S	foreman_911
foreman_911_CTACATTTCAAGAAGT	1138	2807	0.0395439971499822	1	Lymphocytes	PFA2	PFA2	G1	foreman_911
foreman_911_CTACGTCAGATATACG	1259	3583	0.0220485626569913	1	Lymphocytes	PFA2	PFA2	G2M	foreman_911
foreman_911_CTGTTTATCCCAAGTA	525	953	0.0650577124868835	1	Lymphocytes	PFA2	PFA2	S	foreman_911
foreman_911_GACCTGGTCGCGGATC	910	1699	0.0988816951147734	11	Contaminating Tumor cells	PFA2	PFA2	S	foreman_911
foreman_911_GAGGTGAAGGGTGTGT	1356	3812	0.0149527806925498	1	Lymphocytes	PFA2	PFA2	G2M	foreman_911
foreman_911_GATCTAGTCCAGATCA	293	510	0.092156862745098	1	Lymphocytes	PFA2	PFA2	G1	foreman_911
foreman_911_GCATACATCGAGAACG	911	2062	0.0315227934044617	1	Lymphocytes	PFA2	PFA2	S	foreman_911
foreman_911_GTGCATACATGGTAGG	307	498	0.124497991967871	1	Lymphocytes	PFA2	PFA2	S	foreman_911
foreman_911_GTGCGGTTCCGTAGTA	666	1793	0.0250976017847183	1	Lymphocytes	PFA2	PFA2	G1	foreman_911
foreman_911_TACTTGTTCTGCGACG	286	557	0.10951526032316	1	Lymphocytes	PFA2	PFA2	G1	foreman_911
foreman_911_TAGTTGGAGATCTGAA	894	1966	0.0386571719226857	1	Lymphocytes	PFA2	PFA2	S	foreman_911
foreman_911_TTCTCCTTCCTCTAGC	303	515	0.0796116504854369	1	Lymphocytes	PFA2	PFA2	G2M	foreman_911
foreman_911_TTTGGTTCAGAGTGTG	599	1166	0.0403087478559177	1	Lymphocytes	PFA2	PFA2	G1	foreman_911
foreman_928_AACCGCGCACAACTGT	684	1424	0.0168539325842697	1	Lymphocytes	PFA1	PFA1	G1	foreman_928
foreman_928_AACTCCCGTGACGCCT	249	555	0.127927927927928	1	Lymphocytes	PFA1	PFA1	S	foreman_928
foreman_928_ACACCAATCTTAGCCC	879	2747	0.0414998179832545	1	Lymphocytes	PFA1	PFA1	G1	foreman_928
foreman_928_ACGGAGAGTAGAAAGG	713	1210	0.0553719008264463	1	Lymphocytes	PFA1	PFA1	G1	foreman_928
foreman_928_ACTGAACGTCGGCATC	769	2029	0.00689995071463775	1	Lymphocytes	PFA1	PFA1	G1	foreman_928
foreman_928_AGATTGCCACTCTGTC	1244	3803	0.0202471732842493	1	Lymphocytes	PFA1	PFA1	G1	foreman_928
foreman_928_AGGCCGTCAGATCCAT	209	399	0.162907268170426	1	Lymphocytes	PFA1	PFA1	G1	foreman_928
foreman_928_ATCATCTCAGCAGTTT	645	1364	0.00219941348973607	1	Lymphocytes	PFA1	PFA1	G2M	foreman_928
foreman_928_CCGGTAGTCTTGTATC	831	1268	0.0339116719242902	1	Lymphocytes	PFA1	PFA1	G1	foreman_928
foreman_928_CCTACACCAGCTGGCT	746	2236	0.100178890876565	1	Lymphocytes	PFA1	PFA1	G1	foreman_928
foreman_928_CTCAGAAGTCCAGTAT	243	490	0.287755102040816	1	Lymphocytes	PFA1	PFA1	G1	foreman_928
foreman_928_GTGCAGCAGCGCTTAT	516	759	0.0645586297760211	1	Lymphocytes	PFA1	PFA1	G2M	foreman_928
foreman_928_TACAGTGGTCAGAGGT	503	1178	0.0314091680814941	1	Lymphocytes	PFA1	PFA1	S	foreman_928
foreman_928_TGCGTGGCACAACGTT	851	1633	0.0153092467850582	1	Lymphocytes	PFA1	PFA1	G1	foreman_928
foreman_928_TTGCCGTCATGCCTAA	1513	5163	0.0346697656401317	1	Lymphocytes	PFA1	PFA1	S	foreman_928
foreman_930_ACATACGAGGCTACGA	294	493	0.255578093306288	1	Lymphocytes	PFA2	PFA2	G2M	foreman_930
foreman_930_ACTGAACCAGTAAGAT	1365	2985	0.0164154103852596	1	Lymphocytes	PFA2	PFA2	G1	foreman_930
foreman_930_ACTGATGTCATTGCGA	1381	4381	0.0136955033097466	1	Lymphocytes	PFA2	PFA2	G1	foreman_930
foreman_930_AGAGCGATCTATCCCG	1185	3224	0.0186104218362283	1	Lymphocytes	PFA2	PFA2	G1	foreman_930
foreman_930_AGAGCTTCACGACTCG	894	2105	0.0669833729216152	1	Lymphocytes	PFA2	PFA2	G1	foreman_930
foreman_930_AGCATACAGCAGACTG	1358	4158	0.0170755170755171	1	Lymphocytes	PFA2	PFA2	S	foreman_930
foreman_930_AGCGTATCATAAAGGT	3069	11103	0.0189138070791678	4	Mitotic	PFA2	PFA2	G2M	foreman_930
foreman_930_AGTTGGTAGGGTCTCC	1283	3131	0.0194825934206324	1	Lymphocytes	PFA2	PFA2	G1	foreman_930
foreman_930_ATAGACCAGACTGGGT	1674	4129	0.013562605957859	1	Lymphocytes	PFA2	PFA2	S	foreman_930
foreman_930_ATGCGATAGATGAGAG	983	3638	0.0261132490379329	1	Lymphocytes	PFA2	PFA2	G1	foreman_930
foreman_930_ATTGGACAGCTAGTTC	1415	3763	0.0366728673930375	1	Lymphocytes	PFA2	PFA2	G1	foreman_930
foreman_930_CAAGTTGAGCAGACTG	1496	3734	0.0224959828602035	1	Lymphocytes	PFA2	PFA2	G1	foreman_930
foreman_930_CAGCCGACACGCATCG	1026	2392	0.0284280936454849	1	Lymphocytes	PFA2	PFA2	G1	foreman_930
foreman_930_CATATGGAGAAACCTA	615	1293	0.045630317092034	1	Lymphocytes	PFA2	PFA2	G1	foreman_930
foreman_930_CATCCACTCCCATTTA	1526	4608	0.0162760416666667	1	Lymphocytes	PFA2	PFA2	G1	foreman_930
foreman_930_CATGGCGGTGTAATGA	1191	2824	0.0336402266288952	1	Lymphocytes	PFA2	PFA2	G1	foreman_930
foreman_930_CATTCGCCACGGTAAG	396	717	0.0767085076708508	1	Lymphocytes	PFA2	PFA2	S	foreman_930
foreman_930_CCACGGAAGAAGAAGC	1447	4044	0.0415430267062315	1	Lymphocytes	PFA2	PFA2	G1	foreman_930
foreman_930_CCGTGGAAGAGTGACC	608	1112	0.0386690647482014	1	Lymphocytes	PFA2	PFA2	G1	foreman_930
foreman_930_CCTAAAGTCTGATACG	1539	4947	0.0119264200525571	1	Lymphocytes	PFA2	PFA2	G1	foreman_930
foreman_930_CGAGAAGGTAGCCTAT	267	449	0.171492204899777	1	Lymphocytes	PFA2	PFA2	G1	foreman_930
foreman_930_CGATGTACAGCCAATT	1308	3685	0.0181818181818182	1	Lymphocytes	PFA2	PFA2	G1	foreman_930
foreman_930_CGATTGAAGGGCTTCC	487	751	0.0639147802929427	1	Lymphocytes	PFA2	PFA2	G1	foreman_930
foreman_930_CGCGTTTGTACTCTCC	371	653	0.166921898928025	1	Lymphocytes	PFA2	PFA2	S	foreman_930
foreman_930_CTAGAGTCAGCCTATA	1632	3903	0.013579297975916	1	Lymphocytes	PFA2	PFA2	G1	foreman_930
foreman_930_CTCTGGTAGGGATACC	751	1543	0.0207388204795852	1	Lymphocytes	PFA2	PFA2	S	foreman_930
foreman_930_CTGATAGAGTGGTAGC	1221	2906	0.0209910529938059	1	Lymphocytes	PFA2	PFA2	G1	foreman_930
foreman_930_CTGGTCTCAGTGACAG	1417	4338	0.0297372060857538	1	Lymphocytes	PFA2	PFA2	G1	foreman_930
foreman_930_CTTAACTAGGACACCA	1579	4682	0.0378043571123452	1	Lymphocytes	PFA2	PFA2	G2M	foreman_930
foreman_930_CTTACCGGTTTGGGCC	1202	3378	0.0142095914742451	1	Lymphocytes	PFA2	PFA2	G1	foreman_930
foreman_930_CTTCTCTGTACTTAGC	1736	5425	0.0261751152073733	1	Lymphocytes	PFA2	PFA2	G1	foreman_930
foreman_930_GAAACTCAGAAGAAGC	1497	3888	0.0236625514403292	1	Lymphocytes	PFA2	PFA2	G1	foreman_930
foreman_930_GAAACTCAGTCAAGCG	266	426	0.152582159624413	1	Lymphocytes	PFA2	PFA2	G1	foreman_930
foreman_930_GAACATCTCTCAAACG	522	901	0.124306326304107	1	Lymphocytes	PFA2	PFA2	G2M	foreman_930
foreman_930_GACCTGGTCCAAATGC	900	2041	0.0151886330230279	1	Lymphocytes	PFA2	PFA2	G1	foreman_930
foreman_930_GAGGTGACAATTCCTT	1497	3958	0.0224861040929763	1	Lymphocytes	PFA2	PFA2	S	foreman_930
foreman_930_GAGTCCGCACCGGAAA	319	585	0.136752136752137	1	Lymphocytes	PFA2	PFA2	G1	foreman_930
foreman_930_GCATGTAAGGGAAACA	1148	2805	0.0238859180035651	1	Lymphocytes	PFA2	PFA2	S	foreman_930
foreman_930_GCCAAATGTAGCGCAA	1191	2717	0.0261317629738682	1	Lymphocytes	PFA2	PFA2	G2M	foreman_930
foreman_930_GCTGCGACACGGCTAC	519	829	0.0784077201447527	1	Lymphocytes	PFA2	PFA2	G1	foreman_930
foreman_930_GCTGCTTAGCGGCTTC	787	1686	0.0634638196915777	1	Lymphocytes	PFA2	PFA2	G1	foreman_930
foreman_930_GCTTCCAGTGGGTCAA	367	641	0.0998439937597504	1	Lymphocytes	PFA2	PFA2	G2M	foreman_930
foreman_930_GGGTCTGTCTCTAAGG	1549	4343	0.0209532581165093	1	Lymphocytes	PFA2	PFA2	G1	foreman_930
foreman_930_GTGCGGTGTCTAAAGA	807	1682	0.035077288941736	1	Lymphocytes	PFA2	PFA2	G1	foreman_930
foreman_930_GTGTGCGAGATATGGT	867	1888	0.0195974576271186	1	Lymphocytes	PFA2	PFA2	G1	foreman_930
foreman_930_GTGTTAGAGGAACTGC	1014	2533	0.0339518357678642	1	Lymphocytes	PFA2	PFA2	G1	foreman_930
foreman_930_TACTCATCACTGAAGG	925	2115	0.0278959810874704	1	Lymphocytes	PFA2	PFA2	G1	foreman_930
foreman_930_TCAATCTTCGCCCTTA	310	550	0.116363636363636	1	Lymphocytes	PFA2	PFA2	G2M	foreman_930
foreman_930_TGACTTTGTTCCACAA	378	615	0.0910569105691057	1	Lymphocytes	PFA2	PFA2	G1	foreman_930
foreman_930_TGGCCAGCACGGCCAT	1245	3230	0.0204334365325077	1	Lymphocytes	PFA2	PFA2	G1	foreman_930
foreman_930_TTCTACAAGACGCACA	589	1179	0.0763358778625954	1	Lymphocytes	PFA2	PFA2	G1	foreman_930
foreman_930_TTCTACAGTGGAAAGA	1474	3981	0.0306455664405928	1	Lymphocytes	PFA2	PFA2	G1	foreman_930
foreman_965_AAACCTGAGTGCGATG	553	834	0.0839328537170264	1	Lymphocytes	PFA2	PFA2	G1	foreman_965
foreman_965_AAGACCTCAAGCTGAG	477	707	0.0325318246110325	1	Lymphocytes	PFA2	PFA2	S	foreman_965
foreman_965_AAGACCTTCTGTCTAT	646	1023	0.0547409579667644	1	Lymphocytes	PFA2	PFA2	S	foreman_965
foreman_965_ACACCAAAGAAAGTGG	1040	2280	0.0184210526315789	1	Lymphocytes	PFA2	PFA2	G1	foreman_965
foreman_965_ACACTGAAGGTAAACT	980	2604	0.0399385560675883	1	Lymphocytes	PFA2	PFA2	S	foreman_965
foreman_965_ACATACGAGCGTGAAC	1041	2391	0.0372229192806357	1	Lymphocytes	PFA2	PFA2	G2M	foreman_965
foreman_965_ACATGGTTCCAGAGGA	733	1714	0.0367561260210035	1	Lymphocytes	PFA2	PFA2	G1	foreman_965
foreman_965_ACGATACGTACCGCTG	349	584	0.104452054794521	1	Lymphocytes	PFA2	PFA2	S	foreman_965
foreman_965_ACGCAGCCACGTCTCT	1055	2442	0.015970515970516	1	Lymphocytes	PFA2	PFA2	S	foreman_965
foreman_965_ACGCCAGCAGGGTACA	1523	3986	0.0286001003512293	1	Lymphocytes	PFA2	PFA2	G1	foreman_965
foreman_965_ACTGTCCGTTAGTGGG	1412	3449	0.0640765439257756	1	Lymphocytes	PFA2	PFA2	S	foreman_965
foreman_965_ACTTGTTAGCTCCCAG	394	786	0.101781170483461	1	Lymphocytes	PFA2	PFA2	G1	foreman_965
foreman_965_AGAGTGGGTAAATACG	837	2012	0.0253479125248509	1	Lymphocytes	PFA2	PFA2	G1	foreman_965
foreman_965_AGATCTGGTGTGCCTG	1168	3139	0.0162472124880535	1	Lymphocytes	PFA2	PFA2	G1	foreman_965
foreman_965_AGCATACTCAAACGGG	1169	2805	0.0199643493761141	1	Lymphocytes	PFA2	PFA2	S	foreman_965
foreman_965_AGCCTAAGTTGTGGCC	771	1913	0.0245687401986409	1	Lymphocytes	PFA2	PFA2	G1	foreman_965
foreman_965_AGCGTCGGTCGCGAAA	938	2793	0.0322234156820623	1	Lymphocytes	PFA2	PFA2	G1	foreman_965
foreman_965_AGGTCCGAGGCAGTCA	345	575	0.0556521739130435	1	Lymphocytes	PFA2	PFA2	G1	foreman_965
foreman_965_ATCCACCAGTTCCACA	1131	2886	0.0287595287595288	1	Lymphocytes	PFA2	PFA2	S	foreman_965
foreman_965_ATTACTCTCAAACAAG	417	705	0.0950354609929078	1	Lymphocytes	PFA2	PFA2	S	foreman_965
foreman_965_ATTCTACGTACAGTGG	697	1181	0.0956816257408975	1	Lymphocytes	PFA2	PFA2	G1	foreman_965
foreman_965_ATTCTACGTTTGTGTG	386	605	0.109090909090909	1	Lymphocytes	PFA2	PFA2	G1	foreman_965
foreman_965_CACACAACAGTGGAGT	611	988	0.184210526315789	4	Mitotic	PFA2	PFA2	G2M	foreman_965
foreman_965_CAGCTAACAGAAGCAC	874	2220	0.0387387387387387	1	Lymphocytes	PFA2	PFA2	G1	foreman_965
foreman_965_CATATGGGTTGGTAAA	1004	3654	0.023535851122058	1	Lymphocytes	PFA2	PFA2	G2M	foreman_965
foreman_965_CATATTCAGGCCCTTG	560	1037	0.00964320154291225	1	Lymphocytes	PFA2	PFA2	G1	foreman_965
foreman_965_CATCAGACATCCAACA	1051	2640	0.021969696969697	1	Lymphocytes	PFA2	PFA2	G2M	foreman_965
foreman_965_CATCAGACATGGATGG	476	712	0.0632022471910112	1	Lymphocytes	PFA2	PFA2	G1	foreman_965
foreman_965_CATTCGCCAAGAGTCG	900	2029	0.0285855101034993	1	Lymphocytes	PFA2	PFA2	S	foreman_965
foreman_965_CCACGGAGTTATTCTC	1006	1717	0.0186371578334304	1	Lymphocytes	PFA2	PFA2	S	foreman_965
foreman_965_CCACTACCAGCGTAAG	1254	2938	0.034717494894486	1	Lymphocytes	PFA2	PFA2	S	foreman_965
foreman_965_CCACTACTCATGCTCC	470	781	0.0947503201024328	1	Lymphocytes	PFA2	PFA2	G1	foreman_965
foreman_965_CCCATACTCCTCAACC	897	2193	0.0246238030095759	1	Lymphocytes	PFA2	PFA2	G1	foreman_965
foreman_965_CCGTGGAGTCCTAGCG	520	920	0.158695652173913	1	Lymphocytes	PFA2	PFA2	G2M	foreman_965
foreman_965_CCTAGCTCAGCTCCGA	1294	3431	0.0361410667443894	1	Lymphocytes	PFA2	PFA2	G1	foreman_965
foreman_965_CCTTCGATCTACTTAC	1139	2585	0.0224371373307544	1	Lymphocytes	PFA2	PFA2	G1	foreman_965
foreman_965_CGAACATTCCAACCAA	456	749	0.11214953271028	1	Lymphocytes	PFA2	PFA2	G2M	foreman_965
foreman_965_CGAATGTCATAACCTG	1192	3172	0.0230138713745271	1	Lymphocytes	PFA2	PFA2	S	foreman_965
foreman_965_CGACCTTGTAGCCTCG	1178	2995	0.0437395659432387	1	Lymphocytes	PFA2	PFA2	G1	foreman_965
foreman_965_CGATCGGTCTACCTGC	822	2571	0.0462854920264489	1	Lymphocytes	PFA2	PFA2	G1	foreman_965
foreman_965_CGATTGAGTTGTCGCG	475	763	0.0917431192660551	1	Lymphocytes	PFA2	PFA2	G1	foreman_965
foreman_965_CGCGGTACAGTTTACG	857	1909	0.0214772132006286	1	Lymphocytes	PFA2	PFA2	S	foreman_965
foreman_965_CGGACGTCATACTCTT	836	1377	0.0137981118373275	1	Lymphocytes	PFA2	PFA2	G1	foreman_965
foreman_965_CGTAGGCCACTGTCGG	1320	3110	0.0173633440514469	1	Lymphocytes	PFA2	PFA2	S	foreman_965
foreman_965_CGTGTAAAGTGCCAGA	950	2178	0.0229568411386593	1	Lymphocytes	PFA2	PFA2	G1	foreman_965
foreman_965_CGTGTCTTCTAACCGA	688	1110	0.0126126126126126	1	Lymphocytes	PFA2	PFA2	G2M	foreman_965
foreman_965_CGTTAGATCCGGGTGT	1135	4535	0.0189636163175303	1	Lymphocytes	PFA2	PFA2	G1	foreman_965
foreman_965_CTGATCCAGTCTTGCA	539	904	0.0342920353982301	1	Lymphocytes	PFA2	PFA2	S	foreman_965
foreman_965_CTGCCTATCTTAACCT	1205	3213	0.0143168378462496	1	Lymphocytes	PFA2	PFA2	G1	foreman_965
foreman_965_CTGGTCTTCGGAAATA	808	1656	0.0501207729468599	1	Lymphocytes	PFA2	PFA2	G1	foreman_965
foreman_965_CTTACCGCACTTGGAT	297	621	0.1256038647343	1	Lymphocytes	PFA2	PFA2	G1	foreman_965
foreman_965_GAAACTCCAAGTTAAG	1308	3212	0.0330012453300125	1	Lymphocytes	PFA2	PFA2	S	foreman_965
foreman_965_GAAGCAGCAGGTCGTC	1051	2708	0.0118168389955687	1	Lymphocytes	PFA2	PFA2	G1	foreman_965
foreman_965_GACTACACATACCATG	1382	3598	0.0294608115619789	1	Lymphocytes	PFA2	PFA2	G1	foreman_965
foreman_965_GAGCAGATCAACGAAA	1099	2640	0.0284090909090909	1	Lymphocytes	PFA2	PFA2	G2M	foreman_965
foreman_965_GATCAGTCAAGCCCAC	952	2001	0.0379810094952524	1	Lymphocytes	PFA2	PFA2	S	foreman_965
foreman_965_GATCTAGCAAGGACTG	719	1388	0.0540345821325648	1	Lymphocytes	PFA2	PFA2	S	foreman_965
foreman_965_GCAAACTCAGCTTCGG	1463	3578	0.0204024594745668	1	Lymphocytes	PFA2	PFA2	S	foreman_965
foreman_965_GCGGGTTTCCTTTACA	924	2233	0.0335871025526198	1	Lymphocytes	PFA2	PFA2	G2M	foreman_965
foreman_965_GCTGGGTCACAGACAG	963	2309	0.032481593763534	1	Lymphocytes	PFA2	PFA2	G1	foreman_965
foreman_965_GGAACTTGTCTAAAGA	1069	2371	0.0198228595529313	1	Lymphocytes	PFA2	PFA2	S	foreman_965
foreman_965_GGATTACTCGCATGGC	996	2376	0.0395622895622896	1	Lymphocytes	PFA2	PFA2	G1	foreman_965
foreman_965_GGCAATTGTCCAGTTA	442	709	0.133991537376587	1	Lymphocytes	PFA2	PFA2	G2M	foreman_965
foreman_965_GTAACTGAGATCGATA	537	743	0.0471063257065949	1	Lymphocytes	PFA2	PFA2	S	foreman_965
foreman_965_GTAACTGCAGTTTACG	467	807	0.0954151177199504	1	Lymphocytes	PFA2	PFA2	G2M	foreman_965
foreman_965_GTCAAGTGTAGTGAAT	532	880	0.0840909090909091	1	Lymphocytes	PFA2	PFA2	G1	foreman_965
foreman_965_GTGCGGTCAGCGAACA	336	579	0.0345423143350604	1	Lymphocytes	PFA2	PFA2	G1	foreman_965
foreman_965_GTGTTAGAGATAGCAT	324	582	0.109965635738832	1	Lymphocytes	PFA2	PFA2	G1	foreman_965
foreman_965_GTTCGGGAGTTTCCTT	1170	2807	0.0195938724617029	1	Lymphocytes	PFA2	PFA2	G1	foreman_965
foreman_965_GTTCGGGCACACAGAG	1521	4644	0.0340223944875108	1	Lymphocytes	PFA2	PFA2	G2M	foreman_965
foreman_965_TACAGTGTCGGACAAG	1291	3766	0.0175252257036644	1	Lymphocytes	PFA2	PFA2	G2M	foreman_965
foreman_965_TACGGTAAGAATCTCC	1251	2958	0.0209601081812035	1	Lymphocytes	PFA2	PFA2	G1	foreman_965
foreman_965_TAGACCAAGGCGTACA	1414	3684	0.0314875135722041	1	Lymphocytes	PFA2	PFA2	G1	foreman_965
foreman_965_TAGACCATCGTAGATC	652	1905	0.0351706036745407	1	Lymphocytes	PFA2	PFA2	G1	foreman_965
foreman_965_TAGTGGTAGAGACTAT	1317	3119	0.0333440205193972	1	Lymphocytes	PFA2	PFA2	G2M	foreman_965
foreman_965_TATCAGGCAATCGGTT	335	532	0.0845864661654135	1	Lymphocytes	PFA2	PFA2	S	foreman_965
foreman_965_TATGCCCAGTTACCCA	361	718	0.064066852367688	1	Lymphocytes	PFA2	PFA2	G1	foreman_965
foreman_965_TATGCCCTCTGCCCTA	944	2314	0.0194468452895419	1	Lymphocytes	PFA2	PFA2	G1	foreman_965
foreman_965_TCAGCTCAGAGACGAA	940	2194	0.0177757520510483	1	Lymphocytes	PFA2	PFA2	G1	foreman_965
foreman_965_TCAGGATTCCGCGTTT	392	703	0.0625889046941678	1	Lymphocytes	PFA2	PFA2	G2M	foreman_965
foreman_965_TCCCGATTCGGCTACG	1043	3028	0.0277410832232497	1	Lymphocytes	PFA2	PFA2	G1	foreman_965
foreman_965_TCGAGGCAGAAGGTGA	606	1173	0.0588235294117647	1	Lymphocytes	PFA2	PFA2	G1	foreman_965
foreman_965_TCGCGTTGTCCCTACT	653	1279	0.0320562939796716	1	Lymphocytes	PFA2	PFA2	G2M	foreman_965
foreman_965_TGACTAGAGGAGTACC	609	1149	0.0443864229765013	1	Lymphocytes	PFA2	PFA2	S	foreman_965
foreman_965_TGCGTGGAGTTCCACA	1363	2833	0.0187080833039181	1	Lymphocytes	PFA2	PFA2	G1	foreman_965
foreman_965_TGGCGCAAGACCTTTG	713	1561	0.0365150544522742	1	Lymphocytes	PFA2	PFA2	G1	foreman_965
foreman_965_TGGGCGTGTTACAGAA	392	611	0.0916530278232406	1	Lymphocytes	PFA2	PFA2	S	foreman_965
foreman_965_TTAACTCCAATGACCT	1009	2738	0.0215485756026297	1	Lymphocytes	PFA2	PFA2	S	foreman_965
foreman_965_TTCTCAAGTGTGAAAT	739	1596	0.012531328320802	1	Lymphocytes	PFA2	PFA2	G1	foreman_965
foreman_965_TTGTAGGCAATCAGAA	939	2050	0.0282926829268293	1	Lymphocytes	PFA2	PFA2	G1	foreman_965
foreman_965_TTTATGCAGGTAGCCA	1081	2652	0.0173453996983409	1	Lymphocytes	PFA2	PFA2	S	foreman_965
foreman_965_TTTCCTCAGGCTCTTA	1006	2541	0.0247933884297521	1	Lymphocytes	PFA2	PFA2	G1	foreman_965
foreman_987_ACATCGAAGTGAGTTA	1283	2293	0.138246838203227	1	Lymphocytes	PFA2	PFA2	G1	foreman_987
foreman_987_ACTTCGCCAAGTGGCA	692	1729	0.145170618854829	1	Lymphocytes	PFA2	PFA2	G1	foreman_987
foreman_987_AGGGCTCCACAAGCTT	1047	2230	0.155156950672646	1	Lymphocytes	PFA2	PFA2	G1	foreman_987
foreman_987_AGGTAGGGTAAGATCA	660	1291	0.242447714949651	1	Lymphocytes	PFA2	PFA2	G2M	foreman_987
foreman_987_ATCGGATAGCAATTAG	565	1206	0.294361525704809	1	Lymphocytes	PFA2	PFA2	G1	foreman_987
foreman_987_ATGGGAGTCTTAGGAC	1414	4070	0.0253071253071253	1	Lymphocytes	PFA2	PFA2	G2M	foreman_987
foreman_987_ATTCGTTAGCCAAGCA	1614	3676	0.161044613710555	1	Lymphocytes	PFA2	PFA2	G1	foreman_987
foreman_987_CACTAAGTCTGCTCTG	646	1133	0.132391879964696	1	Lymphocytes	PFA2	PFA2	G1	foreman_987
foreman_987_CCTCCTCTCTTCTGGC	1067	2078	0.0524542829643888	1	Lymphocytes	PFA2	PFA2	G1	foreman_987
foreman_987_CGGACACTCGGACTGC	1444	4005	0.0594257178526841	1	Lymphocytes	PFA2	PFA2	S	foreman_987
foreman_987_CGGGACTAGCTAAATG	1614	5518	0.0924247915911562	1	Lymphocytes	PFA2	PFA2	G2M	foreman_987
foreman_987_CTATCTAAGCCACAAG	1392	2753	0.148201961496549	1	Lymphocytes	PFA2	PFA2	G1	foreman_987
foreman_987_GAGAAATAGCAACCAG	1571	3850	0.135844155844156	1	Lymphocytes	PFA2	PFA2	G1	foreman_987
foreman_987_GAGGGTATCTATCACT	1375	3020	0.0599337748344371	1	Lymphocytes	PFA2	PFA2	G2M	foreman_987
foreman_987_GCACTAACACGCTGTG	1170	2218	0.178088367899008	1	Lymphocytes	PFA2	PFA2	G1	foreman_987
foreman_987_GCATCTCTCATGCGGC	504	1010	0.253465346534653	1	Lymphocytes	PFA2	PFA2	G2M	foreman_987
foreman_987_GCCAGCATCGAAGCCC	1004	1890	0.188888888888889	1	Lymphocytes	PFA2	PFA2	G1	foreman_987
foreman_987_GCTGGGTAGTTGTAGA	639	1193	0.230511316010059	1	Lymphocytes	PFA2	PFA2	G1	foreman_987
foreman_987_GGGACCTCATTGTCGA	323	589	0.281833616298812	1	Lymphocytes	PFA2	PFA2	G1	foreman_987
foreman_987_GGTAACTTCGAACGGA	1981	4330	0.0829099307159353	1	Lymphocytes	PFA2	PFA2	G2M	foreman_987
foreman_987_GTTCTATAGAGAACCC	416	653	0.0964777947932619	1	Lymphocytes	PFA2	PFA2	G2M	foreman_987
foreman_987_TATCGCCTCGCCTAGG	1572	4676	0.0665098374679213	1	Lymphocytes	PFA2	PFA2	G1	foreman_987
foreman_987_TCAGTCCGTCGGCTAC	3872	16509	0.071536737537101	4	Mitotic	PFA2	PFA2	S	foreman_987
foreman_987_TCGAAGTCAGCCTATA	1497	3613	0.193191253805702	1	Lymphocytes	PFA2	PFA2	S	foreman_987
foreman_987_TCGTAGATCGAAATCC	1156	2239	0.104510942384993	1	Lymphocytes	PFA2	PFA2	G1	foreman_987
foreman_987_TGAGCGCTCTCTAGGA	1443	3926	0.146714212939379	1	Lymphocytes	PFA2	PFA2	G1	foreman_987
foreman_987_TGGAGGAAGCTCCATA	1306	3775	0.096953642384106	1	Lymphocytes	PFA2	PFA2	S	foreman_987
foreman_987_TGTCCTGCACCACATA	986	2027	0.15836211149482	1	Lymphocytes	PFA2	PFA2	G1	foreman_987
foreman_987_TGTGCGGCAAGATGTA	1325	3710	0.098921832884097	1	Lymphocytes	PFA2	PFA2	G2M	foreman_987
foreman_987_TTCCGTGGTGCCGGTT	1305	2506	0.199122106943336	1	Lymphocytes	PFA2	PFA2	G1	foreman_987
foreman_987_TTGAACGGTCGGCACT	2424	7114	0.258644925499016	1	Lymphocytes	PFA2	PFA2	S	foreman_987
foreman_1010_ACATCGACATGTAACC	1737	3965	0.115762925598991	1	Lymphocytes	PFA1	PFA1	G2M	foreman_1010
foreman_1010_ACCACAAGTGCGTTTA	3015	8667	0.0470751124956732	1	Lymphocytes	PFA1	PFA1	G2M	foreman_1010
foreman_1010_AGGATCTCATTGAGCT	1854	4828	0.107290803645402	1	Lymphocytes	PFA1	PFA1	G1	foreman_1010
foreman_1010_ATCCTATAGCGTGAAC	1884	3649	0.148533844889011	1	Lymphocytes	PFA1	PFA1	G1	foreman_1010
foreman_1010_CATTCCGAGCGTATAA	1392	3611	0.0816948213791194	1	Lymphocytes	PFA1	PFA1	S	foreman_1010
foreman_1010_GAATCGTGTTTGACAC	1571	3965	0.0832282471626734	1	Lymphocytes	PFA1	PFA1	S	foreman_1010
foreman_1010_GAGAGGTTCTACGCGG	1459	3443	0.162358408364798	1	Lymphocytes	PFA1	PFA1	S	foreman_1010
foreman_1010_GATTCGATCACAGTGT	614	1457	0.119423472889499	3	Hypoxia	PFA1	PFA1	S	foreman_1010
foreman_1010_GTCATGAGTCCTGAAT	1965	7886	0.057823991884352	1	Lymphocytes	PFA1	PFA1	G1	foreman_1010
foreman_1010_GTGATGTGTCGTGGAA	1994	3981	0.0645566440592816	1	Lymphocytes	PFA1	PFA1	G1	foreman_1010
foreman_1010_GTGGGAAAGGCCTGAA	1574	3085	0.0940032414910859	1	Lymphocytes	PFA1	PFA1	G1	foreman_1010
foreman_1010_GTTGTGAAGGTCCAGA	1230	2163	0.138233934350439	1	Lymphocytes	PFA1	PFA1	S	foreman_1010
foreman_1048_AACCTGAAGATGCAGC	3320	11350	0.087488986784141	4	Mitotic	PFA1	PFA1	G2M	foreman_1048
foreman_1048_AAGTTCGGTTGCACGC	1775	5245	0.0838894184938036	1	Lymphocytes	PFA1	PFA1	G1	foreman_1048
foreman_1048_AATGCCATCGATACGT	1570	3769	0.099230565136641	1	Lymphocytes	PFA1	PFA1	G1	foreman_1048
foreman_1048_AGTTAGCTCTCTTGCG	1217	2402	0.115320566194838	1	Lymphocytes	PFA1	PFA1	S	foreman_1048
foreman_1048_ATCGGATGTTTGTGGT	1265	4221	0.0653873489694385	1	Lymphocytes	PFA1	PFA1	G1	foreman_1048
foreman_1048_ATTCCCGAGTTACGAA	709	1258	0.0914149443561208	1	Lymphocytes	PFA1	PFA1	G1	foreman_1048
foreman_1048_CAAGAGGTCGCGTCGA	996	2054	0.114410905550146	1	Lymphocytes	PFA1	PFA1	G1	foreman_1048
foreman_1048_CATTGAGGTGGTCTCG	643	1067	0.0328022492970947	1	Lymphocytes	PFA1	PFA1	G1	foreman_1048
foreman_1048_CCGGTGATCGTTAGTG	1570	3644	0.0581778265642151	1	Lymphocytes	PFA1	PFA1	G1	foreman_1048
foreman_1048_CGCATGGTCCCGAATA	1635	3832	0.106471816283925	1	Lymphocytes	PFA1	PFA1	S	foreman_1048
foreman_1048_CTAGACATCTGTCCGT	2151	5696	0.0470505617977528	1	Lymphocytes	PFA1	PFA1	G1	foreman_1048
foreman_1048_CTAGGTATCAGTGTTG	1390	3013	0.0720212412877531	1	Lymphocytes	PFA1	PFA1	G1	foreman_1048
foreman_1048_CTCACTGAGCATCTTG	1700	3708	0.0889967637540453	1	Lymphocytes	PFA1	PFA1	G1	foreman_1048
foreman_1048_CTCATCGCAACCTATG	1388	3062	0.0610711952971914	1	Lymphocytes	PFA1	PFA1	S	foreman_1048
foreman_1048_CTGCCATCAAATGAGT	1414	3319	0.0807472130159687	1	Lymphocytes	PFA1	PFA1	G2M	foreman_1048
foreman_1048_CTGCTCAAGAGAGCAA	1417	3071	0.0761966786063172	1	Lymphocytes	PFA1	PFA1	G1	foreman_1048
foreman_1048_GAATCGTCAATGTTGC	1777	4389	0.0633401686033265	1	Lymphocytes	PFA1	PFA1	S	foreman_1048
foreman_1048_GCCAACGAGTATGAAC	919	2019	0.133234274393264	1	Lymphocytes	PFA1	PFA1	S	foreman_1048
foreman_1048_GGATGTTGTGTCCAAT	890	2022	0.0425321463897132	1	Lymphocytes	PFA1	PFA1	G1	foreman_1048
foreman_1048_GGGCCATAGGAGAATG	2280	6692	0.0796473401075912	1	Lymphocytes	PFA1	PFA1	G1	foreman_1048
foreman_1048_GTAACACCAACCGACC	2339	5452	0.0797872340425532	1	Lymphocytes	PFA1	PFA1	G1	foreman_1048
foreman_1048_GTAACCACACTAGGCC	2813	11052	0.082609482446616	6	DC	PFA1	PFA1	G1	foreman_1048
foreman_1048_GTAGCTAAGATTGATG	1510	4023	0.0402684563758389	1	Lymphocytes	PFA1	PFA1	G2M	foreman_1048
foreman_1048_GTGCACGGTGGCATCC	1867	4821	0.0605683468160133	1	Lymphocytes	PFA1	PFA1	G1	foreman_1048
foreman_1048_TAACCAGTCTCATTGT	1469	3499	0.0697342097742212	1	Lymphocytes	PFA1	PFA1	S	foreman_1048
foreman_1048_TCAGGTAGTCACTAGT	992	1937	0.150748580278782	1	Lymphocytes	PFA1	PFA1	S	foreman_1048
foreman_1048_TCATGGATCCCATAAG	1685	4165	0.119807923169268	1	Lymphocytes	PFA1	PFA1	G1	foreman_1048
foreman_1048_TCCCATGGTACGATGG	1240	2893	0.110957483581058	1	Lymphocytes	PFA1	PFA1	G1	foreman_1048
foreman_1048_TGAACGTTCTCTATAC	961	1584	0.0410353535353535	1	Lymphocytes	PFA1	PFA1	S	foreman_1048
foreman_1048_TGCTGAACAGTCTCTC	1268	2631	0.0729760547320411	1	Lymphocytes	PFA1	PFA1	G1	foreman_1048
foreman_1048_TGCTTCGTCTTACCGC	1702	3607	0.128638757970613	1	Lymphocytes	PFA1	PFA1	S	foreman_1048
foreman_1048_TGCTTGCCATTGCAAC	651	1034	0.034816247582205	1	Lymphocytes	PFA1	PFA1	G1	foreman_1048
foreman_1048_TGTCAGACAGAAATTG	1376	2622	0.061022120518688	1	Lymphocytes	PFA1	PFA1	S	foreman_1048
foreman_1048_TTGCTGCAGTGTTCAC	1873	4897	0.0923014090259342	1	Lymphocytes	PFA1	PFA1	G1	foreman_1048
foreman_1048_TTGTGTTCAATCAGCT	1710	4587	0.0767386091127098	1	Lymphocytes	PFA1	PFA1	S	foreman_1048
foreman_1067_AAACGAAAGCATCTTG	857	2271	0.0761778952003523	1	Lymphocytes	PFB	PFA2	G1	foreman_1067
foreman_1067_AAACGCTAGTCACGCC	1225	3064	0.0561357702349869	1	Lymphocytes	PFB	PFA2	G1	foreman_1067
foreman_1067_AAACGCTCAAGGGTCA	721	1461	0.115674195756331	1	Lymphocytes	PFB	PFA2	G1	foreman_1067
foreman_1067_AAACGCTGTCACTCGG	1177	2634	0.0994684889901291	1	Lymphocytes	PFB	PFA2	G1	foreman_1067
foreman_1067_AAACGCTGTCTGTCCT	1177	2405	0.098960498960499	1	Lymphocytes	PFB	PFA2	G1	foreman_1067
foreman_1067_AAAGGGCCACCGTGCA	335	646	0.278637770897833	1	Lymphocytes	PFB	PFA2	G1	foreman_1067
foreman_1067_AAAGGGCCATGTCGTA	880	1576	0.0793147208121827	1	Lymphocytes	PFB	PFA2	S	foreman_1067
foreman_1067_AAAGTCCAGACGACTG	1511	3821	0.089767076681497	1	Lymphocytes	PFB	PFA2	G1	foreman_1067
foreman_1067_AACCCAAGTATGTCAC	1190	3607	0.0978652619905739	1	Lymphocytes	PFB	PFA2	S	foreman_1067
foreman_1067_AACGGGACATGTGTCA	1473	3879	0.0711523588553751	1	Lymphocytes	PFB	PFA2	G1	foreman_1067
foreman_1067_AACGGGAGTGAGTGAC	396	689	0.293178519593614	1	Lymphocytes	PFB	PFA2	G2M	foreman_1067
foreman_1067_AACGTCACAGCAGTGA	440	993	0.260825780463243	1	Lymphocytes	PFB	PFA2	G1	foreman_1067
foreman_1067_AACTTCTAGCCAACCC	1285	2625	0.149333333333333	1	Lymphocytes	PFB	PFA2	G2M	foreman_1067
foreman_1067_AAGCATCCAGTTTCGA	542	885	0.153672316384181	1	Lymphocytes	PFB	PFA2	G1	foreman_1067
foreman_1067_AAGCGAGAGACGCCCT	1040	2777	0.102628736046093	1	Lymphocytes	PFB	PFA2	G2M	foreman_1067
foreman_1067_AAGCGAGTCCCTATTA	646	1390	0.253237410071942	1	Lymphocytes	PFB	PFA2	G1	foreman_1067
foreman_1067_AAGTACCAGAACGTGC	295	562	0.258007117437722	1	Lymphocytes	PFB	PFA2	G1	foreman_1067
foreman_1067_AAGTACCGTGACAGCA	1347	4784	0.201505016722408	1	Lymphocytes	PFB	PFA2	G1	foreman_1067
foreman_1067_AAGTCGTCAATTGTGC	1364	3345	0.0822122571001495	1	Lymphocytes	PFB	PFA2	S	foreman_1067
foreman_1067_AATAGAGTCTAGACCA	582	1238	0.25767366720517	1	Lymphocytes	PFB	PFA2	G1	foreman_1067
foreman_1067_AATCGACCAACGACTT	517	1091	0.251145737855179	1	Lymphocytes	PFB	PFA2	G1	foreman_1067
foreman_1067_AATCGTGCACTGGCGT	969	2120	0.120754716981132	1	Lymphocytes	PFB	PFA2	G1	foreman_1067
foreman_1067_AATGAAGAGAATCGAT	1159	3245	0.128813559322034	1	Lymphocytes	PFB	PFA2	G1	foreman_1067
foreman_1067_AATGCCAGTGATTCAC	2137	5610	0.108021390374332	1	Lymphocytes	PFB	PFA2	S	foreman_1067
foreman_1067_ACACTGAGTTCGATTG	881	1928	0.135373443983402	1	Lymphocytes	PFB	PFA2	G1	foreman_1067
foreman_1067_ACATCCCGTTAGTCGT	352	587	0.257240204429302	1	Lymphocytes	PFB	PFA2	S	foreman_1067
foreman_1067_ACATTTCAGGAGCAAA	808	1678	0.128724672228844	1	Lymphocytes	PFB	PFA2	G2M	foreman_1067
foreman_1067_ACCAACAAGCGAGTAC	806	1645	0.0626139817629179	1	Lymphocytes	PFB	PFA2	S	foreman_1067
foreman_1067_ACCCTCAGTCGGTGTC	515	1080	0.277777777777778	1	Lymphocytes	PFB	PFA2	G2M	foreman_1067
foreman_1067_ACCCTCAGTCTGTAAC	1286	2733	0.104281009879254	1	Lymphocytes	PFB	PFA2	G2M	foreman_1067
foreman_1067_ACCGTTCAGCTGGAGT	684	1315	0.281368821292776	1	Lymphocytes	PFB	PFA2	G1	foreman_1067
foreman_1067_ACCGTTCGTGAATGAT	574	977	0.193449334698055	1	Lymphocytes	PFB	PFA2	G1	foreman_1067
foreman_1067_ACCTACCGTTCCAAAC	655	1218	0.183087027914614	1	Lymphocytes	PFB	PFA2	G2M	foreman_1067
foreman_1067_ACCTGTCGTCTATGAC	1101	2120	0.0702830188679245	1	Lymphocytes	PFB	PFA2	G2M	foreman_1067
foreman_1067_ACGATGTAGTTCCTGA	1143	2267	0.163652404058227	1	Lymphocytes	PFB	PFA2	G2M	foreman_1067
foreman_1067_ACGCACGCACTGAGTT	392	707	0.236209335219236	1	Lymphocytes	PFB	PFA2	G1	foreman_1067
foreman_1067_ACGGGTCTCGTTCGCT	1350	3468	0.0994809688581315	1	Lymphocytes	PFB	PFA2	S	foreman_1067
foreman_1067_ACGTACAAGTAAAGCT	1160	2309	0.105673451710697	1	Lymphocytes	PFB	PFA2	S	foreman_1067
foreman_1067_ACGTAGTTCATCTACT	1300	2565	0.165692007797271	1	Lymphocytes	PFB	PFA2	G2M	foreman_1067
foreman_1067_ACTCCCAAGCTGTACT	509	1066	0.26266416510319	1	Lymphocytes	PFB	PFA2	G1	foreman_1067
foreman_1067_ACTGATGGTTCGAACT	923	1490	0.101342281879195	1	Lymphocytes	PFB	PFA2	G1	foreman_1067
foreman_1067_ACTGCAAGTCCCACGA	470	926	0.259179265658747	1	Lymphocytes	PFB	PFA2	G1	foreman_1067
foreman_1067_ACTTATCAGATAGCTA	880	1725	0.180289855072464	1	Lymphocytes	PFB	PFA2	G1	foreman_1067
foreman_1067_ACTTATCAGTTGCCCG	869	1659	0.168776371308017	1	Lymphocytes	PFB	PFA2	G2M	foreman_1067
foreman_1067_ACTTTCAAGGGAGGCA	636	1187	0.161752316764954	1	Lymphocytes	PFB	PFA2	G1	foreman_1067
foreman_1067_AGACAAAAGTGCCGAA	805	1486	0.125168236877524	1	Lymphocytes	PFB	PFA2	S	foreman_1067
foreman_1067_AGAGAGCTCGCATTGA	1371	3402	0.0728982951205173	1	Lymphocytes	PFB	PFA2	S	foreman_1067
foreman_1067_AGATAGAAGTACAGCG	1188	3558	0.122540753232153	1	Lymphocytes	PFB	PFA2	S	foreman_1067
foreman_1067_AGATCGTTCGCATTGA	643	1128	0.208333333333333	1	Lymphocytes	PFB	PFA2	G1	foreman_1067
foreman_1067_AGCTACACAGTTAGGG	984	1853	0.154883971937399	1	Lymphocytes	PFB	PFA2	S	foreman_1067
foreman_1067_AGCTACAGTTGAAGTA	891	1635	0.0788990825688073	1	Lymphocytes	PFB	PFA2	G1	foreman_1067
foreman_1067_AGGACGAAGCTAAACA	1354	3087	0.177518626498218	1	Lymphocytes	PFB	PFA2	G1	foreman_1067
foreman_1067_AGGAGGTTCGCAGTCG	1288	3277	0.125114433933476	1	Lymphocytes	PFB	PFA2	G1	foreman_1067
foreman_1067_AGGCTGCGTTCCAAAC	572	1206	0.27363184079602	1	Lymphocytes	PFB	PFA2	G1	foreman_1067
foreman_1067_AGGGCCTCACTGAATC	814	1595	0.122884012539185	1	Lymphocytes	PFB	PFA2	G2M	foreman_1067
foreman_1067_AGGGCCTCAGAAGTTA	575	1008	0.179563492063492	1	Lymphocytes	PFB	PFA2	G2M	foreman_1067
foreman_1067_AGGGTCCGTATAATGG	1227	2343	0.0857874519846351	1	Lymphocytes	PFB	PFA2	G1	foreman_1067
foreman_1067_AGGGTCCTCGCTGCGA	2063	5161	0.201123813214493	1	Lymphocytes	PFB	PFA2	S	foreman_1067
foreman_1067_AGTACCATCGAGTCCG	1224	3026	0.116655651024455	1	Lymphocytes	PFB	PFA2	S	foreman_1067
foreman_1067_AGTGATCAGTACAACA	1161	2226	0.106019766397125	1	Lymphocytes	PFB	PFA2	G2M	foreman_1067
foreman_1067_ATACCTTTCATGGCCG	695	1402	0.0898716119828816	1	Lymphocytes	PFB	PFA2	G2M	foreman_1067
foreman_1067_ATAGACCTCTGCCCTA	944	1854	0.229773462783172	1	Lymphocytes	PFB	PFA2	S	foreman_1067
foreman_1067_ATAGAGACAGATTCGT	1285	2698	0.174573758339511	1	Lymphocytes	PFB	PFA2	G1	foreman_1067
foreman_1067_ATATCCTAGGTTACCT	875	1461	0.0848733744010951	1	Lymphocytes	PFB	PFA2	G2M	foreman_1067
foreman_1067_ATCAGGTGTCATAGTC	856	1401	0.174161313347609	1	Lymphocytes	PFB	PFA2	S	foreman_1067
foreman_1067_ATCATTCAGTTTAGGA	881	2194	0.142206016408387	1	Lymphocytes	PFB	PFA2	G1	foreman_1067
foreman_1067_ATCCACCTCAGTGTCA	1134	2317	0.0763918860595598	1	Lymphocytes	PFB	PFA2	G1	foreman_1067
foreman_1067_ATCCATTAGTGCTCAT	764	1289	0.183087664856478	1	Lymphocytes	PFB	PFA2	G1	foreman_1067
foreman_1067_ATGAGTCTCAACGTGT	1229	2851	0.0834794808839004	1	Lymphocytes	PFB	PFA2	S	foreman_1067
foreman_1067_ATGCATGTCGTAGTCA	1147	2827	0.124867350548284	1	Lymphocytes	PFB	PFA2	G1	foreman_1067
foreman_1067_ATGGGAGTCGAGTTGT	1067	2139	0.0654511453950444	1	Lymphocytes	PFB	PFA2	G1	foreman_1067
foreman_1067_ATTACTCTCCGATTAG	899	1957	0.0776699029126214	1	Lymphocytes	PFB	PFA2	G1	foreman_1067
foreman_1067_ATTCATCCAGTGTGCC	813	1532	0.129895561357702	1	Lymphocytes	PFB	PFA2	G1	foreman_1067
foreman_1067_ATTCCATCAGGTGTGA	1351	2467	0.11430887717876	1	Lymphocytes	PFB	PFA2	S	foreman_1067
foreman_1067_ATTCCCGAGATGCAGC	987	2181	0.119669876203576	1	Lymphocytes	PFB	PFA2	G1	foreman_1067
foreman_1067_ATTCGTTAGCCAAGTG	1095	2403	0.154390345401581	1	Lymphocytes	PFB	PFA2	G1	foreman_1067
foreman_1067_ATTCGTTGTAATTAGG	579	979	0.12461695607763	1	Lymphocytes	PFB	PFA2	S	foreman_1067
foreman_1067_ATTCTACAGATCGCCC	633	1057	0.209082308420057	1	Lymphocytes	PFB	PFA2	G1	foreman_1067
foreman_1067_ATTCTACAGCTACAAA	1213	2761	0.156465048895328	1	Lymphocytes	PFB	PFA2	S	foreman_1067
foreman_1067_ATTCTTGCAATGCAAA	912	1514	0.130779392338177	1	Lymphocytes	PFB	PFA2	G2M	foreman_1067
foreman_1067_ATTGTTCAGCTACTAC	802	1572	0.202290076335878	1	Lymphocytes	PFB	PFA2	G1	foreman_1067
foreman_1067_ATTGTTCTCCCAAGCG	1381	3346	0.0636580992229528	1	Lymphocytes	PFB	PFA2	G2M	foreman_1067
foreman_1067_ATTTCTGGTATGAAGT	658	1288	0.214285714285714	1	Lymphocytes	PFB	PFA2	G1	foreman_1067
foreman_1067_ATTTCTGTCTCAACGA	678	1147	0.100261551874455	1	Lymphocytes	PFB	PFA2	G2M	foreman_1067
foreman_1067_CAAAGAAAGCCTTTCC	709	1340	0.132089552238806	1	Lymphocytes	PFB	PFA2	G1	foreman_1067
foreman_1067_CAAAGAAGTGGACTAG	900	2276	0.107644991212654	1	Lymphocytes	PFB	PFA2	G1	foreman_1067
foreman_1067_CAAAGAAGTTCGGCTG	840	1675	0.13134328358209	1	Lymphocytes	PFB	PFA2	G1	foreman_1067
foreman_1067_CAACGGCCAACGGCTC	1038	1766	0.133635334088335	1	Lymphocytes	PFB	PFA2	S	foreman_1067
foreman_1067_CAATACGCACGTTGGC	490	1017	0.290068829891839	1	Lymphocytes	PFB	PFA2	G2M	foreman_1067
foreman_1067_CAATCGAGTGGCTTAT	1307	3234	0.0974025974025974	1	Lymphocytes	PFB	PFA2	G2M	foreman_1067
foreman_1067_CAATTTCCATACATCG	962	2035	0.107616707616708	1	Lymphocytes	PFB	PFA2	G1	foreman_1067
foreman_1067_CACACAAGTTCTAAGC	444	815	0.182822085889571	1	Lymphocytes	PFB	PFA2	S	foreman_1067
foreman_1067_CACCAAAAGTTCCGGC	671	1227	0.10839445802771	1	Lymphocytes	PFB	PFA2	S	foreman_1067
foreman_1067_CACCAAACATATGGCT	855	1834	0.123773173391494	1	Lymphocytes	PFB	PFA2	G1	foreman_1067
foreman_1067_CACCGTTGTATCCCAA	589	1074	0.208566108007449	1	Lymphocytes	PFB	PFA2	G2M	foreman_1067
foreman_1067_CACTGGGAGCTGAGTG	1079	2517	0.0735001986491855	1	Lymphocytes	PFB	PFA2	G2M	foreman_1067
foreman_1067_CAGCAATCACTCCGAG	1395	2828	0.121640735502122	1	Lymphocytes	PFB	PFA2	S	foreman_1067
foreman_1067_CAGCACGAGTAGCATA	2611	6847	0.0863151745289908	6	DC	PFB	PFA2	G1	foreman_1067
foreman_1067_CAGCCAGCATGGTGGA	405	748	0.191176470588235	1	Lymphocytes	PFB	PFA2	G2M	foreman_1067
foreman_1067_CAGCCAGGTGAACTAA	374	761	0.212877792378449	1	Lymphocytes	PFB	PFA2	G1	foreman_1067
foreman_1067_CAGGCCAGTCATAAAG	481	843	0.290628706998814	1	Lymphocytes	PFB	PFA2	G1	foreman_1067
foreman_1067_CAGGTATAGGGAGATA	997	2488	0.291398713826367	1	Lymphocytes	PFB	PFA2	S	foreman_1067
foreman_1067_CAGTGCGGTCCCAAAT	541	855	0.145029239766082	1	Lymphocytes	PFB	PFA2	G1	foreman_1067
foreman_1067_CAGTTCCTCTCATGGA	731	1394	0.200143472022956	1	Lymphocytes	PFB	PFA2	G1	foreman_1067
foreman_1067_CATCAAGGTTGCGGCT	1123	2561	0.0812182741116751	1	Lymphocytes	PFB	PFA2	G1	foreman_1067
foreman_1067_CATCCGTGTGCGTGCT	912	1647	0.145719489981785	1	Lymphocytes	PFB	PFA2	G2M	foreman_1067
foreman_1067_CATCGCTCAGTCGGTC	1516	2878	0.142460041695622	1	Lymphocytes	PFB	PFA2	S	foreman_1067
foreman_1067_CATGCCTAGCGAGAAA	544	869	0.147295742232451	1	Lymphocytes	PFB	PFA2	S	foreman_1067
foreman_1067_CATGCCTCAGAGTTCT	1202	4630	0.0816414686825054	1	Lymphocytes	PFB	PFA2	G1	foreman_1067
foreman_1067_CATGGATAGCTATCCA	1235	2586	0.097061098221191	1	Lymphocytes	PFB	PFA2	G1	foreman_1067
foreman_1067_CATTCCGTCGCATGAT	717	1369	0.128560993425858	1	Lymphocytes	PFB	PFA2	G1	foreman_1067
foreman_1067_CCAATTTTCGTTCCTG	949	2007	0.0737419033383159	1	Lymphocytes	PFB	PFA2	G1	foreman_1067
foreman_1067_CCACACTTCCTACGGG	706	1392	0.234195402298851	1	Lymphocytes	PFB	PFA2	G1	foreman_1067
foreman_1067_CCACGAGGTACGGCAA	844	1542	0.206874189364462	1	Lymphocytes	PFB	PFA2	G1	foreman_1067
foreman_1067_CCACTTGCAGGATTCT	596	1184	0.282094594594595	1	Lymphocytes	PFB	PFA2	S	foreman_1067
foreman_1067_CCATAAGCAATCACGT	1017	1759	0.0727686185332575	1	Lymphocytes	PFB	PFA2	S	foreman_1067
foreman_1067_CCATCACTCCTATTTG	1190	2834	0.0924488355681016	1	Lymphocytes	PFB	PFA2	G1	foreman_1067
foreman_1067_CCCGGAATCCAGGACC	915	1869	0.12573568753344	1	Lymphocytes	PFB	PFA2	S	foreman_1067
foreman_1067_CCGATCTCAACTACGT	607	923	0.106175514626219	1	Lymphocytes	PFB	PFA2	G1	foreman_1067
foreman_1067_CCGATCTGTCAGTCTA	333	542	0.197416974169742	1	Lymphocytes	PFB	PFA2	G2M	foreman_1067
foreman_1067_CCGGGTACAGGCCCTA	985	2594	0.0967617579028527	1	Lymphocytes	PFB	PFA2	G1	foreman_1067
foreman_1067_CCGGGTATCTCGACGG	680	1199	0.104253544620517	1	Lymphocytes	PFB	PFA2	G1	foreman_1067
foreman_1067_CCGGTAGAGTTGGCTT	1076	1843	0.122626153011394	1	Lymphocytes	PFB	PFA2	G1	foreman_1067
foreman_1067_CCGTAGGTCGCTAGCG	1421	3829	0.0890571950901018	1	Lymphocytes	PFB	PFA2	S	foreman_1067
foreman_1067_CCTAACCGTTCCGCGA	1427	2597	0.105121293800539	1	Lymphocytes	PFB	PFA2	G2M	foreman_1067
foreman_1067_CCTAACCTCATTTGCT	946	1526	0.0976408912188729	1	Lymphocytes	PFB	PFA2	G1	foreman_1067
foreman_1067_CCTATCGGTGATTCAC	865	1869	0.0882825040128411	1	Lymphocytes	PFB	PFA2	G1	foreman_1067
foreman_1067_CCTCAGTCAGCGTGCT	1066	1741	0.074095347501436	1	Lymphocytes	PFB	PFA2	G1	foreman_1067
foreman_1067_CCTCAGTTCATTTGCT	1376	3062	0.0662965382103201	1	Lymphocytes	PFB	PFA2	S	foreman_1067
foreman_1067_CCTCATGGTTGCCGCA	780	1311	0.143401983218917	1	Lymphocytes	PFB	PFA2	G1	foreman_1067
foreman_1067_CCTCCAAGTGATAGTA	1177	2622	0.122044241037376	1	Lymphocytes	PFB	PFA2	G1	foreman_1067
foreman_1067_CCTCTAGCACGCGCTA	900	2041	0.0935815776580108	1	Lymphocytes	PFB	PFA2	S	foreman_1067
foreman_1067_CCTGTTGTCATTTGCT	1171	2950	0.0871186440677966	1	Lymphocytes	PFB	PFA2	G1	foreman_1067
foreman_1067_CCTTTGGCATAATCCG	905	1870	0.180748663101604	1	Lymphocytes	PFB	PFA2	S	foreman_1067
foreman_1067_CGAGGAAGTCGTCATA	443	757	0.138705416116248	1	Lymphocytes	PFB	PFA2	G1	foreman_1067
foreman_1067_CGAGGCTTCCCGAATA	1050	1920	0.09375	1	Lymphocytes	PFB	PFA2	G1	foreman_1067
foreman_1067_CGATGCGTCTCCCATG	657	1401	0.0999286224125625	1	Lymphocytes	PFB	PFA2	G1	foreman_1067
foreman_1067_CGCAGGTCAATGGCCC	520	936	0.231837606837607	1	Lymphocytes	PFB	PFA2	G2M	foreman_1067
foreman_1067_CGCATAAGTACTAACC	1361	2883	0.0683315990287894	1	Lymphocytes	PFB	PFA2	G1	foreman_1067
foreman_1067_CGCATGGAGCGTGAGT	1110	2603	0.112946600076834	1	Lymphocytes	PFB	PFA2	S	foreman_1067
foreman_1067_CGCATGGCAAATCAAG	1269	2795	0.0805008944543828	1	Lymphocytes	PFB	PFA2	G2M	foreman_1067
foreman_1067_CGGAATTAGAGTACCG	338	526	0.23384030418251	1	Lymphocytes	PFB	PFA2	G1	foreman_1067
foreman_1067_CGGCAGTAGCCTTTGA	917	2136	0.0814606741573034	1	Lymphocytes	PFB	PFA2	S	foreman_1067
foreman_1067_CGTAAGTTCGTGCACG	491	804	0.199004975124378	1	Lymphocytes	PFB	PFA2	G1	foreman_1067
foreman_1067_CGTCAAAAGCTTAAGA	535	981	0.220183486238532	1	Lymphocytes	PFB	PFA2	G1	foreman_1067
foreman_1067_CGTGCTTTCCCGAACG	839	1650	0.0545454545454545	1	Lymphocytes	PFB	PFA2	G1	foreman_1067
foreman_1067_CGTTAGACAGTTGGTT	585	955	0.167539267015707	1	Lymphocytes	PFB	PFA2	G1	foreman_1067
foreman_1067_CTAACTTCACATGACT	832	1682	0.18192627824019	1	Lymphocytes	PFB	PFA2	S	foreman_1067
foreman_1067_CTAACTTTCGGACCAC	943	2099	0.116722248689852	1	Lymphocytes	PFB	PFA2	G1	foreman_1067
foreman_1067_CTAAGTGAGCTCCATA	717	1144	0.136363636363636	1	Lymphocytes	PFB	PFA2	G1	foreman_1067
foreman_1067_CTACTATGTGCTGCAC	1056	2366	0.104818258664413	1	Lymphocytes	PFB	PFA2	S	foreman_1067
foreman_1067_CTAGACACAAGGAGTC	309	523	0.202676864244742	1	Lymphocytes	PFB	PFA2	G2M	foreman_1067
foreman_1067_CTAGGTAAGTTTGTCG	451	774	0.198966408268734	1	Lymphocytes	PFB	PFA2	G2M	foreman_1067
foreman_1067_CTCACTGGTCTGCAAT	776	1638	0.128205128205128	1	Lymphocytes	PFB	PFA2	S	foreman_1067
foreman_1067_CTCATGCTCATTACCT	728	1498	0.110146862483311	1	Lymphocytes	PFB	PFA2	G2M	foreman_1067
foreman_1067_CTCCGATAGTCACTCA	1208	2343	0.150661545027742	1	Lymphocytes	PFB	PFA2	G2M	foreman_1067
foreman_1067_CTCCTTTGTGCATTAC	645	1180	0.216101694915254	1	Lymphocytes	PFB	PFA2	S	foreman_1067
foreman_1067_CTCGAGGCAGTAGATA	1132	2664	0.0525525525525526	1	Lymphocytes	PFB	PFA2	S	foreman_1067
foreman_1067_CTCGAGGGTTAGAGTA	1032	2245	0.11358574610245	1	Lymphocytes	PFB	PFA2	G1	foreman_1067
foreman_1067_CTGAATGGTAGCTGTT	1417	3364	0.110582639714625	1	Lymphocytes	PFB	PFA2	G1	foreman_1067
foreman_1067_CTGAGCGTCAGACCCG	593	1290	0.175193798449612	1	Lymphocytes	PFB	PFA2	G2M	foreman_1067
foreman_1067_CTGAGGCTCTCTTCAA	1204	2454	0.0757946210268949	1	Lymphocytes	PFB	PFA2	G1	foreman_1067
foreman_1067_CTGATCCCATTAAGCC	944	1773	0.243090806542583	1	Lymphocytes	PFB	PFA2	G1	foreman_1067
foreman_1067_CTGCAGGCAGGTACGA	1421	4375	0.101714285714286	1	Lymphocytes	PFB	PFA2	G1	foreman_1067
foreman_1067_CTGTACCTCCGTATAG	461	727	0.103163686382393	1	Lymphocytes	PFB	PFA2	S	foreman_1067
foreman_1067_CTGTAGATCTGCTTAT	924	2158	0.101019462465246	1	Lymphocytes	PFB	PFA2	G1	foreman_1067
foreman_1067_CTGTCGTCAACAGCTT	782	1356	0.146017699115044	1	Lymphocytes	PFB	PFA2	G2M	foreman_1067
foreman_1067_CTGTGGGAGGACGCAT	302	534	0.264044943820225	1	Lymphocytes	PFB	PFA2	G2M	foreman_1067
foreman_1067_CTTCCTTCATCGTGGC	920	1873	0.114255205552589	1	Lymphocytes	PFB	PFA2	S	foreman_1067
foreman_1067_CTTCTCTAGGTATCTC	861	1435	0.089198606271777	1	Lymphocytes	PFB	PFA2	G1	foreman_1067
foreman_1067_CTTGATTGTTCGGCGT	732	1401	0.176302640970735	1	Lymphocytes	PFB	PFA2	G1	foreman_1067
foreman_1067_CTTTCAACACACAGCC	453	801	0.16729088639201	1	Lymphocytes	PFB	PFA2	G2M	foreman_1067
foreman_1067_GAAATGAGTACCGGAA	1037	2175	0.16551724137931	1	Lymphocytes	PFB	PFA2	G1	foreman_1067
foreman_1067_GAACACTTCACTGAAC	860	1391	0.126527677929547	1	Lymphocytes	PFB	PFA2	S	foreman_1067
foreman_1067_GAAGTAAAGGCGACAT	893	1610	0.0906832298136646	1	Lymphocytes	PFB	PFA2	S	foreman_1067
foreman_1067_GACAGCCAGTCCGTCG	658	1153	0.183868169991327	1	Lymphocytes	PFB	PFA2	G1	foreman_1067
foreman_1067_GACATCAGTTGTCATG	413	768	0.18359375	1	Lymphocytes	PFB	PFA2	G1	foreman_1067
foreman_1067_GACCGTGAGCACTCGC	1018	2441	0.0692339205243753	1	Lymphocytes	PFB	PFA2	G1	foreman_1067
foreman_1067_GACCTTCCATTGGGAG	767	1282	0.0959438377535101	1	Lymphocytes	PFB	PFA2	G1	foreman_1067
foreman_1067_GACCTTCTCTCTTAAC	815	1424	0.0976123595505618	1	Lymphocytes	PFB	PFA2	G1	foreman_1067
foreman_1067_GACGTTATCTGCTTAT	746	1445	0.0560553633217993	1	Lymphocytes	PFB	PFA2	G1	foreman_1067
foreman_1067_GACTTCCCAGGAGGTT	1074	2404	0.108153078202995	1	Lymphocytes	PFB	PFA2	S	foreman_1067
foreman_1067_GAGACTTGTACTGGGA	670	1105	0.209954751131222	1	Lymphocytes	PFB	PFA2	S	foreman_1067
foreman_1067_GAGCTGCTCTCGCCTA	481	727	0.115543328748281	1	Lymphocytes	PFB	PFA2	G2M	foreman_1067
foreman_1067_GAGGGATAGCTGACAG	542	978	0.254601226993865	1	Lymphocytes	PFB	PFA2	G2M	foreman_1067
foreman_1067_GAGGGATGTTAGGACG	902	2540	0.11496062992126	1	Lymphocytes	PFB	PFA2	G1	foreman_1067
foreman_1067_GAGTGAGGTAGAGATT	1186	3058	0.0801177240026161	1	Lymphocytes	PFB	PFA2	S	foreman_1067
foreman_1067_GAGTGTTAGATGCGAC	960	1764	0.0878684807256236	1	Lymphocytes	PFB	PFA2	S	foreman_1067
foreman_1067_GAGTGTTTCACCTCAC	981	2133	0.080168776371308	1	Lymphocytes	PFB	PFA2	G1	foreman_1067
foreman_1067_GATAGCTAGCTGCCAC	1104	2341	0.102947458351132	1	Lymphocytes	PFB	PFA2	G1	foreman_1067
foreman_1067_GATCATGCAGAGTCTT	567	995	0.0984924623115578	1	Lymphocytes	PFB	PFA2	G2M	foreman_1067
foreman_1067_GATCGTACATTCTTCA	1219	3293	0.107197084725175	1	Lymphocytes	PFB	PFA2	G1	foreman_1067
foreman_1067_GATGAGGTCCTGTTGC	790	1750	0.134285714285714	1	Lymphocytes	PFB	PFA2	G1	foreman_1067
foreman_1067_GATGCTACATGACGTT	1220	2700	0.108888888888889	1	Lymphocytes	PFB	PFA2	G1	foreman_1067
foreman_1067_GATTCTTAGCTAATCC	974	1731	0.142692085499711	1	Lymphocytes	PFB	PFA2	G1	foreman_1067
foreman_1067_GATTGGTTCCAACCGG	725	1587	0.0875866414618778	1	Lymphocytes	PFB	PFA2	G1	foreman_1067
foreman_1067_GCACGGTTCGTGTCAA	1700	4231	0.17608130465611	1	Lymphocytes	PFB	PFA2	S	foreman_1067
foreman_1067_GCACGTGCAAGCAGGT	618	1245	0.283534136546185	1	Lymphocytes	PFB	PFA2	G1	foreman_1067
foreman_1067_GCATTAGAGTGTTGAA	602	1018	0.0923379174852652	1	Lymphocytes	PFB	PFA2	S	foreman_1067
foreman_1067_GCCAACGTCGGACGTC	361	557	0.159784560143627	1	Lymphocytes	PFB	PFA2	S	foreman_1067
foreman_1067_GCCAGCAAGCCTGACC	948	1500	0.124	1	Lymphocytes	PFB	PFA2	G2M	foreman_1067
foreman_1067_GCCAGTGGTACCTAGT	1233	3216	0.060634328358209	1	Lymphocytes	PFB	PFA2	G1	foreman_1067
foreman_1067_GCCCAGAGTAAGCGGT	681	2767	0.0448138778460426	1	Lymphocytes	PFB	PFA2	G1	foreman_1067
foreman_1067_GCGGATCAGAGCATAT	526	1013	0.288252714708786	1	Lymphocytes	PFB	PFA2	G1	foreman_1067
foreman_1067_GCGTGCAAGGTTCCGC	449	820	0.246341463414634	1	Lymphocytes	PFB	PFA2	G1	foreman_1067
foreman_1067_GCTACAACAATTGGTC	1369	3165	0.0571879936808847	1	Lymphocytes	PFB	PFA2	S	foreman_1067
foreman_1067_GCTACCTAGCCTGCCA	632	1025	0.0965853658536585	1	Lymphocytes	PFB	PFA2	G2M	foreman_1067
foreman_1067_GCTACCTAGGACACTG	1499	3669	0.141182883619515	1	Lymphocytes	PFB	PFA2	G1	foreman_1067
foreman_1067_GCTACCTCACTCCCTA	856	1416	0.122175141242938	1	Lymphocytes	PFB	PFA2	G2M	foreman_1067
foreman_1067_GCTCAAAGTGGCTGCT	909	1346	0.0765230312035661	1	Lymphocytes	PFB	PFA2	S	foreman_1067
foreman_1067_GCTGCAGTCCCTCATG	965	2402	0.131557035803497	1	Lymphocytes	PFB	PFA2	S	foreman_1067
foreman_1067_GGAACCCTCCACTTCG	816	1466	0.124829467939973	1	Lymphocytes	PFB	PFA2	G1	foreman_1067
foreman_1067_GGAGGATGTTGTCATG	945	1967	0.120996441281139	1	Lymphocytes	PFB	PFA2	S	foreman_1067
foreman_1067_GGCGTCATCATCACAG	661	1116	0.0878136200716846	1	Lymphocytes	PFB	PFA2	S	foreman_1067
foreman_1067_GGCTGTGAGCCATCCG	703	1131	0.0857648099027409	1	Lymphocytes	PFB	PFA2	G2M	foreman_1067
foreman_1067_GGCTTGGCAACGCATT	757	1495	0.0956521739130435	1	Lymphocytes	PFB	PFA2	G1	foreman_1067
foreman_1067_GGGAGTAAGCGCCGTT	395	672	0.257440476190476	1	Lymphocytes	PFB	PFA2	G2M	foreman_1067
foreman_1067_GGGAGTAAGTTGTCAC	877	2111	0.0772145902415917	1	Lymphocytes	PFB	PFA2	G1	foreman_1067
foreman_1067_GGGATGAGTTCAACGT	900	2239	0.0978115230013399	1	Lymphocytes	PFB	PFA2	G1	foreman_1067
foreman_1067_GGGCCATCATGACGAG	710	1378	0.230769230769231	1	Lymphocytes	PFB	PFA2	G1	foreman_1067
foreman_1067_GGGCGTTAGGCGCTTC	1464	3881	0.202009791290904	1	Lymphocytes	PFB	PFA2	G1	foreman_1067
foreman_1067_GGGCGTTTCCATATGG	861	2055	0.0895377128953771	1	Lymphocytes	PFB	PFA2	S	foreman_1067
foreman_1067_GGGTAGACACTAGTAC	602	1066	0.221388367729831	1	Lymphocytes	PFB	PFA2	G1	foreman_1067
foreman_1067_GGGTCACGTACAGAAT	1219	2910	0.0982817869415808	1	Lymphocytes	PFB	PFA2	G1	foreman_1067
foreman_1067_GGGTTATAGTATGCAA	734	1326	0.120663650075415	1	Lymphocytes	PFB	PFA2	G2M	foreman_1067
foreman_1067_GGTGTTACAGCTGTCG	900	1771	0.106719367588933	1	Lymphocytes	PFB	PFA2	G1	foreman_1067
foreman_1067_GGTGTTACAGGACAGT	501	889	0.160854893138358	1	Lymphocytes	PFB	PFA2	G1	foreman_1067
foreman_1067_GGTGTTAGTGGATACG	386	616	0.0844155844155844	1	Lymphocytes	PFB	PFA2	G1	foreman_1067
foreman_1067_GTAATGCAGTGATCGG	617	1211	0.274979355904211	1	Lymphocytes	PFB	PFA2	S	foreman_1067
foreman_1067_GTACAACCATCTGTTT	859	1805	0.0753462603878116	1	Lymphocytes	PFB	PFA2	G1	foreman_1067
foreman_1067_GTACAGTCAGAGTTCT	699	1401	0.0899357601713062	1	Lymphocytes	PFB	PFA2	G2M	foreman_1067
foreman_1067_GTAGCTATCCTCACTG	578	1096	0.260036496350365	1	Lymphocytes	PFB	PFA2	G1	foreman_1067
foreman_1067_GTAGTACCAGAGTCAG	1230	2653	0.185073501696193	1	Lymphocytes	PFB	PFA2	G1	foreman_1067
foreman_1067_GTCAAGTAGGTAAAGG	825	2029	0.0581567274519468	1	Lymphocytes	PFB	PFA2	G2M	foreman_1067
foreman_1067_GTCACGGGTTGTAGCT	467	895	0.246927374301676	1	Lymphocytes	PFB	PFA2	G1	foreman_1067
foreman_1067_GTCCCATCAGCGCGTT	664	1123	0.0961709706144256	1	Lymphocytes	PFB	PFA2	G1	foreman_1067
foreman_1067_GTCCCATCAGCTGGTC	1252	3177	0.110481586402266	1	Lymphocytes	PFB	PFA2	S	foreman_1067
foreman_1067_GTCGTTCTCACATCAG	660	1828	0.0951859956236324	1	Lymphocytes	PFB	PFA2	G1	foreman_1067
foreman_1067_GTCGTTCTCGGTGTAT	744	1454	0.146492434662999	1	Lymphocytes	PFB	PFA2	S	foreman_1067
foreman_1067_GTCTACCGTACGTGAG	1025	2075	0.0616867469879518	1	Lymphocytes	PFB	PFA2	G1	foreman_1067
foreman_1067_GTCTACCGTATCAGGG	4143	16718	0.0782390238066754	4	Mitotic	PFB	PFA2	S	foreman_1067
foreman_1067_GTCTCACCAAGTACCT	605	974	0.176591375770021	1	Lymphocytes	PFB	PFA2	G1	foreman_1067
foreman_1067_GTGAGCCTCATGAGGG	578	1071	0.11391223155929	1	Lymphocytes	PFB	PFA2	G1	foreman_1067
foreman_1067_GTGCGTGCATAACAGA	1205	2080	0.105769230769231	1	Lymphocytes	PFB	PFA2	S	foreman_1067
foreman_1067_GTGCTTCAGCCTCGTG	391	541	0.146025878003697	1	Lymphocytes	PFB	PFA2	G2M	foreman_1067
foreman_1067_GTGCTTCAGCTGCGAA	1539	3120	0.256410256410256	4	Mitotic	PFB	PFA2	G2M	foreman_1067
foreman_1067_GTGGAAGAGTGATAAC	1015	2367	0.147444021968737	1	Lymphocytes	PFB	PFA2	G1	foreman_1067
foreman_1067_GTGTCCTTCCCAAGTA	810	1632	0.108455882352941	1	Lymphocytes	PFB	PFA2	G1	foreman_1067
foreman_1067_GTGTGGCCAGGCGTTC	1037	1963	0.0728476821192053	1	Lymphocytes	PFB	PFA2	G2M	foreman_1067
foreman_1067_GTGTGGCGTTGTAGCT	749	1358	0.242268041237113	1	Lymphocytes	PFB	PFA2	G1	foreman_1067
foreman_1067_GTGTTAGGTTCCAAAC	507	890	0.203370786516854	1	Lymphocytes	PFB	PFA2	G1	foreman_1067
foreman_1067_GTGTTCCAGAGATTCA	938	1713	0.162288382953882	1	Lymphocytes	PFB	PFA2	G1	foreman_1067
foreman_1067_GTTACCCCACGCGTCA	418	762	0.220472440944882	1	Lymphocytes	PFB	PFA2	G1	foreman_1067
foreman_1067_GTTAGACGTGAATGTA	1159	2131	0.159080244016893	1	Lymphocytes	PFB	PFA2	G1	foreman_1067
foreman_1067_GTTAGTGAGGGTACAC	710	1436	0.0821727019498607	1	Lymphocytes	PFB	PFA2	G1	foreman_1067
foreman_1067_GTTATGGAGTCTAGCT	536	955	0.178010471204188	1	Lymphocytes	PFB	PFA2	G1	foreman_1067
foreman_1067_GTTATGGTCATAGACC	1120	2384	0.0994127516778524	1	Lymphocytes	PFB	PFA2	G1	foreman_1067
foreman_1067_GTTCTATCAGCTGTAT	461	796	0.248743718592965	1	Lymphocytes	PFB	PFA2	G2M	foreman_1067
foreman_1067_GTTTGGACATGGGCAA	674	1185	0.0919831223628692	1	Lymphocytes	PFB	PFA2	S	foreman_1067
foreman_1067_TAACACGGTTGTCAGT	297	540	0.196296296296296	1	Lymphocytes	PFB	PFA2	G1	foreman_1067
foreman_1067_TAAGCGTGTCAGATTC	892	1715	0.135860058309038	1	Lymphocytes	PFB	PFA2	G2M	foreman_1067
foreman_1067_TAATCTCAGCGTTCAT	406	744	0.263440860215054	1	Lymphocytes	PFB	PFA2	G1	foreman_1067
foreman_1067_TAATTCCCACGTAGAG	757	1303	0.121258633921719	1	Lymphocytes	PFB	PFA2	G1	foreman_1067
foreman_1067_TACAACGCAGCTGTAT	1153	2999	0.0940313437812604	1	Lymphocytes	PFB	PFA2	G1	foreman_1067
foreman_1067_TACAGGTGTTCTCCTG	1183	2126	0.055032925682032	1	Lymphocytes	PFB	PFA2	S	foreman_1067
foreman_1067_TACCCACAGGACGGAG	503	1308	0.109327217125382	1	Lymphocytes	PFB	PFA2	G1	foreman_1067
foreman_1067_TACCCACGTGTGCCTG	572	876	0.13013698630137	1	Lymphocytes	PFB	PFA2	G1	foreman_1067
foreman_1067_TACCGAAAGTATGATG	1223	2904	0.101239669421488	1	Lymphocytes	PFB	PFA2	G1	foreman_1067
foreman_1067_TACCGGGTCCATTCGC	1049	2474	0.103880355699272	1	Lymphocytes	PFB	PFA2	G1	foreman_1067
foreman_1067_TACTGCCTCGAACCAT	1005	1587	0.0913673597983617	1	Lymphocytes	PFB	PFA2	S	foreman_1067
foreman_1067_TAGAGTCTCTCGCTCA	585	1029	0.194363459669582	1	Lymphocytes	PFB	PFA2	G1	foreman_1067
foreman_1067_TAGTGCAAGTTCCGGC	940	2454	0.0672371638141809	1	Lymphocytes	PFB	PFA2	G1	foreman_1067
foreman_1067_TATCAGGTCGGCACTG	959	2470	0.153846153846154	1	Lymphocytes	PFB	PFA2	G1	foreman_1067
foreman_1067_TATCCTAGTTCAGGTT	1106	2232	0.0672043010752688	1	Lymphocytes	PFB	PFA2	S	foreman_1067
foreman_1067_TATCGCCGTGTCCATA	721	1161	0.099052540913006	1	Lymphocytes	PFB	PFA2	G2M	foreman_1067
foreman_1067_TATCTGTAGTTGAAGT	1097	2918	0.134338588074023	1	Lymphocytes	PFB	PFA2	G1	foreman_1067
foreman_1067_TCAAGCACACACGCCA	1108	2798	0.165832737669764	1	Lymphocytes	PFB	PFA2	S	foreman_1067
foreman_1067_TCAAGTGAGGGTCACA	1061	2431	0.103661044837515	1	Lymphocytes	PFB	PFA2	S	foreman_1067
foreman_1067_TCACACCCAACCACGC	1031	2202	0.0840145322434151	1	Lymphocytes	PFB	PFA2	G2M	foreman_1067
foreman_1067_TCACATTCAATCGCAT	963	1891	0.0793231094658911	1	Lymphocytes	PFB	PFA2	S	foreman_1067
foreman_1067_TCAGTCCGTAGGTTTC	768	1249	0.10568454763811	1	Lymphocytes	PFB	PFA2	G1	foreman_1067
foreman_1067_TCAGTTTAGCTTTGTG	983	1700	0.21	1	Lymphocytes	PFB	PFA2	G1	foreman_1067
foreman_1067_TCAGTTTCAAATGAAC	1018	1816	0.118942731277533	1	Lymphocytes	PFB	PFA2	S	foreman_1067
foreman_1067_TCAGTTTGTTTCGGCG	1929	4765	0.147324239244491	1	Lymphocytes	PFB	PFA2	S	foreman_1067
foreman_1067_TCATTACGTGGCGTAA	1386	2875	0.107826086956522	1	Lymphocytes	PFB	PFA2	S	foreman_1067
foreman_1067_TCATTGTAGGGTCAAC	533	1110	0.192792792792793	1	Lymphocytes	PFB	PFA2	G2M	foreman_1067
foreman_1067_TCCATCGAGACTCGAG	438	746	0.197050938337802	1	Lymphocytes	PFB	PFA2	G2M	foreman_1067
foreman_1067_TCCGAAATCATCTACT	722	1186	0.162731871838111	1	Lymphocytes	PFB	PFA2	G1	foreman_1067
foreman_1067_TCCTCGATCAAGCTGT	1082	2151	0.0701999070199907	1	Lymphocytes	PFB	PFA2	G1	foreman_1067
foreman_1067_TCCTGCAGTTAAGACA	773	1334	0.0517241379310345	1	Lymphocytes	PFB	PFA2	S	foreman_1067
foreman_1067_TCCTTCTGTCTGTAGT	1186	2105	0.107838479809976	1	Lymphocytes	PFB	PFA2	G1	foreman_1067
foreman_1067_TCGACCTAGGACAGCT	729	1334	0.154422788605697	1	Lymphocytes	PFB	PFA2	S	foreman_1067
foreman_1067_TCGACGGAGGGTGAGG	1082	2836	0.0571227080394922	1	Lymphocytes	PFB	PFA2	G1	foreman_1067
foreman_1067_TCGACGGGTGGACCAA	529	1017	0.272369714847591	1	Lymphocytes	PFB	PFA2	G1	foreman_1067
foreman_1067_TCGATTTCAAGTGGTG	470	842	0.276722090261283	1	Lymphocytes	PFB	PFA2	G2M	foreman_1067
foreman_1067_TCGATTTTCTGCGGAC	851	1512	0.139550264550265	1	Lymphocytes	PFB	PFA2	G1	foreman_1067
foreman_1067_TCGGGTGGTATCCTCC	1159	2681	0.0801939574785528	1	Lymphocytes	PFB	PFA2	G2M	foreman_1067
foreman_1067_TCGTGCTAGTGATTCC	679	1286	0.154743390357698	1	Lymphocytes	PFB	PFA2	G2M	foreman_1067
foreman_1067_TCGTGGGCACAGCATT	830	1890	0.062962962962963	1	Lymphocytes	PFB	PFA2	G1	foreman_1067
foreman_1067_TCTACCGTCATCACTT	712	1132	0.0998233215547703	1	Lymphocytes	PFB	PFA2	S	foreman_1067
foreman_1067_TCTCAGCCAAGCCATT	994	1768	0.0978506787330317	1	Lymphocytes	PFB	PFA2	S	foreman_1067
foreman_1067_TCTCCGATCCTGTTAT	867	1399	0.09578270192995	1	Lymphocytes	PFB	PFA2	G1	foreman_1067
foreman_1067_TCTGCCATCACTTGGA	834	1445	0.197231833910035	1	Lymphocytes	PFB	PFA2	G1	foreman_1067
foreman_1067_TCTTTGAGTACGGCAA	1586	3951	0.0956719817767654	1	Lymphocytes	PFB	PFA2	S	foreman_1067
foreman_1067_TCTTTGAGTGCGAACA	564	989	0.177957532861476	1	Lymphocytes	PFB	PFA2	G1	foreman_1067
foreman_1067_TGACCCTCAATAGGGC	627	1020	0.172549019607843	1	Lymphocytes	PFB	PFA2	G1	foreman_1067
foreman_1067_TGATTTCGTAGGGTAC	653	1113	0.224618149146451	1	Lymphocytes	PFB	PFA2	S	foreman_1067
foreman_1067_TGCAGTAAGCCAAGGT	535	1043	0.293384467881112	1	Lymphocytes	PFB	PFA2	S	foreman_1067
foreman_1067_TGCATGATCTTGAACG	378	779	0.293966623876765	1	Lymphocytes	PFB	PFA2	G2M	foreman_1067
foreman_1067_TGCTTCGTCTTCTGGC	1155	2607	0.097813578826237	1	Lymphocytes	PFB	PFA2	G2M	foreman_1067
foreman_1067_TGGAACTAGTGTTGTC	893	1553	0.150676110753381	1	Lymphocytes	PFB	PFA2	S	foreman_1067
foreman_1067_TGGAACTAGTTCGGTT	1210	3250	0.147692307692308	1	Lymphocytes	PFB	PFA2	G1	foreman_1067
foreman_1067_TGGAGGAAGATGTTAG	1040	1915	0.150391644908616	1	Lymphocytes	PFB	PFA2	G1	foreman_1067
foreman_1067_TGGAGGACACGTAGAG	1025	1826	0.154983570646221	1	Lymphocytes	PFB	PFA2	G2M	foreman_1067
foreman_1067_TGGAGGAGTAGGCAAC	1363	3285	0.0888888888888889	1	Lymphocytes	PFB	PFA2	G1	foreman_1067
foreman_1067_TGGGAGACACAAGCCC	865	1618	0.158838071693449	1	Lymphocytes	PFB	PFA2	G2M	foreman_1067
foreman_1067_TGGGATTGTCCACACG	1267	3440	0.114825581395349	1	Lymphocytes	PFB	PFA2	S	foreman_1067
foreman_1067_TGGTACAGTTCCCAAA	847	1798	0.110678531701891	1	Lymphocytes	PFB	PFA2	G1	foreman_1067
foreman_1067_TGTAACGTCTTTCCGG	482	863	0.219003476245655	1	Lymphocytes	PFB	PFA2	G1	foreman_1067
foreman_1067_TGTCCACCAAAGTGTA	743	1322	0.0688350983358548	1	Lymphocytes	PFB	PFA2	G1	foreman_1067
foreman_1067_TGTCCCACACTGGCCA	804	1269	0.142631993695823	1	Lymphocytes	PFB	PFA2	G1	foreman_1067
foreman_1067_TGTCCTGCAGGACGAT	1014	2602	0.19869331283628	1	Lymphocytes	PFB	PFA2	S	foreman_1067
foreman_1067_TGTGAGTGTTCTCGTC	672	1049	0.167778836987607	1	Lymphocytes	PFB	PFA2	G2M	foreman_1067
foreman_1067_TGTGTGACATCCGGCA	388	736	0.150815217391304	1	Lymphocytes	PFB	PFA2	G1	foreman_1067
foreman_1067_TGTTACTGTGATAGAT	1018	2412	0.174129353233831	1	Lymphocytes	PFB	PFA2	S	foreman_1067
foreman_1067_TGTTCATTCGTCAAAC	565	948	0.179324894514768	1	Lymphocytes	PFB	PFA2	S	foreman_1067
foreman_1067_TGTTGGAGTTCTCCTG	1256	3127	0.159258074832107	1	Lymphocytes	PFB	PFA2	S	foreman_1067
foreman_1067_TTAATCCGTACGTTCA	805	1634	0.0618115055079559	1	Lymphocytes	PFB	PFA2	G1	foreman_1067
foreman_1067_TTAATCCTCAAACGAA	726	1265	0.133596837944664	1	Lymphocytes	PFB	PFA2	G1	foreman_1067
foreman_1067_TTACCATCAAGGTCGA	754	1349	0.215715344699778	1	Lymphocytes	PFB	PFA2	G1	foreman_1067
foreman_1067_TTACCGCCATAACAGA	444	678	0.169616519174041	1	Lymphocytes	PFB	PFA2	G1	foreman_1067
foreman_1067_TTACTGTGTTGTCAGT	785	1511	0.099933818663137	1	Lymphocytes	PFB	PFA2	G1	foreman_1067
foreman_1067_TTCAGGATCTGTCGCT	1058	2056	0.249027237354086	1	Lymphocytes	PFB	PFA2	G1	foreman_1067
foreman_1067_TTCATGTGTTGTGGAG	950	1957	0.115482881962187	1	Lymphocytes	PFB	PFA2	G1	foreman_1067
foreman_1067_TTCCGTGTCAATCCGA	981	1724	0.169953596287703	1	Lymphocytes	PFB	PFA2	G2M	foreman_1067
foreman_1067_TTCTTCCAGAAACTGT	932	1624	0.150246305418719	1	Lymphocytes	PFB	PFA2	G1	foreman_1067
foreman_1067_TTGACCCGTATCGCTA	750	1445	0.219377162629758	1	Lymphocytes	PFB	PFA2	G1	foreman_1067
foreman_1067_TTGAGTGAGGCTGAAC	496	909	0.248624862486249	1	Lymphocytes	PFB	PFA2	S	foreman_1067
foreman_1067_TTGCATTAGGTGGCTA	795	1440	0.216666666666667	1	Lymphocytes	PFB	PFA2	G1	foreman_1067
foreman_1067_TTGCATTTCCAAGCAT	451	741	0.261808367071525	1	Lymphocytes	PFB	PFA2	S	foreman_1067
foreman_1067_TTGCCTGTCTCGGTAA	1590	3272	0.221577017114914	1	Lymphocytes	PFB	PFA2	S	foreman_1067
foreman_1067_TTGTGTTAGCTGTCCG	351	610	0.211475409836066	1	Lymphocytes	PFB	PFA2	S	foreman_1067
foreman_1067_TTGTTCACATGCCATA	509	837	0.193548387096774	1	Lymphocytes	PFB	PFA2	G1	foreman_1067
foreman_1067_TTGTTCATCTGTAACG	524	985	0.284263959390863	1	Lymphocytes	PFB	PFA2	S	foreman_1067
foreman_1067_TTGTTGTCATAGAAAC	965	1803	0.0904048807542984	1	Lymphocytes	PFB	PFA2	S	foreman_1067
foreman_1067_TTGTTTGAGGGTACAC	708	1406	0.0860597439544808	1	Lymphocytes	PFB	PFA2	G1	foreman_1067
foreman_1067_TTTACGTCAACAGATA	852	2413	0.0750103605470369	1	Lymphocytes	PFB	PFA2	G1	foreman_1067
foreman_1067_TTTACTGGTGGCTGAA	1024	2333	0.0887269609944278	1	Lymphocytes	PFB	PFA2	G1	foreman_1067
foreman_1067_TTTAGTCAGCTGACAG	870	1680	0.11547619047619	1	Lymphocytes	PFB	PFA2	G2M	foreman_1067
foreman_1067_TTTATGCAGGAACATT	612	981	0.114169215086646	1	Lymphocytes	PFB	PFA2	G1	foreman_1067
foreman_1067_TTTCATGAGCACTCGC	841	1661	0.0638169777242625	1	Lymphocytes	PFB	PFA2	S	foreman_1067
foreman_1067_TTTGTTGCATAACGGG	904	2045	0.0684596577017115	1	Lymphocytes	PFB	PFA2	G1	foreman_1067
foreman_1101_AAGTCTGTCAACACTG	1024	3209	0.0224368962293549	1	Lymphocytes	PFA2	PFA1	G1	foreman_1101
foreman_1101_ACCTTTAAGCTAGGCA	949	2302	0.027367506516073	1	Lymphocytes	PFA2	PFA1	G2M	foreman_1101
foreman_1101_ATCTACTTCTGCCCTA	1184	3669	0.0373398746252385	1	Lymphocytes	PFA2	PFA1	G1	foreman_1101
foreman_1101_ATCTGCCCAGCTGTAT	939	2287	0.0594665500655881	1	Lymphocytes	PFA2	PFA1	S	foreman_1101
foreman_1101_CCATTCGTCTAACCGA	948	2135	0.0327868852459016	1	Lymphocytes	PFA2	PFA1	G1	foreman_1101
foreman_1101_CCTAAAGTCGCCAAAT	356	806	0.158808933002481	1	Lymphocytes	PFA2	PFA1	S	foreman_1101
foreman_1101_CCTTTCTTCTCTAGGA	272	720	0.134722222222222	1	Lymphocytes	PFA2	PFA1	S	foreman_1101
foreman_1101_CGACCTTCATATGAGA	1141	2869	0.0453119553851516	1	Lymphocytes	PFA2	PFA1	S	foreman_1101
foreman_1101_CGCCAAGCACGGCCAT	1055	3080	0.0266233766233766	1	Lymphocytes	PFA2	PFA1	S	foreman_1101
foreman_1101_CGGTTAACAAGGACTG	1068	3059	0.063746322327558	1	Lymphocytes	PFA2	PFA1	S	foreman_1101
foreman_1101_CGTGAGCAGTCATCCA	277	512	0.296875	1	Lymphocytes	PFA2	PFA1	G1	foreman_1101
foreman_1101_CTGTGCTGTAGCGTGA	1066	2511	0.0461967343687774	1	Lymphocytes	PFA2	PFA1	S	foreman_1101
foreman_1101_GACGCGTTCGCTTGTC	396	739	0.113667117726658	1	Lymphocytes	PFA2	PFA1	G1	foreman_1101
foreman_1101_GGGAGATGTTGTCGCG	770	1776	0.0298423423423423	1	Lymphocytes	PFA2	PFA1	S	foreman_1101
foreman_1101_GTCTTCGTCAATAAGG	1160	2829	0.0452456698480028	1	Lymphocytes	PFA2	PFA1	G1	foreman_1101
foreman_1101_GTTCGGGCAATGGATA	1890	5873	0.0364379363187468	1	Lymphocytes	PFA2	PFA1	S	foreman_1101
foreman_1101_TGCGGGTTCTCAAACG	287	523	0.170172084130019	1	Lymphocytes	PFA2	PFA1	G1	foreman_1101
foreman_1101_TGCTACCTCGGAGCAA	1129	3248	0.0458743842364532	1	Lymphocytes	PFA2	PFA1	G1	foreman_1101
foreman_1101_TTAGGCAAGATCTGAA	1002	2658	0.0492851768246802	1	Lymphocytes	PFA2	PFA1	G2M	foreman_1101
foreman_1101_TTCTCCTTCCGGGTGT	1068	2729	0.0216196408941004	1	Lymphocytes	PFA2	PFA1	G1	foreman_1101
foreman_1185_AAGAACACACATTGTG	1759	5845	0.0479041916167665	1	Lymphocytes	YAP	YAP	G1	foreman_1185
foreman_1185_AATCACGTCCGATGCG	1960	5505	0.135149863760218	1	Lymphocytes	YAP	YAP	G1	foreman_1185
foreman_1185_ACAGGGAGTCCAGCCA	1270	3516	0.102673492605233	1	Lymphocytes	YAP	YAP	G1	foreman_1185
foreman_1185_ACATCGAGTGTAGCAG	847	1508	0.0557029177718833	1	Lymphocytes	YAP	YAP	G1	foreman_1185
foreman_1185_ACCATTTGTTGCTAGT	1851	4874	0.0568321707016824	1	Lymphocytes	YAP	YAP	S	foreman_1185
foreman_1185_ACCCTCAAGATGGTAT	2453	7761	0.115062491946914	1	Lymphocytes	YAP	YAP	G1	foreman_1185
foreman_1185_ACCGTTCCACCAAAGG	2482	7292	0.0352441031267142	1	Lymphocytes	YAP	YAP	G1	foreman_1185
foreman_1185_ACGATGTCAGTGTATC	3553	12660	0.106635071090047	1	Lymphocytes	YAP	YAP	S	foreman_1185
foreman_1185_ACGGAAGCATAGAATG	1784	4476	0.119749776586238	1	Lymphocytes	YAP	YAP	G1	foreman_1185
foreman_1185_ACTTCCGGTGCGTGCT	1255	2863	0.232972406566539	1	Lymphocytes	YAP	YAP	G1	foreman_1185
foreman_1185_AGGAGGTTCGGTCAGC	1322	3419	0.0810178414741152	1	Lymphocytes	YAP	YAP	S	foreman_1185
foreman_1185_ATCATTCGTGAACCGA	1794	5409	0.0268071732298022	1	Lymphocytes	YAP	YAP	S	foreman_1185
foreman_1185_ATGCCTCTCTCTGGTC	2452	6283	0.00795798185580137	1	Lymphocytes	YAP	YAP	G2M	foreman_1185
foreman_1185_ATTGGGTTCTTCCTAA	2114	6191	0.043127120012922	1	Lymphocytes	YAP	YAP	S	foreman_1185
foreman_1185_ATTTACCTCATAGCAC	1229	2523	0.250099088386841	1	Lymphocytes	YAP	YAP	G1	foreman_1185
foreman_1185_CAACAGTAGGGTACAC	621	880	0.075	1	Lymphocytes	YAP	YAP	G1	foreman_1185
foreman_1185_CAATTTCAGGGACCAT	2264	8226	0.075249209822514	1	Lymphocytes	YAP	YAP	G1	foreman_1185
foreman_1185_CACCGTTTCACTACTT	2140	6994	0.063768944809837	1	Lymphocytes	YAP	YAP	S	foreman_1185
foreman_1185_CAGTGCGTCTCCTGAC	1623	4206	0.108654303376129	1	Lymphocytes	YAP	YAP	G1	foreman_1185
foreman_1185_CAGTTAGGTCAAACGG	1094	1653	0.00544464609800363	1	Lymphocytes	YAP	YAP	S	foreman_1185
foreman_1185_CATACTTTCGTCCTTG	1561	3860	0.0536269430051813	1	Lymphocytes	YAP	YAP	G1	foreman_1185
foreman_1185_CCAATTTTCAAGTGGG	1431	2760	0.0416666666666667	1	Lymphocytes	YAP	YAP	G2M	foreman_1185
foreman_1185_CCATCACTCCACGTCT	2074	7462	0.0723666577325114	1	Lymphocytes	YAP	YAP	G1	foreman_1185
foreman_1185_CCCATTGTCGGTTCAA	2632	8727	0.0317405752263092	1	Lymphocytes	YAP	YAP	S	foreman_1185
foreman_1185_CCGATCTAGTTGCATC	603	920	0.119565217391304	1	Lymphocytes	YAP	YAP	G1	foreman_1185
foreman_1185_CCTCTCCCACTCCTGT	1209	2192	0.0597627737226277	1	Lymphocytes	YAP	YAP	G1	foreman_1185
foreman_1185_CGAGAAGCATAGACTC	1710	3795	0.252173913043478	1	Lymphocytes	YAP	YAP	G1	foreman_1185
foreman_1185_CGAGTTATCCTCAGAA	601	914	0.140043763676149	1	Lymphocytes	YAP	YAP	G1	foreman_1185
foreman_1185_CGGACACAGACCAAAT	3893	15669	0.0629906184185334	1	Lymphocytes	YAP	YAP	G1	foreman_1185
foreman_1185_CTAGGTATCCTCAGAA	1756	4799	0.150656386747239	1	Lymphocytes	YAP	YAP	G1	foreman_1185
foreman_1185_CTATCTAAGTAACCGG	997	2215	0.28803611738149	1	Lymphocytes	YAP	YAP	G1	foreman_1185
foreman_1185_CTCCTCCGTCAGACTT	1769	4609	0.0676936428726405	1	Lymphocytes	YAP	YAP	G1	foreman_1185
foreman_1185_CTGTAGACATGAGAAT	1334	3024	0.0922619047619048	1	Lymphocytes	YAP	YAP	S	foreman_1185
foreman_1185_CTTACCGTCCTCGATC	1820	4204	0.0984776403425309	1	Lymphocytes	YAP	YAP	S	foreman_1185
foreman_1185_CTTCCGACACGGAAGT	4163	17601	0.0326117834213965	4	Mitotic	YAP	YAP	S	foreman_1185
foreman_1185_CTTCCTTGTCGACTGC	2217	5688	0.0427215189873418	1	Lymphocytes	YAP	YAP	S	foreman_1185
foreman_1185_GAAATGACACCATAAC	2486	7117	0.0404664886890544	1	Lymphocytes	YAP	YAP	S	foreman_1185
foreman_1185_GAAGGGTCACAATCTG	1065	1741	0.0557151062607697	1	Lymphocytes	YAP	YAP	G1	foreman_1185
foreman_1185_GAGGCAAAGGTCCAGA	1854	4373	0.11822547450263	1	Lymphocytes	YAP	YAP	G1	foreman_1185
foreman_1185_GCACGGTAGTAGAGTT	2040	8107	0.105217713087455	1	Lymphocytes	YAP	YAP	G1	foreman_1185
foreman_1185_GCCATTCAGCAGGGAG	1637	3704	0.12122030237581	1	Lymphocytes	YAP	YAP	G2M	foreman_1185
foreman_1185_GCCCGAATCATGCATG	456	634	0.151419558359621	1	Lymphocytes	YAP	YAP	G2M	foreman_1185
foreman_1185_GCTCAAACACCCGTAG	1479	3247	0.0218663381583	1	Lymphocytes	YAP	YAP	S	foreman_1185
foreman_1185_GGAGGTAGTATGATCC	635	882	0.0873015873015873	1	Lymphocytes	YAP	YAP	G1	foreman_1185
foreman_1185_GGTCTGGGTTTACGAC	2328	7939	0.046857286811941	1	Lymphocytes	YAP	YAP	S	foreman_1185
foreman_1185_GTACAGTGTAACACCT	1217	2615	0.146845124282983	1	Lymphocytes	YAP	YAP	G1	foreman_1185
foreman_1185_GTCAAGTCAACCGCCA	695	1492	0.207104557640751	1	Lymphocytes	YAP	YAP	G1	foreman_1185
foreman_1185_GTGCTGGTCACCCTCA	1542	4163	0.0903194811434062	1	Lymphocytes	YAP	YAP	G2M	foreman_1185
foreman_1185_GTGGCGTAGAAGCGGG	457	751	0.0652463382157124	1	Lymphocytes	YAP	YAP	S	foreman_1185
foreman_1185_GTGTTCCAGCACGTCC	1344	2977	0.0937185085656701	1	Lymphocytes	YAP	YAP	G1	foreman_1185
foreman_1185_GTTCGCTGTCCACTCT	885	1596	0.168546365914787	1	Lymphocytes	YAP	YAP	G1	foreman_1185
foreman_1185_TACGCTCCAAGATTGA	1240	3683	0.189790931306001	1	Lymphocytes	YAP	YAP	G1	foreman_1185
foreman_1185_TACGGTAGTCTCAGGC	1027	1989	0.213172448466566	1	Lymphocytes	YAP	YAP	G1	foreman_1185
foreman_1185_TAGGGTTAGGAACGCT	2260	6681	0.0860649603352791	1	Lymphocytes	YAP	YAP	G1	foreman_1185
foreman_1185_TATCGCCGTAGGCTCC	3758	13026	0.0530477506525411	1	Lymphocytes	YAP	YAP	S	foreman_1185
foreman_1185_TCAATCTCACTATCGA	895	1950	0.183589743589744	1	Lymphocytes	YAP	YAP	G1	foreman_1185
foreman_1185_TCAGGTAGTGCACATT	769	1389	0.0460763138948884	1	Lymphocytes	YAP	YAP	G2M	foreman_1185
foreman_1185_TCGCTCAAGGTTGGAC	2223	7903	0.0937618625838289	1	Lymphocytes	YAP	YAP	G1	foreman_1185
foreman_1185_TCTACATCAAGGTCTT	1533	3227	0.0594979857452742	1	Lymphocytes	YAP	YAP	G1	foreman_1185
foreman_1185_TCTTGCGAGGAACTCG	1821	5394	0.0318872821653689	1	Lymphocytes	YAP	YAP	G2M	foreman_1185
foreman_1185_TGACTCCTCGTGAGAG	474	800	0.0625	1	Lymphocytes	YAP	YAP	S	foreman_1185
foreman_1185_TGAGCATAGACGACGT	1795	5794	0.0655850880220918	1	Lymphocytes	YAP	YAP	G1	foreman_1185
foreman_1185_TGAGGAGAGAGTGTGC	1884	5192	0.0793528505392912	1	Lymphocytes	YAP	YAP	G1	foreman_1185
foreman_1185_TGATCTTCAAGCGATG	3508	14184	0.101099830795262	1	Lymphocytes	YAP	YAP	G1	foreman_1185
foreman_1185_TGGAACTTCTCCGAAA	1285	2564	0.0542121684867395	1	Lymphocytes	YAP	YAP	G1	foreman_1185
foreman_1185_TGTGAGTGTGGCTTGC	1589	4529	0.0737469640097152	1	Lymphocytes	YAP	YAP	S	foreman_1185
foreman_1185_TGTTACTAGAAGAACG	2783	9799	0.097867129298908	1	Lymphocytes	YAP	YAP	G1	foreman_1185
foreman_1185_TTACGTTCAGCACAAG	3123	10255	0.068259385665529	1	Lymphocytes	YAP	YAP	G1	foreman_1185
foreman_1185_TTAGGCACAAAGAACT	1735	3677	0.0413380473211857	1	Lymphocytes	YAP	YAP	S	foreman_1185
foreman_1185_TTCCGGTTCTACCACC	3457	10906	0.004401247019989	1	Lymphocytes	YAP	YAP	S	foreman_1185
foreman_1386_AACTTTCCATGTAAGA	962	2498	0.0252201761409127	1	Lymphocytes	RELA	RELA	S	foreman_1386
foreman_1386_AAGGCAGTCTGGTATG	344	661	0.10590015128593	1	Lymphocytes	RELA	RELA	S	foreman_1386
foreman_1386_AAGTCTGTCCATTCTA	876	2197	0.0227583067819754	1	Lymphocytes	RELA	RELA	G1	foreman_1386
foreman_1386_AATCGGTTCTCCAGGG	953	2407	0.0274200249272954	1	Lymphocytes	RELA	RELA	G1	foreman_1386
foreman_1386_ACACCCTTCGAGAACG	635	1892	0.0285412262156448	1	Lymphocytes	RELA	RELA	S	foreman_1386
foreman_1386_ACGATGTTCATCACCC	1019	2913	0.04565739787161	1	Lymphocytes	RELA	RELA	S	foreman_1386
foreman_1386_ACTGATGAGCACCGCT	2465	8755	0.0315248429468875	4	Mitotic	RELA	RELA	G2M	foreman_1386
foreman_1386_ACTTGTTGTACTCAAC	388	680	0.0647058823529412	1	Lymphocytes	RELA	RELA	S	foreman_1386
foreman_1386_ACTTTCAAGTCTCAAC	478	923	0.037919826652221	1	Lymphocytes	RELA	RELA	S	foreman_1386
foreman_1386_AGAGTGGGTGATAAGT	766	2371	0.0307886967524251	1	Lymphocytes	RELA	RELA	G1	foreman_1386
foreman_1386_AGATTGCGTTACGGAG	592	1702	0.0299647473560517	1	Lymphocytes	RELA	RELA	G1	foreman_1386
foreman_1386_AGCCTAACATTGCGGC	855	1931	0.0227861211807354	1	Lymphocytes	RELA	RELA	S	foreman_1386
foreman_1386_AGCCTAAGTAGAGTGC	1474	4743	0.0326797385620915	1	Lymphocytes	RELA	RELA	G1	foreman_1386
foreman_1386_AGCGGTCAGCGTGAAC	1072	3008	0.0289228723404255	1	Lymphocytes	RELA	RELA	G1	foreman_1386
foreman_1386_AGCTCTCCAGTGAGTG	1465	4964	0.040491539081386	1	Lymphocytes	RELA	RELA	G1	foreman_1386
foreman_1386_AGCTTGAAGGAGTTTA	651	2100	0.0195238095238095	1	Lymphocytes	RELA	RELA	G1	foreman_1386
foreman_1386_AGGGAGTGTTATCGGT	844	2527	0.0288880094974278	1	Lymphocytes	RELA	RELA	S	foreman_1386
foreman_1386_AGGTCCGGTGTCAATC	1774	5351	0.0280321435245748	1	Lymphocytes	RELA	RELA	S	foreman_1386
foreman_1386_AGTGTCAGTACCGTAT	1515	5249	0.0491522194703753	1	Lymphocytes	RELA	RELA	S	foreman_1386
foreman_1386_ATCATGGTCATGTGGT	961	2212	0.0189873417721519	1	Lymphocytes	RELA	RELA	S	foreman_1386
foreman_1386_ATCCACCTCGTAGATC	983	2502	0.0247801758593125	1	Lymphocytes	RELA	RELA	S	foreman_1386
foreman_1386_ATCGAGTGTCTCACCT	959	2741	0.035388544326888	1	Lymphocytes	RELA	RELA	G1	foreman_1386
foreman_1386_ATCTACTCAAGCTGGA	717	2269	0.0220361392684002	1	Lymphocytes	RELA	RELA	G1	foreman_1386
foreman_1386_ATGTGTGTCGCGTAGC	1407	4369	0.0331883726253147	1	Lymphocytes	RELA	RELA	S	foreman_1386
foreman_1386_CACAAACCACCACCAG	247	586	0.151877133105802	1	Lymphocytes	RELA	RELA	S	foreman_1386
foreman_1386_CACACTCGTTACCAGT	900	2938	0.039142273655548	1	Lymphocytes	RELA	RELA	S	foreman_1386
foreman_1386_CACATTTAGGAGTCTG	890	2316	0.0289291882556131	1	Lymphocytes	RELA	RELA	G1	foreman_1386
foreman_1386_CACCACTAGCTGATAA	946	2869	0.0362495643081213	1	Lymphocytes	RELA	RELA	S	foreman_1386
foreman_1386_CACCAGGAGAGGGCTT	279	531	0.126177024482109	1	Lymphocytes	RELA	RELA	G1	foreman_1386
foreman_1386_CACCTTGGTGAGGGTT	696	1968	0.0401422764227642	1	Lymphocytes	RELA	RELA	G1	foreman_1386
foreman_1386_CAGAATCCATCACCCT	1110	3099	0.0342045821232656	1	Lymphocytes	RELA	RELA	G1	foreman_1386
foreman_1386_CAGCCGATCTAAGCCA	729	2020	0.0306930693069307	1	Lymphocytes	RELA	RELA	G1	foreman_1386
foreman_1386_CAGCGACAGATGCCTT	1005	2910	0.0333333333333333	1	Lymphocytes	RELA	RELA	G1	foreman_1386
foreman_1386_CAGGTGCCAGCTCGCA	440	843	0.149466192170818	1	Lymphocytes	RELA	RELA	S	foreman_1386
foreman_1386_CATATTCAGTCTCGGC	1247	3423	0.0470347648261759	1	Lymphocytes	RELA	RELA	G1	foreman_1386
foreman_1386_CATTATCTCGGAGCAA	457	796	0.0552763819095477	1	Lymphocytes	RELA	RELA	S	foreman_1386
foreman_1386_CCAATCCGTCCGAGTC	614	2148	0.0270018621973929	1	Lymphocytes	RELA	RELA	G1	foreman_1386
foreman_1386_CCACGGAGTAGGACAC	1942	6060	0.031023102310231	1	Lymphocytes	RELA	RELA	S	foreman_1386
foreman_1386_CCATGTCGTTCGTTGA	682	1737	0.051237766263673	1	Lymphocytes	RELA	RELA	S	foreman_1386
foreman_1386_CCGGGATTCCGGCACA	907	2194	0.0350957155879672	1	Lymphocytes	RELA	RELA	G1	foreman_1386
foreman_1386_CCGTGGAGTTGTTTGG	340	632	0.161392405063291	1	Lymphocytes	RELA	RELA	G1	foreman_1386
foreman_1386_CCTACACAGCAGCGTA	1275	2995	0.0237061769616027	1	Lymphocytes	RELA	RELA	G1	foreman_1386
foreman_1386_CCTACACGTAGGGACT	1060	2616	0.0217889908256881	1	Lymphocytes	RELA	RELA	G1	foreman_1386
foreman_1386_CGAGCACAGGAGCGAG	2297	7891	0.0326954758585731	4	Mitotic	RELA	RELA	G2M	foreman_1386
foreman_1386_CGATCGGTCTCAACTT	1330	4283	0.0471632033621293	1	Lymphocytes	RELA	RELA	G1	foreman_1386
foreman_1386_CGGTTAACAAGTTGTC	1423	3852	0.0379023883696781	1	Lymphocytes	RELA	RELA	G1	foreman_1386
foreman_1386_CGGTTAAGTCCTAGCG	1014	2020	0.0207920792079208	1	Lymphocytes	RELA	RELA	G1	foreman_1386
foreman_1386_CGTGAGCAGAGTCTGG	2096	6693	0.046466457492903	4	Mitotic	RELA	RELA	S	foreman_1386
foreman_1386_CGTGTAATCCTAAGTG	879	2198	0.0282074613284804	1	Lymphocytes	RELA	RELA	G1	foreman_1386
foreman_1386_CTAACTTCATCACGTA	933	2707	0.0265977096416697	1	Lymphocytes	RELA	RELA	S	foreman_1386
foreman_1386_CTAAGACCAGTCGATT	3020	9635	0.0405812143227815	11	Contaminating Tumor cells	RELA	RELA	S	foreman_1386
foreman_1386_CTAAGACCATCACCCT	1286	3324	0.0237665463297232	1	Lymphocytes	RELA	RELA	S	foreman_1386
foreman_1386_CTAGTGAAGACGCTTT	801	2370	0.0350210970464135	1	Lymphocytes	RELA	RELA	S	foreman_1386
foreman_1386_CTAGTGAAGGAATTAC	739	2083	0.0484877580412866	1	Lymphocytes	RELA	RELA	G1	foreman_1386
foreman_1386_CTAGTGAGTCTAGTCA	1066	2770	0.0169675090252708	1	Lymphocytes	RELA	RELA	G1	foreman_1386
foreman_1386_CTCGAAACACTTCGAA	1510	3929	0.0422499363705778	1	Lymphocytes	RELA	RELA	S	foreman_1386
foreman_1386_CTGTTTAGTGTGAAAT	750	1636	0.0550122249388753	1	Lymphocytes	RELA	RELA	S	foreman_1386
foreman_1386_CTTACCGAGGAATTAC	678	1902	0.0457413249211356	1	Lymphocytes	RELA	RELA	S	foreman_1386
foreman_1386_CTTACCGTCACAATGC	1086	2345	0.0247334754797441	1	Lymphocytes	RELA	RELA	G2M	foreman_1386
foreman_1386_GAAATGAGTAGGGTAC	1263	3818	0.036668412781561	1	Lymphocytes	RELA	RELA	G1	foreman_1386
foreman_1386_GACTACACATGACGGA	814	2556	0.0144757433489828	1	Lymphocytes	RELA	RELA	S	foreman_1386
foreman_1386_GATCGATTCCCATTAT	1299	4009	0.0269393863806436	1	Lymphocytes	RELA	RELA	G1	foreman_1386
foreman_1386_GCATGCGCAAATACAG	388	754	0.107427055702918	1	Lymphocytes	RELA	RELA	G1	foreman_1386
foreman_1386_GCATGCGGTAGCTCCG	1212	3596	0.028642936596218	1	Lymphocytes	RELA	RELA	G1	foreman_1386
foreman_1386_GCCAAATGTCGGCTCA	2296	7252	0.0311638168781026	4	Mitotic	RELA	RELA	S	foreman_1386
foreman_1386_GCTGCGAAGCAGCCTC	752	1757	0.0324416619237336	1	Lymphocytes	RELA	RELA	S	foreman_1386
foreman_1386_GGAAAGCCATGCTGGC	594	1667	0.0221955608878224	1	Lymphocytes	RELA	RELA	G1	foreman_1386
foreman_1386_GGAATAACAGTAGAGC	1145	2563	0.0312134217713617	1	Lymphocytes	RELA	RELA	G2M	foreman_1386
foreman_1386_GGAATAAGTTACCGAT	628	1366	0.0226939970717423	1	Lymphocytes	RELA	RELA	S	foreman_1386
foreman_1386_GTACTTTCAACTGGCC	2518	10390	0.0374398460057748	4	Mitotic	RELA	RELA	G2M	foreman_1386
foreman_1386_GTCAAGTAGCGGATCA	313	587	0.129471890971039	1	Lymphocytes	RELA	RELA	G2M	foreman_1386
foreman_1386_GTCACGGCAGGGTATG	877	2814	0.031272210376688	1	Lymphocytes	RELA	RELA	G1	foreman_1386
foreman_1386_GTGCTTCGTAGTGAAT	639	1228	0.0390879478827362	1	Lymphocytes	RELA	RELA	S	foreman_1386
foreman_1386_TAGTGGTGTTAAGGGC	805	1783	0.0375771172181716	1	Lymphocytes	RELA	RELA	G1	foreman_1386
foreman_1386_TATGCCCGTAACGTTC	1099	2225	0.04	1	Lymphocytes	RELA	RELA	S	foreman_1386
foreman_1386_TCAGGATGTCCTGCTT	778	1667	0.0203959208158368	1	Lymphocytes	RELA	RELA	S	foreman_1386
foreman_1386_TCATTACGTGCCTGGT	918	2114	0.0203405865657521	1	Lymphocytes	RELA	RELA	S	foreman_1386
foreman_1386_TCCACACAGGTACTCT	450	825	0.111515151515152	1	Lymphocytes	RELA	RELA	G1	foreman_1386
foreman_1386_TCCACACCATTAACCG	733	2307	0.0320762895535327	1	Lymphocytes	RELA	RELA	G1	foreman_1386
foreman_1386_TGAAAGAGTCAGATAA	1225	3950	0.0344303797468354	1	Lymphocytes	RELA	RELA	G1	foreman_1386
foreman_1386_TGACGGCCATAGAAAC	1276	3947	0.0329364073980238	1	Lymphocytes	RELA	RELA	S	foreman_1386
foreman_1386_TGACTTTCAACTGCTA	772	2017	0.0431333663857214	1	Lymphocytes	RELA	RELA	G1	foreman_1386
foreman_1386_TGAGGGAAGTCGTTTG	848	2451	0.0191758465932273	1	Lymphocytes	RELA	RELA	G1	foreman_1386
foreman_1386_TGAGGGACAGTGGGAT	870	2081	0.0331571359923114	1	Lymphocytes	RELA	RELA	S	foreman_1386
foreman_1386_TGGGCGTTCAACTCTT	1010	2395	0.0192066805845511	1	Lymphocytes	RELA	RELA	G1	foreman_1386
foreman_1386_TGTATTCTCATGCATG	701	1747	0.0297653119633658	1	Lymphocytes	RELA	RELA	G1	foreman_1386
foreman_1386_TGTCCCATCTTACCGC	1197	4360	0.0121559633027523	1	Lymphocytes	RELA	RELA	G1	foreman_1386
foreman_1386_TTATGCTAGTGCCATT	275	560	0.1375	1	Lymphocytes	RELA	RELA	G2M	foreman_1386
foreman_1386_TTGCGTCGTACCGGCT	1304	4261	0.044825158413518	1	Lymphocytes	RELA	RELA	S	foreman_1386
foreman_1329_AAAGATGAGATGCCTT	549	1033	0.0193610842207164	1	Lymphocytes	RELA	RELA	G1	foreman_1329
foreman_1329_AACACGTTCTTGGGTA	2055	7001	0.024567918868733	4	Mitotic	RELA	RELA	G2M	foreman_1329
foreman_1329_AACGTTGTCGACAGCC	991	2435	0.04435318275154	1	Lymphocytes	RELA	RELA	S	foreman_1329
foreman_1329_AAGACCTGTAGCGCAA	2221	7996	0.0377688844422211	4	Mitotic	RELA	RELA	S	foreman_1329
foreman_1329_AAGACCTGTTCCAACA	793	2247	0.0231419670672007	1	Lymphocytes	RELA	RELA	G1	foreman_1329
foreman_1329_AAGTCTGCACGAGAGT	793	1833	0.0360065466448445	1	Lymphocytes	RELA	RELA	G1	foreman_1329
foreman_1329_AATCCAGAGGGCTTGA	1104	2613	0.0260237275162648	1	Lymphocytes	RELA	RELA	G1	foreman_1329
foreman_1329_AATCGGTGTCTTCAAG	625	1524	0.0400262467191601	1	Lymphocytes	RELA	RELA	G1	foreman_1329
foreman_1329_ACACCGGTCATGTCCC	841	2403	0.0203911776945485	1	Lymphocytes	RELA	RELA	S	foreman_1329
foreman_1329_ACACTGAAGATCCGAG	901	2050	0.0346341463414634	1	Lymphocytes	RELA	RELA	S	foreman_1329
foreman_1329_ACACTGAGTTCCGGCA	748	1733	0.0236583958453549	1	Lymphocytes	RELA	RELA	G1	foreman_1329
foreman_1329_ACCTTTATCTGCCCTA	1057	2399	0.00500208420175073	1	Lymphocytes	RELA	RELA	G1	foreman_1329
foreman_1329_ACGAGCCGTTGAGGTG	879	2207	0.019030357951971	1	Lymphocytes	RELA	RELA	G1	foreman_1329
foreman_1329_ACGATGTCAGGTCTCG	776	2194	0.00774840474020055	1	Lymphocytes	RELA	RELA	G2M	foreman_1329
foreman_1329_ACGGGCTCACCCAGTG	393	671	0.0491803278688525	1	Lymphocytes	RELA	RELA	G2M	foreman_1329
foreman_1329_ACTGATGAGCTACCGC	3407	19039	0.0310940700667052	4	Mitotic	RELA	RELA	S	foreman_1329
foreman_1329_ACTGATGCATCCTTGC	947	2057	0.0140982012639767	1	Lymphocytes	RELA	RELA	S	foreman_1329
foreman_1329_ACTGATGGTCTTCAAG	1036	2243	0.00713330361123495	1	Lymphocytes	RELA	RELA	S	foreman_1329
foreman_1329_ACTGTCCAGTAGATGT	789	1951	0.00410046130189646	1	Lymphocytes	RELA	RELA	G2M	foreman_1329
foreman_1329_ACTGTCCGTCTGGAGA	971	2476	0.0302907915993538	1	Lymphocytes	RELA	RELA	G2M	foreman_1329
foreman_1329_ACTTTCAAGGGTATCG	260	560	0.0875	1	Lymphocytes	RELA	RELA	S	foreman_1329
foreman_1329_AGACGTTTCACCCTCA	801	1997	0.0200300450676014	1	Lymphocytes	RELA	RELA	G1	foreman_1329
foreman_1329_AGAGCGACACTAGTAC	459	853	0.0574443141852286	1	Lymphocytes	RELA	RELA	S	foreman_1329
foreman_1329_AGAGCGATCAGCAACT	1597	4550	0.0338461538461538	4	Mitotic	RELA	RELA	G2M	foreman_1329
foreman_1329_AGCATACGTGCGGTAA	742	2310	0.025974025974026	1	Lymphocytes	RELA	RELA	G1	foreman_1329
foreman_1329_AGCTCCTGTTGGGACA	1130	3281	0.00792441328863151	1	Lymphocytes	RELA	RELA	S	foreman_1329
foreman_1329_AGCTTGACAAGTCATC	1141	3251	0.0332205475238388	1	Lymphocytes	RELA	RELA	G1	foreman_1329
foreman_1329_AGGCCGTGTGTTAAGA	1055	3021	0.0324395895398875	1	Lymphocytes	RELA	RELA	G1	foreman_1329
foreman_1329_AGGGATGTCAGAAATG	869	2619	0.0263459335624284	1	Lymphocytes	RELA	RELA	S	foreman_1329
foreman_1329_AGGGATGTCTAACTGG	775	2189	0.0283234353586112	1	Lymphocytes	RELA	RELA	G1	foreman_1329
foreman_1329_AGGTCATTCTTGTTTG	313	605	0.110743801652893	1	Lymphocytes	RELA	RELA	S	foreman_1329
foreman_1329_AGTGAGGAGATCGATA	1115	2571	0.0272267600155581	1	Lymphocytes	RELA	RELA	S	foreman_1329
foreman_1329_AGTTGGTAGGGTGTGT	664	1351	0.0273871206513694	1	Lymphocytes	RELA	RELA	S	foreman_1329
foreman_1329_ATAGACCTCAGCACAT	777	1713	0.0309398715703444	1	Lymphocytes	RELA	RELA	G1	foreman_1329
foreman_1329_ATCATCTAGAGGTAGA	788	1688	0.0248815165876777	1	Lymphocytes	RELA	RELA	G1	foreman_1329
foreman_1329_ATGCGATAGTGGTAAT	1560	5782	0.0366655136630924	1	Lymphocytes	RELA	RELA	S	foreman_1329
foreman_1329_ATGCGATCAGCAGTTT	1332	3622	0.0309221424627278	1	Lymphocytes	RELA	RELA	S	foreman_1329
foreman_1329_ATGTGTGCAAGGGTCA	1459	3880	0.0342783505154639	1	Lymphocytes	RELA	RELA	G2M	foreman_1329
foreman_1329_CAAGAAATCAAGGTAA	1019	2538	0.00748620961386919	1	Lymphocytes	RELA	RELA	G2M	foreman_1329
foreman_1329_CAAGAAATCCGAAGAG	1646	3825	0.0232679738562091	4	Mitotic	RELA	RELA	G2M	foreman_1329
foreman_1329_CAAGGCCGTTGAGGTG	731	1402	0.0228245363766049	1	Lymphocytes	RELA	RELA	S	foreman_1329
foreman_1329_CACACTCGTCTGCCAG	880	1906	0.0173137460650577	1	Lymphocytes	RELA	RELA	S	foreman_1329
foreman_1329_CACATTTCAGTACACT	834	1932	0.0538302277432712	1	Lymphocytes	RELA	RELA	G1	foreman_1329
foreman_1329_CACCTTGTCTGTTTGT	2462	7549	0.0233143462710293	4	Mitotic	RELA	RELA	G2M	foreman_1329
foreman_1329_CAGAATCAGGTTACCT	952	2401	0.0224906289046231	1	Lymphocytes	RELA	RELA	G1	foreman_1329
foreman_1329_CAGCATACATGTCCTC	1040	3217	0.0152315822194591	1	Lymphocytes	RELA	RELA	G1	foreman_1329
foreman_1329_CAGCGACGTCAGAGGT	1011	2492	0.0300963081861958	1	Lymphocytes	RELA	RELA	G1	foreman_1329
foreman_1329_CAGGTGCTCGTGTAGT	2055	7274	0.0318944184767666	4	Mitotic	RELA	RELA	G2M	foreman_1329
foreman_1329_CATCAGATCGATGAGG	832	1661	0.0457555689343769	1	Lymphocytes	RELA	RELA	G1	foreman_1329
foreman_1329_CATCGAAAGGCGATAC	949	2225	0.0130337078651685	1	Lymphocytes	RELA	RELA	S	foreman_1329
foreman_1329_CATCGAAGTCCGAGTC	4207	24568	0.0637007489417128	4	Mitotic	RELA	RELA	G2M	foreman_1329
foreman_1329_CATGCCTGTCGCGTGT	882	2383	0.0281158203944608	1	Lymphocytes	RELA	RELA	G1	foreman_1329
foreman_1329_CATGCCTTCGTTTATC	999	3846	0.0366614664586583	1	Lymphocytes	RELA	RELA	S	foreman_1329
foreman_1329_CATGGCGTCGGACAAG	1056	3834	0.0284298382889932	1	Lymphocytes	RELA	RELA	S	foreman_1329
foreman_1329_CATTCGCCAGCTTAAC	1554	4744	0.0309865092748735	1	Lymphocytes	RELA	RELA	S	foreman_1329
foreman_1329_CCAATCCAGTACATGA	882	1971	0.0284119736174531	1	Lymphocytes	RELA	RELA	G1	foreman_1329
foreman_1329_CCATTCGGTCGAGATG	722	2116	0.0534026465028355	1	Lymphocytes	RELA	RELA	S	foreman_1329
foreman_1329_CCCTCCTCATCTGGTA	1500	4501	0.0266607420573206	1	Lymphocytes	RELA	RELA	G2M	foreman_1329
foreman_1329_CCGTGGATCAGTCAGT	1069	2755	0.108166969147005	1	Lymphocytes	RELA	RELA	G1	foreman_1329
foreman_1329_CCTATTAGTGTAACGG	754	1965	0.0417302798982188	1	Lymphocytes	RELA	RELA	G1	foreman_1329
foreman_1329_CCTTTCTGTGTAACGG	3180	13877	0.046479786697413	4	Mitotic	RELA	RELA	G2M	foreman_1329
foreman_1329_CGATGTATCTTAACCT	898	2045	0.0205378973105134	1	Lymphocytes	RELA	RELA	S	foreman_1329
foreman_1329_CGATTGACAGACAGGT	865	1925	0.0285714285714286	1	Lymphocytes	RELA	RELA	S	foreman_1329
foreman_1329_CGATTGAGTCTACCTC	1151	3280	0.0307926829268293	1	Lymphocytes	RELA	RELA	G1	foreman_1329
foreman_1329_CGTCAGGCACCTTGTC	2301	7569	0.0297265160523187	4	Mitotic	RELA	RELA	G2M	foreman_1329
foreman_1329_CGTGAGCTCAAACGGG	1443	5245	0.0244041944709247	1	Lymphocytes	RELA	RELA	G1	foreman_1329
foreman_1329_CTAAGACAGTGGGTTG	1099	2474	0.0347615198059822	1	Lymphocytes	RELA	RELA	S	foreman_1329
foreman_1329_CTAAGACCATTTGCTT	945	2460	0.0463414634146341	1	Lymphocytes	RELA	RELA	S	foreman_1329
foreman_1329_CTACACCCACGGTGTC	561	1112	0.072841726618705	1	Lymphocytes	RELA	RELA	G1	foreman_1329
foreman_1329_CTCACACAGACTTGAA	495	999	0.014014014014014	1	Lymphocytes	RELA	RELA	G1	foreman_1329
foreman_1329_CTCCTAGGTGCATCTA	795	1948	0.0195071868583162	1	Lymphocytes	RELA	RELA	G2M	foreman_1329
foreman_1329_CTCGAAACAAATTGCC	1080	2746	0.0142024763292061	1	Lymphocytes	RELA	RELA	G2M	foreman_1329
foreman_1329_CTGAAGTGTCACAAGG	889	2212	0.015370705244123	1	Lymphocytes	RELA	RELA	G1	foreman_1329
foreman_1329_CTTACCGAGGAATGGA	948	3980	0.0221105527638191	1	Lymphocytes	RELA	RELA	G1	foreman_1329
foreman_1329_CTTCTCTGTCCAACTA	1794	4820	0.0280082987551867	4	Mitotic	RELA	RELA	S	foreman_1329
foreman_1329_CTTTGCGCACAGACAG	1189	3479	0.0330554757114113	1	Lymphocytes	RELA	RELA	G1	foreman_1329
foreman_1329_GAAACTCTCGGTGTCG	816	2029	0.0241498275012321	1	Lymphocytes	RELA	RELA	G2M	foreman_1329
foreman_1329_GAACCTAGTTTGTTTC	1195	3412	0.0128956623681125	1	Lymphocytes	RELA	RELA	G1	foreman_1329
foreman_1329_GAACGGAGTTAAGAAC	1163	2351	0.213526159081242	4	Mitotic	RELA	RELA	S	foreman_1329
foreman_1329_GACAGAGCAGTACACT	1840	6542	0.0398960562519107	1	Lymphocytes	RELA	RELA	G2M	foreman_1329
foreman_1329_GACGGCTTCGGTCTAA	2016	7187	0.074579101154863	1	Lymphocytes	RELA	RELA	G1	foreman_1329
foreman_1329_GACGTGCCATCGACGC	1180	3609	0.0498753117206983	1	Lymphocytes	RELA	RELA	G1	foreman_1329
foreman_1329_GATCGTAAGATATGGT	830	1885	0.0350132625994695	1	Lymphocytes	RELA	RELA	G1	foreman_1329
foreman_1329_GCAAACTAGGGCTCTC	766	1514	0.0112285336856011	1	Lymphocytes	RELA	RELA	S	foreman_1329
foreman_1329_GCAAACTGTGCTCTTC	1071	2545	0.00353634577603143	1	Lymphocytes	RELA	RELA	G2M	foreman_1329
foreman_1329_GCAAACTTCTCCAGGG	926	2815	0.0152753108348135	1	Lymphocytes	RELA	RELA	G2M	foreman_1329
foreman_1329_GCAGCCAAGCAGACTG	620	1139	0.0474100087796313	1	Lymphocytes	RELA	RELA	S	foreman_1329
foreman_1329_GCAGTTACACAAGTAA	392	792	0.0795454545454545	1	Lymphocytes	RELA	RELA	G1	foreman_1329
foreman_1329_GCATGTATCGCCTGTT	1266	4093	0.0244319569997557	1	Lymphocytes	RELA	RELA	G1	foreman_1329
foreman_1329_GCGCAGTAGCGTAATA	815	2058	0.0340136054421769	1	Lymphocytes	RELA	RELA	G1	foreman_1329
foreman_1329_GCGCGATCATCACCCT	2359	8879	0.0348012163531929	4	Mitotic	RELA	RELA	S	foreman_1329
foreman_1329_GGACGTCGTCGAACAG	882	2128	0.012687969924812	1	Lymphocytes	RELA	RELA	G2M	foreman_1329
foreman_1329_GGAGCAACACGTCTCT	787	1709	0.0269163253364541	1	Lymphocytes	RELA	RELA	S	foreman_1329
foreman_1329_GGCTCGATCCGGCACA	1468	3961	0.0111083059833375	1	Lymphocytes	RELA	RELA	S	foreman_1329
foreman_1329_GGGAATGCACACATGT	914	2626	0.0426504188880426	1	Lymphocytes	RELA	RELA	G1	foreman_1329
foreman_1329_GGTGCGTAGAGCTATA	1135	3149	0.0219117180057161	1	Lymphocytes	RELA	RELA	G1	foreman_1329
foreman_1329_GGTGTTAAGAGGACGG	1024	2984	0.0418900804289544	1	Lymphocytes	RELA	RELA	S	foreman_1329
foreman_1329_GTACTCCCATGAAGTA	922	2352	0.0191326530612245	1	Lymphocytes	RELA	RELA	G1	foreman_1329
foreman_1329_GTACTTTCAGCTTAAC	1332	3200	0.016875	1	Lymphocytes	RELA	RELA	G2M	foreman_1329
foreman_1329_GTCTTCGCATCGATTG	1470	4537	0.0130041877892881	1	Lymphocytes	RELA	RELA	G1	foreman_1329
foreman_1329_GTGGGTCTCTACTATC	1053	3751	0.032791255665156	1	Lymphocytes	RELA	RELA	G1	foreman_1329
foreman_1329_TAAGAGAAGACGCTTT	3411	15988	0.0322742056542407	4	Mitotic	RELA	RELA	S	foreman_1329
foreman_1329_TACTCATGTGGACGAT	1154	2988	0.0120481927710843	1	Lymphocytes	RELA	RELA	G1	foreman_1329
foreman_1329_TACTTACAGCGTGTCC	863	2234	0.0308863025962399	1	Lymphocytes	RELA	RELA	S	foreman_1329
foreman_1329_TACTTACTCAGAGGTG	1007	2488	0.0176848874598071	1	Lymphocytes	RELA	RELA	G1	foreman_1329
foreman_1329_TCAGCAACACGCTTTC	1598	4766	0.0251783466219052	1	Lymphocytes	RELA	RELA	G2M	foreman_1329
foreman_1329_TCAGCTCAGCAGCGTA	325	536	0.132462686567164	1	Lymphocytes	RELA	RELA	G1	foreman_1329
foreman_1329_TCAGCTCGTGAGTGAC	662	1361	0.0426157237325496	1	Lymphocytes	RELA	RELA	G1	foreman_1329
foreman_1329_TCAGGATGTTATCACG	970	2808	0.0128205128205128	1	Lymphocytes	RELA	RELA	G1	foreman_1329
foreman_1329_TCATTACAGACACGAC	993	2872	0.0201949860724234	1	Lymphocytes	RELA	RELA	G2M	foreman_1329
foreman_1329_TCGTAGAAGGGTTTCT	2352	7993	0.0364068559989991	4	Mitotic	RELA	RELA	S	foreman_1329
foreman_1329_TCGTAGATCGAGCCCA	951	2566	0.0307872174590803	1	Lymphocytes	RELA	RELA	S	foreman_1329
foreman_1329_TCGTAGATCGGCGCAT	1783	5030	0.0248508946322068	4	Mitotic	RELA	RELA	G2M	foreman_1329
foreman_1329_TCTCATAGTTGAGTTC	4407	25951	0.0250857385071866	4	Mitotic	RELA	RELA	G2M	foreman_1329
foreman_1329_TCTTTCCTCTTGTATC	936	2009	0.021901443504231	1	Lymphocytes	RELA	RELA	S	foreman_1329
foreman_1329_TGACGGCCAGTACACT	876	2916	0.0294924554183813	1	Lymphocytes	RELA	RELA	S	foreman_1329
foreman_1329_TGACTAGTCTTGTATC	913	2779	0.0241093918675783	1	Lymphocytes	RELA	RELA	G1	foreman_1329
foreman_1329_TGACTTTCAGTCACTA	650	1272	0.0385220125786164	1	Lymphocytes	RELA	RELA	S	foreman_1329
foreman_1329_TGAGGGAGTAGGGACT	1164	2545	0.0365422396856582	1	Lymphocytes	RELA	RELA	G1	foreman_1329
foreman_1329_TGAGGGATCAACGAAA	943	2352	0.0297619047619048	1	Lymphocytes	RELA	RELA	G2M	foreman_1329
foreman_1329_TGCACCTAGTGTCTCA	1151	3024	0.021494708994709	1	Lymphocytes	RELA	RELA	S	foreman_1329
foreman_1329_TGCACCTTCCCTTGCA	1144	2725	0.0139449541284404	1	Lymphocytes	RELA	RELA	G1	foreman_1329
foreman_1329_TGCTGCTGTCGATTGT	779	1941	0.0417310664605873	1	Lymphocytes	RELA	RELA	G1	foreman_1329
foreman_1329_TGGTTAGGTACACCGC	1280	3192	0.012218045112782	1	Lymphocytes	RELA	RELA	G1	foreman_1329
foreman_1329_TGTCCCAGTGCCTTGG	946	1948	0.198151950718686	4	Mitotic	RELA	RELA	G2M	foreman_1329
foreman_1329_TTAACTCCAGCTCCGA	1110	2879	0.0159777700590483	1	Lymphocytes	RELA	RELA	G1	foreman_1329
foreman_1329_TTAGGCACAGGATTGG	923	2272	0.022887323943662	1	Lymphocytes	RELA	RELA	G1	foreman_1329
foreman_1329_TTGGCAAGTTGATTCG	1057	2260	0.0190265486725664	1	Lymphocytes	RELA	RELA	G1	foreman_1329
foreman_1329_TTTATGCGTTCCACAA	323	636	0.124213836477987	1	Lymphocytes	RELA	RELA	G2M	foreman_1329
foreman_1329_TTTGCGCTCCAGTAGT	1007	2703	0.0207177210506844	1	Lymphocytes	RELA	RELA	S	foreman_1329
foreman_909_AATCCAGCATCGGGTC	1093	2366	0.00803043110735418	1	Lymphocytes	RELA	RELA	S	foreman_909
foreman_909_ACACCCTTCGTTGACA	1425	3370	0.0163204747774481	1	Lymphocytes	RELA	RELA	S	foreman_909
foreman_909_ATCATGGCAAGAAGAG	1470	3402	0.00734861845972957	1	Lymphocytes	RELA	RELA	S	foreman_909
foreman_909_ATTGGTGCAAGACGTG	900	1666	0.0198079231692677	1	Lymphocytes	RELA	RELA	G2M	foreman_909
foreman_909_CATCCACCATGTCGAT	1776	4042	0.0220188025729837	1	Lymphocytes	RELA	RELA	G1	foreman_909
foreman_909_CTACGTCAGACAAAGG	1468	3492	0.0306414662084765	1	Lymphocytes	RELA	RELA	G1	foreman_909
foreman_909_CTCTACGTCTGCAAGT	951	1936	0.0346074380165289	1	Lymphocytes	RELA	RELA	G1	foreman_909
foreman_909_GAACATCGTCCAAGTT	372	1061	0.0527803958529689	1	Lymphocytes	RELA	RELA	G1	foreman_909
foreman_909_GCAGTTAGTACCAGTT	593	1113	0.0628930817610063	1	Lymphocytes	RELA	RELA	G1	foreman_909
foreman_909_GCTGCTTAGTAGATGT	1091	3097	0.0316435259928964	1	Lymphocytes	RELA	RELA	S	foreman_909
foreman_909_GTACTTTCACCGATAT	1246	2788	0.0161406025824964	1	Lymphocytes	RELA	RELA	G1	foreman_909
foreman_909_GTACTTTTCTCGATGA	1478	3773	0.0243837794858203	1	Lymphocytes	RELA	RELA	G1	foreman_909
foreman_909_GTCATTTCAACGATCT	1357	3740	0.00561497326203209	1	Lymphocytes	RELA	RELA	S	foreman_909
foreman_909_TAAGCGTGTCATGCAT	1021	2104	0.05893536121673	1	Lymphocytes	RELA	RELA	G1	foreman_909
foreman_909_TACGGATTCTCTGTCG	1176	2813	0.0305723426946321	1	Lymphocytes	RELA	RELA	G1	foreman_909
foreman_909_TATTACCTCGGTTAAC	1500	4213	0.0348920009494422	1	Lymphocytes	RELA	RELA	S	foreman_909
foreman_909_TCACGAATCGCCAAAT	245	314	0.0445859872611465	1	Lymphocytes	RELA	RELA	S	foreman_909
foreman_909_TGAGAGGGTTAAAGAC	1025	2230	0.0201793721973094	1	Lymphocytes	RELA	RELA	G1	foreman_909
foreman_909_TGCTGCTGTCCATCCT	1529	3384	0.0375295508274232	1	Lymphocytes	RELA	RELA	G1	foreman_909
foreman_870_ACATACGCATCGTCGG	709	1599	0.0719199499687305	1	Lymphocytes	RELA	RELA	G1	foreman_870
foreman_870_ACCTTTATCTTCTGGC	1067	4536	0.125881834215168	1	Lymphocytes	RELA	RELA	S	foreman_870
foreman_870_ACGCCAGGTCTTCGTC	687	1739	0.0517538815411156	1	Lymphocytes	RELA	RELA	G2M	foreman_870
foreman_870_AGTGTCATCGAATCCA	1237	3464	0.0444572748267898	1	Lymphocytes	RELA	RELA	G1	foreman_870
foreman_870_ATCACGAGTTTAAGCC	643	1765	0.0464589235127479	1	Lymphocytes	RELA	RELA	G1	foreman_870
foreman_870_CAACCAAAGTGAACAT	1489	3936	0.0548780487804878	1	Lymphocytes	RELA	RELA	S	foreman_870
foreman_870_CAAGATCAGTTCGCGC	1290	3390	0.0973451327433628	1	Lymphocytes	RELA	RELA	G1	foreman_870
foreman_870_CACACTCAGCGTAATA	646	1412	0.0927762039660057	1	Lymphocytes	RELA	RELA	G1	foreman_870
foreman_870_CACATTTGTTCGCTAA	1040	2789	0.0552169236285407	1	Lymphocytes	RELA	RELA	G1	foreman_870
foreman_870_CAGAGAGGTAATCACC	516	1047	0.0706781279847182	1	Lymphocytes	RELA	RELA	S	foreman_870
foreman_870_CATCGGGCACGGTTTA	569	1074	0.068901303538175	1	Lymphocytes	RELA	RELA	G2M	foreman_870
foreman_870_CATGGCGTCTGAGTGT	1098	2706	0.0668883961566888	1	Lymphocytes	RELA	RELA	S	foreman_870
foreman_870_CCATTCGTCATGGTCA	1091	2749	0.0672971989814478	1	Lymphocytes	RELA	RELA	G1	foreman_870
foreman_870_CCTAGCTGTGCGATAG	1244	2984	0.0767426273458445	1	Lymphocytes	RELA	RELA	G1	foreman_870
foreman_870_CGAGAAGAGTCGCCGT	931	2290	0.144541484716157	1	Lymphocytes	RELA	RELA	G1	foreman_870
foreman_870_CGCTGGAGTTCCAACA	521	1122	0.072192513368984	1	Lymphocytes	RELA	RELA	S	foreman_870
foreman_870_CGCTGGATCATTCACT	665	1171	0.0529461998292058	1	Lymphocytes	RELA	RELA	G1	foreman_870
foreman_870_CGGTTAATCGCTTAGA	1349	2963	0.0421869726628417	1	Lymphocytes	RELA	RELA	G2M	foreman_870
foreman_870_CTACCCAAGATCACGG	707	1462	0.0649794801641587	1	Lymphocytes	RELA	RELA	G1	foreman_870
foreman_870_CTCCTAGGTTGTGGCC	613	1367	0.0446232626188734	1	Lymphocytes	RELA	RELA	G1	foreman_870
foreman_870_GAATAAGGTATATGAG	792	1337	0.0531039640987285	1	Lymphocytes	RELA	RELA	G1	foreman_870
foreman_870_GACGCGTAGGCATGTG	778	1818	0.102860286028603	1	Lymphocytes	RELA	RELA	G2M	foreman_870
foreman_870_GACTACAGTTGACGTT	1025	3159	0.0642608420386198	1	Lymphocytes	RELA	RELA	G1	foreman_870
foreman_870_GCATACACAGTCACTA	1163	3307	0.0807378288478984	1	Lymphocytes	RELA	RELA	S	foreman_870
foreman_870_GCGCCAACATCGTCGG	1306	4093	0.0708526752992915	1	Lymphocytes	RELA	RELA	G1	foreman_870
foreman_870_GCGCGATGTTTGTTTC	875	2821	0.0389932647997164	1	Lymphocytes	RELA	RELA	S	foreman_870
foreman_870_GCGGGTTTCATAAAGG	348	628	0.156050955414013	1	Lymphocytes	RELA	RELA	G1	foreman_870
foreman_870_GGACAGAGTCACCCAG	682	1561	0.057014734144779	1	Lymphocytes	RELA	RELA	S	foreman_870
foreman_870_GGGTCTGGTATTACCG	1223	4463	0.247815370826798	1	Lymphocytes	RELA	RELA	G1	foreman_870
foreman_870_GTCACAAAGTTAGCGG	653	1464	0.0799180327868853	1	Lymphocytes	RELA	RELA	S	foreman_870
foreman_870_GTCACGGGTGGCCCTA	967	3196	0.0422403003754693	1	Lymphocytes	RELA	RELA	G1	foreman_870
foreman_870_GTGAAGGAGATGCCAG	740	2122	0.0339302544769086	1	Lymphocytes	RELA	RELA	G1	foreman_870
foreman_870_GTGCTTCAGATCGGGT	954	2303	0.185844550586192	1	Lymphocytes	RELA	RELA	G1	foreman_870
foreman_870_TATCAGGCATCCCACT	650	1499	0.0393595730486991	1	Lymphocytes	RELA	RELA	G1	foreman_870
foreman_870_TCAATCTGTGGGTATG	309	611	0.0752864157119476	1	Lymphocytes	RELA	RELA	G1	foreman_870
foreman_870_TCGGGACCACGAAATA	719	1354	0.0612998522895126	1	Lymphocytes	RELA	RELA	G1	foreman_870
foreman_870_TCTGAGAGTCTTCAAG	898	2019	0.0569588905398712	1	Lymphocytes	RELA	RELA	S	foreman_870
foreman_870_TGAGCATCAATGGTCT	930	2251	0.0653043091959129	1	Lymphocytes	RELA	RELA	G1	foreman_870
foreman_870_TGGCGCAAGAGACTAT	377	705	0.119148936170213	1	Lymphocytes	RELA	RELA	G1	foreman_870
foreman_870_TGGCGCATCCTTAATC	784	2842	0.0942997888810697	1	Lymphocytes	RELA	RELA	G1	foreman_870
foreman_870_TGGGAAGCAGGAATCG	408	662	0.11178247734139	1	Lymphocytes	RELA	RELA	G2M	foreman_870
foreman_870_TTAACTCCATATACCG	267	672	0.290178571428571	1	Lymphocytes	RELA	RELA	G1	foreman_870
foreman_1158_2_AACAAGATCAAGTCGT	1128	2549	0.138485680659082	1	Lymphocytes	RELA	RELA	G1	foreman_1158
foreman_1158_2_AAGGTAAAGCTAATCC	1254	2646	0.101284958427816	1	Lymphocytes	RELA	RELA	G1	foreman_1158
foreman_1158_2_ACATCGATCACGATAC	1128	2418	0.0827129859387924	1	Lymphocytes	RELA	RELA	S	foreman_1158
foreman_1158_2_ACGGTTATCTGATTCT	1512	3230	0.0869969040247678	1	Lymphocytes	RELA	RELA	G1	foreman_1158
foreman_1158_2_ACTCTCGGTGAATAAC	1320	2840	0.130985915492958	1	Lymphocytes	RELA	RELA	G1	foreman_1158
foreman_1158_2_AGGCTGCCATGCCGGT	2336	5889	0.246561385634233	1	Lymphocytes	RELA	RELA	G1	foreman_1158
foreman_1158_2_AGTAACCAGACGACTG	892	1553	0.108177720540889	1	Lymphocytes	RELA	RELA	G1	foreman_1158
foreman_1158_2_ATCTCTAGTTCAAACC	1118	2207	0.0715903942002719	1	Lymphocytes	RELA	RELA	G2M	foreman_1158
foreman_1158_2_ATTCGTTGTTCCTAAG	835	1832	0.0960698689956332	1	Lymphocytes	RELA	RELA	G1	foreman_1158
foreman_1158_2_ATTTCACAGTCCGCCA	1199	2258	0.0713020372010629	1	Lymphocytes	RELA	RELA	S	foreman_1158
foreman_1158_2_CACGTTCTCAGACCTA	1077	2839	0.12398731947869	1	Lymphocytes	RELA	RELA	G1	foreman_1158
foreman_1158_2_CAGCAATGTATTTCGG	588	945	0.0275132275132275	1	Lymphocytes	RELA	RELA	G1	foreman_1158
foreman_1158_2_CAGGCCATCAGCCTTC	559	1215	0.274897119341564	1	Lymphocytes	RELA	RELA	G1	foreman_1158
foreman_1158_2_CCACGAGAGCTCGGCT	1123	2512	0.127388535031847	1	Lymphocytes	RELA	RELA	G1	foreman_1158
foreman_1158_2_CCGTGAGGTTACTCAG	648	975	0.0943589743589744	1	Lymphocytes	RELA	RELA	G1	foreman_1158
foreman_1158_2_CCTGCATGTCCTTAAG	619	1184	0.255912162162162	1	Lymphocytes	RELA	RELA	G1	foreman_1158
foreman_1158_2_CGCGTGAGTGAAAGTT	516	759	0.0579710144927536	1	Lymphocytes	RELA	RELA	S	foreman_1158
foreman_1158_2_CGTGATAGTGCTAGCC	1182	2330	0.0755364806866953	1	Lymphocytes	RELA	RELA	S	foreman_1158
foreman_1158_2_CTGTACCTCAAACGAA	473	745	0.150335570469799	1	Lymphocytes	RELA	RELA	S	foreman_1158
foreman_1158_2_GAGGCAACACTAACCA	660	1295	0.226254826254826	1	Lymphocytes	RELA	RELA	G1	foreman_1158
foreman_1158_2_GAGTGAGAGGGAACAA	1304	2528	0.0783227848101266	1	Lymphocytes	RELA	RELA	G2M	foreman_1158
foreman_1158_2_GAGTTGTTCGCGCTGA	950	1784	0.155829596412556	1	Lymphocytes	RELA	RELA	G1	foreman_1158
foreman_1158_2_GATAGAATCGCTACAA	477	671	0.108792846497765	1	Lymphocytes	RELA	RELA	G1	foreman_1158
foreman_1158_2_GCACGTGAGCTACTAC	1108	2281	0.0736519070583078	1	Lymphocytes	RELA	RELA	G2M	foreman_1158
foreman_1158_2_GGATCTATCTGGCTGG	1154	2450	0.113469387755102	1	Lymphocytes	RELA	RELA	G1	foreman_1158
foreman_1158_2_GTAATCGAGCACGTCC	1065	2220	0.123873873873874	1	Lymphocytes	RELA	RELA	G1	foreman_1158
foreman_1158_2_GTGCACGCACCTTCCA	1118	2186	0.0530649588289113	1	Lymphocytes	RELA	RELA	S	foreman_1158
foreman_1158_2_GTGTCCTCAACGTTAC	1089	2460	0.0841463414634146	1	Lymphocytes	RELA	RELA	G1	foreman_1158
foreman_1158_2_TAATTCCAGTCGAAAT	1056	2286	0.111986001749781	1	Lymphocytes	RELA	RELA	S	foreman_1158
foreman_1158_2_TACGGTAGTTCGATTG	590	933	0.141479099678457	1	Lymphocytes	RELA	RELA	G1	foreman_1158
foreman_1158_2_TCAAGCAGTGACCGTC	1286	2917	0.0767912238601303	1	Lymphocytes	RELA	RELA	G1	foreman_1158
foreman_1158_2_TCACTATCATGGCTAT	1283	2469	0.109356014580802	1	Lymphocytes	RELA	RELA	G2M	foreman_1158
foreman_1158_2_TCCCAGTAGGACTGGT	770	1577	0.189600507292327	1	Lymphocytes	RELA	RELA	G1	foreman_1158
foreman_1158_2_TGACCCTAGCATTTCG	1086	2415	0.105175983436853	1	Lymphocytes	RELA	RELA	S	foreman_1158
foreman_1158_2_TGTAAGCCAGGTTTAC	1135	2892	0.142807745504841	1	Lymphocytes	RELA	RELA	G1	foreman_1158
foreman_1158_2_TTCCACGCACGAAAGC	1141	2262	0.0760389036251105	1	Lymphocytes	RELA	RELA	S	foreman_1158
foreman_1158_2_TTCTTGATCGCGTAGC	838	1735	0.107204610951009	1	Lymphocytes	RELA	RELA	G1	foreman_1158
foreman_1347_AATCGTGAGGATCACG	1251	2873	0.0908458057779325	1	Lymphocytes	PFA1	PFA1	S	foreman_1347
foreman_1347_ATTGGGTAGCGTCTGC	1521	4601	0.106715931319278	1	Lymphocytes	PFA1	PFA1	G1	foreman_1347
foreman_1347_CACAGATCATGCCGAC	624	1002	0.112774451097804	1	Lymphocytes	PFA1	PFA1	S	foreman_1347
foreman_1347_CACGTTCAGACCCGCT	2124	8079	0.0548335189998762	1	Lymphocytes	PFA1	PFA1	G1	foreman_1347
foreman_1347_CACTGGGAGGTCGTCC	1320	3471	0.141745894554883	1	Lymphocytes	PFA1	PFA1	G1	foreman_1347
foreman_1347_CAGGCCACAGCGACCT	1685	5274	0.139742131209708	2	Classical M1	PFA1	PFA1	G1	foreman_1347
foreman_1347_CATCGGGCACTAACGT	965	2081	0.117251321480058	1	Lymphocytes	PFA1	PFA1	S	foreman_1347
foreman_1347_CGAGTGCTCTCACGAA	1499	3293	0.10780443364713	1	Lymphocytes	PFA1	PFA1	G1	foreman_1347
foreman_1347_CTATAGGGTACGGATG	1211	3059	0.20431513566525	1	Lymphocytes	PFA1	PFA1	G1	foreman_1347
foreman_1347_GAAGAATCATTGTACG	1084	2574	0.20979020979021	2	Classical M1	PFA1	PFA1	G1	foreman_1347
foreman_1347_GACGCTGTCGCTGTCT	1356	3683	0.115666576160739	1	Lymphocytes	PFA1	PFA1	G1	foreman_1347
foreman_1347_GACTTCCCAAGTTCCA	949	1872	0.176816239316239	1	Lymphocytes	PFA1	PFA1	G2M	foreman_1347
foreman_1347_GTCGTAACACTTGGCG	765	1316	0.145896656534954	1	Lymphocytes	PFA1	PFA1	G1	foreman_1347
foreman_1347_TAACCAGCAGGACGAT	1787	4711	0.0757800891530461	1	Lymphocytes	PFA1	PFA1	G1	foreman_1347
foreman_1347_TGAACGTCAGACCCGT	1080	3302	0.15778316172017	1	Lymphocytes	PFA1	PFA1	G1	foreman_1347
foreman_1347_TGCGATATCCGTGTAA	1344	2933	0.129901125127855	1	Lymphocytes	PFA1	PFA1	S	foreman_1347
foreman_1347_TTACAGGAGAACTCCT	1632	3843	0.0666146239916732	1	Lymphocytes	PFA1	PFA1	G2M	foreman_1347
foreman_1347_TTAGTCTCAACCTAAC	1556	3393	0.0898909519599175	1	Lymphocytes	PFA1	PFA1	G1	foreman_1347
foreman_1347_TTGGGTATCCCGAGTG	1505	3854	0.0928905033731188	1	Lymphocytes	PFA1	PFA1	G1	foreman_1347
foreman_1269_AAAGGATCAGCACCCA	1571	4437	0.145368492224476	1	Lymphocytes	PFA1	PFA2	G1	foreman_1269
foreman_1269_AACAAGATCTCAGGCG	2061	5510	0.0696914700544465	1	Lymphocytes	PFA1	PFA2	S	foreman_1269
foreman_1269_ACCACAACATGTCTAG	1661	4530	0.143046357615894	1	Lymphocytes	PFA1	PFA2	S	foreman_1269
foreman_1269_ACCTGAAAGTACCGGA	3334	12310	0.0516653127538587	1	Lymphocytes	PFA1	PFA2	S	foreman_1269
foreman_1269_AGAGAATAGGCGTCCT	1755	5513	0.0910575004534736	1	Lymphocytes	PFA1	PFA2	S	foreman_1269
foreman_1269_AGCTTCCTCGTTACCC	1851	4433	0.0703812316715543	1	Lymphocytes	PFA1	PFA2	S	foreman_1269
foreman_1269_AGGGTTTTCTACCACC	1844	5310	0.0774011299435028	1	Lymphocytes	PFA1	PFA2	G1	foreman_1269
foreman_1269_ATCCACCGTTAGTTCG	2095	5692	0.0718552354181307	1	Lymphocytes	PFA1	PFA2	G1	foreman_1269
foreman_1269_ATCGGATAGCTACAAA	954	2350	0.108936170212766	1	Lymphocytes	PFA1	PFA2	G2M	foreman_1269
foreman_1269_ATGAGTCCAGATGCGA	2053	6890	0.151959361393324	1	Lymphocytes	PFA1	PFA2	G1	foreman_1269
foreman_1269_ATGGGTTGTGTAAATG	1216	4316	0.261353104726599	1	Lymphocytes	PFA1	PFA2	G1	foreman_1269
foreman_1269_ATTCACTTCGGCATTA	1720	5741	0.141787145096673	1	Lymphocytes	PFA1	PFA2	G1	foreman_1269
foreman_1269_ATTCCATTCCCTGGTT	2020	7188	0.0713689482470785	1	Lymphocytes	PFA1	PFA2	S	foreman_1269
foreman_1269_CAAGCTAAGTTTCTTC	1779	4896	0.090890522875817	1	Lymphocytes	PFA1	PFA2	G2M	foreman_1269
foreman_1269_CAGATACCAAATGATG	1576	3700	0.115135135135135	1	Lymphocytes	PFA1	PFA2	G1	foreman_1269
foreman_1269_CAGTTCCCAGAGGTAC	591	1413	0.21514508138712	1	Lymphocytes	PFA1	PFA2	G2M	foreman_1269
foreman_1269_CATGCGGGTGCTGCAC	1445	4034	0.122459097669807	1	Lymphocytes	PFA1	PFA2	S	foreman_1269
foreman_1269_CATGCTCTCATCACCC	835	1873	0.100373731980779	1	Lymphocytes	PFA1	PFA2	G2M	foreman_1269
foreman_1269_CCCTGATTCCATCAGA	885	1972	0.255070993914807	1	Lymphocytes	PFA1	PFA2	G1	foreman_1269
foreman_1269_CGGAACCCACAAAGCG	1482	3859	0.109354755117906	1	Lymphocytes	PFA1	PFA2	G2M	foreman_1269
foreman_1269_CGTAATGCACCTTCGT	1681	4003	0.0669497876592556	1	Lymphocytes	PFA1	PFA2	G1	foreman_1269
foreman_1269_CGTGAATGTATTTCCT	676	1432	0.268854748603352	1	Lymphocytes	PFA1	PFA2	G2M	foreman_1269
foreman_1269_GACATCACAAGGCGTA	1857	6105	0.0853398853398853	1	Lymphocytes	PFA1	PFA2	S	foreman_1269
foreman_1269_GATGCTACAAGTTTGC	1755	5821	0.152722899845387	1	Lymphocytes	PFA1	PFA2	G1	foreman_1269
foreman_1269_GCAACCGTCGAGCTGC	1507	3360	0.0964285714285714	1	Lymphocytes	PFA1	PFA2	G1	foreman_1269
foreman_1269_GTAATGCAGGATATGT	1783	4440	0.12972972972973	1	Lymphocytes	PFA1	PFA2	S	foreman_1269
foreman_1269_GTTGCGGCATTGAAAG	1401	4202	0.131603998096145	1	Lymphocytes	PFA1	PFA2	G1	foreman_1269
foreman_1269_TAAGCCATCTCGACCT	761	1867	0.138725227637922	1	Lymphocytes	PFA1	PFA2	G1	foreman_1269
foreman_1269_TAGGTACGTTACAGCT	1750	6042	0.113042039059914	1	Lymphocytes	PFA1	PFA2	G1	foreman_1269
foreman_1269_TCCTCTTTCTACCTTA	2214	7323	0.109654513177659	1	Lymphocytes	PFA1	PFA2	G1	foreman_1269
foreman_1269_TCGGGACAGTTTGTCG	826	1780	0.2	1	Lymphocytes	PFA1	PFA2	S	foreman_1269
foreman_1269_TCTCACGAGTTTAGGA	1122	3557	0.102895698622435	1	Lymphocytes	PFA1	PFA2	S	foreman_1269
foreman_1269_TGGCGTGTCGCTGTCT	1895	7177	0.120663229761739	1	Lymphocytes	PFA1	PFA2	G1	foreman_1269
foreman_1269_TGGGCGTCAGAGGCTA	1829	4468	0.102730528200537	1	Lymphocytes	PFA1	PFA2	S	foreman_1269
foreman_1269_TGTAAGCAGTGGTTAA	1183	4269	0.13961115015226	1	Lymphocytes	PFA1	PFA2	G1	foreman_1269
foreman_1269_TTAATCCCAGTAGGAC	1620	4236	0.121576959395656	1	Lymphocytes	PFA1	PFA2	G1	foreman_1269
foreman_1269_TTACTGTAGGGACACT	1413	3617	0.126071329831352	1	Lymphocytes	PFA1	PFA2	G1	foreman_1269
foreman_1269_TTTGGAGTCAGAATAG	1445	3833	0.057918079833029	1	Lymphocytes	PFA1	PFA2	G1	foreman_1269
foreman_1239_AGCGTATTCTTAGCCC	654	2244	0.0557040998217469	10	Plasma-B-cells	PFA1	PFA1	G1	foreman_1239
foreman_1239_ATAGACCCAAAGGCGT	595	2944	0.0563858695652174	10	Plasma-B-cells	PFA1	PFA1	G1	foreman_1239
foreman_1239_CACCTTGCAGACAAAT	260	816	0.16421568627451	10	Plasma-B-cells	PFA1	PFA1	G1	foreman_1239
foreman_1239_CATATGGCATCGGAAG	2179	12105	0.0370921106980587	10	Plasma-B-cells	PFA1	PFA1	G2M	foreman_1239
foreman_1239_CATGGCGTCTGGTGTA	791	2175	0.0289655172413793	9	B-cells	PFA1	PFA1	S	foreman_1239
foreman_1239_CCCAATCAGAGGGATA	986	2342	0.194705380017079	10	Plasma-B-cells	PFA1	PFA1	G2M	foreman_1239
foreman_1239_CGGCTAGGTGCAGGTA	696	1939	0.0288808664259928	9	B-cells	PFA1	PFA1	G1	foreman_1239
foreman_1239_GCGAGAAGTCTGATTG	6014	64454	0.0190678623514444	10	Plasma-B-cells	PFA1	PFA1	G2M	foreman_1239
foreman_1239_GTCACAATCCAACCAA	2456	19164	0.0265602170736798	10	Plasma-B-cells	PFA1	PFA1	G1	foreman_1239
foreman_1239_GTGGGTCCAAGTCTGT	3488	37378	0.0163465139921879	10	Plasma-B-cells	PFA1	PFA1	G1	foreman_1239
foreman_1239_TGCGGGTTCTGTCTCG	877	2774	0.0277577505407354	9	B-cells	PFA1	PFA1	G1	foreman_1239
foreman_1239_TGTGTTTTCCCATTAT	403	555	0.0342342342342342	2	Classical M1	PFA1	PFA1	S	foreman_1239
foreman_723_ACTGAACTCAGGTTCA	826	2435	0.0303901437371663	9	B-cells	PFA1	PFA2	G1	foreman_723
foreman_723_ACTGTCCGTTCGAATC	735	2173	0.0368154624942476	9	B-cells	PFA1	PFA2	G2M	foreman_723
foreman_723_AGTGTCACATGTCGAT	871	3098	0.0700451904454487	9	B-cells	PFA1	PFA2	G2M	foreman_723
foreman_723_ATCCACCGTTGAACTC	1113	3597	0.0400333611342786	9	B-cells	PFA1	PFA2	G2M	foreman_723
foreman_723_ATTCTACAGCGGCTTC	956	3558	0.0267003934794829	9	B-cells	PFA1	PFA2	S	foreman_723
foreman_723_ATTTCTGAGTGAAGAG	1068	4687	0.0358438233411564	9	B-cells	PFA1	PFA2	G1	foreman_723
foreman_723_CACATTTCATTAGGCT	775	2254	0.036379769299024	9	B-cells	PFA1	PFA2	G1	foreman_723
foreman_723_CCTCAGTTCTGGAGCC	1152	4749	0.0315855969677827	9	B-cells	PFA1	PFA2	G1	foreman_723
foreman_723_CGCTATCCACCTCGGA	1093	3290	0.0343465045592705	9	B-cells	PFA1	PFA2	G1	foreman_723
foreman_723_CGGGTCACAGGAATCG	1215	5182	0.0366653801620996	9	B-cells	PFA1	PFA2	G1	foreman_723
foreman_723_CTTACCGGTGTGGTTT	1747	5787	0.033350613443926	9	B-cells	PFA1	PFA2	G1	foreman_723
foreman_723_GCAATCAGTCCGACGT	798	2214	0.030713640469738	9	B-cells	PFA1	PFA2	S	foreman_723
foreman_723_GCCAAATAGCTGCGAA	1084	4033	0.0349615670716588	9	B-cells	PFA1	PFA2	G2M	foreman_723
foreman_723_GGACATTAGCTAGTGG	732	2254	0.04924578527063	9	B-cells	PFA1	PFA2	G1	foreman_723
foreman_723_GTCTCGTGTCTTGTCC	894	2557	0.0574892452092296	9	B-cells	PFA1	PFA2	G1	foreman_723
foreman_723_GTGTGCGCAACTGCGC	1159	4269	0.0407589599437807	9	B-cells	PFA1	PFA2	G1	foreman_723
foreman_723_GTTCATTCATCACCCT	1231	4446	0.0294646873594242	9	B-cells	PFA1	PFA2	G1	foreman_723
foreman_723_TACAGTGCAAGTCATC	872	2614	0.0348125478194338	9	B-cells	PFA1	PFA2	G1	foreman_723
foreman_727_AAACGGGGTCATCCCT	751	2171	0.0502072777521879	9	B-cells	PFA2	PFA2	S	foreman_727
foreman_727_AAGACCTCATCTACGA	1067	3200	0.05625	9	B-cells	PFA2	PFA2	S	foreman_727
foreman_727_AAGCCGCGTCGAATCT	1134	3714	0.211631663974152	9	B-cells	PFA2	PFA2	G1	foreman_727
foreman_727_AAGGCAGTCTCAACTT	1872	24738	0.0142695448298165	10	Plasma-B-cells	PFA2	PFA2	G1	foreman_727
foreman_727_ACTGCTCGTTTCGCTC	202	734	0.0163487738419619	2	Classical M1	PFA2	PFA2	S	foreman_727
foreman_727_CAGCATAGTAGGAGTC	434	1040	0.116346153846154	9	B-cells	PFA2	PFA2	G1	foreman_727
foreman_727_CAGGTGCTCTTTACGT	819	2453	0.0322054626987362	9	B-cells	PFA2	PFA2	G1	foreman_727
foreman_727_CGTAGGCTCGTACCGG	624	1670	0.0221556886227545	9	B-cells	PFA2	PFA2	G1	foreman_727
foreman_727_CGTCTACAGTGTACCT	539	1058	0.168241965973535	9	B-cells	PFA2	PFA2	S	foreman_727
foreman_727_CTCACACTCAGAGGTG	543	5741	0.0294373802473437	10	Plasma-B-cells	PFA2	PFA2	S	foreman_727
foreman_727_CTCCTAGAGAGTACCG	1117	3514	0.0432555492316448	9	B-cells	PFA2	PFA2	G1	foreman_727
foreman_727_GAATGAAAGTACGCGA	362	805	0.299378881987578	2	Classical M1	PFA2	PFA2	G1	foreman_727
foreman_727_GATCGTATCACATAGC	823	2178	0.0413223140495868	9	B-cells	PFA2	PFA2	G2M	foreman_727
foreman_727_GGGTCTGAGTTACGGG	1046	3419	0.0541093887101492	9	B-cells	PFA2	PFA2	G1	foreman_727
foreman_727_GTAGTCATCTTTCCTC	657	1642	0.0523751522533496	9	B-cells	PFA2	PFA2	S	foreman_727
foreman_727_GTGCTTCAGGGCACTA	1426	4651	0.029671038486347	9	B-cells	PFA2	PFA2	S	foreman_727
foreman_727_TACCTTACAGGCAGTA	1075	3104	0.038659793814433	9	B-cells	PFA2	PFA2	S	foreman_727
foreman_727_TCGGTAATCGTCGTTC	927	3005	0.0346089850249584	9	B-cells	PFA2	PFA2	G1	foreman_727
foreman_727_TTCCCAGGTGGGTCAA	878	2499	0.0320128051220488	9	B-cells	PFA2	PFA2	S	foreman_727
foreman_727_TTCGGTCTCAGTGCAT	533	1143	0.101487314085739	9	B-cells	PFA2	PFA2	G1	foreman_727
foreman_781_AACCATGAGCCGATTT	924	3304	0.0435835351089588	9	B-cells	PFA1	PFA2	G1	foreman_781
foreman_781_ACACCCTGTCACACGC	309	615	0.120325203252033	9	B-cells	PFA1	PFA2	G1	foreman_781
foreman_781_ACATACGGTCAGCTAT	507	1171	0.0811272416737831	9	B-cells	PFA1	PFA2	G1	foreman_781
foreman_781_ACGAGCCTCGTAGGTT	992	4046	0.041522491349481	9	B-cells	PFA1	PFA2	S	foreman_781
foreman_781_AGCTTGAGTGACTCAT	1356	5355	0.0547152194211018	9	B-cells	PFA1	PFA2	G2M	foreman_781
foreman_781_CAACTAGGTAGCGTGA	472	941	0.077577045696068	9	B-cells	PFA1	PFA2	G1	foreman_781
foreman_781_CACAAACAGCTAGCCC	1353	5321	0.0622063521894381	9	B-cells	PFA1	PFA2	S	foreman_781
foreman_781_CACAGTAGTTTCGCTC	604	1548	0.018733850129199	9	B-cells	PFA1	PFA2	G2M	foreman_781
foreman_781_CAGCTGGTCGGAATCT	806	1976	0.0374493927125506	9	B-cells	PFA1	PFA2	G1	foreman_781
foreman_781_CATCGAAAGTTAAGTG	3091	18918	0.0370017972301512	10	Plasma-B-cells	PFA1	PFA2	G2M	foreman_781
foreman_781_CATCGAATCCGCGGTA	1774	6367	0.0234019161300455	9	B-cells	PFA1	PFA2	G1	foreman_781
foreman_781_CCGTTCATCCAGTATG	734	2061	0.0451237263464338	9	B-cells	PFA1	PFA2	G1	foreman_781
foreman_781_CGAGCACAGCAAATCA	952	3424	0.0589953271028037	9	B-cells	PFA1	PFA2	G1	foreman_781
foreman_781_CGCCAAGTCGAGGTAG	433	874	0.202517162471396	9	B-cells	PFA1	PFA2	S	foreman_781
foreman_781_CGCGTTTGTTGCGTTA	2791	16725	0.0214648729446936	10	Plasma-B-cells	PFA1	PFA2	G1	foreman_781
foreman_781_CGCTGGATCTGCGGCA	1827	7721	0.0405387903121357	9	B-cells	PFA1	PFA2	S	foreman_781
foreman_781_CTCCTAGGTAAATGAC	876	2180	0.0467889908256881	9	B-cells	PFA1	PFA2	G2M	foreman_781
foreman_781_CTCGAAATCTGTCTAT	356	643	0.116640746500778	9	B-cells	PFA1	PFA2	G1	foreman_781
foreman_781_GAAACTCAGGCTCATT	1121	3808	0.0317752100840336	9	B-cells	PFA1	PFA2	G1	foreman_781
foreman_781_GAAGCAGGTTACGGAG	872	2637	0.0606750094804702	9	B-cells	PFA1	PFA2	S	foreman_781
foreman_781_GAGTCCGTCTGGAGCC	654	1614	0.0514250309789343	9	B-cells	PFA1	PFA2	G2M	foreman_781
foreman_781_GCAATCAGTGTGAAAT	584	1249	0.150520416333066	9	B-cells	PFA1	PFA2	G1	foreman_781
foreman_781_GCATGATCAGTGGGAT	725	2448	0.0281862745098039	9	B-cells	PFA1	PFA2	S	foreman_781
foreman_781_GCATGCGAGAAACGCC	968	3304	0.0414648910411622	9	B-cells	PFA1	PFA2	G1	foreman_781
foreman_781_GTTACAGGTGCTGTAT	803	2458	0.097233523189585	9	B-cells	PFA1	PFA2	G1	foreman_781
foreman_781_TACAGTGTCCGCATAA	817	2475	0.0367676767676768	9	B-cells	PFA1	PFA2	S	foreman_781
foreman_781_TCGGTAACAATAACGA	701	2066	0.0304937076476283	9	B-cells	PFA1	PFA2	G1	foreman_781
foreman_781_TGACAACCAAACAACA	493	1020	0.106862745098039	9	B-cells	PFA1	PFA2	G1	foreman_781
foreman_781_TGAGCATCAGGTCGTC	792	2531	0.181351244567365	9	B-cells	PFA1	PFA2	S	foreman_781
foreman_781_TGGACGCAGACTTTCG	1210	4192	0.0574904580152672	9	B-cells	PFA1	PFA2	S	foreman_781
foreman_781_TGGGCGTAGGAATCGC	597	1558	0.141206675224647	9	B-cells	PFA1	PFA2	G1	foreman_781
foreman_781_TGGTTAGTCCGTTGTC	350	701	0.158345221112696	9	B-cells	PFA1	PFA2	S	foreman_781
foreman_781_TTAACTCCATGCCCGA	386	783	0.0932311621966794	9	B-cells	PFA1	PFA2	G1	foreman_781
foreman_781_TTATGCTAGGTGATAT	769	2184	0.0389194139194139	9	B-cells	PFA1	PFA2	G1	foreman_781
foreman_781_TTGCGTCAGGGAAACA	1116	2510	0.0924302788844621	9	B-cells	PFA1	PFA2	G1	foreman_781
foreman_821_AAACGGGAGCGAGAAA	3406	24443	0.022992267724911	10	Plasma-B-cells	PFA1	PFA1	S	foreman_821
foreman_821_AAACGGGGTTCCATGA	2248	23759	0.0094280062292184	10	Plasma-B-cells	PFA1	PFA1	G1	foreman_821
foreman_821_AAAGATGTCCTATGTT	2121	14866	0.0171532355711018	10	Plasma-B-cells	PFA1	PFA1	G1	foreman_821
foreman_821_AACACGTCAATTGCTG	575	1797	0.155815247634947	10	Plasma-B-cells	PFA1	PFA1	G1	foreman_821
foreman_821_AACCGCGAGAAGGACA	772	4276	0.088400374181478	10	Plasma-B-cells	PFA1	PFA1	G2M	foreman_821
foreman_821_AACTCCCAGGTCGGAT	973	8790	0.0279863481228669	10	Plasma-B-cells	PFA1	PFA1	S	foreman_821
foreman_821_AAGGTTCAGGCAGGTT	2149	19117	0.0134958413977088	10	Plasma-B-cells	PFA1	PFA1	G1	foreman_821
foreman_821_ACACCGGAGGTGACCA	2194	36926	0.00766397660185235	10	Plasma-B-cells	PFA1	PFA1	G1	foreman_821
foreman_821_ACACCGGGTTTGTTGG	651	1571	0.20560152768937	2	Classical M1	PFA1	PFA1	G1	foreman_821
foreman_821_ACATCAGCATCTACGA	493	989	0.213346814964611	9	B-cells	PFA1	PFA1	G1	foreman_821
foreman_821_ACCGTAATCCTCTAGC	4207	31026	0.0217881776574486	10	Plasma-B-cells	PFA1	PFA1	G2M	foreman_821
foreman_821_ACGAGGAGTACGACCC	905	2726	0.0407190022010271	9	B-cells	PFA1	PFA1	G1	foreman_821
foreman_821_ACGAGGAGTCCATCCT	337	660	0.259090909090909	9	B-cells	PFA1	PFA1	G1	foreman_821
foreman_821_ACGATGTAGAGGTACC	774	2031	0.051698670605613	9	B-cells	PFA1	PFA1	S	foreman_821
foreman_821_ACGGGTCTCACTGGGC	2091	22683	0.0100515804787726	10	Plasma-B-cells	PFA1	PFA1	G1	foreman_821
foreman_821_ACTATCTCATGTCTCC	2930	31000	0.0120322580645161	10	Plasma-B-cells	PFA1	PFA1	G1	foreman_821
foreman_821_ACTGAACAGCCGCCTA	2231	24664	0.0114742134284788	10	Plasma-B-cells	PFA1	PFA1	G1	foreman_821
foreman_821_ACTGAGTGTAGCGTGA	874	2753	0.102796948783146	9	B-cells	PFA1	PFA1	G1	foreman_821
foreman_821_ACTGATGCAAGAGTCG	297	884	0.29185520361991	9	B-cells	PFA1	PFA1	S	foreman_821
foreman_821_ACTGATGTCACCGTAA	3174	20801	0.0181241286476612	10	Plasma-B-cells	PFA1	PFA1	G1	foreman_821
foreman_821_ACTTGTTCATGCCTAA	2237	25594	0.0103539892162226	10	Plasma-B-cells	PFA1	PFA1	G1	foreman_821
foreman_821_ACTTTCACAAGTCTGT	907	2858	0.0395381385584325	9	B-cells	PFA1	PFA1	S	foreman_821
foreman_821_AGAATAGCAGTCGTGC	2621	11897	0.0300916197360679	6	DC	PFA1	PFA1	G1	foreman_821
foreman_821_AGAGTGGCAATGGAAT	570	2349	0.112388250319285	10	Plasma-B-cells	PFA1	PFA1	G1	foreman_821
foreman_821_AGCTCCTCATTGTGCA	1498	15711	0.00400992934886385	10	Plasma-B-cells	PFA1	PFA1	G1	foreman_821
foreman_821_AGCTCTCAGTAGCGGT	3506	25700	0.0121011673151751	10	Plasma-B-cells	PFA1	PFA1	G2M	foreman_821
foreman_821_AGCTTGACATAGGATA	2297	23195	0.0114679887906876	10	Plasma-B-cells	PFA1	PFA1	G1	foreman_821
foreman_821_AGGGTGAAGAAGATTC	1174	3507	0.121756487025948	10	Plasma-B-cells	PFA1	PFA1	S	foreman_821
foreman_821_AGGTCCGAGCGTTCCG	804	2394	0.043859649122807	9	B-cells	PFA1	PFA1	G1	foreman_821
foreman_821_AGTAGTCCATTTGCTT	1864	12765	0.0170779475127301	10	Plasma-B-cells	PFA1	PFA1	G1	foreman_821
foreman_821_AGTAGTCTCAAACCGT	3120	45608	0.00947202245220137	10	Plasma-B-cells	PFA1	PFA1	G1	foreman_821
foreman_821_ATCACGACACCATGTA	2212	12239	0.0611161042568837	10	Plasma-B-cells	PFA1	PFA1	G2M	foreman_821
foreman_821_ATCTGCCAGCGTGAAC	2609	28244	0.0139498654581504	10	Plasma-B-cells	PFA1	PFA1	G1	foreman_821
foreman_821_ATCTGCCGTACCTACA	2115	7651	0.0267938831525291	9	B-cells	PFA1	PFA1	S	foreman_821
foreman_821_ATGCGATCAGGAATCG	545	2146	0.0936626281453868	10	Plasma-B-cells	PFA1	PFA1	S	foreman_821
foreman_821_ATGTGTGTCAACTCTT	3968	37731	0.0213352415785428	10	Plasma-B-cells	PFA1	PFA1	G2M	foreman_821
foreman_821_ATTGGACTCCGCTGTT	548	1615	0.0984520123839009	10	Plasma-B-cells	PFA1	PFA1	G1	foreman_821
foreman_821_ATTGGACTCGGATGGA	1055	10296	0.0173853923853924	10	Plasma-B-cells	PFA1	PFA1	G1	foreman_821
foreman_821_ATTTCTGAGAGTACAT	1264	13340	0.0233883058470765	10	Plasma-B-cells	PFA1	PFA1	G1	foreman_821
foreman_821_CACACCTCACCCTATC	873	2417	0.0550268928423666	9	B-cells	PFA1	PFA1	S	foreman_821
foreman_821_CACACTCAGTACACCT	2390	26909	0.0105169274220521	10	Plasma-B-cells	PFA1	PFA1	G1	foreman_821
foreman_821_CACACTCCATGCCCGA	3138	38407	0.0127320540526467	10	Plasma-B-cells	PFA1	PFA1	G1	foreman_821
foreman_821_CACAGTACAGCGTAAG	3425	25242	0.0161635369622058	10	Plasma-B-cells	PFA1	PFA1	G2M	foreman_821
foreman_821_CACATTTTCCCAAGTA	477	778	0.032133676092545	11	Contaminating Tumor cells	PFA1	PFA1	G2M	foreman_821
foreman_821_CACATTTTCGCATGAT	1616	5819	0.0683966317236639	9	B-cells	PFA1	PFA1	G1	foreman_821
foreman_821_CACCAGGGTAGGGACT	842	2968	0.295148247978437	10	Plasma-B-cells	PFA1	PFA1	S	foreman_821
foreman_821_CAGAGAGGTGGAAAGA	2495	21051	0.0155337038620493	10	Plasma-B-cells	PFA1	PFA1	G1	foreman_821
foreman_821_CAGCAGCTCTAACTCT	2012	25026	0.00771197954127707	10	Plasma-B-cells	PFA1	PFA1	G1	foreman_821
foreman_821_CAGCATAAGAGACTAT	2546	23225	0.0242841765339074	10	Plasma-B-cells	PFA1	PFA1	G1	foreman_821
foreman_821_CAGGTGCCAAGAGTCG	307	1080	0.192592592592593	9	B-cells	PFA1	PFA1	G2M	foreman_821
foreman_821_CAGGTGCTCCGATATG	3654	33247	0.0139260685174602	10	Plasma-B-cells	PFA1	PFA1	G2M	foreman_821
foreman_821_CATATTCTCACAATGC	314	560	0.148214285714286	9	B-cells	PFA1	PFA1	G1	foreman_821
foreman_821_CATCAGAAGACAAAGG	1217	11324	0.0238431649593783	10	Plasma-B-cells	PFA1	PFA1	G1	foreman_821
foreman_821_CATCGAAGTCAATGTC	1104	6745	0.0263899184581171	10	Plasma-B-cells	PFA1	PFA1	G1	foreman_821
foreman_821_CATCGGGCACGGTAAG	2166	16582	0.0154987335665179	10	Plasma-B-cells	PFA1	PFA1	G1	foreman_821
foreman_821_CATGACAAGGAGTAGA	3481	16127	0.0279035158429962	10	Plasma-B-cells	PFA1	PFA1	G2M	foreman_821
foreman_821_CATGCCTTCTTTAGTC	428	847	0.125147579693034	9	B-cells	PFA1	PFA1	S	foreman_821
foreman_821_CATTATCGTAGTGAAT	397	1483	0.155091031692515	10	Plasma-B-cells	PFA1	PFA1	G2M	foreman_821
foreman_821_CATTATCTCCAGTAGT	939	3012	0.0401726427622842	9	B-cells	PFA1	PFA1	G1	foreman_821
foreman_821_CCACCTACATCACGTA	2077	29708	0.00942507068803016	10	Plasma-B-cells	PFA1	PFA1	G1	foreman_821
foreman_821_CCACCTATCAAACCGT	2498	10640	0.0476503759398496	6	DC	PFA1	PFA1	G1	foreman_821
foreman_821_CCATTCGCAAGAGGCT	1380	6150	0.043739837398374	10	Plasma-B-cells	PFA1	PFA1	G1	foreman_821
foreman_821_CCCAGTTAGCAAATCA	1775	14909	0.00939030116037293	10	Plasma-B-cells	PFA1	PFA1	S	foreman_821
foreman_821_CCCAGTTGTGATAAGT	1807	13697	0.0151858071110462	10	Plasma-B-cells	PFA1	PFA1	G1	foreman_821
foreman_821_CCCATACAGGCAGGTT	4515	33859	0.0290321627927582	10	Plasma-B-cells	PFA1	PFA1	S	foreman_821
foreman_821_CCCTCCTGTAGCACGA	1351	4811	0.0606942423612555	9	B-cells	PFA1	PFA1	G1	foreman_821
foreman_821_CCGTGGAGTAAAGTCA	2154	35860	0.0079196876742889	10	Plasma-B-cells	PFA1	PFA1	G1	foreman_821
foreman_821_CCTAAAGAGACTAAGT	2108	35328	0.00815217391304348	10	Plasma-B-cells	PFA1	PFA1	G1	foreman_821
foreman_821_CCTACCAAGCGGATCA	1774	10916	0.0188713814584097	10	Plasma-B-cells	PFA1	PFA1	G1	foreman_821
foreman_821_CCTCTGAAGTATCGAA	2248	24808	0.00846501128668172	10	Plasma-B-cells	PFA1	PFA1	G1	foreman_821
foreman_821_CGACCTTTCTTGCCGT	2094	23270	0.0096691018478728	10	Plasma-B-cells	PFA1	PFA1	G1	foreman_821
foreman_821_CGACTTCGTTCAGCGC	4063	34833	0.021100680389286	10	Plasma-B-cells	PFA1	PFA1	G2M	foreman_821
foreman_821_CGAGAAGCAGCGAACA	1114	7120	0.0804775280898876	10	Plasma-B-cells	PFA1	PFA1	G1	foreman_821
foreman_821_CGATCGGTCAGCAACT	842	2534	0.0485398579321231	9	B-cells	PFA1	PFA1	G1	foreman_821
foreman_821_CGATGTAAGATAGTCA	1845	19038	0.0108729908603845	10	Plasma-B-cells	PFA1	PFA1	G1	foreman_821
foreman_821_CGCTATCCAAAGGTGC	2700	20863	0.0139002061065043	10	Plasma-B-cells	PFA1	PFA1	G2M	foreman_821
foreman_821_CGCTTCAAGCTGATAA	869	3362	0.0574063057703748	9	B-cells	PFA1	PFA1	G1	foreman_821
foreman_821_CGCTTCACACGACTCG	2665	19522	0.0175699211146399	10	Plasma-B-cells	PFA1	PFA1	G2M	foreman_821
foreman_821_CGCTTCAGTTATCACG	749	2023	0.0350963914977756	9	B-cells	PFA1	PFA1	G1	foreman_821
foreman_821_CGGAGCTGTTATGTGC	2674	15907	0.0184195637140881	10	Plasma-B-cells	PFA1	PFA1	G1	foreman_821
foreman_821_CGGCTAGGTACTCAAC	2400	16723	0.0395861986485678	10	Plasma-B-cells	PFA1	PFA1	S	foreman_821
foreman_821_CGTAGCGGTAGCTTGT	1761	17289	0.0108739661056163	10	Plasma-B-cells	PFA1	PFA1	G1	foreman_821
foreman_821_CGTAGGCCATCGGACC	974	3050	0.04	9	B-cells	PFA1	PFA1	G2M	foreman_821
foreman_821_CGTCACTCAAACCCAT	827	3125	0.20928	10	Plasma-B-cells	PFA1	PFA1	S	foreman_821
foreman_821_CGTCAGGTCAGCGACC	1269	4230	0.234042553191489	10	Plasma-B-cells	PFA1	PFA1	G2M	foreman_821
foreman_821_CGTCCATCAAATTGCC	1800	14303	0.0116059567922813	10	Plasma-B-cells	PFA1	PFA1	G1	foreman_821
foreman_821_CTAACTTCAATGAATG	823	7631	0.0408858603066439	10	Plasma-B-cells	PFA1	PFA1	G1	foreman_821
foreman_821_CTAACTTGTACGCTGC	2889	44465	0.00971550657820758	10	Plasma-B-cells	PFA1	PFA1	G1	foreman_821
foreman_821_CTACATTCAGACGCCT	1370	5771	0.0346560388147635	10	Plasma-B-cells	PFA1	PFA1	G2M	foreman_821
foreman_821_CTCGAAACAAATCCGT	3383	37453	0.017408485301578	10	Plasma-B-cells	PFA1	PFA1	S	foreman_821
foreman_821_CTCGTACCACAGATTC	1754	17717	0.0101032906248236	10	Plasma-B-cells	PFA1	PFA1	G1	foreman_821
foreman_821_CTCGTCAAGGTTCCTA	2393	12105	0.0142916150351095	10	Plasma-B-cells	PFA1	PFA1	G2M	foreman_821
foreman_821_CTGAAACAGCTTCGCG	877	2839	0.0662205001761184	9	B-cells	PFA1	PFA1	G1	foreman_821
foreman_821_CTGATAGAGCTAACTC	1607	15623	0.0116494911348653	10	Plasma-B-cells	PFA1	PFA1	G1	foreman_821
foreman_821_CTGATAGCATGCTAGT	2081	14867	0.0172866079235892	10	Plasma-B-cells	PFA1	PFA1	G1	foreman_821
foreman_821_CTGATCCCAATTGCTG	1606	5629	0.0516965713270563	9	B-cells	PFA1	PFA1	G1	foreman_821
foreman_821_CTGGTCTCAACTGCTA	717	2056	0.0554474708171206	9	B-cells	PFA1	PFA1	G1	foreman_821
foreman_821_CTTACCGGTCACCCAG	2296	23832	0.0131336018798254	10	Plasma-B-cells	PFA1	PFA1	G1	foreman_821
foreman_821_CTTCTCTCATATACCG	4310	37258	0.0227333726984809	10	Plasma-B-cells	PFA1	PFA1	G2M	foreman_821
foreman_821_CTTGGCTTCCGTTGTC	689	2051	0.0204778156996587	9	B-cells	PFA1	PFA1	S	foreman_821
foreman_821_GAAACTCGTATAAACG	3753	49244	0.013544797335716	10	Plasma-B-cells	PFA1	PFA1	G2M	foreman_821
foreman_821_GAACCTACAGTTAACC	1045	6615	0.0467120181405896	10	Plasma-B-cells	PFA1	PFA1	G2M	foreman_821
foreman_821_GAAGCAGAGTAGATGT	4125	49378	0.0124954433148366	10	Plasma-B-cells	PFA1	PFA1	S	foreman_821
foreman_821_GACAGAGTCCGGCACA	2229	31126	0.00844952772601684	10	Plasma-B-cells	PFA1	PFA1	G1	foreman_821
foreman_821_GACCAATCAATCGAAA	942	7609	0.0320672887370219	10	Plasma-B-cells	PFA1	PFA1	S	foreman_821
foreman_821_GACGGCTTCACCGTAA	924	3047	0.0439776829668526	9	B-cells	PFA1	PFA1	G1	foreman_821
foreman_821_GACGTGCGTGCGCTTG	734	2131	0.0398873768183951	9	B-cells	PFA1	PFA1	G1	foreman_821
foreman_821_GACTAACGTTCCAACA	743	1708	0.134660421545667	9	B-cells	PFA1	PFA1	G2M	foreman_821
foreman_821_GACTACATCCAAACTG	2231	9654	0.118396519577377	10	Plasma-B-cells	PFA1	PFA1	G2M	foreman_821
foreman_821_GAGGTGACACGCATCG	1071	3474	0.052964881980426	10	Plasma-B-cells	PFA1	PFA1	G2M	foreman_821
foreman_821_GAGTCCGAGCTAACAA	985	2762	0.0441708906589428	9	B-cells	PFA1	PFA1	S	foreman_821
foreman_821_GATCGCGTCCTTTACA	2470	20325	0.0130873308733087	10	Plasma-B-cells	PFA1	PFA1	S	foreman_821
foreman_821_GATCGCGTCGTTTATC	1993	22379	0.0124670449975423	10	Plasma-B-cells	PFA1	PFA1	G1	foreman_821
foreman_821_GATCGTATCGTGACAT	2291	24532	0.00933474645361161	10	Plasma-B-cells	PFA1	PFA1	G1	foreman_821
foreman_821_GATGCTACATTGGTAC	1296	4642	0.124515295131409	10	Plasma-B-cells	PFA1	PFA1	S	foreman_821
foreman_821_GCACATAAGTGGTAGC	773	1946	0.0375128468653649	9	B-cells	PFA1	PFA1	S	foreman_821
foreman_821_GCAGCCAGTACTCAAC	2311	8609	0.0954814728772215	10	Plasma-B-cells	PFA1	PFA1	G2M	foreman_821
foreman_821_GCATGCGCACACCGCA	965	4940	0.0748987854251012	10	Plasma-B-cells	PFA1	PFA1	G1	foreman_821
foreman_821_GCATGTACACAGATTC	621	3263	0.0971498620901011	10	Plasma-B-cells	PFA1	PFA1	S	foreman_821
foreman_821_GCTCTGTCACTGAAGG	827	1994	0.0521564694082247	9	B-cells	PFA1	PFA1	S	foreman_821
foreman_821_GGACAGAAGGAGCGTT	2064	25468	0.0120150777446207	10	Plasma-B-cells	PFA1	PFA1	G1	foreman_821
foreman_821_GGACGTCGTAACGACG	3099	20049	0.0199012419572048	10	Plasma-B-cells	PFA1	PFA1	G2M	foreman_821
foreman_821_GGACGTCTCCGCGGTA	1120	10678	0.0234126240869077	10	Plasma-B-cells	PFA1	PFA1	G1	foreman_821
foreman_821_GGCTCGAGTCCGAACC	2105	7402	0.0235071602269657	6	DC	PFA1	PFA1	G1	foreman_821
foreman_821_GGCTGGTCAAGTAATG	1239	5382	0.0837978446674099	10	Plasma-B-cells	PFA1	PFA1	S	foreman_821
foreman_821_GGGAGATGTATGAAAC	229	850	0.212941176470588	10	Plasma-B-cells	PFA1	PFA1	G1	foreman_821
foreman_821_GGGATGAAGCTTCGCG	2139	17270	0.0149392009264621	10	Plasma-B-cells	PFA1	PFA1	G1	foreman_821
foreman_821_GGGCATCAGATCCTGT	740	2157	0.0560964302271674	9	B-cells	PFA1	PFA1	S	foreman_821
foreman_821_GGGTCTGAGATCCCAT	509	2542	0.0802517702596381	10	Plasma-B-cells	PFA1	PFA1	G1	foreman_821
foreman_821_GGGTTGCCAAATTGCC	908	2776	0.0659221902017291	9	B-cells	PFA1	PFA1	G1	foreman_821
foreman_821_GGGTTGCGTCTCACCT	659	4537	0.081331276173683	10	Plasma-B-cells	PFA1	PFA1	G1	foreman_821
foreman_821_GGTGCGTCAGCTCGCA	3303	27421	0.0121804456438496	10	Plasma-B-cells	PFA1	PFA1	G2M	foreman_821
foreman_821_GGTGCGTTCTCAACTT	2155	18271	0.0141754693229708	10	Plasma-B-cells	PFA1	PFA1	G1	foreman_821
foreman_821_GTACTCCCACATGACT	2162	17262	0.0100799443865137	10	Plasma-B-cells	PFA1	PFA1	G1	foreman_821
foreman_821_GTACTTTGTCTCATCC	1995	7509	0.0358236782527633	10	Plasma-B-cells	PFA1	PFA1	G2M	foreman_821
foreman_821_GTAGGCCTCGATAGAA	765	1971	0.0735667174023338	9	B-cells	PFA1	PFA1	G1	foreman_821
foreman_821_GTAGTCAGTTAAGAAC	876	2699	0.0726194886995183	9	B-cells	PFA1	PFA1	G2M	foreman_821
foreman_821_GTATCTTGTTAGTGGG	549	2989	0.0876547340247574	10	Plasma-B-cells	PFA1	PFA1	S	foreman_821
foreman_821_GTATTCTGTGAGGGTT	1462	6565	0.0656511805026656	10	Plasma-B-cells	PFA1	PFA1	G2M	foreman_821
foreman_821_GTCACGGCACAGAGGT	2579	18013	0.0195969577527341	10	Plasma-B-cells	PFA1	PFA1	G1	foreman_821
foreman_821_GTCCTCATCGTATCAG	1147	14366	0.0325769177224001	10	Plasma-B-cells	PFA1	PFA1	G1	foreman_821
foreman_821_GTGCATAGTGGTGTAG	3828	34644	0.019079782934996	10	Plasma-B-cells	PFA1	PFA1	S	foreman_821
foreman_821_GTGCTTCTCTCTGTCG	1001	2478	0.0536723163841808	9	B-cells	PFA1	PFA1	G1	foreman_821
foreman_821_GTTAAGCGTAAACGCG	2269	20017	0.0138382374981266	10	Plasma-B-cells	PFA1	PFA1	G1	foreman_821
foreman_821_GTTCTCGTCCTGTACC	1948	9622	0.0226564123882769	10	Plasma-B-cells	PFA1	PFA1	G1	foreman_821
foreman_821_GTTCTCGTCGGAATCT	798	3775	0.0741721854304636	10	Plasma-B-cells	PFA1	PFA1	G1	foreman_821
foreman_821_TAAACCGTCCTGCTTG	2139	19385	0.0114521537271086	10	Plasma-B-cells	PFA1	PFA1	G2M	foreman_821
foreman_821_TAAGAGATCACCTTAT	2111	29713	0.00609160973311345	10	Plasma-B-cells	PFA1	PFA1	G1	foreman_821
foreman_821_TAAGCGTAGGAATTAC	871	2615	0.0447418738049713	9	B-cells	PFA1	PFA1	G1	foreman_821
foreman_821_TACACGATCAGAAATG	858	6399	0.0570401625253946	10	Plasma-B-cells	PFA1	PFA1	G1	foreman_821
foreman_821_TATCAGGCAAGCGCTC	2123	32790	0.00960658737419945	10	Plasma-B-cells	PFA1	PFA1	G1	foreman_821
foreman_821_TATTACCCAAGGGTCA	2949	24477	0.0199779384728521	10	Plasma-B-cells	PFA1	PFA1	S	foreman_821
foreman_821_TCACAAGGTATTCGTG	2224	23171	0.0116956540503215	10	Plasma-B-cells	PFA1	PFA1	G1	foreman_821
foreman_821_TCACAAGTCGTAGGTT	1142	4698	0.181779480630055	10	Plasma-B-cells	PFA1	PFA1	S	foreman_821
foreman_821_TCAGCTCAGCCTTGAT	2058	15137	0.0189601638369558	10	Plasma-B-cells	PFA1	PFA1	G1	foreman_821
foreman_821_TCAGGTAAGCCTTGAT	3075	28378	0.0132497004721968	10	Plasma-B-cells	PFA1	PFA1	G1	foreman_821
foreman_821_TCAGGTAGTCAAAGAT	1979	23939	0.0162078616483562	10	Plasma-B-cells	PFA1	PFA1	G1	foreman_821
foreman_821_TCATTTGCAGTCTTCC	1602	12853	0.00147825410410021	10	Plasma-B-cells	PFA1	PFA1	G1	foreman_821
foreman_821_TCGAGGCTCAAGGTAA	861	2507	0.0482648583964898	9	B-cells	PFA1	PFA1	G1	foreman_821
foreman_821_TCGGTAATCCTAGGGC	347	871	0.149253731343284	9	B-cells	PFA1	PFA1	S	foreman_821
foreman_821_TCGTACCCAATGGACG	2573	16880	0.0210308056872038	10	Plasma-B-cells	PFA1	PFA1	S	foreman_821
foreman_821_TCGTAGACAAACTGCT	427	1643	0.205721241631163	10	Plasma-B-cells	PFA1	PFA1	G2M	foreman_821
foreman_821_TCTCATAAGTCCAGGA	2231	30869	0.00793676503935987	10	Plasma-B-cells	PFA1	PFA1	G1	foreman_821
foreman_821_TCTCATAGTTAAAGTG	827	2297	0.0522420548541576	9	B-cells	PFA1	PFA1	G1	foreman_821
foreman_821_TGACGGCAGTCGATAA	2328	23395	0.0494122675785424	10	Plasma-B-cells	PFA1	PFA1	G1	foreman_821
foreman_821_TGACTAGGTGACTACT	2286	15010	0.0253164556962025	10	Plasma-B-cells	PFA1	PFA1	G1	foreman_821
foreman_821_TGAGCATCACATTCGA	750	2087	0.0412074748442741	9	B-cells	PFA1	PFA1	G1	foreman_821
foreman_821_TGCCAAAGTTCTCATT	1634	13524	0.0183377698905649	10	Plasma-B-cells	PFA1	PFA1	G1	foreman_821
foreman_821_TGCCCATGTCTCTTTA	322	894	0.262863534675615	10	Plasma-B-cells	PFA1	PFA1	G1	foreman_821
foreman_821_TGCGCAGTCTGTCCGT	1427	7461	0.0261359067149176	10	Plasma-B-cells	PFA1	PFA1	G1	foreman_821
foreman_821_TGCGTGGCACAACTGT	391	1030	0.190291262135922	10	Plasma-B-cells	PFA1	PFA1	S	foreman_821
foreman_821_TGCTACCGTAAGTGTA	493	947	0.176346356916579	2	Classical M1	PFA1	PFA1	G2M	foreman_821
foreman_821_TGCTACCTCGAACTGT	1372	5078	0.0354470263883419	9	B-cells	PFA1	PFA1	G1	foreman_821
foreman_821_TGGACGCCACGACTCG	1982	20449	0.0111496894713678	10	Plasma-B-cells	PFA1	PFA1	S	foreman_821
foreman_821_TGGACGCGTAGCGCAA	2185	20898	0.0150732127476314	10	Plasma-B-cells	PFA1	PFA1	G1	foreman_821
foreman_821_TGGCCAGGTCACTGGC	1212	4015	0.038107098381071	9	B-cells	PFA1	PFA1	G1	foreman_821
foreman_821_TGGCTGGGTCTAGCCG	338	584	0.0873287671232877	1	Lymphocytes	PFA1	PFA1	G1	foreman_821
foreman_821_TGGGAAGTCCCATTTA	238	817	0.280293757649939	9	B-cells	PFA1	PFA1	S	foreman_821
foreman_821_TGTGTTTTCCCATTTA	587	945	0.0222222222222222	11	Contaminating Tumor cells	PFA1	PFA1	G2M	foreman_821
foreman_821_TTAGTTCTCGCGCCAA	2073	23979	0.0091746945243755	10	Plasma-B-cells	PFA1	PFA1	G2M	foreman_821
foreman_821_TTATGCTGTGAGGGTT	232	1420	0.0028169014084507	9	B-cells	PFA1	PFA1	G1	foreman_821
foreman_821_TTCCCAGAGCGTTTAC	512	1317	0.194381169324222	10	Plasma-B-cells	PFA1	PFA1	G1	foreman_821
foreman_821_TTCGAAGAGACAGGCT	2977	42127	0.0104446079711349	10	Plasma-B-cells	PFA1	PFA1	G2M	foreman_821
foreman_821_TTTACTGGTCTTTCAT	2110	19269	0.0122995484975868	10	Plasma-B-cells	PFA1	PFA1	G1	foreman_821
foreman_821_TTTGGTTAGGAGTTTA	801	7428	0.0180398492191707	10	Plasma-B-cells	PFA1	PFA1	S	foreman_821
foreman_859_CCTATTACACTTCGAA	244	436	0.0252293577981651	9	B-cells	PFA1	PFA1	S	foreman_859
foreman_871_CCTATTACACTTCGAA	1101	3070	0.039413680781759	9	B-cells	PFA1	PFA1	S	foreman_871
foreman_871_GCGAGAAGTCTGATTG	593	1520	0.0190789473684211	10	Plasma-B-cells	PFA1	PFA1	G2M	foreman_871
foreman_871_GCTGCTTAGTAGATGT	241	422	0.0473933649289099	1	Lymphocytes	PFA1	PFA1	G1	foreman_871
foreman_871_GTGGGTCCAAGTCTGT	246	927	0.0204962243797195	10	Plasma-B-cells	PFA1	PFA1	G1	foreman_871
foreman_871_TATTACCTCGGTTAAC	313	568	0.022887323943662	1	Lymphocytes	PFA1	PFA1	G2M	foreman_871
foreman_871_TCAGGATGTTAGAACA	207	373	0.0241286863270777	1	Lymphocytes	PFA1	PFA1	S	foreman_871
foreman_871_TCGGTAAAGTGAAGTT	263	527	0.047438330170778	9	B-cells	PFA1	PFA1	G1	foreman_871
foreman_871_TGACGGCCATCCTAGA	233	375	0.056	9	B-cells	PFA1	PFA1	G1	foreman_871
foreman_897_ACGCCGAAGCTATGCT	1159	4650	0.0460215053763441	9	B-cells	PFA2	PFA2	G1	foreman_897
foreman_897_AGACGTTAGCAGCCTC	1525	6474	0.0469570590052518	9	B-cells	PFA2	PFA2	S	foreman_897
foreman_911_GCACTCTAGTAGGTGC	299	706	0.25070821529745	9	B-cells	PFA2	PFA2	G2M	foreman_911
foreman_928_GACGTGCTCAGATAAG	299	620	0.0354838709677419	9	B-cells	PFA1	PFA1	G1	foreman_928
foreman_928_TTCTACACATTGGGCC	1081	3049	0.0305018038701214	9	B-cells	PFA1	PFA1	S	foreman_928
foreman_930_ACTTACTTCTCGATGA	1172	3943	0.0382957139234086	9	B-cells	PFA2	PFA2	G1	foreman_930
foreman_930_CACCTTGGTCAAGCGA	886	7003	0.0235613308582036	10	Plasma-B-cells	PFA2	PFA2	G1	foreman_930
foreman_965_ACGAGGAGTTCGTCTC	1271	4778	0.0479280033486815	9	B-cells	PFA2	PFA2	G1	foreman_965
foreman_965_AGTGAGGAGGTCGGAT	1291	4863	0.063335389677154	9	B-cells	PFA2	PFA2	G1	foreman_965
foreman_965_GAACGGACATTATCTC	340	646	0.0804953560371517	1	Lymphocytes	PFA2	PFA2	G1	foreman_965
foreman_965_GAATGAACAAGGTTTC	2256	14650	0.0312627986348123	10	Plasma-B-cells	PFA2	PFA2	G1	foreman_965
foreman_965_GAGCAGAAGCGTTTAC	1138	4787	0.0409442239398371	9	B-cells	PFA2	PFA2	G1	foreman_965
foreman_965_GGCTCGACACTTCGAA	1663	5977	0.0314539066421282	9	B-cells	PFA2	PFA2	S	foreman_965
foreman_965_GGGAATGGTCTCATCC	2401	9532	0.0372429710449014	9	B-cells	PFA2	PFA2	S	foreman_965
foreman_965_TACTTACTCCTTCAAT	1229	3579	0.0287789885442861	9	B-cells	PFA2	PFA2	S	foreman_965
foreman_965_TCATTACCACAGACTT	1855	7523	0.0372191944702911	9	B-cells	PFA2	PFA2	G1	foreman_965
foreman_965_TTCTACAGTTCGCGAC	847	2623	0.0335493709492947	9	B-cells	PFA2	PFA2	S	foreman_965
foreman_987_AGCGTATGTTGCAAGG	1125	3850	0.120519480519481	9	B-cells	PFA2	PFA2	G2M	foreman_987
foreman_987_CCGAACGAGTATCTGC	1341	4215	0.131909845788849	9	B-cells	PFA2	PFA2	S	foreman_987
foreman_987_CTGCAGGCACCGGAAA	2334	8005	0.134915677701437	9	B-cells	PFA2	PFA2	G1	foreman_987
foreman_987_GTCGAATCAACCTAAC	1381	2965	0.134232715008432	9	B-cells	PFA2	PFA2	G2M	foreman_987
foreman_987_TCACAAGCACGTTGGC	1718	6483	0.169057535091779	9	B-cells	PFA2	PFA2	G1	foreman_987
foreman_987_TGCTTGCAGCGTTACT	1283	3057	0.285901210336932	9	B-cells	PFA2	PFA2	G1	foreman_987
foreman_987_TTAATCCGTATCCTTT	2713	8993	0.116201490047815	9	B-cells	PFA2	PFA2	G1	foreman_987
foreman_987_TTCATTGTCAAGGCTT	1054	1838	0.11316648531012	9	B-cells	PFA2	PFA2	G1	foreman_987
foreman_987_TTGCGTCCAGAAGTTA	2785	11772	0.0841828066598709	9	B-cells	PFA2	PFA2	G2M	foreman_987
foreman_1010_AGGACTTGTTGCGAAG	1914	4179	0.0624551328068916	9	B-cells	PFA1	PFA1	G1	foreman_1010
foreman_1010_CTTCCTTTCGGAACTT	1407	3510	0.0934472934472935	9	B-cells	PFA1	PFA1	G1	foreman_1010
foreman_1010_GATTCGAGTCGCTGCA	689	1481	0.2457798784605	9	B-cells	PFA1	PFA1	S	foreman_1010
foreman_1010_GGAAGTGCATCGCCTT	1449	5341	0.103351432316046	9	B-cells	PFA1	PFA1	G1	foreman_1010
foreman_1010_TCATATCAGTGAATAC	2539	10851	0.112892820938162	9	B-cells	PFA1	PFA1	G1	foreman_1010
foreman_1048_AAAGTCCCATGTACGT	1285	4797	0.136960600375235	9	B-cells	PFA1	PFA1	G2M	foreman_1048
foreman_1048_AGTAGCTGTGTTGAGG	2225	8790	0.0852104664391354	10	Plasma-B-cells	PFA1	PFA1	G1	foreman_1048
foreman_1048_ATAGAGACAATTCTTC	4280	33438	0.0470721933129972	10	Plasma-B-cells	PFA1	PFA1	S	foreman_1048
foreman_1048_CTCCTCCGTAACGGTG	4321	25165	0.0573415457977349	10	Plasma-B-cells	PFA1	PFA1	G1	foreman_1048
foreman_1048_CTGCCTAAGCACTCTA	3874	43617	0.0359492858289199	10	Plasma-B-cells	PFA1	PFA1	G2M	foreman_1048
foreman_1048_GGACGTCAGCGACAGT	4257	36535	0.0662652251265909	10	Plasma-B-cells	PFA1	PFA1	S	foreman_1048
foreman_1048_TCATGCCCAGCGGTCT	2468	34779	0.0294430547169269	10	Plasma-B-cells	PFA1	PFA1	G1	foreman_1048
foreman_1067_AACCACATCCGTGGTG	2123	8415	0.0961378490790255	6	DC	PFB	PFA2	G1	foreman_1067
foreman_1067_ACAACCAGTGCCTTCT	1998	4319	0.0509377170641352	9	B-cells	PFB	PFA2	S	foreman_1067
foreman_1067_ACTACGATCGTTCGCT	1046	3073	0.10380735437683	9	B-cells	PFB	PFA2	G1	foreman_1067
foreman_1067_AGGTGTTCATTGCCTC	1828	5617	0.136549759658181	10	Plasma-B-cells	PFB	PFA2	G2M	foreman_1067
foreman_1067_AGTAGTCCAAGTTTGC	882	2046	0.143695014662757	9	B-cells	PFB	PFA2	G1	foreman_1067
foreman_1067_AGTCATGAGCAAACAT	2155	9091	0.0986690133098669	9	B-cells	PFB	PFA2	G1	foreman_1067
foreman_1067_ATTACTCAGTGCAAAT	585	1167	0.134532990574122	9	B-cells	PFB	PFA2	G1	foreman_1067
foreman_1067_ATTCCATTCCTGGGAC	2748	16775	0.175380029806259	10	Plasma-B-cells	PFB	PFA2	G1	foreman_1067
foreman_1067_CATCGTCGTAGGTGCA	1958	5749	0.10993216211515	6	DC	PFB	PFA2	S	foreman_1067
foreman_1067_CCCGAAGCAGTTTGGT	1725	5436	0.11074319352465	1	Lymphocytes	PFB	PFA2	S	foreman_1067
foreman_1067_CCTCATGGTTGGTGTT	1177	3004	0.127496671105193	9	B-cells	PFB	PFA2	S	foreman_1067
foreman_1067_CCTCCAAAGATACTGA	782	1589	0.298930144745123	2	Classical M1	PFB	PFA2	S	foreman_1067
foreman_1067_CCTGCATAGATTGAGT	805	2016	0.0922619047619048	9	B-cells	PFB	PFA2	G1	foreman_1067
foreman_1067_CGAGAAGGTTGCGAAG	958	2733	0.140504939626784	9	B-cells	PFB	PFA2	G2M	foreman_1067
foreman_1067_CGAGGAAGTCGTGTTA	1838	6114	0.250408897612038	6	DC	PFB	PFA2	G1	foreman_1067
foreman_1067_CGGACACAGAGGTCAC	2741	9184	0.0891768292682927	6	DC	PFB	PFA2	G1	foreman_1067
foreman_1067_GAACGTTGTTCTCGCT	589	1013	0.273445212240869	2	Classical M1	PFB	PFA2	G1	foreman_1067
foreman_1067_GAGTGTTCATCGAAGG	1683	4580	0.103930131004367	6	DC	PFB	PFA2	G1	foreman_1067
foreman_1067_GATCATGCAGTCAGAG	1934	5976	0.170515394912985	6	DC	PFB	PFA2	G1	foreman_1067
foreman_1067_GCAACCGTCAGCGCAC	2179	6682	0.0844058665070338	6	DC	PFB	PFA2	G2M	foreman_1067
foreman_1067_GGCGTCAGTAACGTTC	1510	4450	0.111011235955056	6	DC	PFB	PFA2	G1	foreman_1067
foreman_1067_GGTAATCTCTAGACAC	2569	10976	0.0829081632653061	6	DC	PFB	PFA2	G1	foreman_1067
foreman_1067_GTAGATCTCGTTCAGA	1531	4456	0.102109515260323	6	DC	PFB	PFA2	G1	foreman_1067
foreman_1067_GTCCTCAAGAGCATCG	2166	6798	0.107384524860253	4	Mitotic	PFB	PFA2	S	foreman_1067
foreman_1067_GTCTCACAGACTAAGT	1644	4262	0.133974659784139	6	DC	PFB	PFA2	G1	foreman_1067
foreman_1067_GTTCTATTCTGTTGGA	387	620	0.259677419354839	1	Lymphocytes	PFB	PFA2	G2M	foreman_1067
foreman_1067_TAACACGGTACCAATC	2462	10179	0.137931034482759	10	Plasma-B-cells	PFB	PFA2	G2M	foreman_1067
foreman_1067_TAACTTCTCAAACCCA	2195	10824	0.139966740576497	10	Plasma-B-cells	PFB	PFA2	G1	foreman_1067
foreman_1067_TACCTGCTCCCGATCT	540	1138	0.265377855887522	2	Classical M1	PFB	PFA2	G1	foreman_1067
foreman_1067_TAGATCGGTATCGATC	2048	6182	0.0912326108055645	6	DC	PFB	PFA2	S	foreman_1067
foreman_1067_TAGGGTTTCGGTCGAC	568	1000	0.26	9	B-cells	PFB	PFA2	G2M	foreman_1067
foreman_1067_TATACCTGTGCCTGAC	2087	6427	0.0826201960479228	6	DC	PFB	PFA2	G1	foreman_1067
foreman_1067_TATTCCAGTTGTGGAG	1673	4957	0.119628807746621	6	DC	PFB	PFA2	S	foreman_1067
foreman_1067_TCCTTTCAGTTGTAAG	514	1070	0.285981308411215	9	B-cells	PFB	PFA2	G1	foreman_1067
foreman_1067_TCGAACATCACTAGCA	2021	10056	0.0841288782816229	10	Plasma-B-cells	PFB	PFA2	S	foreman_1067
foreman_1067_TCGGGACCATCCTTGC	2110	6139	0.100342075256556	6	DC	PFB	PFA2	G1	foreman_1067
foreman_1101_CGACCTTGTCGCCATG	879	3028	0.0161822985468956	9	B-cells	PFA2	PFA1	G1	foreman_1101
foreman_1101_CTAGTGATCGTTGCCT	395	778	0.147814910025707	9	B-cells	PFA2	PFA1	G1	foreman_1101
foreman_1101_CTCGGAGAGCATCATC	751	2520	0.0424603174603175	9	B-cells	PFA2	PFA1	G1	foreman_1101
foreman_1101_TAGAGCTCACGAAATA	1740	7235	0.0616447823082239	9	B-cells	PFA2	PFA1	S	foreman_1101
foreman_1101_TGAGCATTCGTAGGAG	720	1959	0.0653394589076059	9	B-cells	PFA2	PFA1	G2M	foreman_1101
foreman_1185_ACACCAAAGCGTACAG	2045	6690	0.0896860986547085	9	B-cells	YAP	YAP	G1	foreman_1185
foreman_1185_ACTATGGGTCACCCTT	1101	2314	0.17286084701815	9	B-cells	YAP	YAP	S	foreman_1185
foreman_1185_AGGCTGCGTGACGCCT	1236	2916	0.265089163237311	9	B-cells	YAP	YAP	S	foreman_1185
foreman_1185_AGGTCTAGTAATACCC	1866	8220	0.00535279805352798	6	DC	YAP	YAP	G1	foreman_1185
foreman_1185_AGTGTTGGTTGCTAGT	1896	6002	0.116461179606798	9	B-cells	YAP	YAP	S	foreman_1185
foreman_1185_ATCCACCAGGTTGACG	2126	6893	0.084578557957348	9	B-cells	YAP	YAP	G1	foreman_1185
foreman_1185_ATCCTATAGGGTTAGC	3744	15051	0.0421234469470467	6	DC	YAP	YAP	G1	foreman_1185
foreman_1185_ATTCCATTCGTCGCTT	4748	28518	0.0724454730345747	6	DC	YAP	YAP	S	foreman_1185
foreman_1185_ATTCTTGCATCCGAAT	2141	10061	0.00427392903289931	6	DC	YAP	YAP	G1	foreman_1185
foreman_1185_ATTGTTCCAATGCTCA	1572	4059	0.183789110618379	10	Plasma-B-cells	YAP	YAP	G2M	foreman_1185
foreman_1185_CAACGGCCAGAATCGG	2434	9249	0.0922261866147692	9	B-cells	YAP	YAP	G1	foreman_1185
foreman_1185_CAACGGCGTCCGGTGT	1211	3286	0.095861229458308	9	B-cells	YAP	YAP	G2M	foreman_1185
foreman_1185_CATAAGCAGCAAGTCG	1202	2575	0.197281553398058	9	B-cells	YAP	YAP	S	foreman_1185
foreman_1185_CATGCAAAGCGATGCA	2164	7539	0.122430030508025	9	B-cells	YAP	YAP	G1	foreman_1185
foreman_1185_CCCTCTCGTACGATGG	1675	5675	0.115418502202643	9	B-cells	YAP	YAP	G1	foreman_1185
foreman_1185_CGATCGGTCAGTGTGT	1574	4900	0.114489795918367	9	B-cells	YAP	YAP	G1	foreman_1185
foreman_1185_GAAATGAAGCCTTTCC	5049	30448	0.0629926431949553	6	DC	YAP	YAP	G1	foreman_1185
foreman_1185_GAGTGAGGTTCCTACC	3433	16120	0.0701612903225806	6	DC	YAP	YAP	G1	foreman_1185
foreman_1185_GATTTCTGTATGACAA	1688	3914	0.206182933060807	9	B-cells	YAP	YAP	G1	foreman_1185
foreman_1185_GCACGTGGTTCGAAGG	1401	4301	0.133922343641014	9	B-cells	YAP	YAP	G1	foreman_1185
foreman_1185_GGTCACGGTTCAGGTT	483	792	0.121212121212121	1	Lymphocytes	YAP	YAP	G1	foreman_1185
foreman_1185_GTGTCCTGTGCGGCTT	1320	3159	0.195948084836974	9	B-cells	YAP	YAP	G1	foreman_1185
foreman_1185_GTGTTCCCACTAGTAC	1737	6135	0.0808475957620212	9	B-cells	YAP	YAP	G1	foreman_1185
foreman_1185_TAACGACCAAGACAAT	1680	5301	0.12110922467459	9	B-cells	YAP	YAP	G1	foreman_1185
foreman_1185_TACAGGTTCGCCAATA	1699	5521	0.0976272414417678	9	B-cells	YAP	YAP	G1	foreman_1185
foreman_1185_TAGATCGAGACTCAAA	499	875	0.134857142857143	9	B-cells	YAP	YAP	G1	foreman_1185
foreman_1185_TCGACGGAGCAAGCCA	663	1009	0.0961347869177403	9	B-cells	YAP	YAP	G1	foreman_1185
foreman_1185_TCGGATATCGATTGAC	4077	18775	0.109241011984021	6	DC	YAP	YAP	S	foreman_1185
foreman_1185_TCGGGCAAGGCTGGAT	2658	8731	0.0292062764860841	6	DC	YAP	YAP	G1	foreman_1185
foreman_1185_TGCGGCAAGCAATAAC	1838	5671	0.108622817845177	9	B-cells	YAP	YAP	S	foreman_1185
foreman_1185_TGCTCGTTCATAGCAC	3950	22264	0.0646334890406037	6	DC	YAP	YAP	G1	foreman_1185
foreman_1185_TGGATGTGTGGTAACG	1379	4210	0.111638954869359	9	B-cells	YAP	YAP	S	foreman_1185
foreman_1185_TTACGCCTCGAGCTGC	1997	6801	0.0976327010733716	9	B-cells	YAP	YAP	G1	foreman_1185
foreman_1185_TTTACCAAGGTTGTTC	3633	20729	0.0614115490375802	6	DC	YAP	YAP	G1	foreman_1185
foreman_1386_ACACCAACATTTGCTT	2585	11537	0.0223628326254659	6	DC	RELA	RELA	G2M	foreman_1386
foreman_1386_ATCATCTGTTTAGGAA	2192	9556	0.0271033905399749	6	DC	RELA	RELA	G1	foreman_1386
foreman_1386_CGACTTCTCTAACCGA	2318	9250	0.0377297297297297	6	DC	RELA	RELA	G1	foreman_1386
foreman_1386_CTAATGGAGCTAGGCA	1981	9532	0.0300041963911036	6	DC	RELA	RELA	G1	foreman_1386
foreman_1386_CTCAGAAGTAAGTGGC	345	837	0.224611708482676	2	Classical M1	RELA	RELA	S	foreman_1386
foreman_1386_GTGGGTCTCATTGCCC	2221	8889	0.0500618742265722	6	DC	RELA	RELA	G1	foreman_1386
foreman_1386_TCAACGACAGTGAGTG	2616	12688	0.0209646910466583	6	DC	RELA	RELA	S	foreman_1386
foreman_1386_TGTCCCAAGCTCCTTC	399	945	0.245502645502646	2	Classical M1	RELA	RELA	G1	foreman_1386
foreman_1386_TTCTACAAGGCAGTCA	373	718	0.270194986072423	2	Classical M1	RELA	RELA	G1	foreman_1386
foreman_1386_TTCTACACAAGCTGAG	2384	9844	0.0328118650954896	6	DC	RELA	RELA	G1	foreman_1386
foreman_1329_ATCACGAAGAGTGAGA	2476	12277	0.0477315305041948	6	DC	RELA	RELA	G1	foreman_1329
foreman_1329_ATGGGAGGTGGTCTCG	1108	2574	0.199300699300699	6	DC	RELA	RELA	S	foreman_1329
foreman_1329_CACCACTAGAAGGTGA	815	2615	0.0393881453154876	9	B-cells	RELA	RELA	G2M	foreman_1329
foreman_1329_CAGCTAAGTCTCTTTA	883	3092	0.0365459249676585	9	B-cells	RELA	RELA	G1	foreman_1329
foreman_1329_CGACCTTGTTCGAATC	4005	19868	0.0545600966378095	6	DC	RELA	RELA	S	foreman_1329
foreman_1329_GGGTTGCAGACTAGAT	364	819	0.296703296703297	2	Classical M1	RELA	RELA	G2M	foreman_1329
foreman_1329_TAGTTGGAGCACCGCT	1225	6034	0.0273450447464369	2	Classical M1	RELA	RELA	G1	foreman_1329
foreman_1329_TCAATCTCACCAGGTC	1043	4057	0.028099580971161	1	Lymphocytes	RELA	RELA	G1	foreman_1329
foreman_1329_TCATTACAGCCACGCT	1958	7190	0.0351877607788595	6	DC	RELA	RELA	G1	foreman_1329
foreman_1329_TTAGTTCGTCGCTTTC	422	920	0.0782608695652174	11	Contaminating Tumor cells	RELA	RELA	S	foreman_1329
foreman_909_CCTATTACACTTCGAA	309	629	0.041335453100159	9	B-cells	RELA	RELA	G1	foreman_909
foreman_909_TCAGGATGTTAGAACA	1082	2900	0.0296551724137931	9	B-cells	RELA	RELA	S	foreman_909
foreman_909_TCGGTAAAGTGAAGTT	1427	4196	0.0455195424213537	9	B-cells	RELA	RELA	S	foreman_909
foreman_909_TGACGGCCATCCTAGA	941	2649	0.0539826349565874	9	B-cells	RELA	RELA	G1	foreman_909
foreman_870_AAACCTGAGCTGATAA	634	1690	0.0366863905325444	9	B-cells	RELA	RELA	S	foreman_870
foreman_870_AAGGTTCGTGTTTGGT	542	1463	0.0997949419002051	9	B-cells	RELA	RELA	G1	foreman_870
foreman_870_AATCGGTTCGAATGGG	699	2018	0.0797819623389494	9	B-cells	RELA	RELA	S	foreman_870
foreman_870_ACCGTAATCACGCGGT	566	1483	0.0377612946729602	9	B-cells	RELA	RELA	G1	foreman_870
foreman_870_ACGCCAGCACTGCCAG	563	1490	0.0926174496644295	9	B-cells	RELA	RELA	G2M	foreman_870
foreman_870_ACGGCCAGTCCGTCAG	673	2030	0.0591133004926108	9	B-cells	RELA	RELA	G1	foreman_870
foreman_870_ACTGCTCGTGCAGACA	567	1953	0.137224782386073	9	B-cells	RELA	RELA	G1	foreman_870
foreman_870_ACTTACTTCAGATAAG	518	1221	0.0507780507780508	9	B-cells	RELA	RELA	G1	foreman_870
foreman_870_ACTTTCAAGGATATAC	648	1758	0.0443686006825939	9	B-cells	RELA	RELA	G1	foreman_870
foreman_870_ACTTTCAAGGCTCTTA	707	1978	0.112740141557128	9	B-cells	RELA	RELA	G1	foreman_870
foreman_870_AGCGTCGAGGCGATAC	437	1165	0.0429184549356223	9	B-cells	RELA	RELA	S	foreman_870
foreman_870_AGGCCGTAGACCTTTG	466	1155	0.070995670995671	9	B-cells	RELA	RELA	G1	foreman_870
foreman_870_AGGGATGAGGGTCGAT	729	2531	0.0521532990912683	9	B-cells	RELA	RELA	S	foreman_870
foreman_870_AGTGTCAAGAGTACCG	600	1779	0.0460933108487915	9	B-cells	RELA	RELA	S	foreman_870
foreman_870_ATCATCTGTCCGAATT	855	2444	0.123567921440262	9	B-cells	RELA	RELA	G1	foreman_870
foreman_870_ATCCACCCAAGGCTCC	562	1577	0.051997463538364	9	B-cells	RELA	RELA	G1	foreman_870
foreman_870_ATCGAGTGTCAATACC	814	3057	0.0696761530912659	9	B-cells	RELA	RELA	G1	foreman_870
foreman_870_ATTGGACTCCAGAAGG	506	1216	0.0912828947368421	9	B-cells	RELA	RELA	S	foreman_870
foreman_870_CACCAGGAGATGTTAG	592	1579	0.0436985433818873	9	B-cells	RELA	RELA	G2M	foreman_870
foreman_870_CAGCATACACGAAAGC	548	1342	0.0469448584202683	9	B-cells	RELA	RELA	S	foreman_870
foreman_870_CATCCACAGTTATCGC	775	2204	0.0367513611615245	9	B-cells	RELA	RELA	G1	foreman_870
foreman_870_CCCTCCTTCTGGCGAC	459	1085	0.0580645161290323	9	B-cells	RELA	RELA	S	foreman_870
foreman_870_CGAATGTGTACGCTGC	536	1132	0.0406360424028269	9	B-cells	RELA	RELA	S	foreman_870
foreman_870_CGATGTACACGAGAGT	356	639	0.0985915492957746	9	B-cells	RELA	RELA	S	foreman_870
foreman_870_CGGGTCACAAAGGAAG	488	1204	0.0606312292358804	9	B-cells	RELA	RELA	S	foreman_870
foreman_870_CGTGAGCTCGGCGCAT	598	1605	0.0579439252336449	9	B-cells	RELA	RELA	G1	foreman_870
foreman_870_CGTTAGAGTGACTACT	876	2755	0.0620689655172414	9	B-cells	RELA	RELA	G2M	foreman_870
foreman_870_CTCGAAATCGCACTCT	740	2469	0.0477926285945727	9	B-cells	RELA	RELA	S	foreman_870
foreman_870_CTCGGAGGTGCAGACA	393	897	0.0512820512820513	9	B-cells	RELA	RELA	G1	foreman_870
foreman_870_GCAATCAAGACAAGCC	1494	6512	0.0196560196560197	6	DC	RELA	RELA	S	foreman_870
foreman_870_GCAGCCAAGCGTGAAC	617	1741	0.0608845491097071	9	B-cells	RELA	RELA	S	foreman_870
foreman_870_GCGCAACAGAGAACAG	593	1601	0.0568394753279201	9	B-cells	RELA	RELA	G1	foreman_870
foreman_870_GCGGGTTGTAGAGCTG	855	2998	0.0406937958639093	9	B-cells	RELA	RELA	G1	foreman_870
foreman_870_GCTGCTTTCAGCTTAG	628	1685	0.0320474777448071	9	B-cells	RELA	RELA	S	foreman_870
foreman_870_GGACGTCGTTTGACTG	548	1234	0.120745542949757	9	B-cells	RELA	RELA	G1	foreman_870
foreman_870_GGCGTGTGTCGCCATG	404	878	0.0546697038724374	9	B-cells	RELA	RELA	G1	foreman_870
foreman_870_GGCTGGTTCCAGATCA	523	1301	0.0576479631053036	9	B-cells	RELA	RELA	S	foreman_870
foreman_870_GGGCACTGTTTGTTGG	556	1512	0.0496031746031746	9	B-cells	RELA	RELA	S	foreman_870
foreman_870_GTTCATTCAGCATACT	979	2799	0.0539478385137549	9	B-cells	RELA	RELA	G1	foreman_870
foreman_870_TACGGATAGCGAGAAA	592	1433	0.0307048150732729	9	B-cells	RELA	RELA	G1	foreman_870
foreman_870_TACGGGCAGGGTATCG	731	2407	0.0673036975488159	9	B-cells	RELA	RELA	G1	foreman_870
foreman_870_TAGCCGGCAGACGCTC	784	2104	0.0508555133079848	9	B-cells	RELA	RELA	S	foreman_870
foreman_870_TCAATCTCACAACTGT	868	2556	0.0422535211267606	9	B-cells	RELA	RELA	G2M	foreman_870
foreman_870_TCCACACGTCCCTTGT	434	914	0.0634573304157549	9	B-cells	RELA	RELA	S	foreman_870
foreman_870_TCTTCGGTCCATGAAC	734	2272	0.0484154929577465	9	B-cells	RELA	RELA	G1	foreman_870
foreman_870_TCTTTCCCAGGGTATG	421	919	0.0369967355821545	9	B-cells	RELA	RELA	G1	foreman_870
foreman_870_TCTTTCCGTGCCTGGT	692	1889	0.0460561143462149	9	B-cells	RELA	RELA	G1	foreman_870
foreman_870_TTCTCCTAGGGAAACA	613	1616	0.041460396039604	9	B-cells	RELA	RELA	G1	foreman_870
foreman_870_TTGCCGTTCTTCTGGC	548	1350	0.0511111111111111	9	B-cells	RELA	RELA	G1	foreman_870
foreman_870_TTGGCAATCGGCGCTA	689	1505	0.186046511627907	11	Contaminating Tumor cells	RELA	RELA	G1	foreman_870
foreman_1158_2_ACCACAACATTCCTAT	763	1445	0.289965397923875	11	Contaminating Tumor cells	RELA	RELA	G1	foreman_1158
foreman_1158_2_ATCTTCAAGACATCCT	7582	36864	0.110432942708333	11	Contaminating Tumor cells	RELA	RELA	S	foreman_1158
foreman_1158_2_CAGGTATGTATGAGCG	7803	44406	0.157433680133315	11	Contaminating Tumor cells	RELA	RELA	G1	foreman_1158
foreman_1158_2_CCACACTAGTTCGCAT	3262	9337	0.11352682874585	11	Contaminating Tumor cells	RELA	RELA	S	foreman_1158
foreman_1158_2_CTAAGTGAGTATTCCG	813	1647	0.279295689131755	11	Contaminating Tumor cells	RELA	RELA	G1	foreman_1158
foreman_1158_2_CTAGGTAAGCCTTCTC	895	1903	0.2900683131897	11	Contaminating Tumor cells	RELA	RELA	G1	foreman_1158
foreman_1158_2_GCAACCGCAGCAGAAC	2440	6330	0.123538704581359	11	Contaminating Tumor cells	RELA	RELA	S	foreman_1158
foreman_1158_2_GTCATTTGTGCCGGTT	8627	54605	0.101584104019778	11	Contaminating Tumor cells	RELA	RELA	G2M	foreman_1158
foreman_1158_2_GTGTCCTAGATGCAGC	636	960	0.138541666666667	2	Classical M1	RELA	RELA	G1	foreman_1158
foreman_1158_2_TCATCATGTCCACGCA	8004	45330	0.116655636443856	11	Contaminating Tumor cells	RELA	RELA	S	foreman_1158
foreman_1158_2_TCCTCTTTCAGCGCAC	7995	43483	0.131315686590162	11	Contaminating Tumor cells	RELA	RELA	S	foreman_1158
foreman_1158_2_TGAGACTTCGCAATTG	1321	3621	0.072079536039768	9	B-cells	RELA	RELA	S	foreman_1158
foreman_1347_AAAGGTACAGGGACTA	2025	7258	0.100854229815376	9	B-cells	PFA1	PFA1	G1	foreman_1347
foreman_1347_AAGGTAATCTGCTCTG	1739	7247	0.142265765144198	2	Classical M1	PFA1	PFA1	G1	foreman_1347
foreman_1347_AGGTAGGAGTATGCAA	1682	6054	0.174430128840436	2	Classical M1	PFA1	PFA1	G1	foreman_1347
foreman_1347_AGTTCGATCACTACTT	1541	5626	0.140419480981159	6	DC	PFA1	PFA1	G1	foreman_1347
foreman_1347_ATCCATTCACTTGTCC	1149	3356	0.146305125148987	2	Classical M1	PFA1	PFA1	G1	foreman_1347
foreman_1347_ATCGTAGGTATTGGCT	1796	5757	0.181344450234497	2	Classical M1	PFA1	PFA1	G1	foreman_1347
foreman_1347_CACTGGGTCGGTAGGA	2145	25115	0.0247660760501692	10	Plasma-B-cells	PFA1	PFA1	S	foreman_1347
foreman_1347_CATCGGGCACGAGAAC	1709	6165	0.172100567721006	2	Classical M1	PFA1	PFA1	G1	foreman_1347
foreman_1347_CATGCGGCAACCGCTG	4167	21846	0.0445848210198663	6	DC	PFA1	PFA1	G1	foreman_1347
foreman_1347_CCTCATGAGCGCCTAC	1372	4165	0.204321728691477	2	Classical M1	PFA1	PFA1	G1	foreman_1347
foreman_1347_CGACAGCTCTGGGATT	1620	5170	0.165764023210832	2	Classical M1	PFA1	PFA1	G1	foreman_1347
foreman_1347_CGGAATTTCACGGAGA	2739	30070	0.0382108413701363	10	Plasma-B-cells	PFA1	PFA1	G1	foreman_1347
foreman_1347_GAACGTTCAGTTAAAG	1037	3389	0.217173207435822	2	Classical M1	PFA1	PFA1	G1	foreman_1347
foreman_1347_GATAGAACAGACAATA	1936	6290	0.0732909379968203	9	B-cells	PFA1	PFA1	G1	foreman_1347
foreman_1347_GTTACGACACAGCGCT	1972	7376	0.0904284164859002	9	B-cells	PFA1	PFA1	G1	foreman_1347
foreman_1347_TAAGCACCAACGCCCA	1433	5267	0.185114866147712	2	Classical M1	PFA1	PFA1	S	foreman_1347
foreman_1347_TACATTCAGGTAATCA	580	1385	0.123465703971119	2	Classical M1	PFA1	PFA1	G2M	foreman_1347
foreman_1347_TCAGCCTCAAGAGATT	1837	6176	0.128238341968912	2	Classical M1	PFA1	PFA1	G1	foreman_1347
foreman_1347_TCGGATAAGACCAGAC	2185	7336	0.0369411123227917	6	DC	PFA1	PFA1	G1	foreman_1347
foreman_1269_ACCCTTGTCGATTTCT	3490	14162	0.0809207739019912	6	DC	PFA1	PFA2	G1	foreman_1269
foreman_1269_ACTATTCTCGACATTG	4398	21925	0.0999315849486887	6	DC	PFA1	PFA2	G1	foreman_1269
foreman_1269_AGACCCGTCTGGAGAG	3381	15619	0.11396376208464	6	DC	PFA1	PFA2	G1	foreman_1269
foreman_1269_ATGGGAGCATCCTATT	2920	11922	0.131353799698037	6	DC	PFA1	PFA2	G1	foreman_1269
foreman_1269_TAGACCATCCGTCACT	1739	6553	0.091561117045628	9	B-cells	PFA1	PFA2	S	foreman_1269
foreman_1239_AGGGATGGTCATGCAT	1445	4422	0.172320217096336	4	Mitotic	PFA1	PFA1	G2M	foreman_1239
foreman_1239_AGTGGGAAGGCGATAC	3386	13966	0.0814836030359444	4	Mitotic	PFA1	PFA1	G2M	foreman_1239
foreman_1239_CGGACGTGTCTAGGTT	3576	15286	0.109577391076802	4	Mitotic	PFA1	PFA1	G2M	foreman_1239
foreman_1239_GGATGTTCACACTGCG	4143	26338	0.0432455007973271	4	Mitotic	PFA1	PFA1	S	foreman_1239
foreman_1239_TGAGCCGGTGCCTGCA	4753	26717	0.0557697346258936	4	Mitotic	PFA1	PFA1	G2M	foreman_1239
foreman_1239_TGGGCGTAGTTAACGA	5703	38361	0.0570370949662418	4	Mitotic	PFA1	PFA1	S	foreman_1239
foreman_1239_TGGTTCCCAAGCGCTC	4339	18815	0.114908317831517	4	Mitotic	PFA1	PFA1	S	foreman_1239
foreman_1239_TTGCGTCGTAGCTAAA	1358	3223	0.217809494260006	4	Mitotic	PFA1	PFA1	S	foreman_1239
foreman_1239_TTGTAGGAGCAACGGT	1874	5308	0.107008289374529	4	Mitotic	PFA1	PFA1	S	foreman_1239
foreman_1239_TTGTAGGAGTGAACAT	1976	5384	0.0716939078751857	4	Mitotic	PFA1	PFA1	S	foreman_1239
foreman_723_TTGCGTCAGTCTTGCA	811	2280	0.00131578947368421	4	Mitotic	PFA1	PFA2	G2M	foreman_723
foreman_727_AGCTCTCGTTAAGAAC	1627	4362	0.290463090325539	4	Mitotic	PFA2	PFA2	G2M	foreman_727
foreman_727_CATATGGAGGGTGTGT	2029	7129	0.11488287277318	4	Mitotic	PFA2	PFA2	G2M	foreman_727
foreman_727_GGGCATCCACAGTCGC	4072	19721	0.0925409461994828	4	Mitotic	PFA2	PFA2	G2M	foreman_727
foreman_781_CAAGATCGTTCTGGTA	1473	3425	0.291386861313869	4	Mitotic	PFA1	PFA2	S	foreman_781
foreman_781_CTCGTACTCGCAAACT	1318	3341	0.0622568093385214	4	Mitotic	PFA1	PFA2	G2M	foreman_781
foreman_781_CTCTGGTGTATATGGA	4000	18562	0.0451459971985777	4	Mitotic	PFA1	PFA2	G2M	foreman_781
foreman_781_TGGGCGTGTCTCAACA	727	1998	0.0555555555555556	4	Mitotic	PFA1	PFA2	G2M	foreman_781
foreman_821_AAAGATGAGCCCAACC	2293	7313	0.0980445781485027	4	Mitotic	PFA1	PFA1	S	foreman_821
foreman_821_AAAGTAGTCGGATGGA	1743	4320	0.203472222222222	4	Mitotic	PFA1	PFA1	G2M	foreman_821
foreman_821_AACCGCGCACCATGTA	3753	25076	0.0288722284255862	4	Mitotic	PFA1	PFA1	G2M	foreman_821
foreman_821_AACTCCCGTCTCTTTA	4033	18536	0.0552438498057833	4	Mitotic	PFA1	PFA1	G2M	foreman_821
foreman_821_AACTTTCAGATGCGAC	4373	28846	0.0130694030368162	4	Mitotic	PFA1	PFA1	S	foreman_821
foreman_821_AACTTTCGTGAGTGAC	3583	17489	0.0357939276116416	4	Mitotic	PFA1	PFA1	G2M	foreman_821
foreman_821_AAGGTTCTCTTCAACT	4251	22438	0.0310188073803369	4	Mitotic	PFA1	PFA1	G2M	foreman_821
foreman_821_AAGTCTGAGCGGCTTC	3646	15350	0.0381107491856678	4	Mitotic	PFA1	PFA1	G2M	foreman_821
foreman_821_ACACCGGGTAGCACGA	4173	22629	0.034822572804808	4	Mitotic	PFA1	PFA1	S	foreman_821
foreman_821_ACACCGGTCAGCTGGC	4129	21642	0.0402458183162369	4	Mitotic	PFA1	PFA1	S	foreman_821
foreman_821_ACAGCCGTCCTCAATT	3685	20076	0.0157899980075712	4	Mitotic	PFA1	PFA1	G2M	foreman_821
foreman_821_ACAGCTAAGTACCGGA	4648	28931	0.0333552244996716	4	Mitotic	PFA1	PFA1	G2M	foreman_821
foreman_821_ACATACGCATTGGTAC	1701	4407	0.205355116859542	4	Mitotic	PFA1	PFA1	G2M	foreman_821
foreman_821_ACGATACAGCGTCTAT	2900	12367	0.21088380367106	4	Mitotic	PFA1	PFA1	G2M	foreman_821
foreman_821_ACTGATGGTTACTGAC	2036	6644	0.093467790487658	4	Mitotic	PFA1	PFA1	G2M	foreman_821
foreman_821_ACTGCTCGTCCCTTGT	4141	25263	0.0281439258995369	4	Mitotic	PFA1	PFA1	G2M	foreman_821
foreman_821_ACTTGTTAGTCAATAG	4258	23122	0.0473574950263818	4	Mitotic	PFA1	PFA1	G2M	foreman_821
foreman_821_ACTTGTTGTTCCCTTG	3370	17478	0.0225426250143037	4	Mitotic	PFA1	PFA1	S	foreman_821
foreman_821_AGATCTGCAAACCTAC	2399	7808	0.0655737704918033	4	Mitotic	PFA1	PFA1	S	foreman_821
foreman_821_AGCATACAGAACAACT	1851	5106	0.102428515471994	4	Mitotic	PFA1	PFA1	G2M	foreman_821
foreman_821_AGCTCCTTCCGAACGC	3068	13420	0.0520864381520119	4	Mitotic	PFA1	PFA1	G2M	foreman_821
foreman_821_ATCGAGTCAGCGTTCG	3714	18074	0.0738630076352772	4	Mitotic	PFA1	PFA1	G2M	foreman_821
foreman_821_ATCTGCCGTAAGGGCT	2529	7374	0.150528885272579	4	Mitotic	PFA1	PFA1	G2M	foreman_821
foreman_821_ATTACTCAGCGCTTAT	3117	12294	0.013909224011713	4	Mitotic	PFA1	PFA1	G2M	foreman_821
foreman_821_ATTATCCAGATCTGCT	2406	7988	0.0798698047070606	4	Mitotic	PFA1	PFA1	S	foreman_821
foreman_821_CAACCAAAGCCGATTT	3646	20842	0.0652048747720948	4	Mitotic	PFA1	PFA1	G2M	foreman_821
foreman_821_CAACTAGCACCGATAT	2694	8325	0.172852852852853	4	Mitotic	PFA1	PFA1	G2M	foreman_821
foreman_821_CACAAACGTGATAAAC	3409	18018	0.0333000333000333	4	Mitotic	PFA1	PFA1	G2M	foreman_821
foreman_821_CACACTCAGCTGTCTA	4293	26021	0.0430805887552362	4	Mitotic	PFA1	PFA1	G2M	foreman_821
foreman_821_CACAGGCCATGGTCTA	4175	21051	0.05063892451665	4	Mitotic	PFA1	PFA1	S	foreman_821
foreman_821_CACATTTCATAAAGGT	3040	12666	0.0446076109268909	4	Mitotic	PFA1	PFA1	G2M	foreman_821
foreman_821_CACTCCACAGTCGATT	3053	12494	0.045862013766608	4	Mitotic	PFA1	PFA1	S	foreman_821
foreman_821_CAGAATCCAAATACAG	1340	3000	0.13	4	Mitotic	PFA1	PFA1	G2M	foreman_821
foreman_821_CAGAGAGGTCGGCACT	1474	3802	0.0731194108364019	4	Mitotic	PFA1	PFA1	G2M	foreman_821
foreman_821_CAGCTAAGTCCCGACA	3171	12218	0.0634310034375511	4	Mitotic	PFA1	PFA1	G2M	foreman_821
foreman_821_CATCAGAAGCACCGCT	4833	29949	0.0271795385488664	4	Mitotic	PFA1	PFA1	G2M	foreman_821
foreman_821_CATCAGATCGTGTAGT	2776	11792	0.0575814111261872	4	Mitotic	PFA1	PFA1	G2M	foreman_821
foreman_821_CATCGAATCGTGGGAA	3138	12756	0.0736124176857949	4	Mitotic	PFA1	PFA1	S	foreman_821
foreman_821_CATGGCGTCTGGAGCC	4178	20986	0.0506528161631564	4	Mitotic	PFA1	PFA1	S	foreman_821
foreman_821_CCACGGACAGCTGCTG	4578	29238	0.0369724331349614	4	Mitotic	PFA1	PFA1	G2M	foreman_821
foreman_821_CCATGTCGTGTGACCC	3798	19964	0.0463334001202164	4	Mitotic	PFA1	PFA1	S	foreman_821
foreman_821_CCATTCGGTGGTAACG	3944	22210	0.0381359747861324	4	Mitotic	PFA1	PFA1	G2M	foreman_821
foreman_821_CCGTACTCAAGAAAGG	3082	12342	0.08458920758386	4	Mitotic	PFA1	PFA1	G2M	foreman_821
foreman_821_CCTACACGTCTCCACT	2583	8359	0.046656298600311	4	Mitotic	PFA1	PFA1	G2M	foreman_821
foreman_821_CCTTCCCGTTCACCTC	4061	18681	0.0433595631925486	4	Mitotic	PFA1	PFA1	G2M	foreman_821
foreman_821_CGAACATCAATAGAGT	3097	13171	0.0659023612481968	4	Mitotic	PFA1	PFA1	G2M	foreman_821
foreman_821_CGAGAAGAGGTGCTAG	4637	27457	0.0255672506100448	4	Mitotic	PFA1	PFA1	G2M	foreman_821
foreman_821_CGGACGTGTCGCATAT	2535	9062	0.0574928271904657	4	Mitotic	PFA1	PFA1	G2M	foreman_821
foreman_821_CGGAGCTGTTGCTCCT	3322	13309	0.0545495529341047	4	Mitotic	PFA1	PFA1	G2M	foreman_821
foreman_821_CGTCAGGCAACTGCTA	4210	26316	0.0326417388660891	4	Mitotic	PFA1	PFA1	S	foreman_821
foreman_821_CGTCCATGTCCGAATT	4598	26833	0.029441359519994	4	Mitotic	PFA1	PFA1	G2M	foreman_821
foreman_821_CGTGAGCCATAGAAAC	3959	24143	0.0533902166259371	4	Mitotic	PFA1	PFA1	G2M	foreman_821
foreman_821_CGTTCTGTCACGCATA	4468	23857	0.0421679171731567	4	Mitotic	PFA1	PFA1	S	foreman_821
foreman_821_CTAACTTGTAGAAAGG	2375	7049	0.0475244715562491	4	Mitotic	PFA1	PFA1	G2M	foreman_821
foreman_821_CTAACTTTCATCATTC	4034	18535	0.038521715673051	4	Mitotic	PFA1	PFA1	S	foreman_821
foreman_821_CTAAGACAGAGTACAT	3951	22308	0.0479200286892595	4	Mitotic	PFA1	PFA1	G2M	foreman_821
foreman_821_CTACACCGTAAGTTCC	3866	21742	0.0343574648146445	4	Mitotic	PFA1	PFA1	G2M	foreman_821
foreman_821_CTACCCAAGACACGAC	3461	16944	0.0358829084041549	4	Mitotic	PFA1	PFA1	G2M	foreman_821
foreman_821_CTCGAGGAGTGTCCCG	3860	23815	0.0468612219189586	4	Mitotic	PFA1	PFA1	S	foreman_821
foreman_821_CTCGAGGCAATCAGAA	2800	11184	0.0125178826895565	4	Mitotic	PFA1	PFA1	G2M	foreman_821
foreman_821_CTCTAATGTCGCGGTT	2579	11328	0.0408721751412429	4	Mitotic	PFA1	PFA1	G2M	foreman_821
foreman_821_CTGATAGGTATATGGA	1897	4485	0.0153846153846154	4	Mitotic	PFA1	PFA1	G2M	foreman_821
foreman_821_CTGATCCAGGTGCTAG	4002	19973	0.0755519951935112	4	Mitotic	PFA1	PFA1	S	foreman_821
foreman_821_CTGCCTATCTGCGTAA	3856	16737	0.0770149967138675	4	Mitotic	PFA1	PFA1	G2M	foreman_821
foreman_821_CTGTGCTCATGAAGTA	3619	15563	0.0354687399601619	4	Mitotic	PFA1	PFA1	G2M	foreman_821
foreman_821_GAACATCCAGCTTCGG	3211	12891	0.0894422465285858	4	Mitotic	PFA1	PFA1	G2M	foreman_821
foreman_821_GAACGGAAGGAGTACC	4769	31759	0.0535911080323688	4	Mitotic	PFA1	PFA1	S	foreman_821
foreman_821_GAAGCAGGTTATGTGC	4083	25518	0.062387334430598	4	Mitotic	PFA1	PFA1	G2M	foreman_821
foreman_821_GAATAAGTCACCCGAG	3329	13610	0.0458486407053637	4	Mitotic	PFA1	PFA1	G2M	foreman_821
foreman_821_GACCAATAGTCCTCCT	1439	4118	0.172413793103448	4	Mitotic	PFA1	PFA1	G2M	foreman_821
foreman_821_GACCTGGCAGGGTTAG	4800	29947	0.0399372224262864	4	Mitotic	PFA1	PFA1	G2M	foreman_821
foreman_821_GAGGTGAGTCAGATAA	2437	8101	0.140970250586347	4	Mitotic	PFA1	PFA1	G2M	foreman_821
foreman_821_GATCAGTGTCAAAGAT	3838	18278	0.0568990042674253	4	Mitotic	PFA1	PFA1	G2M	foreman_821
foreman_821_GCAAACTGTAGCGATG	2845	11645	0.026449119793903	4	Mitotic	PFA1	PFA1	G2M	foreman_821
foreman_821_GCATGATGTAGGCATG	3992	20767	0.0355853036066837	4	Mitotic	PFA1	PFA1	G2M	foreman_821
foreman_821_GCTCTGTCAAGACACG	3569	17481	0.0876380069790058	4	Mitotic	PFA1	PFA1	S	foreman_821
foreman_821_GCTTCCAAGGACAGCT	2640	9510	0.0688748685594111	4	Mitotic	PFA1	PFA1	G2M	foreman_821
foreman_821_GCTTGAAGTTCCCGAG	3400	18406	0.0305335216777138	4	Mitotic	PFA1	PFA1	G2M	foreman_821
foreman_821_GGACGTCTCTGCGTAA	2635	9717	0.0981784501389318	4	Mitotic	PFA1	PFA1	G2M	foreman_821
foreman_821_GGCTCGAGTTCCACGG	4136	21929	0.052213963245018	4	Mitotic	PFA1	PFA1	G2M	foreman_821
foreman_821_GGGCACTCATGACATC	2388	6879	0.116877453118186	4	Mitotic	PFA1	PFA1	S	foreman_821
foreman_821_GGGTCTGAGCGTAGTG	1393	3548	0.227452085682074	4	Mitotic	PFA1	PFA1	G2M	foreman_821
foreman_821_GGTGAAGTCATGCATG	1772	4993	0.134388143400761	4	Mitotic	PFA1	PFA1	G2M	foreman_821
foreman_821_GTACTCCTCACCGGGT	2467	8268	0.0817610062893082	4	Mitotic	PFA1	PFA1	G2M	foreman_821
foreman_821_GTACTTTGTTCCACGG	3340	18141	0.0363816768645609	4	Mitotic	PFA1	PFA1	S	foreman_821
foreman_821_GTAGGCCTCCGAAGAG	4401	25201	0.0506329113924051	4	Mitotic	PFA1	PFA1	G2M	foreman_821
foreman_821_GTCGTAATCATGGTCA	4412	23631	0.0404976513901231	4	Mitotic	PFA1	PFA1	G2M	foreman_821
foreman_821_GTGCGGTTCCAAACTG	3851	17571	0.0597006431051164	4	Mitotic	PFA1	PFA1	G2M	foreman_821
foreman_821_GTGTTAGGTACCGCTG	1750	6163	0.0642544215479474	4	Mitotic	PFA1	PFA1	G2M	foreman_821
foreman_821_GTTTCTAAGAATCTCC	2534	8482	0.222589012025466	4	Mitotic	PFA1	PFA1	G2M	foreman_821
foreman_821_GTTTCTATCACTATTC	4037	21705	0.0469937802349689	4	Mitotic	PFA1	PFA1	G2M	foreman_821
foreman_821_TACACGACATTATCTC	4360	24478	0.0550290056377155	4	Mitotic	PFA1	PFA1	S	foreman_821
foreman_821_TACCTTAAGGGTCGAT	1867	5170	0.105996131528046	4	Mitotic	PFA1	PFA1	G2M	foreman_821
foreman_821_TAGACCACAGTCCTTC	5095	34984	0.0256688772010062	4	Mitotic	PFA1	PFA1	G2M	foreman_821
foreman_821_TAGAGCTTCCCGGATG	4325	25858	0.0341093665403357	4	Mitotic	PFA1	PFA1	G2M	foreman_821
foreman_821_TAGCCGGAGATGGGTC	631	1177	0.103653355989805	4	Mitotic	PFA1	PFA1	G2M	foreman_821
foreman_821_TAGTGGTAGAAGCCCA	3712	17682	0.0285601176337518	4	Mitotic	PFA1	PFA1	G2M	foreman_821
foreman_821_TCAGATGGTTCCACGG	4816	24415	0.042965390129019	11	Contaminating Tumor cells	PFA1	PFA1	S	foreman_821
foreman_821_TCAGGATGTCTACCTC	3725	18712	0.0478837109876015	4	Mitotic	PFA1	PFA1	G2M	foreman_821
foreman_821_TCCACACGTTGTGGCC	3548	20030	0.0418871692461308	4	Mitotic	PFA1	PFA1	S	foreman_821
foreman_821_TCGTAGATCCAAATGC	3570	19621	0.0213546710157484	4	Mitotic	PFA1	PFA1	G2M	foreman_821
foreman_821_TCTTCGGGTACCGAGA	2877	11017	0.0583643460107107	4	Mitotic	PFA1	PFA1	G2M	foreman_821
foreman_821_TCTTTCCAGTCAAGCG	674	1301	0.261337432744043	4	Mitotic	PFA1	PFA1	G2M	foreman_821
foreman_821_TGCCCTAAGGCAATTA	1039	2398	0.200583819849875	4	Mitotic	PFA1	PFA1	G2M	foreman_821
foreman_821_TGCTACCTCTTCGAGA	2547	9821	0.0607881071174015	4	Mitotic	PFA1	PFA1	G2M	foreman_821
foreman_821_TGCTGCTCACGCTTTC	2278	8000	0.102	4	Mitotic	PFA1	PFA1	G2M	foreman_821
foreman_821_TGGCCAGTCGGCATCG	4563	24833	0.0565779406434986	4	Mitotic	PFA1	PFA1	S	foreman_821
foreman_821_TGGTTAGCATGGTCTA	4801	27793	0.033101860180621	4	Mitotic	PFA1	PFA1	G2M	foreman_821
foreman_821_TGGTTAGTCCTATGTT	4509	25493	0.0379712077825285	4	Mitotic	PFA1	PFA1	G2M	foreman_821
foreman_821_TGTATTCGTCTAGAGG	3999	20385	0.0367427029678685	4	Mitotic	PFA1	PFA1	G2M	foreman_821
foreman_821_TTAGTTCGTATAATGG	3399	12820	0.0393915756630265	4	Mitotic	PFA1	PFA1	G2M	foreman_821
foreman_821_TTATGCTGTCTGATCA	4113	21279	0.0389116029888623	4	Mitotic	PFA1	PFA1	G2M	foreman_821
foreman_821_TTCCCAGAGAAACCGC	3274	15030	0.0364604125083167	4	Mitotic	PFA1	PFA1	G2M	foreman_821
foreman_821_TTCTCAATCTCCGGTT	3872	21102	0.0322244337029665	4	Mitotic	PFA1	PFA1	G2M	foreman_821
foreman_821_TTGAACGAGCCCAGCT	3408	13699	0.0623403168114461	4	Mitotic	PFA1	PFA1	G2M	foreman_821
foreman_821_TTGGCAACAAGCCCAC	3749	16470	0.0570127504553734	4	Mitotic	PFA1	PFA1	G2M	foreman_821
foreman_821_TTTATGCTCCCGACTT	3823	17745	0.0417582417582418	4	Mitotic	PFA1	PFA1	G2M	foreman_821
foreman_839_CTAACTTGTTATCACG	2455	6641	0.169402198464087	4	Mitotic	PFA1	PFA1	G2M	foreman_839
foreman_848_CGACTTCTCAGGTTCA	3432	15445	0.0858530268695371	4	Mitotic	PFA1	PFA1	G2M	foreman_848
foreman_848_GGTGTTAGTAGGGTAC	3597	13251	0.0482982416421402	4	Mitotic	PFA1	PFA1	G2M	foreman_848
foreman_871_AGGGATGTCATTATCC	243	442	0.0294117647058824	2	Classical M1	PFA1	PFA1	G2M	foreman_871
foreman_871_AGTGGGAAGGCGATAC	218	301	0.106312292358804	2	Classical M1	PFA1	PFA1	G2M	foreman_871
foreman_871_CTAGCCTTCACAAACC	246	338	0.0917159763313609	2	Classical M1	PFA1	PFA1	G2M	foreman_871
foreman_871_CTCGTCAGTTCACGGC	210	292	0.0753424657534247	2	Classical M1	PFA1	PFA1	G2M	foreman_871
foreman_871_GCTGCGAAGCTAAACA	244	409	0.0513447432762836	2	Classical M1	PFA1	PFA1	S	foreman_871
foreman_871_GGATGTTCACACTGCG	350	628	0.0557324840764331	2	Classical M1	PFA1	PFA1	S	foreman_871
foreman_871_TGAGAGGGTACCGCTG	250	372	0.0564516129032258	2	Classical M1	PFA1	PFA1	S	foreman_871
foreman_871_TGGGCGTAGTTAACGA	447	713	0.0504908835904628	4	Mitotic	PFA1	PFA1	G2M	foreman_871
foreman_871_TTATGCTCAAGCGATG	233	322	0.0900621118012422	2	Classical M1	PFA1	PFA1	G1	foreman_871
foreman_911_ACATCAGTCATTCACT	231	347	0.123919308357349	2	Classical M1	PFA2	PFA2	G2M	foreman_911
foreman_928_ACATCAGTCATTCACT	220	323	0.102167182662539	3	Hypoxia	PFA1	PFA1	G2M	foreman_928
foreman_928_CTAACTTGTTATCACG	201	300	0.18	2	Classical M1	PFA1	PFA1	G1	foreman_928
foreman_930_ACATCAGTCATTCACT	3040	10531	0.0840376032665464	4	Mitotic	PFA2	PFA2	G2M	foreman_930
foreman_965_CCCATACTCAGAGGTG	620	1515	0.264026402640264	4	Mitotic	PFA2	PFA2	G2M	foreman_965
foreman_965_CGCTTCAAGGCTCATT	623	1707	0.0199179847685999	2	Classical M1	PFA2	PFA2	G1	foreman_965
foreman_965_CGTCAGGAGGTACTCT	783	2299	0.0769899956502827	2	Classical M1	PFA2	PFA2	G1	foreman_965
foreman_965_CGTGTCTAGAAGGACA	364	1059	0.13314447592068	2	Classical M1	PFA2	PFA2	G1	foreman_965
foreman_965_CTAGTGATCACCATAG	590	1662	0.0324909747292419	2	Classical M1	PFA2	PFA2	G1	foreman_965
foreman_965_CTGAAGTCAGTGGGAT	532	1963	0.021395822720326	2	Classical M1	PFA2	PFA2	S	foreman_965
foreman_965_CTGATAGGTGTCGCTG	350	1277	0.0532498042286609	2	Classical M1	PFA2	PFA2	G1	foreman_965
foreman_965_TACGGGCCAGGATCGA	462	1238	0.0476575121163166	2	Classical M1	PFA2	PFA2	G1	foreman_965
foreman_965_TCGAGGCCACTGTTAG	383	977	0.0542476970317298	2	Classical M1	PFA2	PFA2	S	foreman_965
foreman_987_AGGCATTGTTAAGCAA	346	557	0.120287253141831	2	Classical M1	PFA2	PFA2	S	foreman_987
foreman_987_CAAGAGGGTATGCAAA	312	517	0.11605415860735	2	Classical M1	PFA2	PFA2	G2M	foreman_987
foreman_1010_CGAGAAGGTGGTCCCA	4696	20843	0.115002638775608	4	Mitotic	PFA1	PFA1	G2M	foreman_1010
foreman_1010_TTGGGATGTTTAGACC	5343	21160	0.275708884688091	4	Mitotic	PFA1	PFA1	S	foreman_1010
foreman_1048_AAACGCTGTATGTCAC	5577	34028	0.106970729987069	4	Mitotic	PFA1	PFA1	G2M	foreman_1048
foreman_1048_AATTCCTCACGTTGGC	6621	52637	0.117692877633604	4	Mitotic	PFA1	PFA1	G2M	foreman_1048
foreman_1048_ACACTGATCTGGACCG	5906	39354	0.122096864359404	4	Mitotic	PFA1	PFA1	S	foreman_1048
foreman_1048_ACCACAAGTGCCAAGA	7219	62184	0.10620095201338	4	Mitotic	PFA1	PFA1	G2M	foreman_1048
foreman_1048_ACTATGGCATGAGAAT	5567	34829	0.0978494932383933	4	Mitotic	PFA1	PFA1	G2M	foreman_1048
foreman_1048_ACTGTGAGTTTACTTC	5497	34330	0.121147684241188	4	Mitotic	PFA1	PFA1	S	foreman_1048
foreman_1048_AGGAAATGTGCTGATT	2957	9297	0.144347639023341	4	Mitotic	PFA1	PFA1	G2M	foreman_1048
foreman_1048_AGTCTCCTCACTACGA	6274	42050	0.119500594530321	4	Mitotic	PFA1	PFA1	G2M	foreman_1048
foreman_1048_ATGGAGGCAAAGTATG	5755	37040	0.134557235421166	4	Mitotic	PFA1	PFA1	G2M	foreman_1048
foreman_1048_CACAGGCCATCAGTGT	5317	28791	0.106074815046369	4	Mitotic	PFA1	PFA1	G2M	foreman_1048
foreman_1048_CATAGACGTCGCATGC	6211	31101	0.110543069354683	4	Mitotic	PFA1	PFA1	G2M	foreman_1048
foreman_1048_CATGGTACATCGTGCG	6381	41531	0.0796995015771352	4	Mitotic	PFA1	PFA1	G2M	foreman_1048
foreman_1048_CCTTCAGTCATTGCCC	4179	15015	0.102630702630703	4	Mitotic	PFA1	PFA1	G2M	foreman_1048
foreman_1048_CGACAGCCACTCACTC	5031	27954	0.0971953924304214	4	Mitotic	PFA1	PFA1	G2M	foreman_1048
foreman_1048_CGGAACCAGACCATTC	6051	33753	0.110953100465144	4	Mitotic	PFA1	PFA1	G2M	foreman_1048
foreman_1048_CTACAGAAGATACATG	5881	36639	0.124894238379868	4	Mitotic	PFA1	PFA1	G2M	foreman_1048
foreman_1048_CTACCCAAGGTGCTTT	3753	12841	0.0284245775251149	4	Mitotic	PFA1	PFA1	G2M	foreman_1048
foreman_1048_CTACCTGAGCGCTGAA	6082	39165	0.0913570790246393	4	Mitotic	PFA1	PFA1	G2M	foreman_1048
foreman_1048_CTCAATTAGATTGACA	1635	3060	0.00163398692810458	4	Mitotic	PFA1	PFA1	G2M	foreman_1048
foreman_1048_CTCACTGAGGCAGGGA	6501	50784	0.114780245746692	4	Mitotic	PFA1	PFA1	S	foreman_1048
foreman_1048_GAAGCGATCGGCAGTC	5528	37764	0.114076898633619	4	Mitotic	PFA1	PFA1	G2M	foreman_1048
foreman_1048_GAGCCTGAGTCTGTAC	5461	28274	0.121808021503855	4	Mitotic	PFA1	PFA1	S	foreman_1048
foreman_1048_GAGGCAAAGCTGACCC	5668	30013	0.111984806583814	4	Mitotic	PFA1	PFA1	G2M	foreman_1048
foreman_1048_GATCCCTAGACTTAAG	862	1572	0.0044529262086514	4	Mitotic	PFA1	PFA1	G2M	foreman_1048
foreman_1048_GCAGCTGGTAACGATA	4026	16127	0.0932597507285918	4	Mitotic	PFA1	PFA1	G2M	foreman_1048
foreman_1048_GCATGATCATCTCGTC	4599	25902	0.120067948420971	4	Mitotic	PFA1	PFA1	G2M	foreman_1048
foreman_1048_GCCGATGGTCGTACAT	5472	28703	0.112462111974358	4	Mitotic	PFA1	PFA1	S	foreman_1048
foreman_1048_GCCTGTTCAGCTTTCC	1288	2675	0.114392523364486	2	Classical M1	PFA1	PFA1	G2M	foreman_1048
foreman_1048_GGGTGAAGTACTAACC	2618	6726	0.151501635444544	4	Mitotic	PFA1	PFA1	G2M	foreman_1048
foreman_1048_GGTCTGGGTTCTAAGC	4848	24635	0.117109803125634	4	Mitotic	PFA1	PFA1	S	foreman_1048
foreman_1048_GGTGATTTCTACTATC	5322	30139	0.0941968877534092	4	Mitotic	PFA1	PFA1	G2M	foreman_1048
foreman_1048_GTAAGTCAGCGTTACT	5399	38299	0.101725893626465	4	Mitotic	PFA1	PFA1	G2M	foreman_1048
foreman_1048_GTCCACTCAACAAGAT	5091	37644	0.0853522473700988	4	Mitotic	PFA1	PFA1	G2M	foreman_1048
foreman_1048_GTTACCCTCTGCTTTA	5496	29476	0.0956710544171529	4	Mitotic	PFA1	PFA1	S	foreman_1048
foreman_1048_GTTCCGTAGTCAACAA	5565	29095	0.111978003093315	4	Mitotic	PFA1	PFA1	G2M	foreman_1048
foreman_1048_TACGGTAAGATGTTGA	5861	40419	0.0523516168138747	4	Mitotic	PFA1	PFA1	G2M	foreman_1048
foreman_1048_TACGTCCAGGATACGC	3243	9863	0.176416911690155	4	Mitotic	PFA1	PFA1	G2M	foreman_1048
foreman_1048_TCGCTTGGTTTGAAAG	5685	28918	0.131302303063836	4	Mitotic	PFA1	PFA1	S	foreman_1048
foreman_1048_TGATCAGAGGGTGAAA	5321	23464	0.123167405386976	4	Mitotic	PFA1	PFA1	G2M	foreman_1048
foreman_1048_TGATTTCCACCATAAC	5141	29669	0.110283460851394	4	Mitotic	PFA1	PFA1	G2M	foreman_1048
foreman_1048_TGTTCCGTCCGACAGC	4889	25458	0.132414172362322	4	Mitotic	PFA1	PFA1	S	foreman_1048
foreman_1048_TTACAGGCAACAGCTT	3384	13238	0.0697235231908143	4	Mitotic	PFA1	PFA1	G2M	foreman_1048
foreman_1048_TTCTTGAGTAGATTAG	4451	21224	0.103844704108556	4	Mitotic	PFA1	PFA1	S	foreman_1048
foreman_1048_TTGAACGAGATCCGAG	6140	45117	0.0735421238114236	4	Mitotic	PFA1	PFA1	S	foreman_1048
foreman_1048_TTTCGATTCGCAGTCG	4040	14397	0.0327846079044245	4	Mitotic	PFA1	PFA1	G2M	foreman_1048
foreman_1067_CATCGGGTCGCTACAA	921	2417	0.0455109640049648	2	Classical M1	PFB	PFA2	G1	foreman_1067
foreman_1067_CATCGTCGTGTGACCC	999	2496	0.158653846153846	2	Classical M1	PFB	PFA2	G1	foreman_1067
foreman_1067_CATGCCTAGAGGCGGA	1616	5501	0.136338847482276	5	Undefined M	PFB	PFA2	G1	foreman_1067
foreman_1067_CCATAAGCAAGAGAGA	787	1731	0.0629693818601964	2	Classical M1	PFB	PFA2	G1	foreman_1067
foreman_1067_CCGTTCAAGACTCCGC	1427	3542	0.239695087521174	5	Undefined M	PFB	PFA2	S	foreman_1067
foreman_1067_CCTAAGATCAGGAAAT	1594	5434	0.281560544718439	6	DC	PFB	PFA2	S	foreman_1067
foreman_1067_CCTCCTCTCTCGCCTA	3340	11089	0.134728108936784	4	Mitotic	PFB	PFA2	G2M	foreman_1067
foreman_1067_GACTGATCAGAACATA	2308	7631	0.170750884549862	4	Mitotic	PFB	PFA2	G1	foreman_1067
foreman_1067_GAGAAATTCACCTCGT	851	2109	0.116168800379327	2	Classical M1	PFB	PFA2	G1	foreman_1067
foreman_1067_GCCAGTGTCCCGAGGT	3933	16067	0.0953507188647538	4	Mitotic	PFB	PFA2	G2M	foreman_1067
foreman_1067_GGATCTACATAGATCC	2036	7524	0.251196172248804	4	Mitotic	PFB	PFA2	G1	foreman_1067
foreman_1067_GTTCGCTCATGCGGTC	1593	6023	0.199402291217001	5	Undefined M	PFB	PFA2	S	foreman_1067
foreman_1067_TAACCAGTCTCGGTCT	1862	4978	0.258336681398152	3	Hypoxia	PFB	PFA2	G1	foreman_1067
foreman_1067_TACGCTCAGCAACTTC	1424	4718	0.123357354811361	2	Classical M1	PFB	PFA2	G1	foreman_1067
foreman_1067_TACTTACAGAGAACCC	1257	3205	0.278315132605304	3	Hypoxia	PFB	PFA2	G1	foreman_1067
foreman_1067_TACTTACTCGGCAGTC	2146	7056	0.0892857142857143	6	DC	PFB	PFA2	G1	foreman_1067
foreman_1067_TCACGCTGTTCAAGGG	1280	3668	0.115866957470011	2	Classical M1	PFB	PFA2	G1	foreman_1067
foreman_1067_TTCGATTGTCCGATCG	2870	8098	0.105334650530995	4	Mitotic	PFB	PFA2	S	foreman_1067
foreman_1101_CGTGTAACATTATCTC	480	1173	0.276214833759591	2	Classical M1	PFA2	PFA1	G1	foreman_1101
foreman_1101_GCTGGGTAGGCCGAAT	411	828	0.277777777777778	2	Classical M1	PFA2	PFA1	G1	foreman_1101
foreman_1185_AACACACGTGGCGCTT	3493	22142	0.00144521723421552	4	Mitotic	YAP	YAP	S	foreman_1185
foreman_1185_ACAAAGAGTGCCCTTT	3604	13703	0.0857476465007663	4	Mitotic	YAP	YAP	G2M	foreman_1185
foreman_1185_ACAACCACAATAGGAT	1066	2082	0.0312199807877041	4	Mitotic	YAP	YAP	G2M	foreman_1185
foreman_1185_AGAACAACAGACGATG	2903	12812	0.000234155479238214	4	Mitotic	YAP	YAP	G2M	foreman_1185
foreman_1185_AGATGAACACTTCCTG	1993	6266	0.0596872007660389	4	Mitotic	YAP	YAP	S	foreman_1185
foreman_1185_AGGCTGCGTGTACAGG	5069	27014	0.0448656252313615	4	Mitotic	YAP	YAP	S	foreman_1185
foreman_1185_ATGAGTCTCCCGTGAG	599	1335	0.00149812734082397	4	Mitotic	YAP	YAP	G2M	foreman_1185
foreman_1185_CAGCGTGAGTTGCATC	4036	23449	0.0456735894920892	4	Mitotic	YAP	YAP	S	foreman_1185
foreman_1185_CATGCCTGTAACGGTG	1506	3145	0.106518282988871	4	Mitotic	YAP	YAP	G2M	foreman_1185
foreman_1185_CCTTTGGTCTACGCGG	1400	2724	0.102790014684288	4	Mitotic	YAP	YAP	G2M	foreman_1185
foreman_1185_CTACAGATCCGATAGT	1300	2485	0.0929577464788732	4	Mitotic	YAP	YAP	G2M	foreman_1185
foreman_1185_CTCATCGGTCGTAATC	4116	16462	0.10314664074839	4	Mitotic	YAP	YAP	G2M	foreman_1185
foreman_1185_GAATAGACAAGTATCC	2080	7558	0.0972479491929082	4	Mitotic	YAP	YAP	G2M	foreman_1185
foreman_1185_GACGCTGAGAGAGCAA	6969	64669	0.0741468091357528	4	Mitotic	YAP	YAP	G2M	foreman_1185
foreman_1185_GATGAGGGTGGATTTC	1648	5957	0.000671478932348498	4	Mitotic	YAP	YAP	G2M	foreman_1185
foreman_1185_GATGTTGAGTGGCAGT	4483	18847	0.134504165119117	4	Mitotic	YAP	YAP	G2M	foreman_1185
foreman_1185_GATTGGTAGACCAGAC	7167	53046	0.0633223994269125	4	Mitotic	YAP	YAP	S	foreman_1185
foreman_1185_GTCGTTCTCACCATGA	4319	24346	0.026493058407952	4	Mitotic	YAP	YAP	S	foreman_1185
foreman_1185_TCGGATATCGACATCA	4707	24318	0.0841352084875401	4	Mitotic	YAP	YAP	G2M	foreman_1185
foreman_1185_TCTACCGAGCGCTGAA	1811	3446	0.0864770748694138	4	Mitotic	YAP	YAP	G2M	foreman_1185
foreman_1185_TGCACGGTCAATCGGT	5078	24631	0.0697089034143965	4	Mitotic	YAP	YAP	G2M	foreman_1185
foreman_1185_TGCTCGTCAACACGAG	374	647	0.109737248840804	2	Classical M1	YAP	YAP	G2M	foreman_1185
foreman_1185_TTTCATGTCGAGCCAC	3712	15601	0.054868277674508	4	Mitotic	YAP	YAP	G2M	foreman_1185
foreman_1386_AAAGATGTCTGCTGTC	5093	23805	0.0428061331653014	11	Contaminating Tumor cells	RELA	RELA	G2M	foreman_1386
foreman_1386_AAGTCTGCAGGTCCAC	4247	20729	0.0495441169376236	4	Mitotic	RELA	RELA	S	foreman_1386
foreman_1386_ACGAGGATCATAACCG	1225	3285	0.248706240487062	4	Mitotic	RELA	RELA	G2M	foreman_1386
foreman_1386_ACTATCTTCGCCGTGA	3533	15993	0.0714687675858188	4	Mitotic	RELA	RELA	G2M	foreman_1386
foreman_1386_AGATTGCTCATCGCTC	3650	14548	0.0982952983227935	4	Mitotic	RELA	RELA	G2M	foreman_1386
foreman_1386_AGTGAGGTCAGCGACC	4362	23313	0.0391626989233475	4	Mitotic	RELA	RELA	G2M	foreman_1386
foreman_1386_ATCCGAATCAAGCCTA	3576	15754	0.0539545512250857	4	Mitotic	RELA	RELA	G2M	foreman_1386
foreman_1386_CAAGATCGTCAAACTC	3265	12884	0.054641415709407	4	Mitotic	RELA	RELA	G2M	foreman_1386
foreman_1386_CAAGGCCTCAGGCAAG	3200	14891	0.0477469612517628	4	Mitotic	RELA	RELA	S	foreman_1386
foreman_1386_CACACTCAGGTGGGTT	3517	15416	0.0644784639335755	4	Mitotic	RELA	RELA	G2M	foreman_1386
foreman_1386_CCATTCGAGGCGCTCT	3456	16836	0.0452007602755999	4	Mitotic	RELA	RELA	S	foreman_1386
foreman_1386_CCGTGGAAGCCTTGAT	3486	13805	0.0798985874683086	4	Mitotic	RELA	RELA	S	foreman_1386
foreman_1386_CCTCTGACAGTGGGAT	4126	21987	0.0422067585391368	4	Mitotic	RELA	RELA	S	foreman_1386
foreman_1386_CTAGAGTGTACATGTC	2433	11507	0.0103415312418528	4	Mitotic	RELA	RELA	S	foreman_1386
foreman_1386_CTAGAGTGTAGTAGTA	3644	19266	0.0394996366656286	4	Mitotic	RELA	RELA	S	foreman_1386
foreman_1386_CTCGTACGTCTGGAGA	2495	10236	0.0322391559202814	4	Mitotic	RELA	RELA	S	foreman_1386
foreman_1386_CTGGTCTTCCTTTCTC	3382	14406	0.0403304178814383	4	Mitotic	RELA	RELA	G2M	foreman_1386
foreman_1386_CTTAACTCAGTTAACC	3151	11392	0.0284410112359551	4	Mitotic	RELA	RELA	G2M	foreman_1386
foreman_1386_CTTTGCGTCTATCCTA	3638	19667	0.0369654751614379	4	Mitotic	RELA	RELA	S	foreman_1386
foreman_1386_GAACATCCAAGACGTG	3752	16658	0.0440629127146116	4	Mitotic	RELA	RELA	S	foreman_1386
foreman_1386_GCACATAAGTGTACTC	4272	25353	0.0395613931290183	4	Mitotic	RELA	RELA	S	foreman_1386
foreman_1386_GCACTCTTCGACAGCC	3350	19436	0.0375077176373739	5	Undefined M	RELA	RELA	G1	foreman_1386
foreman_1386_GCAGTTACACAGAGGT	1330	3238	0.297405806053119	4	Mitotic	RELA	RELA	G2M	foreman_1386
foreman_1386_GCATGTAAGTTGTCGT	5012	31228	0.0430382989624696	4	Mitotic	RELA	RELA	S	foreman_1386
foreman_1386_GCGAGAAAGAATGTTG	1282	3267	0.0704009794918886	4	Mitotic	RELA	RELA	G2M	foreman_1386
foreman_1386_GGATTACTCCGCGCAA	3945	20369	0.0319112376650793	4	Mitotic	RELA	RELA	G2M	foreman_1386
foreman_1386_GGTGCGTCATTGAGCT	980	2572	0.00388802488335925	4	Mitotic	RELA	RELA	G2M	foreman_1386
foreman_1386_TCCCGATTCTACTTAC	3765	16846	0.0351418734417666	4	Mitotic	RELA	RELA	S	foreman_1386
foreman_1386_TGCTACCAGATCCCGC	1726	5488	0.0196793002915452	4	Mitotic	RELA	RELA	G2M	foreman_1386
foreman_1386_TTGAACGTCGCGGATC	3622	13278	0.0562584726615454	4	Mitotic	RELA	RELA	S	foreman_1386
foreman_1386_TTGGCAAGTTGAACTC	3685	15678	0.0427988263809159	4	Mitotic	RELA	RELA	G2M	foreman_1386
foreman_1329_ACCTTTATCTTGTACT	996	2138	0.201122544434051	11	Contaminating Tumor cells	RELA	RELA	S	foreman_1329
foreman_1329_CGAGCCATCTCCAACC	1147	2755	0.28021778584392	11	Contaminating Tumor cells	RELA	RELA	G2M	foreman_1329
foreman_1329_CGGGTCAGTGAAATCA	1204	2660	0.170300751879699	11	Contaminating Tumor cells	RELA	RELA	G2M	foreman_1329
foreman_1329_CGTCACTGTCCGTTAA	885	1928	0.281639004149378	11	Contaminating Tumor cells	RELA	RELA	G2M	foreman_1329
foreman_1329_CGTCCATTCATAAAGG	866	2122	0.113572101790763	11	Contaminating Tumor cells	RELA	RELA	G2M	foreman_1329
foreman_1329_GATTCAGGTGCAGACA	1013	2285	0.00525164113785558	11	Contaminating Tumor cells	RELA	RELA	S	foreman_1329
foreman_1329_GGCGTGTCACCGAATT	503	809	0.19283065512979	11	Contaminating Tumor cells	RELA	RELA	G2M	foreman_1329
foreman_1329_GGCTGGTGTATTCTCT	515	895	0.272625698324022	11	Contaminating Tumor cells	RELA	RELA	G2M	foreman_1329
foreman_1329_GGTGAAGGTTCCGTCT	1038	2316	0.150690846286701	11	Contaminating Tumor cells	RELA	RELA	G2M	foreman_1329
foreman_1329_GTACTCCGTTCTGGTA	634	1599	0.182614133833646	11	Contaminating Tumor cells	RELA	RELA	G2M	foreman_1329
foreman_1329_TCTCTAATCGCGCCAA	3132	16123	0.0276623457172983	4	Mitotic	RELA	RELA	G2M	foreman_1329
foreman_1329_TTAACTCGTCTGATCA	2728	8909	0.0767762936356493	4	Mitotic	RELA	RELA	G2M	foreman_1329
foreman_909_CGTGTCTCAGCATACT	213	343	0.116618075801749	2	Classical M1	RELA	RELA	S	foreman_909
foreman_909_CGTTGGGAGACCCACC	250	371	0.0377358490566038	2	Classical M1	RELA	RELA	S	foreman_909
foreman_909_GCGAGAAGTCTGATTG	401	864	0.0300925925925926	10	Plasma-B-cells	RELA	RELA	G2M	foreman_909
foreman_870_AACTCAGCAGACTCGC	924	1803	0.104825291181364	4	Mitotic	RELA	RELA	S	foreman_870
foreman_870_CGCTATCCAGGGTATG	233	610	0.140983606557377	11	Contaminating Tumor cells	RELA	RELA	G2M	foreman_870
foreman_870_CGCTATCGTCATCGGC	273	581	0.251290877796902	11	Contaminating Tumor cells	RELA	RELA	S	foreman_870
foreman_870_CTCGTCATCTGCAAGT	349	998	0.268537074148297	11	Contaminating Tumor cells	RELA	RELA	G1	foreman_870
foreman_870_GCGAGAAGTCTGATTG	358	775	0.163870967741935	10	Plasma-B-cells	RELA	RELA	S	foreman_870
foreman_870_GGGATGAAGCTGAACG	404	975	0.192820512820513	11	Contaminating Tumor cells	RELA	RELA	G1	foreman_870
foreman_870_GTCACGGCAGACAAGC	205	579	0.203799654576857	11	Contaminating Tumor cells	RELA	RELA	S	foreman_870
foreman_870_GTGGGTCGTGCACTTA	324	826	0.297820823244552	11	Contaminating Tumor cells	RELA	RELA	G1	foreman_870
foreman_1158_2_AAGACTCGTTGGAGAC	3948	18797	0.0962919614832154	4	Mitotic	RELA	RELA	G2M	foreman_1158
foreman_1158_2_AATGCCAAGAGCTGCA	1637	3025	0.134545454545455	4	Mitotic	RELA	RELA	G2M	foreman_1158
foreman_1158_2_ACTATTCAGCATTGAA	3342	8278	0.149069823628896	11	Contaminating Tumor cells	RELA	RELA	G2M	foreman_1158
foreman_1158_2_ACTTCGCGTCTCAGAT	6335	25282	0.121034728265169	11	Contaminating Tumor cells	RELA	RELA	S	foreman_1158
foreman_1158_2_ATCCCTGAGACCTTTG	997	1563	0.0844529750479846	4	Mitotic	RELA	RELA	G2M	foreman_1158
foreman_1158_2_ATTCCCGGTCACTACA	625	950	0.162105263157895	11	Contaminating Tumor cells	RELA	RELA	S	foreman_1158
foreman_1158_2_CAACGGCGTCGTGATT	1349	2239	0.109423849933006	4	Mitotic	RELA	RELA	G2M	foreman_1158
foreman_1158_2_CGCATGGAGCGCCTCA	6122	24634	0.131769099618414	11	Contaminating Tumor cells	RELA	RELA	G2M	foreman_1158
foreman_1158_2_CGTGCTTTCACACCGG	3693	9547	0.189274117523829	11	Contaminating Tumor cells	RELA	RELA	S	foreman_1158
foreman_1158_2_CTATCTACAAGCGCAA	5549	21163	0.124273496196191	11	Contaminating Tumor cells	RELA	RELA	S	foreman_1158
foreman_1158_2_CTTAGGAAGAGCAGTC	1531	2925	0.183247863247863	4	Mitotic	RELA	RELA	S	foreman_1158
foreman_1158_2_GAGACTTCAGGTCAGA	1002	1489	0.0752182672934856	4	Mitotic	RELA	RELA	G2M	foreman_1158
foreman_1158_2_GGGCTCAGTGGCAACA	5262	19521	0.144767173812817	11	Contaminating Tumor cells	RELA	RELA	G2M	foreman_1158
foreman_1158_2_GTACAACTCGGATAAA	2578	5588	0.159448818897638	11	Contaminating Tumor cells	RELA	RELA	G2M	foreman_1158
foreman_1158_2_TAACACGCAAAGACTA	4500	13313	0.125891985277548	11	Contaminating Tumor cells	RELA	RELA	S	foreman_1158
foreman_1158_2_TACATTCAGTCGGCCT	2282	4868	0.216516023007395	11	Contaminating Tumor cells	RELA	RELA	G2M	foreman_1158
foreman_1158_2_TCCCAGTTCACAAGGG	5165	18381	0.128339045753767	11	Contaminating Tumor cells	RELA	RELA	G2M	foreman_1158
foreman_1347_AAGCCATCACTACCCT	5634	25446	0.092077340249941	4	Mitotic	PFA1	PFA1	G2M	foreman_1347
foreman_1347_ACAGCCGCACCGGAAA	2966	9500	0.131052631578947	4	Mitotic	PFA1	PFA1	G2M	foreman_1347
foreman_1347_ACCTGAATCGTACCTC	5067	20490	0.0958516349438751	4	Mitotic	PFA1	PFA1	G2M	foreman_1347
foreman_1347_ACTTATCGTCACAGAG	6628	40059	0.13085698594573	4	Mitotic	PFA1	PFA1	G2M	foreman_1347
foreman_1347_ACTTCCGAGCAAGGAA	6330	34429	0.0763019547474513	4	Mitotic	PFA1	PFA1	G2M	foreman_1347
foreman_1347_ACTTTGTAGCCATATC	401	518	0.0135135135135135	4	Mitotic	PFA1	PFA1	G2M	foreman_1347
foreman_1347_AGGGTGACAGTCTTCC	2164	4558	0.154234313295305	11	Contaminating Tumor cells	PFA1	PFA1	G2M	foreman_1347
foreman_1347_ATCGCCTCATCTCATT	4463	12009	0.0273128486968107	4	Mitotic	PFA1	PFA1	S	foreman_1347
foreman_1347_CAGTTCCAGGGCGAGA	419	661	0.00151285930408472	2	Classical M1	PFA1	PFA1	G1	foreman_1347
foreman_1347_CATGCCTCACTCGATA	2966	7365	0.0862186014935506	11	Contaminating Tumor cells	PFA1	PFA1	G2M	foreman_1347
foreman_1347_CCCGGAAGTGATCATC	5663	26807	0.00996008505241168	4	Mitotic	PFA1	PFA1	S	foreman_1347
foreman_1347_CCCTGATCAAACTGCT	3807	12544	0.173549107142857	4	Mitotic	PFA1	PFA1	G2M	foreman_1347
foreman_1347_CTTCAATCAAGCCCAC	6243	31884	0.106573830134237	4	Mitotic	PFA1	PFA1	G2M	foreman_1347
foreman_1347_GATGCTAAGCTGAAGC	1948	3964	0.0958627648839556	11	Contaminating Tumor cells	PFA1	PFA1	G2M	foreman_1347
foreman_1347_GCACGTGAGACCCGCT	5156	24234	0.105306594041429	4	Mitotic	PFA1	PFA1	G2M	foreman_1347
foreman_1347_GCTACCTTCCGACATA	6649	37405	0.0742414115759925	4	Mitotic	PFA1	PFA1	G2M	foreman_1347
foreman_1347_GCTGAATAGGCCTGCT	3615	8343	0.0155819249670382	4	Mitotic	PFA1	PFA1	S	foreman_1347
foreman_1347_GTGATGTAGATTGTGA	5503	33993	0.0772511987762186	4	Mitotic	PFA1	PFA1	G2M	foreman_1347
foreman_1347_GTGCACGAGCCTCACG	4269	19535	0.0968006142820578	4	Mitotic	PFA1	PFA1	G2M	foreman_1347
foreman_1347_TAACACGGTCCTATAG	6163	36841	0.101273038191146	4	Mitotic	PFA1	PFA1	S	foreman_1347
foreman_1347_TAAGCACTCGTGGGAA	5646	34789	0.103969645577625	4	Mitotic	PFA1	PFA1	S	foreman_1347
foreman_1347_TAGGTACGTTATTCTC	1677	5561	0.269376011508721	4	Mitotic	PFA1	PFA1	S	foreman_1347
foreman_1347_TCGTAGATCCTTACCG	4221	13292	0.0780920854649413	4	Mitotic	PFA1	PFA1	G2M	foreman_1347
foreman_1347_TCTTGCGGTAGCTGTT	6344	44407	0.105005967527642	4	Mitotic	PFA1	PFA1	S	foreman_1347
foreman_1347_TGTTACTTCCTATGGA	5715	30599	0.0467989149972221	4	Mitotic	PFA1	PFA1	S	foreman_1347
foreman_1347_TTACCGCCAAATCGTC	823	1596	0.223684210526316	2	Classical M1	PFA1	PFA1	G2M	foreman_1347
foreman_1347_TTCATTGAGGACATCG	4735	27522	0.052103771528232	4	Mitotic	PFA1	PFA1	S	foreman_1347
foreman_1347_TTCTAGTTCGTGACTA	4267	15414	0.111457116906708	4	Mitotic	PFA1	PFA1	G2M	foreman_1347
foreman_1347_TTGGATGGTCGAAACG	4897	36593	0.0183368403793075	4	Mitotic	PFA1	PFA1	G2M	foreman_1347
foreman_821_CTTCTCTAGCGTCAAG	3270	13582	0.0369606832572522	12	TRegs	PFA1	PFA1	G1	foreman_821
foreman_821_GCTTCCATCAGAGCTT	2465	9267	0.0599978418042516	12	TRegs	PFA1	PFA1	S	foreman_821
foreman_821_TCTGGAAGTGGCAAAC	1783	5129	0.129849873269643	1	Lymphocytes	PFA1	PFA1	G1	foreman_821
foreman_965_ACATGGTGTAGCGATG	3075	11609	0.0417779309156689	12	TRegs	PFA2	PFA2	G1	foreman_965
foreman_965_CAGAATCTCGTTACGA	2658	9113	0.0478437397124986	0	Microglial	PFA2	PFA2	G1	foreman_965
foreman_965_CTCGGAGGTTGAGGTG	1441	3752	0.0626332622601279	2	Classical M1	PFA2	PFA2	S	foreman_965
foreman_965_CTGCCTAGTGCAGGTA	2559	9520	0.0286764705882353	6	DC	PFA2	PFA2	G1	foreman_965
foreman_965_CTTCTCTGTCAACTGT	2540	8646	0.0357390700902151	12	TRegs	PFA2	PFA2	G1	foreman_965
foreman_965_GACGGCTAGAAGGCCT	1745	4827	0.0395690905324218	12	TRegs	PFA2	PFA2	G1	foreman_965
foreman_965_GTAGGCCCACCCATTC	2331	7762	0.061453233702654	12	TRegs	PFA2	PFA2	G1	foreman_965
foreman_965_TAGGCATCAGCATGAG	2064	6170	0.033387358184765	12	TRegs	PFA2	PFA2	S	foreman_965
foreman_965_TTAACTCCAGCTATTG	2431	8089	0.0333786623810112	12	TRegs	PFA2	PFA2	G1	foreman_965
foreman_1067_AACAACCGTTTACCTT	2242	5935	0.146756529064869	12	TRegs	PFB	PFA2	G1	foreman_1067
foreman_1067_ACTGCAATCCAGTTCC	2317	6892	0.115206035983749	0	Microglial	PFB	PFA2	G1	foreman_1067
foreman_1067_AGGCTGCCAACTCATG	1447	3418	0.180807489760094	1	Lymphocytes	PFB	PFA2	G2M	foreman_1067
foreman_1067_ATTCCTACACATGAAA	2175	5409	0.0935477907191718	12	TRegs	PFB	PFA2	G1	foreman_1067
foreman_1067_CACAGGCTCGGTGTAT	2501	7357	0.0888949299986408	12	TRegs	PFB	PFA2	G1	foreman_1067
foreman_1067_CACGTTCTCGGCTATA	2716	8786	0.103460050079672	6	DC	PFB	PFA2	G1	foreman_1067
foreman_1067_CCACGAGTCAATCGGT	2386	7400	0.108108108108108	12	TRegs	PFB	PFA2	G1	foreman_1067
foreman_1067_CCGATCTGTGGGTTGA	2038	5264	0.145516717325228	12	TRegs	PFB	PFA2	S	foreman_1067
foreman_1067_GAGTGAGCAGACATCT	3068	10452	0.148679678530425	12	TRegs	PFB	PFA2	G1	foreman_1067
foreman_1067_GCATCGGAGGACAAGA	2754	7118	0.122084855296432	4	Mitotic	PFB	PFA2	S	foreman_1067
foreman_1067_GCCATGGGTACTGACT	2762	7881	0.0760055830478366	4	Mitotic	PFB	PFA2	G1	foreman_1067
foreman_1067_GGAAGTGTCCGACAGC	2824	9596	0.111504793664027	5	Undefined M	PFB	PFA2	G1	foreman_1067
foreman_1067_GGACGTCTCTCTTCAA	2677	7732	0.14187790998448	5	Undefined M	PFB	PFA2	G1	foreman_1067
foreman_1067_GGCACGTGTGGTCTCG	2834	9296	0.126075731497418	6	DC	PFB	PFA2	G1	foreman_1067
foreman_1067_GTAGAGGTCGGCTGAC	1336	3975	0.122264150943396	1	Lymphocytes	PFB	PFA2	G1	foreman_1067
foreman_1067_GTCAAACTCCCACAGG	2817	9290	0.0870828848223897	12	TRegs	PFB	PFA2	S	foreman_1067
foreman_1067_GTGATGTCAGTTTCGA	2271	6399	0.1090795436787	12	TRegs	PFB	PFA2	G1	foreman_1067
foreman_1067_GTTGCGGGTCTGTGCG	2966	9448	0.0884843353090601	0	Microglial	PFB	PFA2	G1	foreman_1067
foreman_1067_TATCTTGTCCTCATAT	2519	6651	0.096977898060442	12	TRegs	PFB	PFA2	G1	foreman_1067
foreman_1067_TCCGATCGTACCTATG	2623	8685	0.120782959124928	6	DC	PFB	PFA2	G1	foreman_1067
foreman_1067_TCCGATCGTGACACGA	2882	8786	0.0932164807648532	4	Mitotic	PFB	PFA2	S	foreman_1067
foreman_1067_TCCTCCCCAAGATTGA	1994	4890	0.0674846625766871	12	TRegs	PFB	PFA2	G1	foreman_1067
foreman_1067_TCCTTCTGTTATCTGG	3141	9435	0.0943296237413885	12	TRegs	PFB	PFA2	G1	foreman_1067
foreman_1067_TGACAGTGTGAGTTGG	2431	8351	0.0966351335169441	12	TRegs	PFB	PFA2	S	foreman_1067
foreman_1067_TGACCCTCAGGCCCTA	3138	10639	0.0984115048406805	6	DC	PFB	PFA2	S	foreman_1067
foreman_1067_TGAGACTCACTCCTTG	2869	8354	0.132032559253052	12	TRegs	PFB	PFA2	G1	foreman_1067
foreman_1067_TGCTTCGCAGCTTCCT	3056	9739	0.0765992401683951	12	TRegs	PFB	PFA2	G1	foreman_1067
foreman_1067_TGGCGTGTCCCGAACG	2454	7014	0.100370687197034	12	TRegs	PFB	PFA2	G1	foreman_1067
foreman_1067_TTAATCCCACCCGTAG	2702	8365	0.0835624626419605	6	DC	PFB	PFA2	G1	foreman_1067
foreman_1067_TTCAATCAGGCTATCT	2468	7437	0.0808121554390211	12	TRegs	PFB	PFA2	S	foreman_1067
foreman_1067_TTTACTGGTGGCGTAA	1969	4933	0.134603689438476	12	TRegs	PFB	PFA2	G1	foreman_1067
foreman_1347_CCTAAGACAAATCAGA	4220	20653	0.0593618360528737	3	Hypoxia	PFA1	PFA1	G1	foreman_1347
foreman_1269_CATGCAACAGGTGACA	3395	12192	0.149114173228346	12	TRegs	PFA1	PFA2	G1	foreman_1269
foreman_1269_TCGTCCAAGGTTGAGC	3481	14215	0.106085121350686	12	TRegs	PFA1	PFA2	G1	foreman_1269
foreman_1269_TGGGCTGCAGGCGATA	3363	13084	0.115102415163559	12	TRegs	PFA1	PFA2	G1	foreman_1269
